{"type": "FeatureCollection", "features": [{"type": "Feature", "id": 544829, "geometry": {"type": "Point", "coordinates": [-77.00832764278795, 38.91714765845771]}, "properties": {"ENFORCEMENT_SPACE_CODE": "ATE 0845", "SITE_CODE": 2513, "ENFORCEMENT_TYPE": "Red Light", "LOCATION_DESCRIPTION": "Rhode Island Ave sw/b @ N Capitol St NE", "SPEED_LIMIT": 25, "DEVICE_MOBILITY": null, "CAMERA_STATUS": "Warning", "ACTIVE_STATUS": "Active", "CAMERA_LATITUDE": 38.917139999999996, "CAMERA_LONGITUDE": -77.00832, "CAMERA_EASTING": 399278, "CAMERA_NORTHING": 138808, "WARD": "5", "ANC": "5E", "SMD": "5E04", "OBJECTID": 544829, "GLOBALID": "{5CDA6F39-41AD-36F1-E063-792F520A9410}"}}, {"type": "Feature", "id": 544830, "geometry": {"type": "Point", "coordinates": [-77.0234170013707, 38.90290341630238]}, "properties": {"ENFORCEMENT_SPACE_CODE": "ATE 0846", "SITE_CODE": 1216, "ENFORCEMENT_TYPE": "Speed", "LOCATION_DESCRIPTION": "700 BLK ALLEN Y LEW PL NW E/B", "SPEED_LIMIT": 25, "DEVICE_MOBILITY": null, "CAMERA_STATUS": "Live", "ACTIVE_STATUS": "Active", "CAMERA_LATITUDE": 38.9029, "CAMERA_LONGITUDE": -77.02341, "CAMERA_EASTING": 397969, "CAMERA_NORTHING": 137227, "WARD": "2", "ANC": "2G", "SMD": "2G05", "OBJECTID": 544830, "GLOBALID": "{5CDA6F39-41AE-36F1-E063-792F520A9410}"}}, {"type": "Feature", "id": 544831, "geometry": {"type": "Point", "coordinates": [-77.02183781710745, 38.90369645744563]}, "properties": {"ENFORCEMENT_SPACE_CODE": "ATE 0847", "SITE_CODE": 1217, "ENFORCEMENT_TYPE": "Speed", "LOCATION_DESCRIPTION": "1000 BLK 7TH St NW S/B", "SPEED_LIMIT": 25, "DEVICE_MOBILITY": null, "CAMERA_STATUS": "Live", "ACTIVE_STATUS": "Active", "CAMERA_LATITUDE": 38.90369, "CAMERA_LONGITUDE": -77.02183, "CAMERA_EASTING": 398106, "CAMERA_NORTHING": 137315, "WARD": "2", "ANC": "2G", "SMD": "2G05", "OBJECTID": 544831, "GLOBALID": "{5CDA6F39-41AF-36F1-E063-792F520A9410}"}}, {"type": "Feature", "id": 544832, "geometry": {"type": "Point", "coordinates": [-76.9763061298246, 38.917199603586305]}, "properties": {"ENFORCEMENT_SPACE_CODE": "ATE 0848", "SITE_CODE": 1568, "ENFORCEMENT_TYPE": "Speed", "LOCATION_DESCRIPTION": "1900 BLK NEW YORK AVE NE E/B", "SPEED_LIMIT": 35, "DEVICE_MOBILITY": null, "CAMERA_STATUS": "Live", "ACTIVE_STATUS": "Active", "CAMERA_LATITUDE": 38.91719, "CAMERA_LONGITUDE": -76.97630000000001, "CAMERA_EASTING": 402055, "CAMERA_NORTHING": 138814, "WARD": "5", "ANC": "5C", "SMD": "5C04", "OBJECTID": 544832, "GLOBALID": "{5CDA6F39-41B0-36F1-E063-792F520A9410}"}}, {"type": "Feature", "id": 545153, "geometry": {"type": "Point", "coordinates": [-76.97540664543743, 38.91739760106477]}, "properties": {"ENFORCEMENT_SPACE_CODE": "ATE 0849", "SITE_CODE": 1569, "ENFORCEMENT_TYPE": "Speed", "LOCATION_DESCRIPTION": "1800 BLK NEW YORK AVE NE W/B", "SPEED_LIMIT": 35, "DEVICE_MOBILITY": null, "CAMERA_STATUS": "Live", "ACTIVE_STATUS": "Active", "CAMERA_LATITUDE": 38.91739, "CAMERA_LONGITUDE": -76.97540000000001, "CAMERA_EASTING": 402133, "CAMERA_NORTHING": 138836, "WARD": "5", "ANC": "5C", "SMD": "5C04", "OBJECTID": 545153, "GLOBALID": "{5CDA6F39-41B1-36F1-E063-792F520A9410}"}}, {"type": "Feature", "id": 545154, "geometry": {"type": "Point", "coordinates": [-77.07246666805828, 38.93221442387349]}, "properties": {"ENFORCEMENT_SPACE_CODE": "ATE 0850", "SITE_CODE": 1324, "ENFORCEMENT_TYPE": "Speed", "LOCATION_DESCRIPTION": "3200 BLK WISCONSIN AVE NW N/B", "SPEED_LIMIT": 25, "DEVICE_MOBILITY": null, "CAMERA_STATUS": "Live", "ACTIVE_STATUS": "Active", "CAMERA_LATITUDE": 38.93221, "CAMERA_LONGITUDE": -77.07247, "CAMERA_EASTING": 393717, "CAMERA_NORTHING": 140483, "WARD": "3", "ANC": "3A", "SMD": "3A02", "OBJECTID": 545154, "GLOBALID": "{5CDA6F39-41B2-36F1-E063-792F520A9410}"}}, {"type": "Feature", "id": 545155, "geometry": {"type": "Point", "coordinates": [-77.07268798837137, 38.93435826372159]}, "properties": {"ENFORCEMENT_SPACE_CODE": "ATE 0851", "SITE_CODE": 1325, "ENFORCEMENT_TYPE": "Speed", "LOCATION_DESCRIPTION": "3300 BLK WISCONSIN AVE NW S/B", "SPEED_LIMIT": 25, "DEVICE_MOBILITY": null, "CAMERA_STATUS": "Live", "ACTIVE_STATUS": "Active", "CAMERA_LATITUDE": 38.934349999999995, "CAMERA_LONGITUDE": -77.07267999999999, "CAMERA_EASTING": 393698, "CAMERA_NORTHING": 140721, "WARD": "3", "ANC": "3A", "SMD": "3A03", "OBJECTID": 545155, "GLOBALID": "{5CDA6F39-41B3-36F1-E063-792F520A9410}"}}, {"type": "Feature", "id": 545156, "geometry": {"type": "Point", "coordinates": [-77.07699944445633, 38.94303049478148]}, "properties": {"ENFORCEMENT_SPACE_CODE": "ATE 0852", "SITE_CODE": 1326, "ENFORCEMENT_TYPE": "Speed", "LOCATION_DESCRIPTION": "4100 BLK WISCONSIN AVE NW S/B", "SPEED_LIMIT": 25, "DEVICE_MOBILITY": null, "CAMERA_STATUS": "Live", "ACTIVE_STATUS": "Active", "CAMERA_LATITUDE": 38.94302, "CAMERA_LONGITUDE": -77.077, "CAMERA_EASTING": 393325, "CAMERA_NORTHING": 141684, "WARD": "3", "ANC": "3A", "SMD": "3A01", "OBJECTID": 545156, "GLOBALID": "{5CDA6F39-41B4-36F1-E063-792F520A9410}"}}, {"type": "Feature", "id": 545157, "geometry": {"type": "Point", "coordinates": [-76.93629500482278, 38.8898532870414]}, "properties": {"ENFORCEMENT_SPACE_CODE": "ATE 0853", "SITE_CODE": 1763, "ENFORCEMENT_TYPE": "Speed", "LOCATION_DESCRIPTION": "4500 BLK E CAPITOL ST NE W/B", "SPEED_LIMIT": 30, "DEVICE_MOBILITY": null, "CAMERA_STATUS": "Live", "ACTIVE_STATUS": "Active", "CAMERA_LATITUDE": 38.889849999999996, "CAMERA_LONGITUDE": -76.93629, "CAMERA_EASTING": 405527, "CAMERA_NORTHING": 135780, "WARD": "7", "ANC": "7E", "SMD": "7E07", "OBJECTID": 545157, "GLOBALID": "{5CDA6F39-41B5-36F1-E063-792F520A9410}"}}, {"type": "Feature", "id": 545158, "geometry": {"type": "Point", "coordinates": [-76.99994470045388, 38.82242455823848]}, "properties": {"ENFORCEMENT_SPACE_CODE": "ATE 0854", "SITE_CODE": 1834, "ENFORCEMENT_TYPE": "Speed", "LOCATION_DESCRIPTION": "400 blk Southern Ave SE sw/b", "SPEED_LIMIT": 30, "DEVICE_MOBILITY": null, "CAMERA_STATUS": "Live", "ACTIVE_STATUS": "Active", "CAMERA_LATITUDE": 38.82242, "CAMERA_LONGITUDE": -76.99994, "CAMERA_EASTING": 400005, "CAMERA_NORTHING": 128293, "WARD": "8", "ANC": "8E", "SMD": "8E09", "OBJECTID": 545158, "GLOBALID": "{5CDA6F39-41B6-36F1-E063-792F520A9410}"}}, {"type": "Feature", "id": 545159, "geometry": {"type": "Point", "coordinates": [-76.96911795816523, 38.87403883574023]}, "properties": {"ENFORCEMENT_SPACE_CODE": "ATE 0855", "SITE_CODE": 3706, "ENFORCEMENT_TYPE": "Stop Sign", "LOCATION_DESCRIPTION": "27th Street n/b @ Minnesota Ave SE", "SPEED_LIMIT": 20, "DEVICE_MOBILITY": null, "CAMERA_STATUS": "Live", "ACTIVE_STATUS": "Active", "CAMERA_LATITUDE": 38.87403, "CAMERA_LONGITUDE": -76.96911, "CAMERA_EASTING": 402680, "CAMERA_NORTHING": 134023, "WARD": "7", "ANC": "7B", "SMD": "7B01", "OBJECTID": 545159, "GLOBALID": "{5CDA6F39-41B7-36F1-E063-792F520A9410}"}}, {"type": "Feature", "id": 545160, "geometry": {"type": "Point", "coordinates": [-77.07517778125532, 38.95481451225026]}, "properties": {"ENFORCEMENT_SPACE_CODE": "ATE 0856", "SITE_CODE": 3304, "ENFORCEMENT_TYPE": "Stop Sign", "LOCATION_DESCRIPTION": "Fessenden St e/b @ 38th St NW", "SPEED_LIMIT": 20, "DEVICE_MOBILITY": null, "CAMERA_STATUS": "Live", "ACTIVE_STATUS": "Active", "CAMERA_LATITUDE": 38.954809999999995, "CAMERA_LONGITUDE": -77.07517, "CAMERA_EASTING": 393484, "CAMERA_NORTHING": 142992, "WARD": "3", "ANC": "3E", "SMD": "3E04", "OBJECTID": 545160, "GLOBALID": "{5CDA6F39-41B8-36F1-E063-792F520A9410}"}}, {"type": "Feature", "id": 545161, "geometry": {"type": "Point", "coordinates": [-77.02130711859648, 38.90244439402325]}, "properties": {"ENFORCEMENT_SPACE_CODE": "ATE 0857", "SITE_CODE": 3605, "ENFORCEMENT_TYPE": "Stop Sign", "LOCATION_DESCRIPTION": "K St w/b @ 7th St NW", "SPEED_LIMIT": 20, "DEVICE_MOBILITY": null, "CAMERA_STATUS": "Live", "ACTIVE_STATUS": "Active", "CAMERA_LATITUDE": 38.90244, "CAMERA_LONGITUDE": -77.02130000000001, "CAMERA_EASTING": 398152, "CAMERA_NORTHING": 137176, "WARD": "6", "ANC": "6E", "SMD": "6E01", "OBJECTID": 545161, "GLOBALID": "{5CDA6F39-41B9-36F1-E063-792F520A9410}"}}, {"type": "Feature", "id": 545162, "geometry": {"type": "Point", "coordinates": [-76.98409009472408, 38.914705613911536]}, "properties": {"ENFORCEMENT_SPACE_CODE": "ATE 0858", "SITE_CODE": 3508, "ENFORCEMENT_TYPE": "Stop Sign", "LOCATION_DESCRIPTION": "Okie St w/b @ Fenwick St NE", "SPEED_LIMIT": 20, "DEVICE_MOBILITY": null, "CAMERA_STATUS": "Live", "ACTIVE_STATUS": "Active", "CAMERA_LATITUDE": 38.9147, "CAMERA_LONGITUDE": -76.98409, "CAMERA_EASTING": 401380, "CAMERA_NORTHING": 138537, "WARD": "5", "ANC": "5D", "SMD": "5D02", "OBJECTID": 545162, "GLOBALID": "{5CDA6F39-41BA-36F1-E063-792F520A9410}"}}, {"type": "Feature", "id": 545163, "geometry": {"type": "Point", "coordinates": [-76.97896175464676, 38.866239742945716]}, "properties": {"ENFORCEMENT_SPACE_CODE": "ATE 0859", "SITE_CODE": 3810, "ENFORCEMENT_TYPE": "Stop Sign", "LOCATION_DESCRIPTION": "18th St s/b @ Marion Barry Ave SE", "SPEED_LIMIT": 20, "DEVICE_MOBILITY": null, "CAMERA_STATUS": "Live", "ACTIVE_STATUS": "Active", "CAMERA_LATITUDE": 38.86623, "CAMERA_LONGITUDE": -76.97896, "CAMERA_EASTING": 401826, "CAMERA_NORTHING": 133157, "WARD": "8", "ANC": "8A", "SMD": "8A02", "OBJECTID": 545163, "GLOBALID": "{5CDA6F39-41BB-36F1-E063-792F520A9410}"}}, {"type": "Feature", "id": 545164, "geometry": {"type": "Point", "coordinates": [-77.0052482525278, 38.9086980152054]}, "properties": {"ENFORCEMENT_SPACE_CODE": "ATE 0860", "SITE_CODE": 2606, "ENFORCEMENT_TYPE": "Red Light", "LOCATION_DESCRIPTION": "New York Ave e/b @ Florida Ave NE", "SPEED_LIMIT": 25, "DEVICE_MOBILITY": null, "CAMERA_STATUS": "Warning", "ACTIVE_STATUS": "Active", "CAMERA_LATITUDE": 38.90869, "CAMERA_LONGITUDE": -77.00524999999999, "CAMERA_EASTING": 399545, "CAMERA_NORTHING": 137870, "WARD": "5", "ANC": "5F", "SMD": "5F07", "OBJECTID": 545164, "GLOBALID": "{5CDA6F39-41BC-36F1-E063-792F520A9410}"}}, {"type": "Feature", "id": 545165, "geometry": {"type": "Point", "coordinates": [-76.99797487869152, 38.84508082037759]}, "properties": {"ENFORCEMENT_SPACE_CODE": "ATE 0861", "SITE_CODE": 2806, "ENFORCEMENT_TYPE": "Red Light", "LOCATION_DESCRIPTION": "Malcolm X Ave e/b @ MLK Jr Ave SE", "SPEED_LIMIT": 25, "DEVICE_MOBILITY": null, "CAMERA_STATUS": "Test", "ACTIVE_STATUS": "Active", "CAMERA_LATITUDE": 38.84507, "CAMERA_LONGITUDE": -76.99797, "CAMERA_EASTING": 400176, "CAMERA_NORTHING": 130808, "WARD": "8", "ANC": "8C", "SMD": "8C02", "OBJECTID": 545165, "GLOBALID": "{5CDA6F39-41BD-36F1-E063-792F520A9410}"}}, {"type": "Feature", "id": 545166, "geometry": {"type": "Point", "coordinates": [-76.95630114729056, 38.89632148750046]}, "properties": {"ENFORCEMENT_SPACE_CODE": "ATE 0863", "SITE_CODE": 1764, "ENFORCEMENT_TYPE": "Speed", "LOCATION_DESCRIPTION": "3400 blk Benning Rd NE e/b", "SPEED_LIMIT": 35, "DEVICE_MOBILITY": null, "CAMERA_STATUS": "Live", "ACTIVE_STATUS": "Active", "CAMERA_LATITUDE": 38.89631, "CAMERA_LONGITUDE": -76.9563, "CAMERA_EASTING": 403791, "CAMERA_NORTHING": 136497, "WARD": "7", "ANC": "7D", "SMD": "7D03", "OBJECTID": 545166, "GLOBALID": "{5CDA6F39-41BE-36F1-E063-792F520A9410}"}}, {"type": "Feature", "id": 545167, "geometry": {"type": "Point", "coordinates": [-76.99963334595262, 38.90691447977494]}, "properties": {"ENFORCEMENT_SPACE_CODE": "ATE 0865", "SITE_CODE": 1570, "ENFORCEMENT_TYPE": "Speed", "LOCATION_DESCRIPTION": "300 blk Florida Ave NE w/b", "SPEED_LIMIT": 25, "DEVICE_MOBILITY": null, "CAMERA_STATUS": "Live", "ACTIVE_STATUS": "Active", "CAMERA_LATITUDE": 38.906909999999996, "CAMERA_LONGITUDE": -76.99963, "CAMERA_EASTING": 400032, "CAMERA_NORTHING": 137672, "WARD": "5", "ANC": "5D", "SMD": "5D01", "OBJECTID": 545167, "GLOBALID": "{5CDA6F39-41BF-36F1-E063-792F520A9410}"}}, {"type": "Feature", "id": 545168, "geometry": {"type": "Point", "coordinates": [-77.01035036249066, 38.87078141744051]}, "properties": {"ENFORCEMENT_SPACE_CODE": "ATE 0866", "SITE_CODE": 3606, "ENFORCEMENT_TYPE": "Stop Sign", "LOCATION_DESCRIPTION": "Q St sw/b @ Half St SW", "SPEED_LIMIT": 20, "DEVICE_MOBILITY": null, "CAMERA_STATUS": "Live", "ACTIVE_STATUS": "Active", "CAMERA_LATITUDE": 38.87077, "CAMERA_LONGITUDE": -77.01035, "CAMERA_EASTING": 399102, "CAMERA_NORTHING": 133661, "WARD": "6", "ANC": "6D", "SMD": "6D08", "OBJECTID": 545168, "GLOBALID": "{5CDA6F39-41C0-36F1-E063-792F520A9410}"}}, {"type": "Feature", "id": 545169, "geometry": {"type": "Point", "coordinates": [-76.92377676552923, 38.89022414112606]}, "properties": {"ENFORCEMENT_SPACE_CODE": "ATE 0867", "SITE_CODE": 3707, "ENFORCEMENT_TYPE": "Stop Sign", "LOCATION_DESCRIPTION": "49th St s/b @ E Capitol St NE", "SPEED_LIMIT": 25, "DEVICE_MOBILITY": null, "CAMERA_STATUS": "Live", "ACTIVE_STATUS": "Active", "CAMERA_LATITUDE": 38.89022, "CAMERA_LONGITUDE": -76.92376999999999, "CAMERA_EASTING": 406613, "CAMERA_NORTHING": 135822, "WARD": "7", "ANC": "7C", "SMD": "7C03", "OBJECTID": 545169, "GLOBALID": "{5CDA6F39-41C1-36F1-E063-792F520A9410}"}}, {"type": "Feature", "id": 545170, "geometry": {"type": "Point", "coordinates": [-76.99283592506684, 38.858377068236486]}, "properties": {"ENFORCEMENT_SPACE_CODE": "ATE 0868", "SITE_CODE": 3811, "ENFORCEMENT_TYPE": "Stop Sign", "LOCATION_DESCRIPTION": "Stanton Rd w/b @ Sheridan Rd SE", "SPEED_LIMIT": 20, "DEVICE_MOBILITY": null, "CAMERA_STATUS": "Live", "ACTIVE_STATUS": "Active", "CAMERA_LATITUDE": 38.85837, "CAMERA_LONGITUDE": -76.99283, "CAMERA_EASTING": 400622, "CAMERA_NORTHING": 132284, "WARD": "8", "ANC": "8B", "SMD": "8B06", "OBJECTID": 545170, "GLOBALID": "{5CDA6F39-41C2-36F1-E063-792F520A9410}"}}, {"type": "Feature", "id": 545171, "geometry": {"type": "Point", "coordinates": [-76.99378856944213, 38.90019408284228]}, "properties": {"ENFORCEMENT_SPACE_CODE": "ATE 0869", "SITE_CODE": 1619, "ENFORCEMENT_TYPE": "Speed", "LOCATION_DESCRIPTION": "800 blk H St NE w/b", "SPEED_LIMIT": 25, "DEVICE_MOBILITY": null, "CAMERA_STATUS": "Live", "ACTIVE_STATUS": "Active", "CAMERA_LATITUDE": 38.900189999999995, "CAMERA_LONGITUDE": -76.99378999999999, "CAMERA_EASTING": 400539, "CAMERA_NORTHING": 136926, "WARD": "6", "ANC": "6A", "SMD": "6A02", "OBJECTID": 545171, "GLOBALID": "{5CDA6F39-41C3-36F1-E063-792F520A9410}"}}, {"type": "Feature", "id": 545172, "geometry": {"type": "Point", "coordinates": [-77.02575429411189, 38.92645071630088]}, "properties": {"ENFORCEMENT_SPACE_CODE": "ATE 0870", "SITE_CODE": 1129, "ENFORCEMENT_TYPE": "Speed", "LOCATION_DESCRIPTION": "2800 blk Sherman Ave NW s/b", "SPEED_LIMIT": 20, "DEVICE_MOBILITY": null, "CAMERA_STATUS": "Warning", "ACTIVE_STATUS": "Active", "CAMERA_LATITUDE": 38.92644, "CAMERA_LONGITUDE": -77.02575, "CAMERA_EASTING": 397767, "CAMERA_NORTHING": 139841, "WARD": "1", "ANC": "1A", "SMD": "1A10", "OBJECTID": 545172, "GLOBALID": "{5CDA6F39-41C4-36F1-E063-792F520A9410}"}}, {"type": "Feature", "id": 545173, "geometry": {"type": "Point", "coordinates": [-77.00780857366075, 38.915544210927955]}, "properties": {"ENFORCEMENT_SPACE_CODE": "ATE 0872", "SITE_CODE": 7505, "ENFORCEMENT_TYPE": "Truck Restriction", "LOCATION_DESCRIPTION": "Unit blk T St NE e/b", "SPEED_LIMIT": 20, "DEVICE_MOBILITY": null, "CAMERA_STATUS": "Live", "ACTIVE_STATUS": "Active", "CAMERA_LATITUDE": 38.91554, "CAMERA_LONGITUDE": -77.00780999999999, "CAMERA_EASTING": 399323, "CAMERA_NORTHING": 138630, "WARD": "5", "ANC": "5F", "SMD": "5F07", "OBJECTID": 545173, "GLOBALID": "{5CDA6F39-41C5-36F1-E063-792F520A9410}"}}, {"type": "Feature", "id": 545174, "geometry": {"type": "Point", "coordinates": [-77.06997560799549, 38.944124913609855]}, "properties": {"ENFORCEMENT_SPACE_CODE": "ATE 0874", "SITE_CODE": 1327, "ENFORCEMENT_TYPE": "Speed", "LOCATION_DESCRIPTION": "4200 blk Reno Rd NW se/b", "SPEED_LIMIT": 25, "DEVICE_MOBILITY": null, "CAMERA_STATUS": "Live", "ACTIVE_STATUS": "Active", "CAMERA_LATITUDE": 38.94412, "CAMERA_LONGITUDE": -77.06997, "CAMERA_EASTING": 393934, "CAMERA_NORTHING": 141805, "WARD": "3", "ANC": "3F", "SMD": "3F01", "OBJECTID": 545174, "GLOBALID": "{5CDA6F39-41C6-36F1-E063-792F520A9410}"}}, {"type": "Feature", "id": 545175, "geometry": {"type": "Point", "coordinates": [-77.06614666620901, 38.907679481131915]}, "properties": {"ENFORCEMENT_SPACE_CODE": "ATE 0875", "SITE_CODE": 7204, "ENFORCEMENT_TYPE": "Truck Restriction", "LOCATION_DESCRIPTION": "1400 blk 33rd St NW n/b", "SPEED_LIMIT": 20, "DEVICE_MOBILITY": null, "CAMERA_STATUS": "Warning", "ACTIVE_STATUS": "Active", "CAMERA_LATITUDE": 38.907669999999996, "CAMERA_LONGITUDE": -77.06613999999999, "CAMERA_EASTING": 394263, "CAMERA_NORTHING": 137759, "WARD": "2", "ANC": "2E", "SMD": "2E03", "OBJECTID": 545175, "GLOBALID": "{5CDA6F39-41C7-36F1-E063-792F520A9410}"}}, {"type": "Feature", "id": 545176, "geometry": {"type": "Point", "coordinates": [-77.00893710162225, 38.90372518186559]}, "properties": {"ENFORCEMENT_SPACE_CODE": "ATE 0022", "SITE_CODE": 1609, "ENFORCEMENT_TYPE": "Speed", "LOCATION_DESCRIPTION": "1100 BLK NORTH CAPITOL ST NE N/B", "SPEED_LIMIT": 25, "DEVICE_MOBILITY": "Fixed", "CAMERA_STATUS": "Live", "ACTIVE_STATUS": "Active", "CAMERA_LATITUDE": 38.90372, "CAMERA_LONGITUDE": -77.00892999999999, "CAMERA_EASTING": 399225, "CAMERA_NORTHING": 137318, "WARD": "6", "ANC": "6E", "SMD": "6E03", "OBJECTID": 545176, "GLOBALID": "{5CDA6F39-41C8-36F1-E063-792F520A9410}"}}, {"type": "Feature", "id": 545177, "geometry": {"type": "Point", "coordinates": [-76.98586072083825, 38.9403435056902]}, "properties": {"ENFORCEMENT_SPACE_CODE": "ATE 0070", "SITE_CODE": 3502, "ENFORCEMENT_TYPE": "Stop Sign", "LOCATION_DESCRIPTION": "14TH ST N/B @ TAYLOR ST NE", "SPEED_LIMIT": 25, "DEVICE_MOBILITY": null, "CAMERA_STATUS": "Live", "ACTIVE_STATUS": "Active", "CAMERA_LATITUDE": 38.94034, "CAMERA_LONGITUDE": -76.98586, "CAMERA_EASTING": 401226, "CAMERA_NORTHING": 141383, "WARD": "5", "ANC": "5B", "SMD": "5B02", "OBJECTID": 545177, "GLOBALID": "{5CDA6F39-41C9-36F1-E063-792F520A9410}"}}, {"type": "Feature", "id": 545178, "geometry": {"type": "Point", "coordinates": [-76.9808655171332, 38.899859371856834]}, "properties": {"ENFORCEMENT_SPACE_CODE": "ATE 0082", "SITE_CODE": 1518, "ENFORCEMENT_TYPE": "Speed", "LOCATION_DESCRIPTION": "1600 BLK BENNING RD NE W/B", "SPEED_LIMIT": 30, "DEVICE_MOBILITY": null, "CAMERA_STATUS": "Live", "ACTIVE_STATUS": "Active", "CAMERA_LATITUDE": 38.89985, "CAMERA_LONGITUDE": -76.98085999999999, "CAMERA_EASTING": 401660, "CAMERA_NORTHING": 136889, "WARD": "5", "ANC": "5D", "SMD": "5D07", "OBJECTID": 545178, "GLOBALID": "{5CDA6F39-41CA-36F1-E063-792F520A9410}"}}, {"type": "Feature", "id": 545179, "geometry": {"type": "Point", "coordinates": [-77.04651743784467, 38.91596761205073]}, "properties": {"ENFORCEMENT_SPACE_CODE": "ATE 0100", "SITE_CODE": 1309, "ENFORCEMENT_TYPE": "Speed", "LOCATION_DESCRIPTION": "1800 BLK CONNECTICUT AVE NW S/B", "SPEED_LIMIT": 25, "DEVICE_MOBILITY": null, "CAMERA_STATUS": "Live", "ACTIVE_STATUS": "Active", "CAMERA_LATITUDE": 38.91596, "CAMERA_LONGITUDE": -77.04651, "CAMERA_EASTING": 395966, "CAMERA_NORTHING": 138678, "WARD": "1", "ANC": "1C", "SMD": "1C01", "OBJECTID": 545179, "GLOBALID": "{5CDA6F39-41CB-36F1-E063-792F520A9410}"}}, {"type": "Feature", "id": 545180, "geometry": {"type": "Point", "coordinates": [-76.97711129548316, 38.88750822047581]}, "properties": {"ENFORCEMENT_SPACE_CODE": "ATE 0111", "SITE_CODE": 1739, "ENFORCEMENT_TYPE": "Speed", "LOCATION_DESCRIPTION": "1900 BLK INDEPENDENCE AVE SE E/B", "SPEED_LIMIT": 25, "DEVICE_MOBILITY": "Portable", "CAMERA_STATUS": "Live", "ACTIVE_STATUS": "Active", "CAMERA_LATITUDE": 38.8875, "CAMERA_LONGITUDE": -76.97711, "CAMERA_EASTING": 401986, "CAMERA_NORTHING": 135518, "WARD": "7", "ANC": "7D", "SMD": "7D05", "OBJECTID": 545180, "GLOBALID": "{5CDA6F39-41CC-36F1-E063-792F520A9410}"}}, {"type": "Feature", "id": 545181, "geometry": {"type": "Point", "coordinates": [-76.95756668876031, 38.919896800824056]}, "properties": {"ENFORCEMENT_SPACE_CODE": "ATE 0144", "SITE_CODE": 1524, "ENFORCEMENT_TYPE": "Speed", "LOCATION_DESCRIPTION": "2200 BLK SOUTH DAKOTA AVE NE SE/B", "SPEED_LIMIT": 25, "DEVICE_MOBILITY": null, "CAMERA_STATUS": "Live", "ACTIVE_STATUS": "Active", "CAMERA_LATITUDE": 38.919889999999995, "CAMERA_LONGITUDE": -76.95756, "CAMERA_EASTING": 403680, "CAMERA_NORTHING": 139114, "WARD": "5", "ANC": "5C", "SMD": "5C03", "OBJECTID": 545181, "GLOBALID": "{5CDA6F39-41CD-36F1-E063-792F520A9410}"}}, {"type": "Feature", "id": 545182, "geometry": {"type": "Point", "coordinates": [-76.97388117509423, 38.863644293457256]}, "properties": {"ENFORCEMENT_SPACE_CODE": "ATE 0150", "SITE_CODE": 1758, "ENFORCEMENT_TYPE": "Speed", "LOCATION_DESCRIPTION": "2300 BLK MARION BARRY AVE SE NW/B", "SPEED_LIMIT": 25, "DEVICE_MOBILITY": null, "CAMERA_STATUS": "Live", "ACTIVE_STATUS": "Active", "CAMERA_LATITUDE": 38.86364, "CAMERA_LONGITUDE": -76.97388, "CAMERA_EASTING": 402267, "CAMERA_NORTHING": 132869, "WARD": "8", "ANC": "8A", "SMD": "8A04", "OBJECTID": 545182, "GLOBALID": "{5CDA6F39-41CE-36F1-E063-792F520A9410}"}}, {"type": "Feature", "id": 545183, "geometry": {"type": "Point", "coordinates": [-76.97121721141059, 38.897938612100965]}, "properties": {"ENFORCEMENT_SPACE_CODE": "ATE 0160", "SITE_CODE": 1528, "ENFORCEMENT_TYPE": "Speed", "LOCATION_DESCRIPTION": "2500 BLK BENNING RD NE SE/B", "SPEED_LIMIT": 30, "DEVICE_MOBILITY": "Fixed", "CAMERA_STATUS": "Live", "ACTIVE_STATUS": "Active", "CAMERA_LATITUDE": 38.897929999999995, "CAMERA_LONGITUDE": -76.97122, "CAMERA_EASTING": 402497, "CAMERA_NORTHING": 136676, "WARD": "5", "ANC": "5D", "SMD": "5D09", "OBJECTID": 545183, "GLOBALID": "{5CDA6F39-41CF-36F1-E063-792F520A9410}"}}, {"type": "Feature", "id": 545184, "geometry": {"type": "Point", "coordinates": [-77.0036002434378, 38.92303033756609]}, "properties": {"ENFORCEMENT_SPACE_CODE": "ATE 0173", "SITE_CODE": 1512, "ENFORCEMENT_TYPE": "Speed", "LOCATION_DESCRIPTION": "2600 BLK LINCOLN RD NE N/B", "SPEED_LIMIT": 25, "DEVICE_MOBILITY": null, "CAMERA_STATUS": "Live", "ACTIVE_STATUS": "Active", "CAMERA_LATITUDE": 38.92302, "CAMERA_LONGITUDE": -77.0036, "CAMERA_EASTING": 399688, "CAMERA_NORTHING": 139461, "WARD": "5", "ANC": "5E", "SMD": "5E06", "OBJECTID": 545184, "GLOBALID": "{5CDA6F39-41D0-36F1-E063-792F520A9410}"}}, {"type": "Feature", "id": 545185, "geometry": {"type": "Point", "coordinates": [-77.0578323600109, 38.93416837587377]}, "properties": {"ENFORCEMENT_SPACE_CODE": "ATE 0209", "SITE_CODE": 1310, "ENFORCEMENT_TYPE": "Speed", "LOCATION_DESCRIPTION": "3300 BLK CONNECTICUT AVE NW S/B", "SPEED_LIMIT": 25, "DEVICE_MOBILITY": "Portable", "CAMERA_STATUS": "Live", "ACTIVE_STATUS": "Active", "CAMERA_LATITUDE": 38.93416, "CAMERA_LONGITUDE": -77.05783, "CAMERA_EASTING": 394986, "CAMERA_NORTHING": 140699, "WARD": "3", "ANC": "3C", "SMD": "3C05", "OBJECTID": 545185, "GLOBALID": "{5CDA6F39-41D1-36F1-E063-792F520A9410}"}}, {"type": "Feature", "id": 545186, "geometry": {"type": "Point", "coordinates": [-77.0035615709209, 38.84145037920341]}, "properties": {"ENFORCEMENT_SPACE_CODE": "ATE 0217", "SITE_CODE": 1808, "ENFORCEMENT_TYPE": "Speed", "LOCATION_DESCRIPTION": "3400 BLK MLK JR. AVE SE SW/B", "SPEED_LIMIT": 25, "DEVICE_MOBILITY": null, "CAMERA_STATUS": "Live", "ACTIVE_STATUS": "Active", "CAMERA_LATITUDE": 38.84144, "CAMERA_LONGITUDE": -77.00356, "CAMERA_EASTING": 399691, "CAMERA_NORTHING": 130405, "WARD": "8", "ANC": "8C", "SMD": "8C04", "OBJECTID": 545186, "GLOBALID": "{5CDA6F39-41D2-36F1-E063-792F520A9410}"}}, {"type": "Feature", "id": 545187, "geometry": {"type": "Point", "coordinates": [-76.99378222026098, 38.84075661741336]}, "properties": {"ENFORCEMENT_SPACE_CODE": "ATE 0218", "SITE_CODE": 1809, "ENFORCEMENT_TYPE": "Speed", "LOCATION_DESCRIPTION": "3400 BLK WHEELER ROAD SE S/B", "SPEED_LIMIT": 25, "DEVICE_MOBILITY": null, "CAMERA_STATUS": "Live", "ACTIVE_STATUS": "Active", "CAMERA_LATITUDE": 38.84075, "CAMERA_LONGITUDE": -76.99378, "CAMERA_EASTING": 400540, "CAMERA_NORTHING": 130328, "WARD": "8", "ANC": "8C", "SMD": "8C07", "OBJECTID": 545187, "GLOBALID": "{5CDA6F39-41D3-36F1-E063-792F520A9410}"}}, {"type": "Feature", "id": 545188, "geometry": {"type": "Point", "coordinates": [-76.95230481037008, 38.89072572531866]}, "properties": {"ENFORCEMENT_SPACE_CODE": "ATE 0238", "SITE_CODE": 1747, "ENFORCEMENT_TYPE": "Speed", "LOCATION_DESCRIPTION": "3700 BLK MINNESOTA AVE NE NE/B", "SPEED_LIMIT": 25, "DEVICE_MOBILITY": null, "CAMERA_STATUS": "Live", "ACTIVE_STATUS": "Active", "CAMERA_LATITUDE": 38.89072, "CAMERA_LONGITUDE": -76.95230000000001, "CAMERA_EASTING": 404138, "CAMERA_NORTHING": 135876, "WARD": "7", "ANC": "7F", "SMD": "7F01", "OBJECTID": 545188, "GLOBALID": "{5CDA6F39-41D4-36F1-E063-792F520A9410}"}}, {"type": "Feature", "id": 545189, "geometry": {"type": "Point", "coordinates": [-76.97537742890991, 38.93522505461713]}, "properties": {"ENFORCEMENT_SPACE_CODE": "ATE 0240", "SITE_CODE": 1411, "ENFORCEMENT_TYPE": "Speed", "LOCATION_DESCRIPTION": "3700 BLK S DAKOTA AVE NE SE/B", "SPEED_LIMIT": 25, "DEVICE_MOBILITY": null, "CAMERA_STATUS": "Live", "ACTIVE_STATUS": "Active", "CAMERA_LATITUDE": 38.93522, "CAMERA_LONGITUDE": -76.97538, "CAMERA_EASTING": 402135, "CAMERA_NORTHING": 140815, "WARD": "5", "ANC": "5B", "SMD": "5B02", "OBJECTID": 545189, "GLOBALID": "{5CDA6F39-41D5-36F1-E063-792F520A9410}"}}, {"type": "Feature", "id": 545190, "geometry": {"type": "Point", "coordinates": [-77.08175171793084, 38.912669236757736]}, "properties": {"ENFORCEMENT_SPACE_CODE": "ATE 0283", "SITE_CODE": 1304, "ENFORCEMENT_TYPE": "Speed", "LOCATION_DESCRIPTION": "4300 BLK RESERVOIR RD NW E/B", "SPEED_LIMIT": 25, "DEVICE_MOBILITY": null, "CAMERA_STATUS": "Live", "ACTIVE_STATUS": "Active", "CAMERA_LATITUDE": 38.912659999999995, "CAMERA_LONGITUDE": -77.08175, "CAMERA_EASTING": 392910, "CAMERA_NORTHING": 138314, "WARD": "3", "ANC": "3D", "SMD": "3D07", "OBJECTID": 545190, "GLOBALID": "{5CDA6F39-41D6-36F1-E063-792F520A9410}"}}, {"type": "Feature", "id": 545191, "geometry": {"type": "Point", "coordinates": [-76.93713761786934, 38.88852050333935]}, "properties": {"ENFORCEMENT_SPACE_CODE": "ATE 0291", "SITE_CODE": 1728, "ENFORCEMENT_TYPE": "Speed", "LOCATION_DESCRIPTION": "4500 BLK BENNING RD SE SE/B", "SPEED_LIMIT": 25, "DEVICE_MOBILITY": "Fixed", "CAMERA_STATUS": "Live", "ACTIVE_STATUS": "Active", "CAMERA_LATITUDE": 38.88851, "CAMERA_LONGITUDE": -76.93714, "CAMERA_EASTING": 405454, "CAMERA_NORTHING": 135632, "WARD": "7", "ANC": "7E", "SMD": "7E07", "OBJECTID": 545191, "GLOBALID": "{5CDA6F39-41D7-36F1-E063-792F520A9410}"}}, {"type": "Feature", "id": 545192, "geometry": {"type": "Point", "coordinates": [-77.09172879641228, 38.94221812612016]}, "properties": {"ENFORCEMENT_SPACE_CODE": "ATE 0297", "SITE_CODE": 1307, "ENFORCEMENT_TYPE": "Speed", "LOCATION_DESCRIPTION": "4600 BLK MASSACHUSETTS AVE NW NW/B", "SPEED_LIMIT": 25, "DEVICE_MOBILITY": null, "CAMERA_STATUS": "Live", "ACTIVE_STATUS": "Active", "CAMERA_LATITUDE": 38.942209999999996, "CAMERA_LONGITUDE": -77.09173, "CAMERA_EASTING": 392048, "CAMERA_NORTHING": 141595, "WARD": "3", "ANC": "3D", "SMD": "3D02", "OBJECTID": 545192, "GLOBALID": "{5CDA6F39-41D8-36F1-E063-792F520A9410}"}}, {"type": "Feature", "id": 545193, "geometry": {"type": "Point", "coordinates": [-77.09255747904822, 38.91414755315201]}, "properties": {"ENFORCEMENT_SPACE_CODE": "ATE 0303", "SITE_CODE": 1308, "ENFORCEMENT_TYPE": "Speed", "LOCATION_DESCRIPTION": "4700 blk MacArthur Blvd NW s/b", "SPEED_LIMIT": 25, "DEVICE_MOBILITY": null, "CAMERA_STATUS": "Live", "ACTIVE_STATUS": "Active", "CAMERA_LATITUDE": 38.914139999999996, "CAMERA_LONGITUDE": -77.09255999999999, "CAMERA_EASTING": 391973, "CAMERA_NORTHING": 138479, "WARD": "3", "ANC": "3D", "SMD": "3D06", "OBJECTID": 545193, "GLOBALID": "{5CDA6F39-41D9-36F1-E063-792F520A9410}"}}, {"type": "Feature", "id": 545194, "geometry": {"type": "Point", "coordinates": [-76.93410000655322, 38.88273544558608]}, "properties": {"ENFORCEMENT_SPACE_CODE": "ATE 0309", "SITE_CODE": 1726, "ENFORCEMENT_TYPE": "Speed", "LOCATION_DESCRIPTION": "4800 BLK BENNING RD SE SE/B", "SPEED_LIMIT": 30, "DEVICE_MOBILITY": "Fixed", "CAMERA_STATUS": "Live", "ACTIVE_STATUS": "Active", "CAMERA_LATITUDE": 38.882729999999995, "CAMERA_LONGITUDE": -76.9341, "CAMERA_EASTING": 405718, "CAMERA_NORTHING": 134990, "WARD": "7", "ANC": "7E", "SMD": "7E04", "OBJECTID": 545194, "GLOBALID": "{5CDA6F39-41DA-36F1-E063-792F520A9410}"}}, {"type": "Feature", "id": 545195, "geometry": {"type": "Point", "coordinates": [-77.07523374206393, 38.96411100320197]}, "properties": {"ENFORCEMENT_SPACE_CODE": "ATE 0336", "SITE_CODE": 1312, "ENFORCEMENT_TYPE": "Speed", "LOCATION_DESCRIPTION": "5500 BLK CONNECTICUT AVE NW S/B", "SPEED_LIMIT": 25, "DEVICE_MOBILITY": "Portable", "CAMERA_STATUS": "Live", "ACTIVE_STATUS": "Active", "CAMERA_LATITUDE": 38.9641, "CAMERA_LONGITUDE": -77.07522999999999, "CAMERA_EASTING": 393480, "CAMERA_NORTHING": 144024, "WARD": "3", "ANC": "3/4G", "SMD": "3/4G05", "OBJECTID": 545195, "GLOBALID": "{5CDA6F39-41DB-36F1-E063-792F520A9410}"}}, {"type": "Feature", "id": 545196, "geometry": {"type": "Point", "coordinates": [-77.02233936162456, 38.95904340848668]}, "properties": {"ENFORCEMENT_SPACE_CODE": "ATE 0356", "SITE_CODE": 1410, "ENFORCEMENT_TYPE": "Speed", "LOCATION_DESCRIPTION": "600 BLK MISSOURI AVE NW SE/B", "SPEED_LIMIT": 25, "DEVICE_MOBILITY": null, "CAMERA_STATUS": "Live", "ACTIVE_STATUS": "Active", "CAMERA_LATITUDE": 38.95904, "CAMERA_LONGITUDE": -77.02234, "CAMERA_EASTING": 398064, "CAMERA_NORTHING": 143459, "WARD": "4", "ANC": "4B", "SMD": "4B06", "OBJECTID": 545196, "GLOBALID": "{5CDA6F39-41DC-36F1-E063-792F520A9410}"}}, {"type": "Feature", "id": 545197, "geometry": {"type": "Point", "coordinates": [-77.01702012136391, 38.95762099854741]}, "properties": {"ENFORCEMENT_SPACE_CODE": "ATE 0455", "SITE_CODE": 3402, "ENFORCEMENT_TYPE": "Stop Sign", "LOCATION_DESCRIPTION": "LONGFELLOW ST W/B @ MISSOURI AVE NW", "SPEED_LIMIT": 20, "DEVICE_MOBILITY": null, "CAMERA_STATUS": "Live", "ACTIVE_STATUS": "Active", "CAMERA_LATITUDE": 38.957609999999995, "CAMERA_LONGITUDE": -77.01702, "CAMERA_EASTING": 398525, "CAMERA_NORTHING": 143301, "WARD": "4", "ANC": "4B", "SMD": "4B06", "OBJECTID": 545197, "GLOBALID": "{5CDA6F39-41DD-36F1-E063-792F520A9410}"}}, {"type": "Feature", "id": 545198, "geometry": {"type": "Point", "coordinates": [-77.03259773061556, 38.96191463268729]}, "properties": {"ENFORCEMENT_SPACE_CODE": "ATE 0462", "SITE_CODE": 1402, "ENFORCEMENT_TYPE": "Speed", "LOCATION_DESCRIPTION": "MILITARY RD W/B @ 14TH ST NW", "SPEED_LIMIT": 30, "DEVICE_MOBILITY": null, "CAMERA_STATUS": "Live", "ACTIVE_STATUS": "Active", "CAMERA_LATITUDE": 38.961909999999996, "CAMERA_LONGITUDE": -77.03259, "CAMERA_EASTING": 397175, "CAMERA_NORTHING": 143778, "WARD": "4", "ANC": "4A", "SMD": "4A06", "OBJECTID": 545198, "GLOBALID": "{5CDA6F39-41DE-36F1-E063-792F520A9410}"}}, {"type": "Feature", "id": 545199, "geometry": {"type": "Point", "coordinates": [-76.9726509178613, 38.91691954700858]}, "properties": {"ENFORCEMENT_SPACE_CODE": "ATE 0485", "SITE_CODE": 2501, "ENFORCEMENT_TYPE": "Red Light", "LOCATION_DESCRIPTION": "NY AVE W/B @ BLADENSBURG RD NE", "SPEED_LIMIT": 40, "DEVICE_MOBILITY": "Fixed", "CAMERA_STATUS": "Live", "ACTIVE_STATUS": "Active", "CAMERA_LATITUDE": 38.91691, "CAMERA_LONGITUDE": -76.97265, "CAMERA_EASTING": 402372, "CAMERA_NORTHING": 138783, "WARD": "5", "ANC": "5C", "SMD": "5C04", "OBJECTID": 545199, "GLOBALID": "{5CDA6F39-41DF-36F1-E063-792F520A9410}"}}, {"type": "Feature", "id": 545200, "geometry": {"type": "Point", "coordinates": [-77.00930297014281, 38.88032140009014]}, "properties": {"ENFORCEMENT_SPACE_CODE": "ATE 0498", "SITE_CODE": 2602, "ENFORCEMENT_TYPE": "Red Light", "LOCATION_DESCRIPTION": "S CAPITOL RAMP S/B BEFORE I ST SW", "SPEED_LIMIT": 30, "DEVICE_MOBILITY": null, "CAMERA_STATUS": "Live", "ACTIVE_STATUS": "Active", "CAMERA_LATITUDE": 38.88031, "CAMERA_LONGITUDE": -77.00930000000001, "CAMERA_EASTING": 399193, "CAMERA_NORTHING": 134720, "WARD": "6", "ANC": "6D", "SMD": "6D02", "OBJECTID": 545200, "GLOBALID": "{5CDA6F39-41E0-36F1-E063-792F520A9410}"}}, {"type": "Feature", "id": 545201, "geometry": {"type": "Point", "coordinates": [-77.0174479652802, 38.91439911033004]}, "properties": {"ENFORCEMENT_SPACE_CODE": "ATE 0512", "SITE_CODE": 1504, "ENFORCEMENT_TYPE": "Speed", "LOCATION_DESCRIPTION": "UNIT BLK FLORIDA AVE NE NW/B", "SPEED_LIMIT": 25, "DEVICE_MOBILITY": null, "CAMERA_STATUS": "Live", "ACTIVE_STATUS": "Active", "CAMERA_LATITUDE": 38.91439, "CAMERA_LONGITUDE": -77.01744, "CAMERA_EASTING": 398487, "CAMERA_NORTHING": 138503, "WARD": "5", "ANC": "5F", "SMD": "5F07", "OBJECTID": 545201, "GLOBALID": "{5CDA6F39-41E1-36F1-E063-792F520A9410}"}}, {"type": "Feature", "id": 545202, "geometry": {"type": "Point", "coordinates": [-77.0106445091581, 38.91140015130131]}, "properties": {"ENFORCEMENT_SPACE_CODE": "ATE 0513", "SITE_CODE": 1530, "ENFORCEMENT_TYPE": "Speed", "LOCATION_DESCRIPTION": "UNIT BLK FLORIDA AVE NW SE/B", "SPEED_LIMIT": 25, "DEVICE_MOBILITY": null, "CAMERA_STATUS": "Live", "ACTIVE_STATUS": "Active", "CAMERA_LATITUDE": 38.91139, "CAMERA_LONGITUDE": -77.01064, "CAMERA_EASTING": 399077, "CAMERA_NORTHING": 138170, "WARD": "5", "ANC": "5E", "SMD": "5E02", "OBJECTID": 545202, "GLOBALID": "{5CDA6F39-41E2-36F1-E063-792F520A9410}"}}, {"type": "Feature", "id": 545203, "geometry": {"type": "Point", "coordinates": [-76.92446466736119, 38.904601942539635]}, "properties": {"ENFORCEMENT_SPACE_CODE": "ATE 0527", "SITE_CODE": 1733, "ENFORCEMENT_TYPE": "Speed", "LOCATION_DESCRIPTION": "1000 BLK EASTERN AVE NE SE/B", "SPEED_LIMIT": 25, "DEVICE_MOBILITY": "Portable", "CAMERA_STATUS": "Live", "ACTIVE_STATUS": "Active", "CAMERA_LATITUDE": 38.90459, "CAMERA_LONGITUDE": -76.92446, "CAMERA_EASTING": 406552, "CAMERA_NORTHING": 137418, "WARD": "7", "ANC": "7C", "SMD": "7C04", "OBJECTID": 545203, "GLOBALID": "{5CDA6F39-41E3-36F1-E063-792F520A9410}"}}, {"type": "Feature", "id": 545204, "geometry": {"type": "Point", "coordinates": [-76.98620099104441, 38.910562045920095]}, "properties": {"ENFORCEMENT_SPACE_CODE": "ATE 0555", "SITE_CODE": 2508, "ENFORCEMENT_TYPE": "Red Light", "LOCATION_DESCRIPTION": "MT. OLIVET RD SE/B @ W. VIRGINIA AVE NE", "SPEED_LIMIT": 25, "DEVICE_MOBILITY": null, "CAMERA_STATUS": "Live", "ACTIVE_STATUS": "Active", "CAMERA_LATITUDE": 38.91055, "CAMERA_LONGITUDE": -76.9862, "CAMERA_EASTING": 401197, "CAMERA_NORTHING": 138077, "WARD": "5", "ANC": "5D", "SMD": "5D02", "OBJECTID": 545204, "GLOBALID": "{5CDA6F39-41E4-36F1-E063-792F520A9410}"}}, {"type": "Feature", "id": 545205, "geometry": {"type": "Point", "coordinates": [-77.03205735934502, 38.91489147379476]}, "properties": {"ENFORCEMENT_SPACE_CODE": "ATE 0579", "SITE_CODE": 1126, "ENFORCEMENT_TYPE": "Speed", "LOCATION_DESCRIPTION": "1800 BLK 14TH ST NW S/B", "SPEED_LIMIT": 25, "DEVICE_MOBILITY": null, "CAMERA_STATUS": "Live", "ACTIVE_STATUS": "Active", "CAMERA_LATITUDE": 38.91488, "CAMERA_LONGITUDE": -77.03205, "CAMERA_EASTING": 397220, "CAMERA_NORTHING": 138558, "WARD": "1", "ANC": "1B", "SMD": "1B08", "OBJECTID": 545205, "GLOBALID": "{5CDA6F39-41E5-36F1-E063-792F520A9410}"}}, {"type": "Feature", "id": 545206, "geometry": {"type": "Point", "coordinates": [-76.99103611528844, 38.87797023625724]}, "properties": {"ENFORCEMENT_SPACE_CODE": "ATE 0588", "SITE_CODE": 2802, "ENFORCEMENT_TYPE": "Red Light", "LOCATION_DESCRIPTION": "SOUTHEAST BLVD W/B @ 11TH ST SE", "SPEED_LIMIT": 30, "DEVICE_MOBILITY": null, "CAMERA_STATUS": "Live", "ACTIVE_STATUS": "Active", "CAMERA_LATITUDE": 38.87796, "CAMERA_LONGITUDE": -76.99103, "CAMERA_EASTING": 400778, "CAMERA_NORTHING": 134459, "WARD": "6", "ANC": "6B", "SMD": "6B08", "OBJECTID": 545206, "GLOBALID": "{5CDA6F39-41E6-36F1-E063-792F520A9410}"}}, {"type": "Feature", "id": 545207, "geometry": {"type": "Point", "coordinates": [-77.02782982595716, 38.95519570169863]}, "properties": {"ENFORCEMENT_SPACE_CODE": "ATE 0590", "SITE_CODE": 1420, "ENFORCEMENT_TYPE": "Speed", "LOCATION_DESCRIPTION": "5400 BLK GEORGIA AVE NW N/B", "SPEED_LIMIT": 25, "DEVICE_MOBILITY": null, "CAMERA_STATUS": "Live", "ACTIVE_STATUS": "Active", "CAMERA_LATITUDE": 38.95519, "CAMERA_LONGITUDE": -77.02783, "CAMERA_EASTING": 397588, "CAMERA_NORTHING": 143032, "WARD": "4", "ANC": "4D", "SMD": "4D03", "OBJECTID": 545207, "GLOBALID": "{5CDA6F39-41E7-36F1-E063-792F520A9410}"}}, {"type": "Feature", "id": 545208, "geometry": {"type": "Point", "coordinates": [-77.03248234441936, 38.961905656544936]}, "properties": {"ENFORCEMENT_SPACE_CODE": "ATE 0592", "SITE_CODE": 2405, "ENFORCEMENT_TYPE": "Red Light", "LOCATION_DESCRIPTION": "MILITARY RD W/B @ 14TH ST NW", "SPEED_LIMIT": 30, "DEVICE_MOBILITY": null, "CAMERA_STATUS": "Live", "ACTIVE_STATUS": "Active", "CAMERA_LATITUDE": 38.9619, "CAMERA_LONGITUDE": -77.03247999999999, "CAMERA_EASTING": 397185, "CAMERA_NORTHING": 143777, "WARD": "4", "ANC": "4A", "SMD": "4A06", "OBJECTID": 545208, "GLOBALID": "{5CDA6F39-41E8-36F1-E063-792F520A9410}"}}, {"type": "Feature", "id": 545209, "geometry": {"type": "Point", "coordinates": [-76.98300924337904, 38.853610593084355]}, "properties": {"ENFORCEMENT_SPACE_CODE": "ATE 0594", "SITE_CODE": 2801, "ENFORCEMENT_TYPE": "Red Light", "LOCATION_DESCRIPTION": "SUITLAND PKWY W/B @ STANTON RD SE", "SPEED_LIMIT": 35, "DEVICE_MOBILITY": null, "CAMERA_STATUS": "Live", "ACTIVE_STATUS": "Active", "CAMERA_LATITUDE": 38.8536, "CAMERA_LONGITUDE": -76.98301, "CAMERA_EASTING": 401475, "CAMERA_NORTHING": 131755, "WARD": "8", "ANC": "8B", "SMD": "8B03", "OBJECTID": 545209, "GLOBALID": "{5CDA6F39-41E9-36F1-E063-792F520A9410}"}}, {"type": "Feature", "id": 545210, "geometry": {"type": "Point", "coordinates": [-77.0318440644334, 38.902027612498586]}, "properties": {"ENFORCEMENT_SPACE_CODE": "ATE 0595", "SITE_CODE": 2207, "ENFORCEMENT_TYPE": "Red Light", "LOCATION_DESCRIPTION": "14TH ST N/B @ K ST NW", "SPEED_LIMIT": 25, "DEVICE_MOBILITY": null, "CAMERA_STATUS": "Live", "ACTIVE_STATUS": "Active", "CAMERA_LATITUDE": 38.90202, "CAMERA_LONGITUDE": -77.03184, "CAMERA_EASTING": 397238, "CAMERA_NORTHING": 137130, "WARD": "2", "ANC": "2C", "SMD": "2C01", "OBJECTID": 545210, "GLOBALID": "{5CDA6F39-41EA-36F1-E063-792F520A9410}"}}, {"type": "Feature", "id": 545211, "geometry": {"type": "Point", "coordinates": [-76.9381279689186, 38.88957501255798]}, "properties": {"ENFORCEMENT_SPACE_CODE": "ATE 0601", "SITE_CODE": 2706, "ENFORCEMENT_TYPE": "Red Light", "LOCATION_DESCRIPTION": "E CAPITOL ST E/B @ TEXAS AVE SE", "SPEED_LIMIT": 30, "DEVICE_MOBILITY": null, "CAMERA_STATUS": "Live", "ACTIVE_STATUS": "Active", "CAMERA_LATITUDE": 38.88957, "CAMERA_LONGITUDE": -76.93812, "CAMERA_EASTING": 405368, "CAMERA_NORTHING": 135749, "WARD": "7", "ANC": "7E", "SMD": "7E07", "OBJECTID": 545211, "GLOBALID": "{5CDA6F39-41EB-36F1-E063-792F520A9410}"}}, {"type": "Feature", "id": 545212, "geometry": {"type": "Point", "coordinates": [-77.00913933914391, 38.95247815964634]}, "properties": {"ENFORCEMENT_SPACE_CODE": "ATE 0607", "SITE_CODE": 2401, "ENFORCEMENT_TYPE": "Red Light", "LOCATION_DESCRIPTION": "N CAPITOL ST S/B @ GALLATIN ST NW", "SPEED_LIMIT": 30, "DEVICE_MOBILITY": null, "CAMERA_STATUS": "Live", "ACTIVE_STATUS": "Active", "CAMERA_LATITUDE": 38.95247, "CAMERA_LONGITUDE": -77.00914, "CAMERA_EASTING": 399208, "CAMERA_NORTHING": 142730, "WARD": "4", "ANC": "4D", "SMD": "4D08", "OBJECTID": 545212, "GLOBALID": "{5CDA6F39-41EC-36F1-E063-792F520A9410}"}}, {"type": "Feature", "id": 545213, "geometry": {"type": "Point", "coordinates": [-76.97315818044962, 38.91718090627328]}, "properties": {"ENFORCEMENT_SPACE_CODE": "ATE 0609", "SITE_CODE": 2502, "ENFORCEMENT_TYPE": "Red Light", "LOCATION_DESCRIPTION": "NY AVE E/B @ BLADENSBURG RD NE", "SPEED_LIMIT": 35, "DEVICE_MOBILITY": null, "CAMERA_STATUS": "Live", "ACTIVE_STATUS": "Active", "CAMERA_LATITUDE": 38.91717, "CAMERA_LONGITUDE": -76.97316, "CAMERA_EASTING": 402328, "CAMERA_NORTHING": 138812, "WARD": "5", "ANC": "5C", "SMD": "5C04", "OBJECTID": 545213, "GLOBALID": "{5CDA6F39-41ED-36F1-E063-792F520A9410}"}}, {"type": "Feature", "id": 545214, "geometry": {"type": "Point", "coordinates": [-76.95499570955606, 38.864242106021884]}, "properties": {"ENFORCEMENT_SPACE_CODE": "ATE 0707", "SITE_CODE": 1759, "ENFORCEMENT_TYPE": "Speed", "LOCATION_DESCRIPTION": "3600 BLK ALABAMA AVE SE NE/B", "SPEED_LIMIT": 25, "DEVICE_MOBILITY": null, "CAMERA_STATUS": "Live", "ACTIVE_STATUS": "Active", "CAMERA_LATITUDE": 38.86423, "CAMERA_LONGITUDE": -76.95499, "CAMERA_EASTING": 403906, "CAMERA_NORTHING": 132936, "WARD": "7", "ANC": "7B", "SMD": "7B02", "OBJECTID": 545214, "GLOBALID": "{5CDA6F39-41EE-36F1-E063-792F520A9410}"}}, {"type": "Feature", "id": 545215, "geometry": {"type": "Point", "coordinates": [-77.0566999275779, 38.9024866274994]}, "properties": {"ENFORCEMENT_SPACE_CODE": "ATE 0757", "SITE_CODE": 2205, "ENFORCEMENT_TYPE": "Red Light", "LOCATION_DESCRIPTION": "K ST E/B @ 27TH ST NW", "SPEED_LIMIT": 25, "DEVICE_MOBILITY": null, "CAMERA_STATUS": "Live", "ACTIVE_STATUS": "Active", "CAMERA_LATITUDE": 38.90248, "CAMERA_LONGITUDE": -77.0567, "CAMERA_EASTING": 395082, "CAMERA_NORTHING": 137182, "WARD": "2", "ANC": "2A", "SMD": "2A03", "OBJECTID": 545215, "GLOBALID": "{5CDA6F39-41EF-36F1-E063-792F520A9410}"}}, {"type": "Feature", "id": 545216, "geometry": {"type": "Point", "coordinates": [-76.95748827531776, 38.89668226020067]}, "properties": {"ENFORCEMENT_SPACE_CODE": "ATE 0804", "SITE_CODE": 2707, "ENFORCEMENT_TYPE": "Red Light", "LOCATION_DESCRIPTION": "Benning Rd e/b @ 34 St NE", "SPEED_LIMIT": 35, "DEVICE_MOBILITY": null, "CAMERA_STATUS": "Live", "ACTIVE_STATUS": "Active", "CAMERA_LATITUDE": 38.89667, "CAMERA_LONGITUDE": -76.95748999999999, "CAMERA_EASTING": 403688, "CAMERA_NORTHING": 136537, "WARD": "7", "ANC": "7D", "SMD": "7D03", "OBJECTID": 545216, "GLOBALID": "{5CDA6F39-41F0-36F1-E063-792F520A9410}"}}, {"type": "Feature", "id": 545217, "geometry": {"type": "Point", "coordinates": [-77.01868569905284, 38.92954191215545]}, "properties": {"ENFORCEMENT_SPACE_CODE": "ATE 0806", "SITE_CODE": 2104, "ENFORCEMENT_TYPE": "Red Light", "LOCATION_DESCRIPTION": "Park Pl s/b @ Irving St NW", "SPEED_LIMIT": 25, "DEVICE_MOBILITY": null, "CAMERA_STATUS": "Live", "ACTIVE_STATUS": "Active", "CAMERA_LATITUDE": 38.92953, "CAMERA_LONGITUDE": -77.01868, "CAMERA_EASTING": 398380, "CAMERA_NORTHING": 140184, "WARD": "1", "ANC": "1E", "SMD": "1E04", "OBJECTID": 545217, "GLOBALID": "{5CDA6F39-41F1-36F1-E063-792F520A9410}"}}, {"type": "Feature", "id": 545218, "geometry": {"type": "Point", "coordinates": [-76.9298514141288, 38.890101829791185]}, "properties": {"ENFORCEMENT_SPACE_CODE": "ATE 0808", "SITE_CODE": 1722, "ENFORCEMENT_TYPE": "Speed", "LOCATION_DESCRIPTION": "5000 blk E Capitol St NE w/b", "SPEED_LIMIT": 30, "DEVICE_MOBILITY": null, "CAMERA_STATUS": "Live", "ACTIVE_STATUS": "Active", "CAMERA_LATITUDE": 38.89009, "CAMERA_LONGITUDE": -76.92985, "CAMERA_EASTING": 406086, "CAMERA_NORTHING": 135808, "WARD": "7", "ANC": "7C", "SMD": "7C03", "OBJECTID": 545218, "GLOBALID": "{5CDA6F39-41F2-36F1-E063-792F520A9410}"}}, {"type": "Feature", "id": 545219, "geometry": {"type": "Point", "coordinates": [-77.0056986600795, 38.918120716083145]}, "properties": {"ENFORCEMENT_SPACE_CODE": "ATE 0809", "SITE_CODE": 1550, "ENFORCEMENT_TYPE": "Speed", "LOCATION_DESCRIPTION": "100 blk Rhode Island Ave NE ne/b", "SPEED_LIMIT": 30, "DEVICE_MOBILITY": null, "CAMERA_STATUS": "Live", "ACTIVE_STATUS": "Active", "CAMERA_LATITUDE": 38.91811, "CAMERA_LONGITUDE": -77.0057, "CAMERA_EASTING": 399506, "CAMERA_NORTHING": 138916, "WARD": "5", "ANC": "5F", "SMD": "5F04", "OBJECTID": 545219, "GLOBALID": "{5CDA6F39-41F3-36F1-E063-792F520A9410}"}}, {"type": "Feature", "id": 545220, "geometry": {"type": "Point", "coordinates": [-76.99519776877735, 38.85924199797405]}, "properties": {"ENFORCEMENT_SPACE_CODE": "ATE 0815", "SITE_CODE": 1830, "ENFORCEMENT_TYPE": "Speed", "LOCATION_DESCRIPTION": "2600 BLK MLK JR AVE SE S/B", "SPEED_LIMIT": 25, "DEVICE_MOBILITY": null, "CAMERA_STATUS": "Live", "ACTIVE_STATUS": "Active", "CAMERA_LATITUDE": 38.85923, "CAMERA_LONGITUDE": -76.99519, "CAMERA_EASTING": 400417, "CAMERA_NORTHING": 132380, "WARD": "8", "ANC": "8C", "SMD": "8C01", "OBJECTID": 545220, "GLOBALID": "{5CDA6F39-41F4-36F1-E063-792F520A9410}"}}, {"type": "Feature", "id": 545221, "geometry": {"type": "Point", "coordinates": [-76.99595844040726, 38.85490897336978]}, "properties": {"ENFORCEMENT_SPACE_CODE": "ATE 0816", "SITE_CODE": 1831, "ENFORCEMENT_TYPE": "Speed", "LOCATION_DESCRIPTION": "2700 BLK MLK JR AVE SE N/B", "SPEED_LIMIT": 25, "DEVICE_MOBILITY": null, "CAMERA_STATUS": "Live", "ACTIVE_STATUS": "Active", "CAMERA_LATITUDE": 38.8549, "CAMERA_LONGITUDE": -76.99596, "CAMERA_EASTING": 400351, "CAMERA_NORTHING": 131899, "WARD": "8", "ANC": "8C", "SMD": "8C01", "OBJECTID": 545221, "GLOBALID": "{5CDA6F39-41F5-36F1-E063-792F520A9410}"}}, {"type": "Feature", "id": 545222, "geometry": {"type": "Point", "coordinates": [-77.00803023428182, 38.83604508483879]}, "properties": {"ENFORCEMENT_SPACE_CODE": "ATE 0817", "SITE_CODE": 2805, "ENFORCEMENT_TYPE": "Red Light", "LOCATION_DESCRIPTION": "S Capitol St SW/B @ MLK Jr Ave SE", "SPEED_LIMIT": 35, "DEVICE_MOBILITY": null, "CAMERA_STATUS": "Live", "ACTIVE_STATUS": "Active", "CAMERA_LATITUDE": 38.83604, "CAMERA_LONGITUDE": -77.00802999999999, "CAMERA_EASTING": 399303, "CAMERA_NORTHING": 129805, "WARD": "8", "ANC": "8D", "SMD": "8D01", "OBJECTID": 545222, "GLOBALID": "{5CDA6F39-41F6-36F1-E063-792F520A9410}"}}, {"type": "Feature", "id": 545223, "geometry": {"type": "Point", "coordinates": [-76.9901265974588, 38.87125890461471]}, "properties": {"ENFORCEMENT_SPACE_CODE": "ATE 0826", "SITE_CODE": 1832, "ENFORCEMENT_TYPE": "Speed", "LOCATION_DESCRIPTION": "5100 blk 11Th St SE se/b", "SPEED_LIMIT": 25, "DEVICE_MOBILITY": null, "CAMERA_STATUS": "Live", "ACTIVE_STATUS": "Active", "CAMERA_LATITUDE": 38.871249999999996, "CAMERA_LONGITUDE": -76.99013, "CAMERA_EASTING": 400857, "CAMERA_NORTHING": 133714, "WARD": "8", "ANC": "8A", "SMD": "8A02", "OBJECTID": 545223, "GLOBALID": "{5CDA6F39-41F7-36F1-E063-792F520A9410}"}}, {"type": "Feature", "id": 545224, "geometry": {"type": "Point", "coordinates": [-77.01527866175262, 38.90709364805223]}, "properties": {"ENFORCEMENT_SPACE_CODE": "ATE 0836", "SITE_CODE": 1215, "ENFORCEMENT_TYPE": "Speed", "LOCATION_DESCRIPTION": "1200 blk New Jersey Ave NW s/b", "SPEED_LIMIT": 25, "DEVICE_MOBILITY": null, "CAMERA_STATUS": "Live", "ACTIVE_STATUS": "Active", "CAMERA_LATITUDE": 38.90709, "CAMERA_LONGITUDE": -77.01527999999999, "CAMERA_EASTING": 398675, "CAMERA_NORTHING": 137692, "WARD": "2", "ANC": "2G", "SMD": "2G06", "OBJECTID": 545224, "GLOBALID": "{5CDA6F39-41F8-36F1-E063-792F520A9410}"}}, {"type": "Feature", "id": 545225, "geometry": {"type": "Point", "coordinates": [-76.94371298193762, 38.88174054247544]}, "properties": {"ENFORCEMENT_SPACE_CODE": "ATE 0285", "SITE_CODE": 1754, "ENFORCEMENT_TYPE": "Speed", "LOCATION_DESCRIPTION": "4300 BLK TEXAS AVE SE S/B", "SPEED_LIMIT": 20, "DEVICE_MOBILITY": null, "CAMERA_STATUS": "Live", "ACTIVE_STATUS": "Active", "CAMERA_LATITUDE": 38.88173, "CAMERA_LONGITUDE": -76.94371, "CAMERA_EASTING": 404884, "CAMERA_NORTHING": 134879, "WARD": "7", "ANC": "7E", "SMD": "7E01", "OBJECTID": 545225, "GLOBALID": "{5CDA6F39-41F9-36F1-E063-792F520A9410}"}}, {"type": "Feature", "id": 545226, "geometry": {"type": "Point", "coordinates": [-76.98819316527711, 38.92566022638202]}, "properties": {"ENFORCEMENT_SPACE_CODE": "ATE 0876", "SITE_CODE": 7506, "ENFORCEMENT_TYPE": "Truck Restriction", "LOCATION_DESCRIPTION": "1300 blk Franklin St NE e/b", "SPEED_LIMIT": 25, "DEVICE_MOBILITY": null, "CAMERA_STATUS": "Warning", "ACTIVE_STATUS": "Active", "CAMERA_LATITUDE": 38.92565, "CAMERA_LONGITUDE": -76.98819, "CAMERA_EASTING": 401024, "CAMERA_NORTHING": 139753, "WARD": "5", "ANC": "5B", "SMD": "5B03", "OBJECTID": 545226, "GLOBALID": "{5CDA6F39-41FA-36F1-E063-792F520A9410}"}}, {"type": "Feature", "id": 545227, "geometry": {"type": "Point", "coordinates": [-77.02196865155042, 38.916740514887614]}, "properties": {"ENFORCEMENT_SPACE_CODE": "ATE 0877", "SITE_CODE": 2106, "ENFORCEMENT_TYPE": "Red Light", "LOCATION_DESCRIPTION": "Georgia Ave s/b @ Florida Ave NW", "SPEED_LIMIT": 25, "DEVICE_MOBILITY": null, "CAMERA_STATUS": "Configuration", "ACTIVE_STATUS": "Active", "CAMERA_LATITUDE": 38.91673, "CAMERA_LONGITUDE": -77.02197, "CAMERA_EASTING": 398095, "CAMERA_NORTHING": 138763, "WARD": "1", "ANC": "1B", "SMD": "1B01", "OBJECTID": 545227, "GLOBALID": "{5CDA6F39-41FB-36F1-E063-792F520A9410}"}}, {"type": "Feature", "id": 545228, "geometry": {"type": "Point", "coordinates": [-77.03605297703112, 38.926817333811634]}, "properties": {"ENFORCEMENT_SPACE_CODE": "ATE 0878", "SITE_CODE": 2107, "ENFORCEMENT_TYPE": "Red Light", "LOCATION_DESCRIPTION": "Columbia Rd w/b @ 16th St NW", "SPEED_LIMIT": 25, "DEVICE_MOBILITY": null, "CAMERA_STATUS": "Configuration", "ACTIVE_STATUS": "Active", "CAMERA_LATITUDE": 38.926809999999996, "CAMERA_LONGITUDE": -77.03605, "CAMERA_EASTING": 396874, "CAMERA_NORTHING": 139882, "WARD": "1", "ANC": "1A", "SMD": "1A01", "OBJECTID": 545228, "GLOBALID": "{5CDA6F39-41FC-36F1-E063-792F520A9410}"}}, {"type": "Feature", "id": 545229, "geometry": {"type": "Point", "coordinates": [-76.97706711335267, 38.91738893037514]}, "properties": {"ENFORCEMENT_SPACE_CODE": "ATE 0879", "SITE_CODE": 2514, "ENFORCEMENT_TYPE": "Red Light", "LOCATION_DESCRIPTION": "New York Ave w/b @ Montana Ave NE", "SPEED_LIMIT": 35, "DEVICE_MOBILITY": null, "CAMERA_STATUS": "Configuration", "ACTIVE_STATUS": "Active", "CAMERA_LATITUDE": 38.91738, "CAMERA_LONGITUDE": -76.97706, "CAMERA_EASTING": 401989, "CAMERA_NORTHING": 138835, "WARD": "5", "ANC": "5C", "SMD": "5C04", "OBJECTID": 545229, "GLOBALID": "{5CDA6F39-41FD-36F1-E063-792F520A9410}"}}, {"type": "Feature", "id": 545230, "geometry": {"type": "Point", "coordinates": [-76.98015162007678, 38.896805417637395]}, "properties": {"ENFORCEMENT_SPACE_CODE": "ATE 0880", "SITE_CODE": 7701, "ENFORCEMENT_TYPE": "Truck Restriction", "LOCATION_DESCRIPTION": "500 blk 17th St NE s/b", "SPEED_LIMIT": 20, "DEVICE_MOBILITY": null, "CAMERA_STATUS": "Configuration", "ACTIVE_STATUS": "Active", "CAMERA_LATITUDE": 38.8968, "CAMERA_LONGITUDE": -76.98015, "CAMERA_EASTING": 401722, "CAMERA_NORTHING": 136550, "WARD": "7", "ANC": "7D", "SMD": "7D06", "OBJECTID": 545230, "GLOBALID": "{5CDA6F39-41FE-36F1-E063-792F520A9410}"}}, {"type": "Feature", "id": 545231, "geometry": {"type": "Point", "coordinates": [-76.98543989676854, 38.85466490797047]}, "properties": {"ENFORCEMENT_SPACE_CODE": "ATE 0881", "SITE_CODE": 3812, "ENFORCEMENT_TYPE": "Stop Sign", "LOCATION_DESCRIPTION": "Elvans Rd w/b @ Stanton Rd SE", "SPEED_LIMIT": 20, "DEVICE_MOBILITY": null, "CAMERA_STATUS": "Configuration", "ACTIVE_STATUS": "Active", "CAMERA_LATITUDE": 38.854659999999996, "CAMERA_LONGITUDE": -76.98544, "CAMERA_EASTING": 401264, "CAMERA_NORTHING": 131872, "WARD": "8", "ANC": "8B", "SMD": "8B04", "OBJECTID": 545231, "GLOBALID": "{5CDA6F39-41FF-36F1-E063-792F520A9410}"}}, {"type": "Feature", "id": 545232, "geometry": {"type": "Point", "coordinates": [-77.06271840827331, 38.90311413648364]}, "properties": {"ENFORCEMENT_SPACE_CODE": "ATE 0882", "SITE_CODE": 3204, "ENFORCEMENT_TYPE": "Stop Sign", "LOCATION_DESCRIPTION": "Wisconsin Ave s/b @ Water St NW", "SPEED_LIMIT": 25, "DEVICE_MOBILITY": null, "CAMERA_STATUS": "Configuration", "ACTIVE_STATUS": "Active", "CAMERA_LATITUDE": 38.90311, "CAMERA_LONGITUDE": -77.06272, "CAMERA_EASTING": 394560, "CAMERA_NORTHING": 137252, "WARD": "2", "ANC": "2E", "SMD": "2E05", "OBJECTID": 545232, "GLOBALID": "{5CDA6F39-4200-36F1-E063-792F520A9410}"}}, {"type": "Feature", "id": 545233, "geometry": {"type": "Point", "coordinates": [-77.0320823090412, 38.9190893501424]}, "properties": {"ENFORCEMENT_SPACE_CODE": "ATE 0883", "SITE_CODE": 1130, "ENFORCEMENT_TYPE": "Speed", "LOCATION_DESCRIPTION": "2000 blk 14th St NW s/b", "SPEED_LIMIT": 25, "DEVICE_MOBILITY": null, "CAMERA_STATUS": "Warning", "ACTIVE_STATUS": "Active", "CAMERA_LATITUDE": 38.91908, "CAMERA_LONGITUDE": -77.03208, "CAMERA_EASTING": 397218, "CAMERA_NORTHING": 139024, "WARD": "1", "ANC": "1B", "SMD": "1B04", "OBJECTID": 545233, "GLOBALID": "{5CDA6F39-4201-36F1-E063-792F520A9410}"}}, {"type": "Feature", "id": 545234, "geometry": {"type": "Point", "coordinates": [-77.02215211896743, 38.913434420971655]}, "properties": {"ENFORCEMENT_SPACE_CODE": "ATE 0884", "SITE_CODE": 1218, "ENFORCEMENT_TYPE": "Speed", "LOCATION_DESCRIPTION": "1700 blk 7th St NW s/b", "SPEED_LIMIT": 25, "DEVICE_MOBILITY": null, "CAMERA_STATUS": "Configuration", "ACTIVE_STATUS": "Active", "CAMERA_LATITUDE": 38.91343, "CAMERA_LONGITUDE": -77.02208999999999, "CAMERA_EASTING": 398084, "CAMERA_NORTHING": 138396, "WARD": "2", "ANC": "2G", "SMD": "2G01", "OBJECTID": 545234, "GLOBALID": "{5CDA6F39-4202-36F1-E063-792F520A9410}"}}, {"type": "Feature", "id": 545235, "geometry": {"type": "Point", "coordinates": [-77.02203681530399, 38.913434442776484]}, "properties": {"ENFORCEMENT_SPACE_CODE": "ATE 0885", "SITE_CODE": 1131, "ENFORCEMENT_TYPE": "Speed", "LOCATION_DESCRIPTION": "1300 blk U St NW w/b", "SPEED_LIMIT": 25, "DEVICE_MOBILITY": null, "CAMERA_STATUS": "Configuration", "ACTIVE_STATUS": "Active", "CAMERA_LATITUDE": 38.91343, "CAMERA_LONGITUDE": -77.02208999999999, "CAMERA_EASTING": 398084, "CAMERA_NORTHING": 138396, "WARD": "2", "ANC": "2G", "SMD": "2G01", "OBJECTID": 545235, "GLOBALID": "{5CDA6F39-4203-36F1-E063-792F520A9410}"}}, {"type": "Feature", "id": 545236, "geometry": {"type": "Point", "coordinates": [-77.01097716766095, 38.90027480718109]}, "properties": {"ENFORCEMENT_SPACE_CODE": "ATE 0886", "SITE_CODE": 1620, "ENFORCEMENT_TYPE": "Speed", "LOCATION_DESCRIPTION": "Unit blk H St NW e/b", "SPEED_LIMIT": 25, "DEVICE_MOBILITY": null, "CAMERA_STATUS": "Test", "ACTIVE_STATUS": "Active", "CAMERA_LATITUDE": 38.90027, "CAMERA_LONGITUDE": -77.01098, "CAMERA_EASTING": 399048, "CAMERA_NORTHING": 136935, "WARD": "6", "ANC": "6E", "SMD": "6E07", "OBJECTID": 545236, "GLOBALID": "{5CDA6F39-4204-36F1-E063-792F520A9410}"}}, {"type": "Feature", "id": 545237, "geometry": {"type": "Point", "coordinates": [-76.97905575014076, 38.89932756814027]}, "properties": {"ENFORCEMENT_SPACE_CODE": "ATE 0887", "SITE_CODE": 1769, "ENFORCEMENT_TYPE": "Speed", "LOCATION_DESCRIPTION": "1700 blk Benning Rd NE e/b", "SPEED_LIMIT": 30, "DEVICE_MOBILITY": null, "CAMERA_STATUS": "Test", "ACTIVE_STATUS": "Active", "CAMERA_LATITUDE": 38.899319999999996, "CAMERA_LONGITUDE": -76.97905, "CAMERA_EASTING": 401817, "CAMERA_NORTHING": 136830, "WARD": "5", "ANC": "5D", "SMD": "5D07", "OBJECTID": 545237, "GLOBALID": "{5CDA6F39-4205-36F1-E063-792F520A9410}"}}, {"type": "Feature", "id": 545238, "geometry": {"type": "Point", "coordinates": [-76.95058564826822, 38.89315727185253]}, "properties": {"ENFORCEMENT_SPACE_CODE": "ATE 0888", "SITE_CODE": 1770, "ENFORCEMENT_TYPE": "Speed", "LOCATION_DESCRIPTION": "3900 blk Minnesota Ave NE n/b", "SPEED_LIMIT": 25, "DEVICE_MOBILITY": null, "CAMERA_STATUS": "Configuration", "ACTIVE_STATUS": "Active", "CAMERA_LATITUDE": 38.89315, "CAMERA_LONGITUDE": -76.95058, "CAMERA_EASTING": 404287, "CAMERA_NORTHING": 136146, "WARD": "7", "ANC": "7F", "SMD": "7F01", "OBJECTID": 545238, "GLOBALID": "{5CDA6F39-4206-36F1-E063-792F520A9410}"}}, {"type": "Feature", "id": 545239, "geometry": {"type": "Point", "coordinates": [-77.02745745739244, 38.91699158728515]}, "properties": {"ENFORCEMENT_SPACE_CODE": "ATE 0889", "SITE_CODE": 1132, "ENFORCEMENT_TYPE": "Speed", "LOCATION_DESCRIPTION": "1100 blk U St NW w/b", "SPEED_LIMIT": 25, "DEVICE_MOBILITY": null, "CAMERA_STATUS": "Test", "ACTIVE_STATUS": "Active", "CAMERA_LATITUDE": 38.916979999999995, "CAMERA_LONGITUDE": -77.02745, "CAMERA_EASTING": 397619, "CAMERA_NORTHING": 138791, "WARD": "1", "ANC": "1B", "SMD": "1B08", "OBJECTID": 545239, "GLOBALID": "{5CDA6F39-4207-36F1-E063-792F520A9410}"}}, {"type": "Feature", "id": 545240, "geometry": {"type": "Point", "coordinates": [-77.0050984417965, 38.909733981553266]}, "properties": {"ENFORCEMENT_SPACE_CODE": "ATE 0890", "SITE_CODE": 2515, "ENFORCEMENT_TYPE": "Red Light", "LOCATION_DESCRIPTION": "Eckington Pl s/b @ Florida Ave NE", "SPEED_LIMIT": 25, "DEVICE_MOBILITY": null, "CAMERA_STATUS": "Configuration", "ACTIVE_STATUS": "Active", "CAMERA_LATITUDE": 38.909729999999996, "CAMERA_LONGITUDE": -77.0051, "CAMERA_EASTING": 399558, "CAMERA_NORTHING": 137985, "WARD": "5", "ANC": "5F", "SMD": "5F06", "OBJECTID": 545240, "GLOBALID": "{5CDA6F39-4208-36F1-E063-792F520A9410}"}}, {"type": "Feature", "id": 545241, "geometry": {"type": "Point", "coordinates": [-77.0004634595837, 38.90739192189646]}, "properties": {"ENFORCEMENT_SPACE_CODE": "ATE 0862", "SITE_CODE": 7603, "ENFORCEMENT_TYPE": "Truck Restriction", "LOCATION_DESCRIPTION": "1200 blk 4th St NE s/b", "SPEED_LIMIT": 20, "DEVICE_MOBILITY": null, "CAMERA_STATUS": "Live", "ACTIVE_STATUS": "Active", "CAMERA_LATITUDE": 38.907379999999996, "CAMERA_LONGITUDE": -77.00045999999999, "CAMERA_EASTING": 399960, "CAMERA_NORTHING": 137725, "WARD": "5", "ANC": "5D", "SMD": "5D01", "OBJECTID": 545241, "GLOBALID": "{5CDA6F39-4209-36F1-E063-792F520A9410}"}}, {"type": "Feature", "id": 545242, "geometry": {"type": "Point", "coordinates": [-77.02236100160184, 38.91769532369023]}, "properties": {"ENFORCEMENT_SPACE_CODE": "ATE 0873", "SITE_CODE": 3102, "ENFORCEMENT_TYPE": "Stop Sign", "LOCATION_DESCRIPTION": "V St w/b @ 8th St NW", "SPEED_LIMIT": 25, "DEVICE_MOBILITY": null, "CAMERA_STATUS": "Live", "ACTIVE_STATUS": "Active", "CAMERA_LATITUDE": 38.91769, "CAMERA_LONGITUDE": -77.02235999999999, "CAMERA_EASTING": 398061, "CAMERA_NORTHING": 138869, "WARD": "1", "ANC": "1B", "SMD": "1B02", "OBJECTID": 545242, "GLOBALID": "{5CDA6F39-420A-36F1-E063-792F520A9410}"}}, {"type": "Feature", "id": 545243, "geometry": {"type": "Point", "coordinates": [-77.02179316627496, 38.908488908338185]}, "properties": {"ENFORCEMENT_SPACE_CODE": "ATE 0891", "SITE_CODE": 1219, "ENFORCEMENT_TYPE": "Speed", "LOCATION_DESCRIPTION": "1400 blk 7th St NW n/b", "SPEED_LIMIT": 25, "DEVICE_MOBILITY": null, "CAMERA_STATUS": "Configuration", "ACTIVE_STATUS": "Active", "CAMERA_LATITUDE": 38.90848, "CAMERA_LONGITUDE": -77.02179, "CAMERA_EASTING": 398110, "CAMERA_NORTHING": 137847, "WARD": "2", "ANC": "2G", "SMD": "2G05", "OBJECTID": 545243, "GLOBALID": "{5CDA6F39-420B-36F1-E063-792F520A9410}"}}, {"type": "Feature", "id": 545244, "geometry": {"type": "Point", "coordinates": [-76.95466969450788, 38.887717868502214]}, "properties": {"ENFORCEMENT_SPACE_CODE": "ATE 0892", "SITE_CODE": 1766, "ENFORCEMENT_TYPE": "Speed", "LOCATION_DESCRIPTION": "3500 blk Minnesota Ave SE sw/b", "SPEED_LIMIT": 25, "DEVICE_MOBILITY": null, "CAMERA_STATUS": "Configuration", "ACTIVE_STATUS": "Active", "CAMERA_LATITUDE": 38.88771, "CAMERA_LONGITUDE": -76.95467, "CAMERA_EASTING": 403933, "CAMERA_NORTHING": 135542, "WARD": "7", "ANC": "7F", "SMD": "7F07", "OBJECTID": 545244, "GLOBALID": "{5CDA6F39-420C-36F1-E063-792F520A9410}"}}, {"type": "Feature", "id": 545245, "geometry": {"type": "Point", "coordinates": [-76.96988671848459, 38.8546619325695]}, "properties": {"ENFORCEMENT_SPACE_CODE": "ATE 0893", "SITE_CODE": 1835, "ENFORCEMENT_TYPE": "Speed", "LOCATION_DESCRIPTION": "2400 blk Alabama Ave SE n/b", "SPEED_LIMIT": 25, "DEVICE_MOBILITY": null, "CAMERA_STATUS": "Configuration", "ACTIVE_STATUS": "Active", "CAMERA_LATITUDE": 38.85465, "CAMERA_LONGITUDE": -76.96988999999999, "CAMERA_EASTING": 402614, "CAMERA_NORTHING": 131872, "WARD": "8", "ANC": "8B", "SMD": "8B02", "OBJECTID": 545245, "GLOBALID": "{5CDA6F39-420D-36F1-E063-792F520A9410}"}}, {"type": "Feature", "id": 545246, "geometry": {"type": "Point", "coordinates": [-76.98805898319205, 38.83165763006014]}, "properties": {"ENFORCEMENT_SPACE_CODE": "ATE 0894", "SITE_CODE": 1836, "ENFORCEMENT_TYPE": "Speed", "LOCATION_DESCRIPTION": "900 blk Southern Ave SE sw/b", "SPEED_LIMIT": 30, "DEVICE_MOBILITY": null, "CAMERA_STATUS": "Configuration", "ACTIVE_STATUS": "Active", "CAMERA_LATITUDE": 38.831649999999996, "CAMERA_LONGITUDE": -76.98805999999999, "CAMERA_EASTING": 401037, "CAMERA_NORTHING": 129318, "WARD": "8", "ANC": "8E", "SMD": "8E06", "OBJECTID": 545246, "GLOBALID": "{5CDA6F39-420E-36F1-E063-792F520A9410}"}}, {"type": "Feature", "id": 545247, "geometry": {"type": "Point", "coordinates": [-77.11031083278907, 38.93418467730268]}, "properties": {"ENFORCEMENT_SPACE_CODE": "ATE 0343", "SITE_CODE": 1306, "ENFORCEMENT_TYPE": "Speed", "LOCATION_DESCRIPTION": "5700 BLK MACARTHUR BLVD NW N/B", "SPEED_LIMIT": 25, "DEVICE_MOBILITY": null, "CAMERA_STATUS": "Live", "ACTIVE_STATUS": "Active", "CAMERA_LATITUDE": 38.93418, "CAMERA_LONGITUDE": -77.11031, "CAMERA_EASTING": 390436, "CAMERA_NORTHING": 140705, "WARD": "3", "ANC": "3D", "SMD": "3D03", "OBJECTID": 545247, "GLOBALID": "{5CDA6F39-420F-36F1-E063-792F520A9410}"}}, {"type": "Feature", "id": 545248, "geometry": {"type": "Point", "coordinates": [-77.10360051446933, 38.93577628013513]}, "properties": {"ENFORCEMENT_SPACE_CODE": "ATE 0329", "SITE_CODE": 1203, "ENFORCEMENT_TYPE": "Speed", "LOCATION_DESCRIPTION": "5100 BLK LOUGHBORO RD NW W/B", "SPEED_LIMIT": 20, "DEVICE_MOBILITY": null, "CAMERA_STATUS": "Live", "ACTIVE_STATUS": "Active", "CAMERA_LATITUDE": 38.93577, "CAMERA_LONGITUDE": -77.1036, "CAMERA_EASTING": 391018, "CAMERA_NORTHING": 140881, "WARD": "3", "ANC": "3D", "SMD": "3D03", "OBJECTID": 545248, "GLOBALID": "{5CDA6F39-4210-36F1-E063-792F520A9410}"}}, {"type": "Feature", "id": 545249, "geometry": {"type": "Point", "coordinates": [-77.09968295333638, 38.930383708759294]}, "properties": {"ENFORCEMENT_SPACE_CODE": "ATE 0186", "SITE_CODE": 1302, "ENFORCEMENT_TYPE": "Speed", "LOCATION_DESCRIPTION": "2900 BLK ARIZONA AVE NW S/B", "SPEED_LIMIT": 25, "DEVICE_MOBILITY": null, "CAMERA_STATUS": "Live", "ACTIVE_STATUS": "Active", "CAMERA_LATITUDE": 38.930369999999996, "CAMERA_LONGITUDE": -77.09967999999999, "CAMERA_EASTING": 391357, "CAMERA_NORTHING": 140282, "WARD": "3", "ANC": "3D", "SMD": "3D02", "OBJECTID": 545249, "GLOBALID": "{5CDA6F39-4211-36F1-E063-792F520A9410}"}}, {"type": "Feature", "id": 545250, "geometry": {"type": "Point", "coordinates": [-77.0905858591377, 38.91422116505114]}, "properties": {"ENFORCEMENT_SPACE_CODE": "ATE 0304", "SITE_CODE": 1303, "ENFORCEMENT_TYPE": "Speed", "LOCATION_DESCRIPTION": "4700 BLK RESERVOIR RD NW SE/B", "SPEED_LIMIT": 25, "DEVICE_MOBILITY": null, "CAMERA_STATUS": "Live", "ACTIVE_STATUS": "Active", "CAMERA_LATITUDE": 38.91421, "CAMERA_LONGITUDE": -77.09058, "CAMERA_EASTING": 392144, "CAMERA_NORTHING": 138487, "WARD": "3", "ANC": "3D", "SMD": "3D06", "OBJECTID": 545250, "GLOBALID": "{5CDA6F39-4212-36F1-E063-792F520A9410}"}}, {"type": "Feature", "id": 545251, "geometry": {"type": "Point", "coordinates": [-77.08423024193495, 38.96107809393934]}, "properties": {"ENFORCEMENT_SPACE_CODE": "ATE 0801", "SITE_CODE": 3303, "ENFORCEMENT_TYPE": "Stop Sign", "LOCATION_DESCRIPTION": "MILITARY RD E/B @ 43rd ST NW", "SPEED_LIMIT": 25, "DEVICE_MOBILITY": null, "CAMERA_STATUS": "Live", "ACTIVE_STATUS": "Active", "CAMERA_LATITUDE": 38.96107, "CAMERA_LONGITUDE": -77.08422, "CAMERA_EASTING": 392700, "CAMERA_NORTHING": 143688, "WARD": "3", "ANC": "3E", "SMD": "3E04", "OBJECTID": 545251, "GLOBALID": "{5CDA6F39-4213-36F1-E063-792F520A9410}"}}, {"type": "Feature", "id": 545252, "geometry": {"type": "Point", "coordinates": [-77.08019025897418, 38.94935216636224]}, "properties": {"ENFORCEMENT_SPACE_CODE": "ATE 0703", "SITE_CODE": 2302, "ENFORCEMENT_TYPE": "Red Light", "LOCATION_DESCRIPTION": "WISCONSIN AVE N/B @ BRANDYWINE NW", "SPEED_LIMIT": 30, "DEVICE_MOBILITY": null, "CAMERA_STATUS": "Live", "ACTIVE_STATUS": "Active", "CAMERA_LATITUDE": 38.949349999999995, "CAMERA_LONGITUDE": -77.08019, "CAMERA_EASTING": 393049, "CAMERA_NORTHING": 142386, "WARD": "3", "ANC": "3E", "SMD": "3E03", "OBJECTID": 545252, "GLOBALID": "{5CDA6F39-4214-36F1-E063-792F520A9410}"}}, {"type": "Feature", "id": 545253, "geometry": {"type": "Point", "coordinates": [-77.07328921142546, 38.924565850449135]}, "properties": {"ENFORCEMENT_SPACE_CODE": "ATE 0176", "SITE_CODE": 1301, "ENFORCEMENT_TYPE": "Speed", "LOCATION_DESCRIPTION": "2600 BLK WISCONSIN AVE NW S/B", "SPEED_LIMIT": 25, "DEVICE_MOBILITY": null, "CAMERA_STATUS": "Live", "ACTIVE_STATUS": "Active", "CAMERA_LATITUDE": 38.92456, "CAMERA_LONGITUDE": -77.07329, "CAMERA_EASTING": 393645, "CAMERA_NORTHING": 139634, "WARD": "3", "ANC": "3B", "SMD": "3B01", "OBJECTID": 545253, "GLOBALID": "{5CDA6F39-4215-36F1-E063-792F520A9410}"}}, {"type": "Feature", "id": 545254, "geometry": {"type": "Point", "coordinates": [-77.07316157202047, 38.92380022294206]}, "properties": {"ENFORCEMENT_SPACE_CODE": "ATE 0175", "SITE_CODE": 1305, "ENFORCEMENT_TYPE": "Speed", "LOCATION_DESCRIPTION": "2600 BLK WISCONSIN AVE NW N/B", "SPEED_LIMIT": 25, "DEVICE_MOBILITY": null, "CAMERA_STATUS": "Live", "ACTIVE_STATUS": "Active", "CAMERA_LATITUDE": 38.92379, "CAMERA_LONGITUDE": -77.07316, "CAMERA_EASTING": 393656, "CAMERA_NORTHING": 139549, "WARD": "3", "ANC": "3B", "SMD": "3B01", "OBJECTID": 545254, "GLOBALID": "{5CDA6F39-4216-36F1-E063-792F520A9410}"}}, {"type": "Feature", "id": 545255, "geometry": {"type": "Point", "coordinates": [-77.07316705318209, 38.92914215298057]}, "properties": {"ENFORCEMENT_SPACE_CODE": "ATE 0807", "SITE_CODE": 1320, "ENFORCEMENT_TYPE": "Speed", "LOCATION_DESCRIPTION": "3000 blk Wisconsin Ave NW n/b", "SPEED_LIMIT": 25, "DEVICE_MOBILITY": null, "CAMERA_STATUS": "Live", "ACTIVE_STATUS": "Active", "CAMERA_LATITUDE": 38.92913, "CAMERA_LONGITUDE": -77.07316999999999, "CAMERA_EASTING": 393656, "CAMERA_NORTHING": 140142, "WARD": "3", "ANC": "3A", "SMD": "3A02", "OBJECTID": 545255, "GLOBALID": "{5CDA6F39-4217-36F1-E063-792F520A9410}"}}, {"type": "Feature", "id": 545256, "geometry": {"type": "Point", "coordinates": [-77.07300333007046, 38.960725312355635]}, "properties": {"ENFORCEMENT_SPACE_CODE": "ATE 0599", "SITE_CODE": 2310, "ENFORCEMENT_TYPE": "Red Light", "LOCATION_DESCRIPTION": "CONNECTICUT AVE N/B @ MILITARY NW", "SPEED_LIMIT": 30, "DEVICE_MOBILITY": null, "CAMERA_STATUS": "Live", "ACTIVE_STATUS": "Active", "CAMERA_LATITUDE": 38.960719999999995, "CAMERA_LONGITUDE": -77.07300000000001, "CAMERA_EASTING": 393673, "CAMERA_NORTHING": 143648, "WARD": "3", "ANC": "3/4G", "SMD": "3/4G07", "OBJECTID": 545256, "GLOBALID": "{5CDA6F39-4218-36F1-E063-792F520A9410}"}}, {"type": "Feature", "id": 545257, "geometry": {"type": "Point", "coordinates": [-77.07275082799498, 38.91681902376623]}, "properties": {"ENFORCEMENT_SPACE_CODE": "ATE 0244", "SITE_CODE": 3201, "ENFORCEMENT_TYPE": "Stop Sign", "LOCATION_DESCRIPTION": "37TH ST S/B @ WHITEHAVEN PKWY NW", "SPEED_LIMIT": 25, "DEVICE_MOBILITY": null, "CAMERA_STATUS": "Live", "ACTIVE_STATUS": "Active", "CAMERA_LATITUDE": 38.91681, "CAMERA_LONGITUDE": -77.07275, "CAMERA_EASTING": 393691, "CAMERA_NORTHING": 138774, "WARD": "3", "ANC": "3B", "SMD": "3B02", "OBJECTID": 545257, "GLOBALID": "{5CDA6F39-4219-36F1-E063-792F520A9410}"}}, {"type": "Feature", "id": 545258, "geometry": {"type": "Point", "coordinates": [-77.07264071234846, 38.92191780783254]}, "properties": {"ENFORCEMENT_SPACE_CODE": "ATE 0159", "SITE_CODE": 1314, "ENFORCEMENT_TYPE": "Speed", "LOCATION_DESCRIPTION": "2400 BLK WISCONSIN AVE NW S/B", "SPEED_LIMIT": 25, "DEVICE_MOBILITY": "Fixed", "CAMERA_STATUS": "Live", "ACTIVE_STATUS": "Active", "CAMERA_LATITUDE": 38.92191, "CAMERA_LONGITUDE": -77.07263999999999, "CAMERA_EASTING": 393701, "CAMERA_NORTHING": 139340, "WARD": "3", "ANC": "3B", "SMD": "3B02", "OBJECTID": 545258, "GLOBALID": "{5CDA6F39-421A-36F1-E063-792F520A9410}"}}, {"type": "Feature", "id": 545259, "geometry": {"type": "Point", "coordinates": [-77.0725758621652, 38.948843669540224]}, "properties": {"ENFORCEMENT_SPACE_CODE": "ATE 0788", "SITE_CODE": 7301, "ENFORCEMENT_TYPE": "Truck Restriction", "LOCATION_DESCRIPTION": "4500 BLK RENO RD NW S/B", "SPEED_LIMIT": 25, "DEVICE_MOBILITY": null, "CAMERA_STATUS": "Live", "ACTIVE_STATUS": "Active", "CAMERA_LATITUDE": 38.94883, "CAMERA_LONGITUDE": -77.07257, "CAMERA_EASTING": 393709, "CAMERA_NORTHING": 142329, "WARD": "3", "ANC": "3E", "SMD": "3E05", "OBJECTID": 545259, "GLOBALID": "{5CDA6F39-421B-36F1-E063-792F520A9410}"}}, {"type": "Feature", "id": 545260, "geometry": {"type": "Point", "coordinates": [-77.07199421672046, 38.92120655003385]}, "properties": {"ENFORCEMENT_SPACE_CODE": "ATE 0158", "SITE_CODE": 1313, "ENFORCEMENT_TYPE": "Speed", "LOCATION_DESCRIPTION": "2400 BLK WISCONSIN AVE NW N/B", "SPEED_LIMIT": 25, "DEVICE_MOBILITY": "Fixed", "CAMERA_STATUS": "Live", "ACTIVE_STATUS": "Active", "CAMERA_LATITUDE": 38.9212, "CAMERA_LONGITUDE": -77.07199, "CAMERA_EASTING": 393757, "CAMERA_NORTHING": 139261, "WARD": "3", "ANC": "3B", "SMD": "3B02", "OBJECTID": 545260, "GLOBALID": "{5CDA6F39-421C-36F1-E063-792F520A9410}"}}, {"type": "Feature", "id": 545261, "geometry": {"type": "Point", "coordinates": [-77.07170475557632, 38.95444735482351]}, "properties": {"ENFORCEMENT_SPACE_CODE": "ATE 0608", "SITE_CODE": 2303, "ENFORCEMENT_TYPE": "Red Light", "LOCATION_DESCRIPTION": "NEBRASKA AVE NE/B @ FESSENDEN ST NW", "SPEED_LIMIT": 30, "DEVICE_MOBILITY": null, "CAMERA_STATUS": "Live", "ACTIVE_STATUS": "Active", "CAMERA_LATITUDE": 38.95444, "CAMERA_LONGITUDE": -77.07171, "CAMERA_EASTING": 393785, "CAMERA_NORTHING": 142951, "WARD": "3", "ANC": "3F", "SMD": "3F06", "OBJECTID": 545261, "GLOBALID": "{5CDA6F39-421D-36F1-E063-792F520A9410}"}}, {"type": "Feature", "id": 545262, "geometry": {"type": "Point", "coordinates": [-77.0712723595368, 38.971995700960036]}, "properties": {"ENFORCEMENT_SPACE_CODE": "ATE 0582", "SITE_CODE": 1422, "ENFORCEMENT_TYPE": "Speed", "LOCATION_DESCRIPTION": "6200 BLK WESTERN AVE NW NE/B", "SPEED_LIMIT": 25, "DEVICE_MOBILITY": null, "CAMERA_STATUS": "Live", "ACTIVE_STATUS": "Active", "CAMERA_LATITUDE": 38.97199, "CAMERA_LONGITUDE": -77.07127, "CAMERA_EASTING": 393824, "CAMERA_NORTHING": 144899, "WARD": "4", "ANC": "3/4G", "SMD": "3/4G04", "OBJECTID": 545262, "GLOBALID": "{5CDA6F39-421E-36F1-E063-792F520A9410}"}}, {"type": "Feature", "id": 545263, "geometry": {"type": "Point", "coordinates": [-77.07067980293837, 38.95630368246701]}, "properties": {"ENFORCEMENT_SPACE_CODE": "ATE 0406", "SITE_CODE": 2305, "ENFORCEMENT_TYPE": "Red Light", "LOCATION_DESCRIPTION": "CONNECTICUT AVE S/B @ NEBRASKA AVE NW", "SPEED_LIMIT": 30, "DEVICE_MOBILITY": null, "CAMERA_STATUS": "Live", "ACTIVE_STATUS": "Active", "CAMERA_LATITUDE": 38.956289999999996, "CAMERA_LONGITUDE": -77.07068, "CAMERA_EASTING": 393874, "CAMERA_NORTHING": 143157, "WARD": "3", "ANC": "3F", "SMD": "3F06", "OBJECTID": 545263, "GLOBALID": "{5CDA6F39-421F-36F1-E063-792F520A9410}"}}, {"type": "Feature", "id": 545264, "geometry": {"type": "Point", "coordinates": [-77.0698566290993, 38.905109941302136]}, "properties": {"ENFORCEMENT_SPACE_CODE": "ATE 0456", "SITE_CODE": 2208, "ENFORCEMENT_TYPE": "Red Light", "LOCATION_DESCRIPTION": "M ST W/B @ WHITEHURST FRWY NW", "SPEED_LIMIT": 25, "DEVICE_MOBILITY": null, "CAMERA_STATUS": "Live", "ACTIVE_STATUS": "Active", "CAMERA_LATITUDE": 38.905100000000004, "CAMERA_LONGITUDE": -77.06985, "CAMERA_EASTING": 393941, "CAMERA_NORTHING": 137474, "WARD": "2", "ANC": "2E", "SMD": "2E05", "OBJECTID": 545264, "GLOBALID": "{5CDA6F39-4220-36F1-E063-792F520A9410}"}}, {"type": "Feature", "id": 545265, "geometry": {"type": "Point", "coordinates": [-77.06890007215523, 38.95321490810606]}, "properties": {"ENFORCEMENT_SPACE_CODE": "ATE 0311", "SITE_CODE": 1311, "ENFORCEMENT_TYPE": "Speed", "LOCATION_DESCRIPTION": "4800 BLK CONNECTICUT AVE NW S/B", "SPEED_LIMIT": 25, "DEVICE_MOBILITY": "Portable", "CAMERA_STATUS": "Live", "ACTIVE_STATUS": "Active", "CAMERA_LATITUDE": 38.95321, "CAMERA_LONGITUDE": -77.0689, "CAMERA_EASTING": 394028, "CAMERA_NORTHING": 142814, "WARD": "3", "ANC": "3F", "SMD": "3F04", "OBJECTID": 545265, "GLOBALID": "{5CDA6F39-4221-36F1-E063-792F520A9410}"}}, {"type": "Feature", "id": 545266, "geometry": {"type": "Point", "coordinates": [-77.0674672325543, 38.95081053431217]}, "properties": {"ENFORCEMENT_SPACE_CODE": "ATE 0832", "SITE_CODE": 1323, "ENFORCEMENT_TYPE": "Speed", "LOCATION_DESCRIPTION": "4600 blk Connecticut Ave NW s/b", "SPEED_LIMIT": 25, "DEVICE_MOBILITY": null, "CAMERA_STATUS": "Live", "ACTIVE_STATUS": "Active", "CAMERA_LATITUDE": 38.9508, "CAMERA_LONGITUDE": -77.06746, "CAMERA_EASTING": 394152, "CAMERA_NORTHING": 142547, "WARD": "3", "ANC": "3F", "SMD": "3F01", "OBJECTID": 545266, "GLOBALID": "{5CDA6F39-4222-36F1-E063-792F520A9410}"}}, {"type": "Feature", "id": 545267, "geometry": {"type": "Point", "coordinates": [-77.06686662943599, 38.95005418404621]}, "properties": {"ENFORCEMENT_SPACE_CODE": "ATE 0831", "SITE_CODE": 1322, "ENFORCEMENT_TYPE": "Speed", "LOCATION_DESCRIPTION": "4600 blk Connecticut Ave NW n/b", "SPEED_LIMIT": 25, "DEVICE_MOBILITY": null, "CAMERA_STATUS": "Live", "ACTIVE_STATUS": "Active", "CAMERA_LATITUDE": 38.95005, "CAMERA_LONGITUDE": -77.06687, "CAMERA_EASTING": 394204, "CAMERA_NORTHING": 142463, "WARD": "3", "ANC": "3F", "SMD": "3F01", "OBJECTID": 545267, "GLOBALID": "{5CDA6F39-4223-36F1-E063-792F520A9410}"}}, {"type": "Feature", "id": 545268, "geometry": {"type": "Point", "coordinates": [-77.0667725239167, 38.960431764148346]}, "properties": {"ENFORCEMENT_SPACE_CODE": "ATE 0829", "SITE_CODE": 1321, "ENFORCEMENT_TYPE": "Speed", "LOCATION_DESCRIPTION": "5300 blk Nebraska\u00a0 Ave NW sw/b", "SPEED_LIMIT": 25, "DEVICE_MOBILITY": null, "CAMERA_STATUS": "Live", "ACTIVE_STATUS": "Active", "CAMERA_LATITUDE": 38.96042, "CAMERA_LONGITUDE": -77.06676999999999, "CAMERA_EASTING": 394213, "CAMERA_NORTHING": 143615, "WARD": "3", "ANC": "3F", "SMD": "3F06", "OBJECTID": 545268, "GLOBALID": "{5CDA6F39-4224-36F1-E063-792F520A9410}"}}, {"type": "Feature", "id": 545269, "geometry": {"type": "Point", "coordinates": [-77.06649768476954, 38.93792022915853]}, "properties": {"ENFORCEMENT_SPACE_CODE": "ATE 0522", "SITE_CODE": 1315, "ENFORCEMENT_TYPE": "Speed", "LOCATION_DESCRIPTION": "3600 BLK 34TH ST NW S/B", "SPEED_LIMIT": 25, "DEVICE_MOBILITY": "Fixed", "CAMERA_STATUS": "Live", "ACTIVE_STATUS": "Active", "CAMERA_LATITUDE": 38.937909999999995, "CAMERA_LONGITUDE": -77.06649, "CAMERA_EASTING": 394235, "CAMERA_NORTHING": 141116, "WARD": "3", "ANC": "3C", "SMD": "3C05", "OBJECTID": 545269, "GLOBALID": "{5CDA6F39-4225-36F1-E063-792F520A9410}"}}, {"type": "Feature", "id": 545270, "geometry": {"type": "Point", "coordinates": [-77.06228219775817, 38.90526736684094]}, "properties": {"ENFORCEMENT_SPACE_CODE": "ATE 0813", "SITE_CODE": 2210, "ENFORCEMENT_TYPE": "Red Light", "LOCATION_DESCRIPTION": "M St w/b @ Wisconsin Ave NW", "SPEED_LIMIT": 25, "DEVICE_MOBILITY": null, "CAMERA_STATUS": "Live", "ACTIVE_STATUS": "Active", "CAMERA_LATITUDE": 38.90526, "CAMERA_LONGITUDE": -77.06228, "CAMERA_EASTING": 394598, "CAMERA_NORTHING": 137491, "WARD": "2", "ANC": "2E", "SMD": "2E05", "OBJECTID": 545270, "GLOBALID": "{5CDA6F39-4226-36F1-E063-792F520A9410}"}}, {"type": "Feature", "id": 545271, "geometry": {"type": "Point", "coordinates": [-77.05993099414187, 38.96101199972736]}, "properties": {"ENFORCEMENT_SPACE_CODE": "ATE 0187", "SITE_CODE": 1403, "ENFORCEMENT_TYPE": "Speed", "LOCATION_DESCRIPTION": "2900 BLK MILITARY RD NW E/B", "SPEED_LIMIT": 25, "DEVICE_MOBILITY": null, "CAMERA_STATUS": "Live", "ACTIVE_STATUS": "Active", "CAMERA_LATITUDE": 38.961, "CAMERA_LONGITUDE": -77.05993, "CAMERA_EASTING": 394806, "CAMERA_NORTHING": 143679, "WARD": "4", "ANC": "3/4G", "SMD": "3/4G03", "OBJECTID": 545271, "GLOBALID": "{5CDA6F39-4227-36F1-E063-792F520A9410}"}}, {"type": "Feature", "id": 545272, "geometry": {"type": "Point", "coordinates": [-77.05954185531866, 38.937167282356505]}, "properties": {"ENFORCEMENT_SPACE_CODE": "ATE 0600", "SITE_CODE": 2304, "ENFORCEMENT_TYPE": "Red Light", "LOCATION_DESCRIPTION": "CONNECTICUT AVE S/B @ PORTER ST NW", "SPEED_LIMIT": 30, "DEVICE_MOBILITY": null, "CAMERA_STATUS": "Live", "ACTIVE_STATUS": "Active", "CAMERA_LATITUDE": 38.93716, "CAMERA_LONGITUDE": -77.05954, "CAMERA_EASTING": 394838, "CAMERA_NORTHING": 141032, "WARD": "3", "ANC": "3C", "SMD": "3C04", "OBJECTID": 545272, "GLOBALID": "{5CDA6F39-4228-36F1-E063-792F520A9410}"}}, {"type": "Feature", "id": 545273, "geometry": {"type": "Point", "coordinates": [-77.0529614789754, 38.898200402170346]}, "properties": {"ENFORCEMENT_SPACE_CODE": "ATE 0492", "SITE_CODE": 1205, "ENFORCEMENT_TYPE": "Speed", "LOCATION_DESCRIPTION": "POTOMAC RIVER FWY NW/B @ 25TH ST NW", "SPEED_LIMIT": 40, "DEVICE_MOBILITY": null, "CAMERA_STATUS": "Live", "ACTIVE_STATUS": "Active", "CAMERA_LATITUDE": 38.8982, "CAMERA_LONGITUDE": -77.05296, "CAMERA_EASTING": 395406, "CAMERA_NORTHING": 136706, "WARD": "2", "ANC": "2A", "SMD": "2A04", "OBJECTID": 545273, "GLOBALID": "{5CDA6F39-4229-36F1-E063-792F520A9410}"}}, {"type": "Feature", "id": 545274, "geometry": {"type": "Point", "coordinates": [-77.05256126149668, 38.90262368824201]}, "properties": {"ENFORCEMENT_SPACE_CODE": "ATE 0604", "SITE_CODE": 2211, "ENFORCEMENT_TYPE": "Red Light", "LOCATION_DESCRIPTION": "K ST W/B @ 25TH ST NW", "SPEED_LIMIT": 25, "DEVICE_MOBILITY": null, "CAMERA_STATUS": "Live", "ACTIVE_STATUS": "Active", "CAMERA_LATITUDE": 38.902609999999996, "CAMERA_LONGITUDE": -77.05256, "CAMERA_EASTING": 395441, "CAMERA_NORTHING": 137197, "WARD": "2", "ANC": "2A", "SMD": "2A08", "OBJECTID": 545274, "GLOBALID": "{5CDA6F39-422A-36F1-E063-792F520A9410}"}}, {"type": "Feature", "id": 545275, "geometry": {"type": "Point", "coordinates": [-77.05154667806981, 38.90253405674199]}, "properties": {"ENFORCEMENT_SPACE_CODE": "ATE 0142", "SITE_CODE": 1201, "ENFORCEMENT_TYPE": "Speed", "LOCATION_DESCRIPTION": "2200 BLK K ST NW W/B", "SPEED_LIMIT": 25, "DEVICE_MOBILITY": null, "CAMERA_STATUS": "Live", "ACTIVE_STATUS": "Active", "CAMERA_LATITUDE": 38.90253, "CAMERA_LONGITUDE": -77.05154, "CAMERA_EASTING": 395529, "CAMERA_NORTHING": 137187, "WARD": "2", "ANC": "2A", "SMD": "2A08", "OBJECTID": 545275, "GLOBALID": "{5CDA6F39-422B-36F1-E063-792F520A9410}"}}, {"type": "Feature", "id": 545276, "geometry": {"type": "Point", "coordinates": [-77.05121567088696, 38.92321735247969]}, "properties": {"ENFORCEMENT_SPACE_CODE": "ATE 0403", "SITE_CODE": 2306, "ENFORCEMENT_TYPE": "Red Light", "LOCATION_DESCRIPTION": "CONNECTICUT AVE N/B @ CALVERT ST NW", "SPEED_LIMIT": 25, "DEVICE_MOBILITY": null, "CAMERA_STATUS": "Live", "ACTIVE_STATUS": "Active", "CAMERA_LATITUDE": 38.92321, "CAMERA_LONGITUDE": -77.05121, "CAMERA_EASTING": 395559, "CAMERA_NORTHING": 139483, "WARD": "3", "ANC": "3C", "SMD": "3C01", "OBJECTID": 545276, "GLOBALID": "{5CDA6F39-422C-36F1-E063-792F520A9410}"}}, {"type": "Feature", "id": 545277, "geometry": {"type": "Point", "coordinates": [-77.05033806288758, 38.90521006532635]}, "properties": {"ENFORCEMENT_SPACE_CODE": "ATE 0547", "SITE_CODE": 1214, "ENFORCEMENT_TYPE": "Speed", "LOCATION_DESCRIPTION": "2300 BLK M ST NW W/B", "SPEED_LIMIT": 25, "DEVICE_MOBILITY": null, "CAMERA_STATUS": "Live", "ACTIVE_STATUS": "Active", "CAMERA_LATITUDE": 38.9052, "CAMERA_LONGITUDE": -77.05033999999999, "CAMERA_EASTING": 395634, "CAMERA_NORTHING": 137484, "WARD": "2", "ANC": "2A", "SMD": "2A06", "OBJECTID": 545277, "GLOBALID": "{5CDA6F39-422D-36F1-E063-792F520A9410}"}}, {"type": "Feature", "id": 545278, "geometry": {"type": "Point", "coordinates": [-77.04851465546, 38.9025353552343]}, "properties": {"ENFORCEMENT_SPACE_CODE": "ATE 0145", "SITE_CODE": 1202, "ENFORCEMENT_TYPE": "Speed", "LOCATION_DESCRIPTION": "2200 BLK K ST NW E/B", "SPEED_LIMIT": 25, "DEVICE_MOBILITY": null, "CAMERA_STATUS": "Live", "ACTIVE_STATUS": "Active", "CAMERA_LATITUDE": 38.90253, "CAMERA_LONGITUDE": -77.04852, "CAMERA_EASTING": 395792, "CAMERA_NORTHING": 137187, "WARD": "2", "ANC": "2A", "SMD": "2A08", "OBJECTID": 545278, "GLOBALID": "{5CDA6F39-422E-36F1-E063-792F520A9410}"}}, {"type": "Feature", "id": 545279, "geometry": {"type": "Point", "coordinates": [-77.0464012509073, 38.91461640777899]}, "properties": {"ENFORCEMENT_SPACE_CODE": "ATE 0585", "SITE_CODE": 2209, "ENFORCEMENT_TYPE": "Red Light", "LOCATION_DESCRIPTION": "CONNECTICUT AVE S/B @ FLORIDA AVE NW", "SPEED_LIMIT": 25, "DEVICE_MOBILITY": null, "CAMERA_STATUS": "Live", "ACTIVE_STATUS": "Active", "CAMERA_LATITUDE": 38.914609999999996, "CAMERA_LONGITUDE": -77.0464, "CAMERA_EASTING": 395976, "CAMERA_NORTHING": 138528, "WARD": "1", "ANC": "1C", "SMD": "1C01", "OBJECTID": 545279, "GLOBALID": "{5CDA6F39-422F-36F1-E063-792F520A9410}"}}, {"type": "Feature", "id": 545280, "geometry": {"type": "Point", "coordinates": [-77.04343318833006, 38.94475035276862]}, "properties": {"ENFORCEMENT_SPACE_CODE": "ATE 0393", "SITE_CODE": 3403, "ENFORCEMENT_TYPE": "Stop Sign", "LOCATION_DESCRIPTION": "BLAGDEN AVE NE/B @ ALLISON ST NW", "SPEED_LIMIT": 25, "DEVICE_MOBILITY": null, "CAMERA_STATUS": "Live", "ACTIVE_STATUS": "Active", "CAMERA_LATITUDE": 38.944739999999996, "CAMERA_LONGITUDE": -77.04343, "CAMERA_EASTING": 396235, "CAMERA_NORTHING": 141873, "WARD": "4", "ANC": "4E", "SMD": "4E06", "OBJECTID": 545280, "GLOBALID": "{5CDA6F39-4230-36F1-E063-792F520A9410}"}}, {"type": "Feature", "id": 545281, "geometry": {"type": "Point", "coordinates": [-77.04336860499262, 38.9144374060127]}, "properties": {"ENFORCEMENT_SPACE_CODE": "ATE 0116", "SITE_CODE": 3203, "ENFORCEMENT_TYPE": "Stop Sign", "LOCATION_DESCRIPTION": "19TH ST S/B @ S ST NW", "SPEED_LIMIT": 25, "DEVICE_MOBILITY": null, "CAMERA_STATUS": "Live", "ACTIVE_STATUS": "Active", "CAMERA_LATITUDE": 38.914429999999996, "CAMERA_LONGITUDE": -77.04337, "CAMERA_EASTING": 396239, "CAMERA_NORTHING": 138508, "WARD": "2", "ANC": "2B", "SMD": "2B01", "OBJECTID": 545281, "GLOBALID": "{5CDA6F39-4231-36F1-E063-792F520A9410}"}}, {"type": "Feature", "id": 545282, "geometry": {"type": "Point", "coordinates": [-77.04046102100149, 38.91110536312369]}, "properties": {"ENFORCEMENT_SPACE_CODE": "ATE 0562", "SITE_CODE": 7201, "ENFORCEMENT_TYPE": "Truck Restriction", "LOCATION_DESCRIPTION": "1700 BLK Q ST NW E/B", "SPEED_LIMIT": 25, "DEVICE_MOBILITY": null, "CAMERA_STATUS": "Live", "ACTIVE_STATUS": "Active", "CAMERA_LATITUDE": 38.911100000000005, "CAMERA_LONGITUDE": -77.04046, "CAMERA_EASTING": 396491, "CAMERA_NORTHING": 138138, "WARD": "2", "ANC": "2B", "SMD": "2B07", "OBJECTID": 545282, "GLOBALID": "{5CDA6F39-4232-36F1-E063-792F520A9410}"}}, {"type": "Feature", "id": 545283, "geometry": {"type": "Point", "coordinates": [-77.03878670831766, 38.906574732543895]}, "properties": {"ENFORCEMENT_SPACE_CODE": "ATE 0548", "SITE_CODE": 1540, "ENFORCEMENT_TYPE": "Speed", "LOCATION_DESCRIPTION": "1700 BLK RHODE ISLAND AVE NW W/B", "SPEED_LIMIT": 25, "DEVICE_MOBILITY": "Fixed", "CAMERA_STATUS": "Live", "ACTIVE_STATUS": "Active", "CAMERA_LATITUDE": 38.906569999999995, "CAMERA_LONGITUDE": -77.03878999999999, "CAMERA_EASTING": 396636, "CAMERA_NORTHING": 137635, "WARD": "2", "ANC": "2B", "SMD": "2B05", "OBJECTID": 545283, "GLOBALID": "{5CDA6F39-4233-36F1-E063-792F520A9410}"}}, {"type": "Feature", "id": 545284, "geometry": {"type": "Point", "coordinates": [-77.03666998433076, 38.91563780909334]}, "properties": {"ENFORCEMENT_SPACE_CODE": "ATE 0712", "SITE_CODE": 7203, "ENFORCEMENT_TYPE": "Truck Restriction", "LOCATION_DESCRIPTION": "1500 BLK T ST NW E/B", "SPEED_LIMIT": 20, "DEVICE_MOBILITY": null, "CAMERA_STATUS": "Live", "ACTIVE_STATUS": "Active", "CAMERA_LATITUDE": 38.91563, "CAMERA_LONGITUDE": -77.03667, "CAMERA_EASTING": 396820, "CAMERA_NORTHING": 138641, "WARD": "2", "ANC": "2B", "SMD": "2B09", "OBJECTID": 545284, "GLOBALID": "{5CDA6F39-4234-36F1-E063-792F520A9410}"}}, {"type": "Feature", "id": 545285, "geometry": {"type": "Point", "coordinates": [-77.03657308214862, 38.92904222597253]}, "properties": {"ENFORCEMENT_SPACE_CODE": "ATE 0784", "SITE_CODE": 2103, "ENFORCEMENT_TYPE": "Red Light", "LOCATION_DESCRIPTION": "16TH ST S/B @ IRVING ST NW", "SPEED_LIMIT": 20, "DEVICE_MOBILITY": null, "CAMERA_STATUS": "Live", "ACTIVE_STATUS": "Active", "CAMERA_LATITUDE": 38.92903, "CAMERA_LONGITUDE": -77.03657, "CAMERA_EASTING": 396829, "CAMERA_NORTHING": 140129, "WARD": "1", "ANC": "1A", "SMD": "1A05", "OBJECTID": 545285, "GLOBALID": "{5CDA6F39-4235-36F1-E063-792F520A9410}"}}, {"type": "Feature", "id": 545286, "geometry": {"type": "Point", "coordinates": [-77.03657267117003, 38.9507251907904]}, "properties": {"ENFORCEMENT_SPACE_CODE": "ATE 0317", "SITE_CODE": 1406, "ENFORCEMENT_TYPE": "Speed", "LOCATION_DESCRIPTION": "4900 BLK 16TH ST NW N/B", "SPEED_LIMIT": 25, "DEVICE_MOBILITY": null, "CAMERA_STATUS": "Live", "ACTIVE_STATUS": "Active", "CAMERA_LATITUDE": 38.95072, "CAMERA_LONGITUDE": -77.03657, "CAMERA_EASTING": 396830, "CAMERA_NORTHING": 142536, "WARD": "4", "ANC": "4E", "SMD": "4E03", "OBJECTID": 545286, "GLOBALID": "{5CDA6F39-4236-36F1-E063-792F520A9410}"}}, {"type": "Feature", "id": 545287, "geometry": {"type": "Point", "coordinates": [-77.03651605983944, 38.952815128010485]}, "properties": {"ENFORCEMENT_SPACE_CODE": "ATE 0089", "SITE_CODE": 1401, "ENFORCEMENT_TYPE": "Speed", "LOCATION_DESCRIPTION": "16TH ST S/B @ COLORADO AVE NW", "SPEED_LIMIT": 25, "DEVICE_MOBILITY": null, "CAMERA_STATUS": "Live", "ACTIVE_STATUS": "Active", "CAMERA_LATITUDE": 38.95281, "CAMERA_LONGITUDE": -77.03650999999999, "CAMERA_EASTING": 396835, "CAMERA_NORTHING": 142768, "WARD": "4", "ANC": "4E", "SMD": "4E02", "OBJECTID": 545287, "GLOBALID": "{5CDA6F39-4237-36F1-E063-792F520A9410}"}}, {"type": "Feature", "id": 545288, "geometry": {"type": "Point", "coordinates": [-77.03650455539864, 38.95287818950681]}, "properties": {"ENFORCEMENT_SPACE_CODE": "ATE 0591", "SITE_CODE": 2403, "ENFORCEMENT_TYPE": "Red Light", "LOCATION_DESCRIPTION": "16TH ST S/B @ COLORADO AVE NW", "SPEED_LIMIT": 30, "DEVICE_MOBILITY": null, "CAMERA_STATUS": "Live", "ACTIVE_STATUS": "Active", "CAMERA_LATITUDE": 38.95287, "CAMERA_LONGITUDE": -77.03650999999999, "CAMERA_EASTING": 396836, "CAMERA_NORTHING": 142775, "WARD": "4", "ANC": "4E", "SMD": "4E02", "OBJECTID": 545288, "GLOBALID": "{5CDA6F39-4238-36F1-E063-792F520A9410}"}}, {"type": "Feature", "id": 545289, "geometry": {"type": "Point", "coordinates": [-77.03636832514981, 38.934600416076016]}, "properties": {"ENFORCEMENT_SPACE_CODE": "ATE 0087", "SITE_CODE": 2110, "ENFORCEMENT_TYPE": "Red Light", "LOCATION_DESCRIPTION": "16TH ST N/B @ OAK ST NW", "SPEED_LIMIT": 30, "DEVICE_MOBILITY": null, "CAMERA_STATUS": "Live", "ACTIVE_STATUS": "Active", "CAMERA_LATITUDE": 38.93459, "CAMERA_LONGITUDE": -77.03636, "CAMERA_EASTING": 396847, "CAMERA_NORTHING": 140746, "WARD": "1", "ANC": "1D", "SMD": "1D06", "OBJECTID": 545289, "GLOBALID": "{5CDA6F39-4239-36F1-E063-792F520A9410}"}}, {"type": "Feature", "id": 545290, "geometry": {"type": "Point", "coordinates": [-77.03570205309384, 38.916935309004046]}, "properties": {"ENFORCEMENT_SPACE_CODE": "ATE 0079", "SITE_CODE": 1116, "ENFORCEMENT_TYPE": "Speed", "LOCATION_DESCRIPTION": "1500 BLK U ST NW E/B", "SPEED_LIMIT": 25, "DEVICE_MOBILITY": "Fixed", "CAMERA_STATUS": "Live", "ACTIVE_STATUS": "Active", "CAMERA_LATITUDE": 38.91693, "CAMERA_LONGITUDE": -77.0357, "CAMERA_EASTING": 396904, "CAMERA_NORTHING": 138785, "WARD": "1", "ANC": "1B", "SMD": "1B07", "OBJECTID": 545290, "GLOBALID": "{5CDA6F39-423A-36F1-E063-792F520A9410}"}}, {"type": "Feature", "id": 545291, "geometry": {"type": "Point", "coordinates": [-77.03349854929604, 38.96369801238576]}, "properties": {"ENFORCEMENT_SPACE_CODE": "ATE 0067", "SITE_CODE": 3411, "ENFORCEMENT_TYPE": "Stop Sign", "LOCATION_DESCRIPTION": "14TH ST N/B @ FORT STEVENS DR NW", "SPEED_LIMIT": 25, "DEVICE_MOBILITY": null, "CAMERA_STATUS": "Live", "ACTIVE_STATUS": "Active", "CAMERA_LATITUDE": 38.96369, "CAMERA_LONGITUDE": -77.03349, "CAMERA_EASTING": 397097, "CAMERA_NORTHING": 143976, "WARD": "4", "ANC": "4A", "SMD": "4A06", "OBJECTID": 545291, "GLOBALID": "{5CDA6F39-423B-36F1-E063-792F520A9410}"}}, {"type": "Feature", "id": 545292, "geometry": {"type": "Point", "coordinates": [-77.03322301184498, 38.917170256835675]}, "properties": {"ENFORCEMENT_SPACE_CODE": "ATE 0065", "SITE_CODE": 1110, "ENFORCEMENT_TYPE": "Speed", "LOCATION_DESCRIPTION": "1400 BLK U ST NW E/B", "SPEED_LIMIT": 25, "DEVICE_MOBILITY": "Fixed", "CAMERA_STATUS": "Live", "ACTIVE_STATUS": "Active", "CAMERA_LATITUDE": 38.917159999999996, "CAMERA_LONGITUDE": -77.03322, "CAMERA_EASTING": 397119, "CAMERA_NORTHING": 138811, "WARD": "1", "ANC": "1B", "SMD": "1B07", "OBJECTID": 545292, "GLOBALID": "{5CDA6F39-423C-36F1-E063-792F520A9410}"}}, {"type": "Feature", "id": 545293, "geometry": {"type": "Point", "coordinates": [-77.03314223340655, 38.89222614975223]}, "properties": {"ENFORCEMENT_SPACE_CODE": "ATE 0408", "SITE_CODE": 2221, "ENFORCEMENT_TYPE": "Red Light", "LOCATION_DESCRIPTION": "CONSTITUTION AVE W/B @ 15TH ST NW", "SPEED_LIMIT": 30, "DEVICE_MOBILITY": null, "CAMERA_STATUS": "Live", "ACTIVE_STATUS": "Active", "CAMERA_LATITUDE": 38.89222, "CAMERA_LONGITUDE": -77.03314, "CAMERA_EASTING": 397125, "CAMERA_NORTHING": 136042, "WARD": "2", "ANC": "2C", "SMD": "2C03", "OBJECTID": 545293, "GLOBALID": "{5CDA6F39-423D-36F1-E063-792F520A9410}"}}, {"type": "Feature", "id": 545294, "geometry": {"type": "Point", "coordinates": [-77.0320815309227, 38.9173597508062]}, "properties": {"ENFORCEMENT_SPACE_CODE": "ATE 0596", "SITE_CODE": 2222, "ENFORCEMENT_TYPE": "Red Light", "LOCATION_DESCRIPTION": "14TH ST S/B @ U ST NW", "SPEED_LIMIT": 25, "DEVICE_MOBILITY": null, "CAMERA_STATUS": "Live", "ACTIVE_STATUS": "Active", "CAMERA_LATITUDE": 38.91735, "CAMERA_LONGITUDE": -77.03208, "CAMERA_EASTING": 397218, "CAMERA_NORTHING": 138832, "WARD": "1", "ANC": "1B", "SMD": "1B07", "OBJECTID": 545294, "GLOBALID": "{5CDA6F39-423E-36F1-E063-792F520A9410}"}}, {"type": "Feature", "id": 545295, "geometry": {"type": "Point", "coordinates": [-77.0318526571929, 38.92126942828002]}, "properties": {"ENFORCEMENT_SPACE_CODE": "ATE 0576", "SITE_CODE": 1123, "ENFORCEMENT_TYPE": "Speed", "LOCATION_DESCRIPTION": "2400 BLK 14TH ST NW N/B", "SPEED_LIMIT": 25, "DEVICE_MOBILITY": null, "CAMERA_STATUS": "Live", "ACTIVE_STATUS": "Active", "CAMERA_LATITUDE": 38.92126, "CAMERA_LONGITUDE": -77.03184999999999, "CAMERA_EASTING": 397238, "CAMERA_NORTHING": 139266, "WARD": "1", "ANC": "1B", "SMD": "1B03", "OBJECTID": 545295, "GLOBALID": "{5CDA6F39-423F-36F1-E063-792F520A9410}"}}, {"type": "Feature", "id": 545296, "geometry": {"type": "Point", "coordinates": [-77.03183821758975, 38.914756408665276]}, "properties": {"ENFORCEMENT_SPACE_CODE": "ATE 0578", "SITE_CODE": 1125, "ENFORCEMENT_TYPE": "Speed", "LOCATION_DESCRIPTION": "1800 BLK 14TH ST NW N/B", "SPEED_LIMIT": 25, "DEVICE_MOBILITY": null, "CAMERA_STATUS": "Live", "ACTIVE_STATUS": "Active", "CAMERA_LATITUDE": 38.91475, "CAMERA_LONGITUDE": -77.03184, "CAMERA_EASTING": 397239, "CAMERA_NORTHING": 138543, "WARD": "1", "ANC": "1B", "SMD": "1B08", "OBJECTID": 545296, "GLOBALID": "{5CDA6F39-4240-36F1-E063-792F520A9410}"}}, {"type": "Feature", "id": 545297, "geometry": {"type": "Point", "coordinates": [-77.03177910514188, 38.8856053703439]}, "properties": {"ENFORCEMENT_SPACE_CODE": "ATE 0787", "SITE_CODE": 2206, "ENFORCEMENT_TYPE": "Red Light", "LOCATION_DESCRIPTION": "14TH ST N/B @ C ST SW", "SPEED_LIMIT": 25, "DEVICE_MOBILITY": null, "CAMERA_STATUS": "Live", "ACTIVE_STATUS": "Active", "CAMERA_LATITUDE": 38.885600000000004, "CAMERA_LONGITUDE": -77.03178, "CAMERA_EASTING": 397243, "CAMERA_NORTHING": 135307, "WARD": "2", "ANC": "2A", "SMD": "2A01", "OBJECTID": 545297, "GLOBALID": "{5CDA6F39-4241-36F1-E063-792F520A9410}"}}, {"type": "Feature", "id": 545298, "geometry": {"type": "Point", "coordinates": [-77.03167457780071, 38.96169868828221]}, "properties": {"ENFORCEMENT_SPACE_CODE": "ATE 0042", "SITE_CODE": 1418, "ENFORCEMENT_TYPE": "Speed", "LOCATION_DESCRIPTION": "1300 BLK MISSOURI AVE NW E/B", "SPEED_LIMIT": 30, "DEVICE_MOBILITY": "Fixed", "CAMERA_STATUS": "Live", "ACTIVE_STATUS": "Active", "CAMERA_LATITUDE": 38.96169, "CAMERA_LONGITUDE": -77.03166999999999, "CAMERA_EASTING": 397255, "CAMERA_NORTHING": 143754, "WARD": "4", "ANC": "4A", "SMD": "4A06", "OBJECTID": 545298, "GLOBALID": "{5CDA6F39-4242-36F1-E063-792F520A9410}"}}, {"type": "Feature", "id": 545299, "geometry": {"type": "Point", "coordinates": [-77.0297836681509, 38.93732278646446]}, "properties": {"ENFORCEMENT_SPACE_CODE": "ATE 0050", "SITE_CODE": 3407, "ENFORCEMENT_TYPE": "Stop Sign", "LOCATION_DESCRIPTION": "13TH ST N/B @ QUINCY ST NW", "SPEED_LIMIT": 25, "DEVICE_MOBILITY": null, "CAMERA_STATUS": "Live", "ACTIVE_STATUS": "Active", "CAMERA_LATITUDE": 38.93731, "CAMERA_LONGITUDE": -77.02978999999999, "CAMERA_EASTING": 397418, "CAMERA_NORTHING": 141048, "WARD": "4", "ANC": "4C", "SMD": "4C03", "OBJECTID": 545299, "GLOBALID": "{5CDA6F39-4243-36F1-E063-792F520A9410}"}}, {"type": "Feature", "id": 545300, "geometry": {"type": "Point", "coordinates": [-77.02976873585521, 38.956807703695254]}, "properties": {"ENFORCEMENT_SPACE_CODE": "ATE 0049", "SITE_CODE": 3409, "ENFORCEMENT_TYPE": "Stop Sign", "LOCATION_DESCRIPTION": "13TH ST N/B @ LONGFELLOW ST NW", "SPEED_LIMIT": 25, "DEVICE_MOBILITY": null, "CAMERA_STATUS": "Live", "ACTIVE_STATUS": "Active", "CAMERA_LATITUDE": 38.9568, "CAMERA_LONGITUDE": -77.02977, "CAMERA_EASTING": 397420, "CAMERA_NORTHING": 143211, "WARD": "4", "ANC": "4E", "SMD": "4E01", "OBJECTID": 545300, "GLOBALID": "{5CDA6F39-4244-36F1-E063-792F520A9410}"}}, {"type": "Feature", "id": 545301, "geometry": {"type": "Point", "coordinates": [-77.0297695636384, 38.95878952132921]}, "properties": {"ENFORCEMENT_SPACE_CODE": "ATE 0052", "SITE_CODE": 3405, "ENFORCEMENT_TYPE": "Stop Sign", "LOCATION_DESCRIPTION": "13TH ST S/B @ MADISON ST NW", "SPEED_LIMIT": 25, "DEVICE_MOBILITY": null, "CAMERA_STATUS": "Live", "ACTIVE_STATUS": "Active", "CAMERA_LATITUDE": 38.95878, "CAMERA_LONGITUDE": -77.02977, "CAMERA_EASTING": 397420, "CAMERA_NORTHING": 143431, "WARD": "4", "ANC": "4E", "SMD": "4E01", "OBJECTID": 545301, "GLOBALID": "{5CDA6F39-4245-36F1-E063-792F520A9410}"}}, {"type": "Feature", "id": 545302, "geometry": {"type": "Point", "coordinates": [-77.02963441965481, 38.93899836768072]}, "properties": {"ENFORCEMENT_SPACE_CODE": "ATE 0053", "SITE_CODE": 3802, "ENFORCEMENT_TYPE": "Stop Sign", "LOCATION_DESCRIPTION": "13TH ST S/B @ RANDOLPH ST NW", "SPEED_LIMIT": 25, "DEVICE_MOBILITY": null, "CAMERA_STATUS": "Live", "ACTIVE_STATUS": "Active", "CAMERA_LATITUDE": 38.93899, "CAMERA_LONGITUDE": -77.02963, "CAMERA_EASTING": 397431, "CAMERA_NORTHING": 141234, "WARD": "4", "ANC": "4C", "SMD": "4C02", "OBJECTID": 545302, "GLOBALID": "{5CDA6F39-4246-36F1-E063-792F520A9410}"}}, {"type": "Feature", "id": 545303, "geometry": {"type": "Point", "coordinates": [-77.02824691526938, 38.95961865908116]}, "properties": {"ENFORCEMENT_SPACE_CODE": "ATE 0341", "SITE_CODE": 1413, "ENFORCEMENT_TYPE": "Speed", "LOCATION_DESCRIPTION": "5700 BLK GEORGIA AVE NW S/B", "SPEED_LIMIT": 25, "DEVICE_MOBILITY": "Fixed", "CAMERA_STATUS": "Live", "ACTIVE_STATUS": "Active", "CAMERA_LATITUDE": 38.95961, "CAMERA_LONGITUDE": -77.02824, "CAMERA_EASTING": 397552, "CAMERA_NORTHING": 143523, "WARD": "4", "ANC": "4D", "SMD": "4D01", "OBJECTID": 545303, "GLOBALID": "{5CDA6F39-4247-36F1-E063-792F520A9410}"}}, {"type": "Feature", "id": 545304, "geometry": {"type": "Point", "coordinates": [-77.02809773667472, 38.96168158606742]}, "properties": {"ENFORCEMENT_SPACE_CODE": "ATE 0603", "SITE_CODE": 2404, "ENFORCEMENT_TYPE": "Red Light", "LOCATION_DESCRIPTION": "GEORGIA AVE S/B @ MISSOURI AVE NW", "SPEED_LIMIT": 30, "DEVICE_MOBILITY": null, "CAMERA_STATUS": "Live", "ACTIVE_STATUS": "Active", "CAMERA_LATITUDE": 38.96167, "CAMERA_LONGITUDE": -77.02808999999999, "CAMERA_EASTING": 397565, "CAMERA_NORTHING": 143752, "WARD": "4", "ANC": "4A", "SMD": "4A06", "OBJECTID": 545304, "GLOBALID": "{5CDA6F39-4248-36F1-E063-792F520A9410}"}}, {"type": "Feature", "id": 545305, "geometry": {"type": "Point", "coordinates": [-77.02804062355173, 38.96314994528936]}, "properties": {"ENFORCEMENT_SPACE_CODE": "ATE 0365", "SITE_CODE": 1416, "ENFORCEMENT_TYPE": "Speed", "LOCATION_DESCRIPTION": "6000 BLK GEORGIA AVE NW S/B", "SPEED_LIMIT": 25, "DEVICE_MOBILITY": "Fixed", "CAMERA_STATUS": "Live", "ACTIVE_STATUS": "Active", "CAMERA_LATITUDE": 38.963139999999996, "CAMERA_LONGITUDE": -77.02803999999999, "CAMERA_EASTING": 397570, "CAMERA_NORTHING": 143915, "WARD": "4", "ANC": "4A", "SMD": "4A06", "OBJECTID": 545305, "GLOBALID": "{5CDA6F39-4249-36F1-E063-792F520A9410}"}}, {"type": "Feature", "id": 545306, "geometry": {"type": "Point", "coordinates": [-77.02797798479182, 38.891768073864455]}, "properties": {"ENFORCEMENT_SPACE_CODE": "ATE 0034", "SITE_CODE": 2220, "ENFORCEMENT_TYPE": "Red Light", "LOCATION_DESCRIPTION": "12TH ST N/B @ CONSTITUTION AVE NW", "SPEED_LIMIT": 30, "DEVICE_MOBILITY": null, "CAMERA_STATUS": "Live", "ACTIVE_STATUS": "Active", "CAMERA_LATITUDE": 38.89176, "CAMERA_LONGITUDE": -77.02798, "CAMERA_EASTING": 397573, "CAMERA_NORTHING": 135991, "WARD": "2", "ANC": "2C", "SMD": "2C03", "OBJECTID": 545306, "GLOBALID": "{5CDA6F39-424A-36F1-E063-792F520A9410}"}}, {"type": "Feature", "id": 545307, "geometry": {"type": "Point", "coordinates": [-77.02783298847714, 38.96329412695303]}, "properties": {"ENFORCEMENT_SPACE_CODE": "ATE 0364", "SITE_CODE": 1415, "ENFORCEMENT_TYPE": "Speed", "LOCATION_DESCRIPTION": "6000 BLK GEORGIA AVE NW N/B", "SPEED_LIMIT": 25, "DEVICE_MOBILITY": "Fixed", "CAMERA_STATUS": "Live", "ACTIVE_STATUS": "Active", "CAMERA_LATITUDE": 38.96329, "CAMERA_LONGITUDE": -77.02783, "CAMERA_EASTING": 397588, "CAMERA_NORTHING": 143931, "WARD": "4", "ANC": "4A", "SMD": "4A06", "OBJECTID": 545307, "GLOBALID": "{5CDA6F39-424B-36F1-E063-792F520A9410}"}}, {"type": "Feature", "id": 545308, "geometry": {"type": "Point", "coordinates": [-77.0273087122549, 38.95012416749674]}, "properties": {"ENFORCEMENT_SPACE_CODE": "ATE 0320", "SITE_CODE": 1412, "ENFORCEMENT_TYPE": "Speed", "LOCATION_DESCRIPTION": "4900 BLK GEORGIA AVE NW S/B", "SPEED_LIMIT": 25, "DEVICE_MOBILITY": "Fixed", "CAMERA_STATUS": "Live", "ACTIVE_STATUS": "Active", "CAMERA_LATITUDE": 38.95012, "CAMERA_LONGITUDE": -77.02731, "CAMERA_EASTING": 397633, "CAMERA_NORTHING": 142469, "WARD": "4", "ANC": "4D", "SMD": "4D04", "OBJECTID": 545308, "GLOBALID": "{5CDA6F39-424C-36F1-E063-792F520A9410}"}}, {"type": "Feature", "id": 545309, "geometry": {"type": "Point", "coordinates": [-77.02655802719637, 38.91694675351972]}, "properties": {"ENFORCEMENT_SPACE_CODE": "ATE 0012", "SITE_CODE": 1109, "ENFORCEMENT_TYPE": "Speed", "LOCATION_DESCRIPTION": "1000 BLK U ST NW E/B", "SPEED_LIMIT": 25, "DEVICE_MOBILITY": "Fixed", "CAMERA_STATUS": "Live", "ACTIVE_STATUS": "Active", "CAMERA_LATITUDE": 38.91694, "CAMERA_LONGITUDE": -77.02656, "CAMERA_EASTING": 397697, "CAMERA_NORTHING": 138786, "WARD": "1", "ANC": "1B", "SMD": "1B02", "OBJECTID": 545309, "GLOBALID": "{5CDA6F39-424D-36F1-E063-792F520A9410}"}}, {"type": "Feature", "id": 545310, "geometry": {"type": "Point", "coordinates": [-77.02582667806078, 38.90341638468232]}, "properties": {"ENFORCEMENT_SPACE_CODE": "ATE 0818", "SITE_CODE": 2212, "ENFORCEMENT_TYPE": "Red Light", "LOCATION_DESCRIPTION": "Massachusetts Ave e/b @ 9th St NW", "SPEED_LIMIT": 25, "DEVICE_MOBILITY": null, "CAMERA_STATUS": "Live", "ACTIVE_STATUS": "Active", "CAMERA_LATITUDE": 38.90341, "CAMERA_LONGITUDE": -77.02582, "CAMERA_EASTING": 397760, "CAMERA_NORTHING": 137284, "WARD": "2", "ANC": "2C", "SMD": "2C04", "OBJECTID": 545310, "GLOBALID": "{5CDA6F39-424E-36F1-E063-792F520A9410}"}}, {"type": "Feature", "id": 545311, "geometry": {"type": "Point", "coordinates": [-77.02472092855369, 38.93959405767593]}, "properties": {"ENFORCEMENT_SPACE_CODE": "ATE 0248", "SITE_CODE": 1419, "ENFORCEMENT_TYPE": "Speed", "LOCATION_DESCRIPTION": "3900 BLK GEORGIA AVE NW S/B", "SPEED_LIMIT": 25, "DEVICE_MOBILITY": "Fixed", "CAMERA_STATUS": "Live", "ACTIVE_STATUS": "Active", "CAMERA_LATITUDE": 38.939589999999995, "CAMERA_LONGITUDE": -77.02472, "CAMERA_EASTING": 397857, "CAMERA_NORTHING": 141300, "WARD": "4", "ANC": "4C", "SMD": "4C02", "OBJECTID": 545311, "GLOBALID": "{5CDA6F39-424F-36F1-E063-792F520A9410}"}}, {"type": "Feature", "id": 545312, "geometry": {"type": "Point", "coordinates": [-77.02406455780562, 38.90868664617516]}, "properties": {"ENFORCEMENT_SPACE_CODE": "ATE 0037", "SITE_CODE": 1204, "ENFORCEMENT_TYPE": "Speed", "LOCATION_DESCRIPTION": "1300 BLK 9TH ST NW S/B", "SPEED_LIMIT": 25, "DEVICE_MOBILITY": null, "CAMERA_STATUS": "Live", "ACTIVE_STATUS": "Active", "CAMERA_LATITUDE": 38.90868, "CAMERA_LONGITUDE": -77.02405999999999, "CAMERA_EASTING": 397913, "CAMERA_NORTHING": 137869, "WARD": "2", "ANC": "2G", "SMD": "2G02", "OBJECTID": 545312, "GLOBALID": "{5CDA6F39-4250-36F1-E063-792F520A9410}"}}, {"type": "Feature", "id": 545313, "geometry": {"type": "Point", "coordinates": [-77.02306199235827, 38.94591821571615]}, "properties": {"ENFORCEMENT_SPACE_CODE": "ATE 0452", "SITE_CODE": 3401, "ENFORCEMENT_TYPE": "Stop Sign", "LOCATION_DESCRIPTION": "KANSAS AVE NE/B @ BUCHANAN ST NW", "SPEED_LIMIT": 30, "DEVICE_MOBILITY": null, "CAMERA_STATUS": "Live", "ACTIVE_STATUS": "Active", "CAMERA_LATITUDE": 38.94591, "CAMERA_LONGITUDE": -77.02306, "CAMERA_EASTING": 398001, "CAMERA_NORTHING": 142002, "WARD": "4", "ANC": "4C", "SMD": "4C05", "OBJECTID": 545313, "GLOBALID": "{5CDA6F39-4251-36F1-E063-792F520A9410}"}}, {"type": "Feature", "id": 545314, "geometry": {"type": "Point", "coordinates": [-77.0229391713402, 38.922721858305295]}, "properties": {"ENFORCEMENT_SPACE_CODE": "ATE 0162", "SITE_CODE": 1114, "ENFORCEMENT_TYPE": "Speed", "LOCATION_DESCRIPTION": "2500 BLK GEORGIA AVE NW S/B", "SPEED_LIMIT": 25, "DEVICE_MOBILITY": null, "CAMERA_STATUS": "Live", "ACTIVE_STATUS": "Active", "CAMERA_LATITUDE": 38.922709999999995, "CAMERA_LONGITUDE": -77.02293999999999, "CAMERA_EASTING": 398011, "CAMERA_NORTHING": 139427, "WARD": "1", "ANC": "1E", "SMD": "1E05", "OBJECTID": 545314, "GLOBALID": "{5CDA6F39-4252-36F1-E063-792F520A9410}"}}, {"type": "Feature", "id": 545315, "geometry": {"type": "Point", "coordinates": [-77.02239764042847, 38.924208336480696]}, "properties": {"ENFORCEMENT_SPACE_CODE": "ATE 0171", "SITE_CODE": 1115, "ENFORCEMENT_TYPE": "Speed", "LOCATION_DESCRIPTION": "2600 BLK GEORGIA AVE NW N/B", "SPEED_LIMIT": 25, "DEVICE_MOBILITY": "Portable", "CAMERA_STATUS": "Live", "ACTIVE_STATUS": "Active", "CAMERA_LATITUDE": 38.9242, "CAMERA_LONGITUDE": -77.0224, "CAMERA_EASTING": 398058, "CAMERA_NORTHING": 139592, "WARD": "1", "ANC": "1E", "SMD": "1E05", "OBJECTID": 545315, "GLOBALID": "{5CDA6F39-4253-36F1-E063-792F520A9410}"}}, {"type": "Feature", "id": 545316, "geometry": {"type": "Point", "coordinates": [-77.02200121536762, 38.91016442158494]}, "properties": {"ENFORCEMENT_SPACE_CODE": "ATE 0580", "SITE_CODE": 1212, "ENFORCEMENT_TYPE": "Speed", "LOCATION_DESCRIPTION": "1500 BLK 7TH ST NW N/B", "SPEED_LIMIT": 25, "DEVICE_MOBILITY": null, "CAMERA_STATUS": "Live", "ACTIVE_STATUS": "Active", "CAMERA_LATITUDE": 38.91016, "CAMERA_LONGITUDE": -77.022, "CAMERA_EASTING": 398092, "CAMERA_NORTHING": 138033, "WARD": "2", "ANC": "2G", "SMD": "2G02", "OBJECTID": 545316, "GLOBALID": "{5CDA6F39-4254-36F1-E063-792F520A9410}"}}, {"type": "Feature", "id": 545317, "geometry": {"type": "Point", "coordinates": [-77.02200137377396, 38.91067789713981]}, "properties": {"ENFORCEMENT_SPACE_CODE": "ATE 0581", "SITE_CODE": 1213, "ENFORCEMENT_TYPE": "Speed", "LOCATION_DESCRIPTION": "1500 BLK 7TH ST NW S/B", "SPEED_LIMIT": 25, "DEVICE_MOBILITY": null, "CAMERA_STATUS": "Live", "ACTIVE_STATUS": "Active", "CAMERA_LATITUDE": 38.910669999999996, "CAMERA_LONGITUDE": -77.022, "CAMERA_EASTING": 398092, "CAMERA_NORTHING": 138090, "WARD": "2", "ANC": "2G", "SMD": "2G02", "OBJECTID": 545317, "GLOBALID": "{5CDA6F39-4255-36F1-E063-792F520A9410}"}}, {"type": "Feature", "id": 545318, "geometry": {"type": "Point", "coordinates": [-77.02200413096563, 38.919614165727616]}, "properties": {"ENFORCEMENT_SPACE_CODE": "ATE 0140", "SITE_CODE": 1113, "ENFORCEMENT_TYPE": "Speed", "LOCATION_DESCRIPTION": "2200 BLK GEORGIA AVE NW S/B", "SPEED_LIMIT": 25, "DEVICE_MOBILITY": "Portable", "CAMERA_STATUS": "Live", "ACTIVE_STATUS": "Active", "CAMERA_LATITUDE": 38.9196, "CAMERA_LONGITUDE": -77.022, "CAMERA_EASTING": 398092, "CAMERA_NORTHING": 139082, "WARD": "1", "ANC": "1E", "SMD": "1E07", "OBJECTID": 545318, "GLOBALID": "{5CDA6F39-4256-36F1-E063-792F520A9410}"}}, {"type": "Feature", "id": 545319, "geometry": {"type": "Point", "coordinates": [-77.02096161830488, 38.903660584535885]}, "properties": {"ENFORCEMENT_SPACE_CODE": "ATE 0358", "SITE_CODE": 1208, "ENFORCEMENT_TYPE": "Speed", "LOCATION_DESCRIPTION": "600 BLK NEW YORK AVE NW E/B", "SPEED_LIMIT": 25, "DEVICE_MOBILITY": "Fixed", "CAMERA_STATUS": "Live", "ACTIVE_STATUS": "Active", "CAMERA_LATITUDE": 38.90365, "CAMERA_LONGITUDE": -77.02096, "CAMERA_EASTING": 398182, "CAMERA_NORTHING": 137311, "WARD": "2", "ANC": "2G", "SMD": "2G06", "OBJECTID": 545319, "GLOBALID": "{5CDA6F39-4257-36F1-E063-792F520A9410}"}}, {"type": "Feature", "id": 545320, "geometry": {"type": "Point", "coordinates": [-77.02013151770788, 38.90356163863677]}, "properties": {"ENFORCEMENT_SPACE_CODE": "ATE 0359", "SITE_CODE": 1209, "ENFORCEMENT_TYPE": "Speed", "LOCATION_DESCRIPTION": "600 BLK NEW YORK AVE NW W/B", "SPEED_LIMIT": 25, "DEVICE_MOBILITY": "Fixed", "CAMERA_STATUS": "Live", "ACTIVE_STATUS": "Active", "CAMERA_LATITUDE": 38.903549999999996, "CAMERA_LONGITUDE": -77.02013, "CAMERA_EASTING": 398254, "CAMERA_NORTHING": 137300, "WARD": "2", "ANC": "2G", "SMD": "2G06", "OBJECTID": 545320, "GLOBALID": "{5CDA6F39-4258-36F1-E063-792F520A9410}"}}, {"type": "Feature", "id": 545321, "geometry": {"type": "Point", "coordinates": [-77.0194946665757, 38.97779007247019]}, "properties": {"ENFORCEMENT_SPACE_CODE": "ATE 0837", "SITE_CODE": 1414, "ENFORCEMENT_TYPE": "Speed", "LOCATION_DESCRIPTION": "7200 blk Piney Branch Rd NW sw/b", "SPEED_LIMIT": 25, "DEVICE_MOBILITY": null, "CAMERA_STATUS": "Live", "ACTIVE_STATUS": "Active", "CAMERA_LATITUDE": 38.977779999999996, "CAMERA_LONGITUDE": -77.01948999999999, "CAMERA_EASTING": 398311, "CAMERA_NORTHING": 145540, "WARD": "4", "ANC": "4B", "SMD": "4B01", "OBJECTID": 545321, "GLOBALID": "{5CDA6F39-4259-36F1-E063-792F520A9410}"}}, {"type": "Feature", "id": 545322, "geometry": {"type": "Point", "coordinates": [-77.01923485364996, 38.91312865415177]}, "properties": {"ENFORCEMENT_SPACE_CODE": "ATE 0260", "SITE_CODE": 1503, "ENFORCEMENT_TYPE": "Speed", "LOCATION_DESCRIPTION": "400 BLK RHODE ISLAND AVE NW E/B", "SPEED_LIMIT": 25, "DEVICE_MOBILITY": "\u00a0", "CAMERA_STATUS": "Live", "ACTIVE_STATUS": "Active", "CAMERA_LATITUDE": 38.913129999999995, "CAMERA_LONGITUDE": -77.01923, "CAMERA_EASTING": 398332, "CAMERA_NORTHING": 138362, "WARD": "2", "ANC": "2G", "SMD": "2G01", "OBJECTID": 545322, "GLOBALID": "{5CDA6F39-425A-36F1-E063-792F520A9410}"}}, {"type": "Feature", "id": 545323, "geometry": {"type": "Point", "coordinates": [-77.01919705446247, 38.90121061485679]}, "properties": {"ENFORCEMENT_SPACE_CODE": "ATE 0589", "SITE_CODE": 1210, "ENFORCEMENT_TYPE": "Speed", "LOCATION_DESCRIPTION": "500 BLK MASSACHUSETTS AVE NW E/B", "SPEED_LIMIT": 25, "DEVICE_MOBILITY": null, "CAMERA_STATUS": "Live", "ACTIVE_STATUS": "Active", "CAMERA_LATITUDE": 38.9012, "CAMERA_LONGITUDE": -77.01919, "CAMERA_EASTING": 398335, "CAMERA_NORTHING": 137039, "WARD": "2", "ANC": "2C", "SMD": "2C01", "OBJECTID": 545323, "GLOBALID": "{5CDA6F39-425B-36F1-E063-792F520A9410}"}}, {"type": "Feature", "id": 545324, "geometry": {"type": "Point", "coordinates": [-77.01675757733258, 38.82240533779859]}, "properties": {"ENFORCEMENT_SPACE_CODE": "ATE 0418", "SITE_CODE": 1802, "ENFORCEMENT_TYPE": "Speed", "LOCATION_DESCRIPTION": "DC295 SW 0.05 MILE S/O EXIT 1 N/B", "SPEED_LIMIT": 50, "DEVICE_MOBILITY": null, "CAMERA_STATUS": "Live", "ACTIVE_STATUS": "Active", "CAMERA_LATITUDE": 38.8224, "CAMERA_LONGITUDE": -77.01675, "CAMERA_EASTING": 398545, "CAMERA_NORTHING": 128291, "WARD": "8", "ANC": "8D", "SMD": "8D01", "OBJECTID": 545324, "GLOBALID": "{5CDA6F39-425C-36F1-E063-792F520A9410}"}}, {"type": "Feature", "id": 545325, "geometry": {"type": "Point", "coordinates": [-77.01582010517967, 38.90512975557081]}, "properties": {"ENFORCEMENT_SPACE_CODE": "ATE 0484", "SITE_CODE": 2605, "ENFORCEMENT_TYPE": "Red Light", "LOCATION_DESCRIPTION": "NEW YORK AVE W/B @ 4TH ST NW", "SPEED_LIMIT": 25, "DEVICE_MOBILITY": "Fixed", "CAMERA_STATUS": "Live", "ACTIVE_STATUS": "Active", "CAMERA_LATITUDE": 38.90512, "CAMERA_LONGITUDE": -77.01581999999999, "CAMERA_EASTING": 398628, "CAMERA_NORTHING": 137474, "WARD": "2", "ANC": "2G", "SMD": "2G06", "OBJECTID": 545325, "GLOBALID": "{5CDA6F39-425D-36F1-E063-792F520A9410}"}}, {"type": "Feature", "id": 545326, "geometry": {"type": "Point", "coordinates": [-77.01571245212165, 38.88746436369559]}, "properties": {"ENFORCEMENT_SPACE_CODE": "ATE 0447", "SITE_CODE": 2603, "ENFORCEMENT_TYPE": "Red Light", "LOCATION_DESCRIPTION": "INDEPENDENCE AVE E/B @ 3RD ST SW", "SPEED_LIMIT": 30, "DEVICE_MOBILITY": null, "CAMERA_STATUS": "Live", "ACTIVE_STATUS": "Active", "CAMERA_LATITUDE": 38.88746, "CAMERA_LONGITUDE": -77.01571, "CAMERA_EASTING": 398637, "CAMERA_NORTHING": 135513, "WARD": "2", "ANC": "2C", "SMD": "2C03", "OBJECTID": 545326, "GLOBALID": "{5CDA6F39-425E-36F1-E063-792F520A9410}"}}, {"type": "Feature", "id": 545327, "geometry": {"type": "Point", "coordinates": [-77.01540511090408, 38.90536402818476]}, "properties": {"ENFORCEMENT_SPACE_CODE": "ATE 0193", "SITE_CODE": 1207, "ENFORCEMENT_TYPE": "Speed", "LOCATION_DESCRIPTION": "300 BLK NEW YORK AVE NW W/B", "SPEED_LIMIT": 25, "DEVICE_MOBILITY": "Fixed", "CAMERA_STATUS": "Live", "ACTIVE_STATUS": "Active", "CAMERA_LATITUDE": 38.90536, "CAMERA_LONGITUDE": -77.0154, "CAMERA_EASTING": 398664, "CAMERA_NORTHING": 137500, "WARD": "2", "ANC": "2G", "SMD": "2G06", "OBJECTID": 545327, "GLOBALID": "{5CDA6F39-425F-36F1-E063-792F520A9410}"}}, {"type": "Feature", "id": 545328, "geometry": {"type": "Point", "coordinates": [-77.01536147263425, 38.97039492889573]}, "properties": {"ENFORCEMENT_SPACE_CODE": "ATE 0369", "SITE_CODE": 1408, "ENFORCEMENT_TYPE": "Speed", "LOCATION_DESCRIPTION": "6600 BLK BLAIR RD NW S/B", "SPEED_LIMIT": 25, "DEVICE_MOBILITY": null, "CAMERA_STATUS": "Live", "ACTIVE_STATUS": "Active", "CAMERA_LATITUDE": 38.970389999999995, "CAMERA_LONGITUDE": -77.01536, "CAMERA_EASTING": 398669, "CAMERA_NORTHING": 144719, "WARD": "4", "ANC": "4B", "SMD": "4B07", "OBJECTID": 545328, "GLOBALID": "{5CDA6F39-4260-36F1-E063-792F520A9410}"}}, {"type": "Feature", "id": 545329, "geometry": {"type": "Point", "coordinates": [-77.01494590420599, 38.91469673230873]}, "properties": {"ENFORCEMENT_SPACE_CODE": "ATE 0125", "SITE_CODE": 1119, "ENFORCEMENT_TYPE": "Speed", "LOCATION_DESCRIPTION": "200 BLK RHODE ISLAND AVE NW E/B", "SPEED_LIMIT": 25, "DEVICE_MOBILITY": "Fixed", "CAMERA_STATUS": "Live", "ACTIVE_STATUS": "Active", "CAMERA_LATITUDE": 38.91469, "CAMERA_LONGITUDE": -77.01494, "CAMERA_EASTING": 398704, "CAMERA_NORTHING": 138536, "WARD": "1", "ANC": "1B", "SMD": "1B01", "OBJECTID": 545329, "GLOBALID": "{5CDA6F39-4261-36F1-E063-792F520A9410}"}}, {"type": "Feature", "id": 545330, "geometry": {"type": "Point", "coordinates": [-77.01486267804574, 38.90264357557152]}, "properties": {"ENFORCEMENT_SPACE_CODE": "ATE 0257", "SITE_CODE": 1604, "ENFORCEMENT_TYPE": "Speed", "LOCATION_DESCRIPTION": "3RD ST TUNNEL NW S/B BY 3RD ST", "SPEED_LIMIT": 45, "DEVICE_MOBILITY": null, "CAMERA_STATUS": "Live", "ACTIVE_STATUS": "Active", "CAMERA_LATITUDE": 38.902629999999995, "CAMERA_LONGITUDE": -77.01485, "CAMERA_EASTING": 398711, "CAMERA_NORTHING": 137198, "WARD": "6", "ANC": "6E", "SMD": "6E08", "OBJECTID": 545330, "GLOBALID": "{5CDA6F39-4262-36F1-E063-792F520A9410}"}}, {"type": "Feature", "id": 545331, "geometry": {"type": "Point", "coordinates": [-77.01472689033888, 38.915021060221896]}, "properties": {"ENFORCEMENT_SPACE_CODE": "ATE 0126", "SITE_CODE": 1120, "ENFORCEMENT_TYPE": "Speed", "LOCATION_DESCRIPTION": "200 BLK RHODE ISLAND AVE NW W/B", "SPEED_LIMIT": 25, "DEVICE_MOBILITY": "Fixed", "CAMERA_STATUS": "Live", "ACTIVE_STATUS": "Active", "CAMERA_LATITUDE": 38.915009999999995, "CAMERA_LONGITUDE": -77.01472, "CAMERA_EASTING": 398723, "CAMERA_NORTHING": 138572, "WARD": "1", "ANC": "1B", "SMD": "1B01", "OBJECTID": 545331, "GLOBALID": "{5CDA6F39-4263-36F1-E063-792F520A9410}"}}, {"type": "Feature", "id": 545332, "geometry": {"type": "Point", "coordinates": [-77.01436017438643, 38.92626349734359]}, "properties": {"ENFORCEMENT_SPACE_CODE": "ATE 0008", "SITE_CODE": 1112, "ENFORCEMENT_TYPE": "Speed", "LOCATION_DESCRIPTION": "100 BLK MICHIGAN AVE NW E/B", "SPEED_LIMIT": 25, "DEVICE_MOBILITY": null, "CAMERA_STATUS": "Live", "ACTIVE_STATUS": "Active", "CAMERA_LATITUDE": 38.92626, "CAMERA_LONGITUDE": -77.01436, "CAMERA_EASTING": 398755, "CAMERA_NORTHING": 139820, "WARD": "1", "ANC": "1E", "SMD": "1E05", "OBJECTID": 545332, "GLOBALID": "{5CDA6F39-4264-36F1-E063-792F520A9410}"}}, {"type": "Feature", "id": 545333, "geometry": {"type": "Point", "coordinates": [-77.01412358500524, 38.89627475585625]}, "properties": {"ENFORCEMENT_SPACE_CODE": "ATE 0256", "SITE_CODE": 1601, "ENFORCEMENT_TYPE": "Speed", "LOCATION_DESCRIPTION": "3RD ST TUNNEL NW N/B BY MA AVE", "SPEED_LIMIT": 45, "DEVICE_MOBILITY": null, "CAMERA_STATUS": "Live", "ACTIVE_STATUS": "Active", "CAMERA_LATITUDE": 38.89627, "CAMERA_LONGITUDE": -77.01413, "CAMERA_EASTING": 398775, "CAMERA_NORTHING": 136491, "WARD": "6", "ANC": "6E", "SMD": "6E08", "OBJECTID": 545333, "GLOBALID": "{5CDA6F39-4265-36F1-E063-792F520A9410}"}}, {"type": "Feature", "id": 545334, "geometry": {"type": "Point", "coordinates": [-77.01398707161682, 38.90554437361247]}, "properties": {"ENFORCEMENT_SPACE_CODE": "ATE 0124", "SITE_CODE": 1206, "ENFORCEMENT_TYPE": "Speed", "LOCATION_DESCRIPTION": "200 BLK NEW YORK AVE NW E/B", "SPEED_LIMIT": 25, "DEVICE_MOBILITY": null, "CAMERA_STATUS": "Live", "ACTIVE_STATUS": "Active", "CAMERA_LATITUDE": 38.905539999999995, "CAMERA_LONGITUDE": -77.01397999999999, "CAMERA_EASTING": 398787, "CAMERA_NORTHING": 137520, "WARD": "5", "ANC": "5E", "SMD": "5E01", "OBJECTID": 545334, "GLOBALID": "{5CDA6F39-4266-36F1-E063-792F520A9410}"}}, {"type": "Feature", "id": 545335, "geometry": {"type": "Point", "coordinates": [-77.01384824324367, 38.90307610131677]}, "properties": {"ENFORCEMENT_SPACE_CODE": "ATE 0526", "SITE_CODE": 1612, "ENFORCEMENT_TYPE": "Speed", "LOCATION_DESCRIPTION": "1000 BLK NEW JERSEY AVE NW N/B", "SPEED_LIMIT": 25, "DEVICE_MOBILITY": "Portable", "CAMERA_STATUS": "Live", "ACTIVE_STATUS": "Active", "CAMERA_LATITUDE": 38.90307, "CAMERA_LONGITUDE": -77.01384, "CAMERA_EASTING": 398799, "CAMERA_NORTHING": 137246, "WARD": "6", "ANC": "6E", "SMD": "6E03", "OBJECTID": 545335, "GLOBALID": "{5CDA6F39-4267-36F1-E063-792F520A9410}"}}, {"type": "Feature", "id": 545336, "geometry": {"type": "Point", "coordinates": [-77.01210821212013, 38.907796670859256]}, "properties": {"ENFORCEMENT_SPACE_CODE": "ATE 0117", "SITE_CODE": 3603, "ENFORCEMENT_TYPE": "Stop Sign", "LOCATION_DESCRIPTION": "1ST ST S/B @ N ST NW", "SPEED_LIMIT": 25, "DEVICE_MOBILITY": null, "CAMERA_STATUS": "Live", "ACTIVE_STATUS": "Active", "CAMERA_LATITUDE": 38.90779, "CAMERA_LONGITUDE": -77.0121, "CAMERA_EASTING": 398950, "CAMERA_NORTHING": 137770, "WARD": "5", "ANC": "5E", "SMD": "5E01", "OBJECTID": 545336, "GLOBALID": "{5CDA6F39-4268-36F1-E063-792F520A9410}"}}, {"type": "Feature", "id": 545337, "geometry": {"type": "Point", "coordinates": [-77.0118186213311, 38.83005413526412]}, "properties": {"ENFORCEMENT_SPACE_CODE": "ATE 0835", "SITE_CODE": 1833, "ENFORCEMENT_TYPE": "Speed", "LOCATION_DESCRIPTION": "4000 blk MLK Jr Ave SW sw/b", "SPEED_LIMIT": 25, "DEVICE_MOBILITY": null, "CAMERA_STATUS": "Live", "ACTIVE_STATUS": "Active", "CAMERA_LATITUDE": 38.83005, "CAMERA_LONGITUDE": -77.01182, "CAMERA_EASTING": 398974, "CAMERA_NORTHING": 129140, "WARD": "8", "ANC": "8D", "SMD": "8D01", "OBJECTID": 545337, "GLOBALID": "{5CDA6F39-4269-36F1-E063-792F520A9410}"}}, {"type": "Feature", "id": 545338, "geometry": {"type": "Point", "coordinates": [-77.01061980162595, 38.900337898739025]}, "properties": {"ENFORCEMENT_SPACE_CODE": "ATE 0561", "SITE_CODE": 1607, "ENFORCEMENT_TYPE": "Speed", "LOCATION_DESCRIPTION": "UNIT BLK H ST NW W/B", "SPEED_LIMIT": 25, "DEVICE_MOBILITY": null, "CAMERA_STATUS": "Live", "ACTIVE_STATUS": "Active", "CAMERA_LATITUDE": 38.90033, "CAMERA_LONGITUDE": -77.01062, "CAMERA_EASTING": 399079, "CAMERA_NORTHING": 136942, "WARD": "6", "ANC": "6E", "SMD": "6E07", "OBJECTID": 545338, "GLOBALID": "{5CDA6F39-426A-36F1-E063-792F520A9410}"}}, {"type": "Feature", "id": 545339, "geometry": {"type": "Point", "coordinates": [-77.00974587168974, 38.91656200712467]}, "properties": {"ENFORCEMENT_SPACE_CODE": "ATE 0822", "SITE_CODE": 2510, "ENFORCEMENT_TYPE": "Red Light", "LOCATION_DESCRIPTION": "RI Ave e/b @ N Capitol St NW", "SPEED_LIMIT": 25, "DEVICE_MOBILITY": null, "CAMERA_STATUS": "Live", "ACTIVE_STATUS": "Active", "CAMERA_LATITUDE": 38.91655, "CAMERA_LONGITUDE": -77.00974, "CAMERA_EASTING": 399155, "CAMERA_NORTHING": 138743, "WARD": "5", "ANC": "5E", "SMD": "5E04", "OBJECTID": 545339, "GLOBALID": "{5CDA6F39-426B-36F1-E063-792F520A9410}"}}, {"type": "Feature", "id": 545340, "geometry": {"type": "Point", "coordinates": [-77.00917049827147, 38.92566046261885]}, "properties": {"ENFORCEMENT_SPACE_CODE": "ATE 0183", "SITE_CODE": 1513, "ENFORCEMENT_TYPE": "Speed", "LOCATION_DESCRIPTION": "2800 BLK N CAPITOL ST NW S/B", "SPEED_LIMIT": 25, "DEVICE_MOBILITY": null, "CAMERA_STATUS": "Live", "ACTIVE_STATUS": "Active", "CAMERA_LATITUDE": 38.92565, "CAMERA_LONGITUDE": -77.00917, "CAMERA_EASTING": 399205, "CAMERA_NORTHING": 139753, "WARD": "5", "ANC": "5E", "SMD": "5E05", "OBJECTID": 545340, "GLOBALID": "{5CDA6F39-426C-36F1-E063-792F520A9410}"}}, {"type": "Feature", "id": 545341, "geometry": {"type": "Point", "coordinates": [-77.00917049943023, 38.92566947093678]}, "properties": {"ENFORCEMENT_SPACE_CODE": "ATE 0338", "SITE_CODE": 1417, "ENFORCEMENT_TYPE": "Speed", "LOCATION_DESCRIPTION": "5500 BLK NORTH CAPITOL ST NW S/B", "SPEED_LIMIT": 25, "DEVICE_MOBILITY": "Portable", "CAMERA_STATUS": "Live", "ACTIVE_STATUS": "Active", "CAMERA_LATITUDE": 38.92566, "CAMERA_LONGITUDE": -77.00917, "CAMERA_EASTING": 399205, "CAMERA_NORTHING": 139754, "WARD": "5", "ANC": "5E", "SMD": "5E05", "OBJECTID": 545341, "GLOBALID": "{5CDA6F39-426D-36F1-E063-792F520A9410}"}}, {"type": "Feature", "id": 545342, "geometry": {"type": "Point", "coordinates": [-77.00907504711337, 38.900581254686664]}, "properties": {"ENFORCEMENT_SPACE_CODE": "ATE 0472", "SITE_CODE": 2604, "ENFORCEMENT_TYPE": "Red Light", "LOCATION_DESCRIPTION": "N CAPITOL ST S/B @ H ST NW", "SPEED_LIMIT": 25, "DEVICE_MOBILITY": null, "CAMERA_STATUS": "Live", "ACTIVE_STATUS": "Active", "CAMERA_LATITUDE": 38.900569999999995, "CAMERA_LONGITUDE": -77.00907, "CAMERA_EASTING": 399213, "CAMERA_NORTHING": 136969, "WARD": "6", "ANC": "6E", "SMD": "6E07", "OBJECTID": 545342, "GLOBALID": "{5CDA6F39-426E-36F1-E063-792F520A9410}"}}, {"type": "Feature", "id": 545343, "geometry": {"type": "Point", "coordinates": [-77.00895957975351, 38.89911290082628]}, "properties": {"ENFORCEMENT_SPACE_CODE": "ATE 0375", "SITE_CODE": 1611, "ENFORCEMENT_TYPE": "Speed", "LOCATION_DESCRIPTION": "700 BLK N CAPITOL ST NE N/B", "SPEED_LIMIT": 25, "DEVICE_MOBILITY": "Portable", "CAMERA_STATUS": "Live", "ACTIVE_STATUS": "Active", "CAMERA_LATITUDE": 38.899100000000004, "CAMERA_LONGITUDE": -77.00896, "CAMERA_EASTING": 399223, "CAMERA_NORTHING": 136806, "WARD": "6", "ANC": "6E", "SMD": "6E07", "OBJECTID": 545343, "GLOBALID": "{5CDA6F39-426F-36F1-E063-792F520A9410}"}}, {"type": "Feature", "id": 545344, "geometry": {"type": "Point", "coordinates": [-77.00896126062938, 38.912490301797376]}, "properties": {"ENFORCEMENT_SPACE_CODE": "ATE 0094", "SITE_CODE": 1501, "ENFORCEMENT_TYPE": "Speed", "LOCATION_DESCRIPTION": "1700 BLK N CAPITOL ST NE N/B", "SPEED_LIMIT": 25, "DEVICE_MOBILITY": null, "CAMERA_STATUS": "Live", "ACTIVE_STATUS": "Active", "CAMERA_LATITUDE": 38.912479999999995, "CAMERA_LONGITUDE": -77.00896, "CAMERA_EASTING": 399223, "CAMERA_NORTHING": 138291, "WARD": "5", "ANC": "5E", "SMD": "5E02", "OBJECTID": 545344, "GLOBALID": "{5CDA6F39-4270-36F1-E063-792F520A9410}"}}, {"type": "Feature", "id": 545345, "geometry": {"type": "Point", "coordinates": [-77.00896698259648, 38.95799123241649]}, "properties": {"ENFORCEMENT_SPACE_CODE": "ATE 0523", "SITE_CODE": 1421, "ENFORCEMENT_TYPE": "Speed", "LOCATION_DESCRIPTION": "5600 BLK NORTH CAPITOL ST NE N/B", "SPEED_LIMIT": 25, "DEVICE_MOBILITY": "Fixed", "CAMERA_STATUS": "Live", "ACTIVE_STATUS": "Active", "CAMERA_LATITUDE": 38.95798, "CAMERA_LONGITUDE": -77.00896, "CAMERA_EASTING": 399223, "CAMERA_NORTHING": 143342, "WARD": "4", "ANC": "4B", "SMD": "4B08", "OBJECTID": 545345, "GLOBALID": "{5CDA6F39-4271-36F1-E063-792F520A9410}"}}, {"type": "Feature", "id": 545346, "geometry": {"type": "Point", "coordinates": [-77.00895500239118, 38.95446900161415]}, "properties": {"ENFORCEMENT_SPACE_CODE": "ATE 0606", "SITE_CODE": 2402, "ENFORCEMENT_TYPE": "Red Light", "LOCATION_DESCRIPTION": "N CAPITOL ST N/B @ RIGGS RD NE", "SPEED_LIMIT": 50, "DEVICE_MOBILITY": null, "CAMERA_STATUS": "Live", "ACTIVE_STATUS": "Active", "CAMERA_LATITUDE": 38.95446, "CAMERA_LONGITUDE": -77.00895, "CAMERA_EASTING": 399224, "CAMERA_NORTHING": 142951, "WARD": "4", "ANC": "4D", "SMD": "4D08", "OBJECTID": 545346, "GLOBALID": "{5CDA6F39-4272-36F1-E063-792F520A9410}"}}, {"type": "Feature", "id": 545347, "geometry": {"type": "Point", "coordinates": [-77.00893937585607, 38.92186797729805]}, "properties": {"ENFORCEMENT_SPACE_CODE": "ATE 0166", "SITE_CODE": 1532, "ENFORCEMENT_TYPE": "Speed", "LOCATION_DESCRIPTION": "2500 BLK NORTH CAPITOL ST NE N/B", "SPEED_LIMIT": 25, "DEVICE_MOBILITY": null, "CAMERA_STATUS": "Live", "ACTIVE_STATUS": "Active", "CAMERA_LATITUDE": 38.921859999999995, "CAMERA_LONGITUDE": -77.00894, "CAMERA_EASTING": 399225, "CAMERA_NORTHING": 139332, "WARD": "5", "ANC": "5E", "SMD": "5E05", "OBJECTID": 545347, "GLOBALID": "{5CDA6F39-4273-36F1-E063-792F520A9410}"}}, {"type": "Feature", "id": 545348, "geometry": {"type": "Point", "coordinates": [-77.0085455942521, 38.9076618605962]}, "properties": {"ENFORCEMENT_SPACE_CODE": "ATE 0593", "SITE_CODE": 2507, "ENFORCEMENT_TYPE": "Red Light", "LOCATION_DESCRIPTION": "NEW YORK AVE SW/B @ N CAPITOL ST NE", "SPEED_LIMIT": 25, "DEVICE_MOBILITY": null, "CAMERA_STATUS": "Live", "ACTIVE_STATUS": "Active", "CAMERA_LATITUDE": 38.90765, "CAMERA_LONGITUDE": -77.00854, "CAMERA_EASTING": 399259, "CAMERA_NORTHING": 137755, "WARD": "5", "ANC": "5F", "SMD": "5F07", "OBJECTID": 545348, "GLOBALID": "{5CDA6F39-4274-36F1-E063-792F520A9410}"}}, {"type": "Feature", "id": 545349, "geometry": {"type": "Point", "coordinates": [-77.00852253538518, 38.907661862280854]}, "properties": {"ENFORCEMENT_SPACE_CODE": "ATE 0478", "SITE_CODE": 1526, "ENFORCEMENT_TYPE": "Speed", "LOCATION_DESCRIPTION": "NEW YORK AVE SW/B @ N CAPITOL ST NE", "SPEED_LIMIT": 25, "DEVICE_MOBILITY": null, "CAMERA_STATUS": "Live", "ACTIVE_STATUS": "Active", "CAMERA_LATITUDE": 38.90765, "CAMERA_LONGITUDE": -77.00851999999999, "CAMERA_EASTING": 399261, "CAMERA_NORTHING": 137755, "WARD": "5", "ANC": "5F", "SMD": "5F07", "OBJECTID": 545349, "GLOBALID": "{5CDA6F39-4275-36F1-E063-792F520A9410}"}}, {"type": "Feature", "id": 545350, "geometry": {"type": "Point", "coordinates": [-77.00804217507259, 38.94202863431534]}, "properties": {"ENFORCEMENT_SPACE_CODE": "ATE 0605", "SITE_CODE": 2504, "ENFORCEMENT_TYPE": "Red Light", "LOCATION_DESCRIPTION": "N CAPITOL ST N/B @ HAREWOOD RD NE", "SPEED_LIMIT": 40, "DEVICE_MOBILITY": null, "CAMERA_STATUS": "Live", "ACTIVE_STATUS": "Active", "CAMERA_LATITUDE": 38.94202, "CAMERA_LONGITUDE": -77.00804, "CAMERA_EASTING": 399303, "CAMERA_NORTHING": 141570, "WARD": "5", "ANC": "5A", "SMD": "5A04", "OBJECTID": 545350, "GLOBALID": "{5CDA6F39-4276-36F1-E063-792F520A9410}"}}, {"type": "Feature", "id": 545351, "geometry": {"type": "Point", "coordinates": [-77.0079600689118, 38.92984040927961]}, "properties": {"ENFORCEMENT_SPACE_CODE": "ATE 0199", "SITE_CODE": 1606, "ENFORCEMENT_TYPE": "Speed", "LOCATION_DESCRIPTION": "3000 BLK N CAPITOL ST NW S/B", "SPEED_LIMIT": 40, "DEVICE_MOBILITY": null, "CAMERA_STATUS": "Live", "ACTIVE_STATUS": "Active", "CAMERA_LATITUDE": 38.929829999999995, "CAMERA_LONGITUDE": -77.00796, "CAMERA_EASTING": 399310, "CAMERA_NORTHING": 140217, "WARD": "5", "ANC": "5A", "SMD": "5A04", "OBJECTID": 545351, "GLOBALID": "{5CDA6F39-4277-36F1-E063-792F520A9410}"}}, {"type": "Feature", "id": 545352, "geometry": {"type": "Point", "coordinates": [-77.0077413369546, 38.82727986873001]}, "properties": {"ENFORCEMENT_SPACE_CODE": "ATE 0284", "SITE_CODE": 1803, "ENFORCEMENT_TYPE": "Speed", "LOCATION_DESCRIPTION": "4300 BLK SOUTH CAPITOL ST SW S/B", "SPEED_LIMIT": 30, "DEVICE_MOBILITY": null, "CAMERA_STATUS": "Live", "ACTIVE_STATUS": "Active", "CAMERA_LATITUDE": 38.82727, "CAMERA_LONGITUDE": -77.00774, "CAMERA_EASTING": 399328, "CAMERA_NORTHING": 128832, "WARD": "8", "ANC": "8D", "SMD": "8D06", "OBJECTID": 545352, "GLOBALID": "{5CDA6F39-4278-36F1-E063-792F520A9410}"}}, {"type": "Feature", "id": 545353, "geometry": {"type": "Point", "coordinates": [-77.00706300151383, 38.95515375960559]}, "properties": {"ENFORCEMENT_SPACE_CODE": "ATE 0516", "SITE_CODE": 1558, "ENFORCEMENT_TYPE": "Speed", "LOCATION_DESCRIPTION": "UNIT BLK RIGGS RD NE NE/B", "SPEED_LIMIT": 25, "DEVICE_MOBILITY": "Portable", "CAMERA_STATUS": "Live", "ACTIVE_STATUS": "Active", "CAMERA_LATITUDE": 38.955149999999996, "CAMERA_LONGITUDE": -77.00706, "CAMERA_EASTING": 399388, "CAMERA_NORTHING": 143027, "WARD": "4", "ANC": "4B", "SMD": "4B08", "OBJECTID": 545353, "GLOBALID": "{5CDA6F39-4279-36F1-E063-792F520A9410}"}}, {"type": "Feature", "id": 545354, "geometry": {"type": "Point", "coordinates": [-77.00624395825257, 38.82454138289188]}, "properties": {"ENFORCEMENT_SPACE_CODE": "ATE 0541", "SITE_CODE": 1824, "ENFORCEMENT_TYPE": "Speed", "LOCATION_DESCRIPTION": "4500 BLK SOUTH CAPITOL ST SE N/B", "SPEED_LIMIT": 25, "DEVICE_MOBILITY": "Portable", "CAMERA_STATUS": "Live", "ACTIVE_STATUS": "Active", "CAMERA_LATITUDE": 38.82454, "CAMERA_LONGITUDE": -77.00625, "CAMERA_EASTING": 399458, "CAMERA_NORTHING": 128528, "WARD": "8", "ANC": "8D", "SMD": "8D05", "OBJECTID": 545354, "GLOBALID": "{5CDA6F39-427A-36F1-E063-792F520A9410}"}}, {"type": "Feature", "id": 545355, "geometry": {"type": "Point", "coordinates": [-77.00595595197457, 38.96129745574848]}, "properties": {"ENFORCEMENT_SPACE_CODE": "ATE 0345", "SITE_CODE": 1409, "ENFORCEMENT_TYPE": "Speed", "LOCATION_DESCRIPTION": "5800 BLK NEW HAMPSHIRE AVE NE SW/B", "SPEED_LIMIT": 25, "DEVICE_MOBILITY": null, "CAMERA_STATUS": "Live", "ACTIVE_STATUS": "Active", "CAMERA_LATITUDE": 38.96129, "CAMERA_LONGITUDE": -77.00595, "CAMERA_EASTING": 399484, "CAMERA_NORTHING": 143709, "WARD": "4", "ANC": "4B", "SMD": "4B06", "OBJECTID": 545355, "GLOBALID": "{5CDA6F39-427B-36F1-E063-792F520A9410}"}}, {"type": "Feature", "id": 545356, "geometry": {"type": "Point", "coordinates": [-77.00549534109345, 38.82355048831531]}, "properties": {"ENFORCEMENT_SPACE_CODE": "ATE 0542", "SITE_CODE": 1825, "ENFORCEMENT_TYPE": "Speed", "LOCATION_DESCRIPTION": "4600 BLK SOUTH CAPITOL ST SW S/B", "SPEED_LIMIT": 30, "DEVICE_MOBILITY": "Portable", "CAMERA_STATUS": "Live", "ACTIVE_STATUS": "Active", "CAMERA_LATITUDE": 38.82355, "CAMERA_LONGITUDE": -77.00549, "CAMERA_EASTING": 399523, "CAMERA_NORTHING": 128418, "WARD": "8", "ANC": "8D", "SMD": "8D03", "OBJECTID": 545356, "GLOBALID": "{5CDA6F39-427C-36F1-E063-792F520A9410}"}}, {"type": "Feature", "id": 545357, "geometry": {"type": "Point", "coordinates": [-77.00438642624955, 38.955730419774774]}, "properties": {"ENFORCEMENT_SPACE_CODE": "ATE 0127", "SITE_CODE": 1404, "ENFORCEMENT_TYPE": "Speed", "LOCATION_DESCRIPTION": "200 BLK RIGGS RD NE E/B", "SPEED_LIMIT": 25, "DEVICE_MOBILITY": null, "CAMERA_STATUS": "Live", "ACTIVE_STATUS": "Active", "CAMERA_LATITUDE": 38.95572, "CAMERA_LONGITUDE": -77.00438, "CAMERA_EASTING": 399620, "CAMERA_NORTHING": 143091, "WARD": "4", "ANC": "4B", "SMD": "4B08", "OBJECTID": 545357, "GLOBALID": "{5CDA6F39-427D-36F1-E063-792F520A9410}"}}, {"type": "Feature", "id": 545358, "geometry": {"type": "Point", "coordinates": [-77.00437147533714, 38.90009507403326]}, "properties": {"ENFORCEMENT_SPACE_CODE": "ATE 0121", "SITE_CODE": 1603, "ENFORCEMENT_TYPE": "Speed", "LOCATION_DESCRIPTION": "200 BLK H ST NE E/B", "SPEED_LIMIT": 25, "DEVICE_MOBILITY": null, "CAMERA_STATUS": "Live", "ACTIVE_STATUS": "Active", "CAMERA_LATITUDE": 38.900079999999996, "CAMERA_LONGITUDE": -77.00437, "CAMERA_EASTING": 399621, "CAMERA_NORTHING": 136915, "WARD": "6", "ANC": "6C", "SMD": "6C04", "OBJECTID": 545358, "GLOBALID": "{5CDA6F39-427E-36F1-E063-792F520A9410}"}}, {"type": "Feature", "id": 545359, "geometry": {"type": "Point", "coordinates": [-77.0043028518881, 38.90913946280807]}, "properties": {"ENFORCEMENT_SPACE_CODE": "ATE 0479", "SITE_CODE": 2505, "ENFORCEMENT_TYPE": "Red Light", "LOCATION_DESCRIPTION": "NEW YORK AVE W/B @ FLORIDA AVE NE", "SPEED_LIMIT": 30, "DEVICE_MOBILITY": null, "CAMERA_STATUS": "Live", "ACTIVE_STATUS": "Active", "CAMERA_LATITUDE": 38.90913, "CAMERA_LONGITUDE": -77.00430999999999, "CAMERA_EASTING": 399627, "CAMERA_NORTHING": 137919, "WARD": "5", "ANC": "5D", "SMD": "5D01", "OBJECTID": 545359, "GLOBALID": "{5CDA6F39-427F-36F1-E063-792F520A9410}"}}, {"type": "Feature", "id": 545360, "geometry": {"type": "Point", "coordinates": [-77.00166365636548, 38.9562169366177]}, "properties": {"ENFORCEMENT_SPACE_CODE": "ATE 0833", "SITE_CODE": 1423, "ENFORCEMENT_TYPE": "Speed", "LOCATION_DESCRIPTION": "5500 blk S Dakota Ave NE se/b", "SPEED_LIMIT": 25, "DEVICE_MOBILITY": null, "CAMERA_STATUS": "Live", "ACTIVE_STATUS": "Active", "CAMERA_LATITUDE": 38.95621, "CAMERA_LONGITUDE": -77.00166, "CAMERA_EASTING": 399856, "CAMERA_NORTHING": 143145, "WARD": "4", "ANC": "4B", "SMD": "4B09", "OBJECTID": 545360, "GLOBALID": "{5CDA6F39-4280-36F1-E063-792F520A9410}"}}, {"type": "Feature", "id": 545361, "geometry": {"type": "Point", "coordinates": [-77.00065872997428, 38.828676436503684]}, "properties": {"ENFORCEMENT_SPACE_CODE": "ATE 0324", "SITE_CODE": 3807, "ENFORCEMENT_TYPE": "Stop Sign", "LOCATION_DESCRIPTION": "4TH ST N/B @ CHESAPEAKE ST SE", "SPEED_LIMIT": 25, "DEVICE_MOBILITY": null, "CAMERA_STATUS": "Live", "ACTIVE_STATUS": "Active", "CAMERA_LATITUDE": 38.828669999999995, "CAMERA_LONGITUDE": -77.00065, "CAMERA_EASTING": 399943, "CAMERA_NORTHING": 128987, "WARD": "8", "ANC": "8D", "SMD": "8D03", "OBJECTID": 545361, "GLOBALID": "{5CDA6F39-4281-36F1-E063-792F520A9410}"}}, {"type": "Feature", "id": 545362, "geometry": {"type": "Point", "coordinates": [-76.99970232272999, 38.95495579081873]}, "properties": {"ENFORCEMENT_SPACE_CODE": "ATE 0335", "SITE_CODE": 1539, "ENFORCEMENT_TYPE": "Speed", "LOCATION_DESCRIPTION": "5400 BLK S DAKOTA AVE NE NW/B", "SPEED_LIMIT": 25, "DEVICE_MOBILITY": "Fixed", "CAMERA_STATUS": "Live", "ACTIVE_STATUS": "Active", "CAMERA_LATITUDE": 38.95495, "CAMERA_LONGITUDE": -76.9997, "CAMERA_EASTING": 400026, "CAMERA_NORTHING": 143005, "WARD": "5", "ANC": "5A", "SMD": "5A01", "OBJECTID": 545362, "GLOBALID": "{5CDA6F39-4282-36F1-E063-792F520A9410}"}}, {"type": "Feature", "id": 545363, "geometry": {"type": "Point", "coordinates": [-76.9988270306507, 38.86204370991491]}, "properties": {"ENFORCEMENT_SPACE_CODE": "ATE 0161", "SITE_CODE": 1816, "ENFORCEMENT_TYPE": "Speed", "LOCATION_DESCRIPTION": "2500 BLK FIRTH STERLING AVE SE W/B", "SPEED_LIMIT": 25, "DEVICE_MOBILITY": "Fixed", "CAMERA_STATUS": "Live", "ACTIVE_STATUS": "Active", "CAMERA_LATITUDE": 38.86204, "CAMERA_LONGITUDE": -76.99882, "CAMERA_EASTING": 400102, "CAMERA_NORTHING": 132691, "WARD": "8", "ANC": "8C", "SMD": "8C01", "OBJECTID": 545363, "GLOBALID": "{5CDA6F39-4283-36F1-E063-792F520A9410}"}}, {"type": "Feature", "id": 545364, "geometry": {"type": "Point", "coordinates": [-76.99696205023015, 38.82456853597674]}, "properties": {"ENFORCEMENT_SPACE_CODE": "ATE 0363", "SITE_CODE": 1817, "ENFORCEMENT_TYPE": "Speed", "LOCATION_DESCRIPTION": "600 BLK SOUTHERN AVE SE NE/B", "SPEED_LIMIT": 30, "DEVICE_MOBILITY": "Fixed", "CAMERA_STATUS": "Live", "ACTIVE_STATUS": "Active", "CAMERA_LATITUDE": 38.82456, "CAMERA_LONGITUDE": -76.99696, "CAMERA_EASTING": 400264, "CAMERA_NORTHING": 128531, "WARD": "8", "ANC": "8E", "SMD": "8E09", "OBJECTID": 545364, "GLOBALID": "{5CDA6F39-4284-36F1-E063-792F520A9410}"}}, {"type": "Feature", "id": 545365, "geometry": {"type": "Point", "coordinates": [-76.99533258117951, 38.91197707705376]}, "properties": {"ENFORCEMENT_SPACE_CODE": "ATE 0357", "SITE_CODE": 1523, "ENFORCEMENT_TYPE": "Speed", "LOCATION_DESCRIPTION": "600 BLK NEW YORK AVE NE E/B", "SPEED_LIMIT": 35, "DEVICE_MOBILITY": null, "CAMERA_STATUS": "Live", "ACTIVE_STATUS": "Active", "CAMERA_LATITUDE": 38.91197, "CAMERA_LONGITUDE": -76.99533, "CAMERA_EASTING": 400405, "CAMERA_NORTHING": 138234, "WARD": "5", "ANC": "5D", "SMD": "5D01", "OBJECTID": 545365, "GLOBALID": "{5CDA6F39-4285-36F1-E063-792F520A9410}"}}, {"type": "Feature", "id": 545366, "geometry": {"type": "Point", "coordinates": [-76.99531391599926, 38.845053718598216]}, "properties": {"ENFORCEMENT_SPACE_CODE": "ATE 0459", "SITE_CODE": 3806, "ENFORCEMENT_TYPE": "Stop Sign", "LOCATION_DESCRIPTION": "MALCOLM X AVE W/B @ 7TH ST SE", "SPEED_LIMIT": 30, "DEVICE_MOBILITY": null, "CAMERA_STATUS": "Live", "ACTIVE_STATUS": "Active", "CAMERA_LATITUDE": 38.84504, "CAMERA_LONGITUDE": -76.99531999999999, "CAMERA_EASTING": 400407, "CAMERA_NORTHING": 130805, "WARD": "8", "ANC": "8C", "SMD": "8C03", "OBJECTID": 545366, "GLOBALID": "{5CDA6F39-4286-36F1-E063-792F520A9410}"}}, {"type": "Feature", "id": 545367, "geometry": {"type": "Point", "coordinates": [-76.99486856357458, 38.95108212218485]}, "properties": {"ENFORCEMENT_SPACE_CODE": "ATE 0525", "SITE_CODE": 1538, "ENFORCEMENT_TYPE": "Speed", "LOCATION_DESCRIPTION": "5100 BLK S DAKOTA AVE NE SE/B", "SPEED_LIMIT": 25, "DEVICE_MOBILITY": "Fixed", "CAMERA_STATUS": "Live", "ACTIVE_STATUS": "Active", "CAMERA_LATITUDE": 38.95107, "CAMERA_LONGITUDE": -76.99486999999999, "CAMERA_EASTING": 400445, "CAMERA_NORTHING": 142575, "WARD": "5", "ANC": "5A", "SMD": "5A08", "OBJECTID": 545367, "GLOBALID": "{5CDA6F39-4287-36F1-E063-792F520A9410}"}}, {"type": "Feature", "id": 545368, "geometry": {"type": "Point", "coordinates": [-76.99431788157978, 38.91258059093241]}, "properties": {"ENFORCEMENT_SPACE_CODE": "ATE 0360", "SITE_CODE": 1525, "ENFORCEMENT_TYPE": "Speed", "LOCATION_DESCRIPTION": "600 BLK NEW YORK AVE NE W/B", "SPEED_LIMIT": 35, "DEVICE_MOBILITY": "Fixed", "CAMERA_STATUS": "Live", "ACTIVE_STATUS": "Active", "CAMERA_LATITUDE": 38.912569999999995, "CAMERA_LONGITUDE": -76.99432, "CAMERA_EASTING": 400493, "CAMERA_NORTHING": 138301, "WARD": "5", "ANC": "5D", "SMD": "5D01", "OBJECTID": 545368, "GLOBALID": "{5CDA6F39-4288-36F1-E063-792F520A9410}"}}, {"type": "Feature", "id": 545369, "geometry": {"type": "Point", "coordinates": [-76.99424133692564, 38.86095355501103]}, "properties": {"ENFORCEMENT_SPACE_CODE": "ATE 0164", "SITE_CODE": 1811, "ENFORCEMENT_TYPE": "Speed", "LOCATION_DESCRIPTION": "2500 BLK MARTIN LUTHER KING AVE SE n/b", "SPEED_LIMIT": 25, "DEVICE_MOBILITY": null, "CAMERA_STATUS": "Live", "ACTIVE_STATUS": "Active", "CAMERA_LATITUDE": 38.860949999999995, "CAMERA_LONGITUDE": -76.99423999999999, "CAMERA_EASTING": 400500, "CAMERA_NORTHING": 132570, "WARD": "8", "ANC": "8C", "SMD": "8C01", "OBJECTID": 545369, "GLOBALID": "{5CDA6F39-4289-36F1-E063-792F520A9410}"}}, {"type": "Feature", "id": 545370, "geometry": {"type": "Point", "coordinates": [-76.99348682352016, 38.922237479268375]}, "properties": {"ENFORCEMENT_SPACE_CODE": "ATE 0701", "SITE_CODE": 2506, "ENFORCEMENT_TYPE": "Red Light", "LOCATION_DESCRIPTION": "RHODE ISLAND AVE SW/B @ REED ST NE", "SPEED_LIMIT": 30, "DEVICE_MOBILITY": null, "CAMERA_STATUS": "Live", "ACTIVE_STATUS": "Active", "CAMERA_LATITUDE": 38.92223, "CAMERA_LONGITUDE": -76.99349, "CAMERA_EASTING": 400565, "CAMERA_NORTHING": 139373, "WARD": "5", "ANC": "5B", "SMD": "5B04", "OBJECTID": 545370, "GLOBALID": "{5CDA6F39-428A-36F1-E063-792F520A9410}"}}, {"type": "Feature", "id": 545371, "geometry": {"type": "Point", "coordinates": [-76.99333128023221, 38.85910677996022]}, "properties": {"ENFORCEMENT_SPACE_CODE": "ATE 0168", "SITE_CODE": 1821, "ENFORCEMENT_TYPE": "Speed", "LOCATION_DESCRIPTION": "2500 BLK SHERIDAN ROAD SE N/B", "SPEED_LIMIT": 20, "DEVICE_MOBILITY": "Portable", "CAMERA_STATUS": "Live", "ACTIVE_STATUS": "Active", "CAMERA_LATITUDE": 38.859100000000005, "CAMERA_LONGITUDE": -76.99333, "CAMERA_EASTING": 400579, "CAMERA_NORTHING": 132365, "WARD": "8", "ANC": "8B", "SMD": "8B04", "OBJECTID": 545371, "GLOBALID": "{5CDA6F39-428B-36F1-E063-792F520A9410}"}}, {"type": "Feature", "id": 545372, "geometry": {"type": "Point", "coordinates": [-76.99210792237947, 38.87782617926039]}, "properties": {"ENFORCEMENT_SPACE_CODE": "ATE 0444", "SITE_CODE": 2601, "ENFORCEMENT_TYPE": "Red Light", "LOCATION_DESCRIPTION": "I-695 OFF RAMP E/B @ 11TH ST SE", "SPEED_LIMIT": 35, "DEVICE_MOBILITY": null, "CAMERA_STATUS": "Live", "ACTIVE_STATUS": "Active", "CAMERA_LATITUDE": 38.87782, "CAMERA_LONGITUDE": -76.99210000000001, "CAMERA_EASTING": 400685, "CAMERA_NORTHING": 134443, "WARD": "6", "ANC": "6B", "SMD": "6B01", "OBJECTID": 545372, "GLOBALID": "{5CDA6F39-428C-36F1-E063-792F520A9410}"}}, {"type": "Feature", "id": 545373, "geometry": {"type": "Point", "coordinates": [-76.99165731160394, 38.887672315752276]}, "properties": {"ENFORCEMENT_SPACE_CODE": "ATE 0800", "SITE_CODE": 7602, "ENFORCEMENT_TYPE": "Truck Restriction", "LOCATION_DESCRIPTION": "1100 BLK INDEPENDENCE AVE SE E/B", "SPEED_LIMIT": 25, "DEVICE_MOBILITY": null, "CAMERA_STATUS": "Live", "ACTIVE_STATUS": "Active", "CAMERA_LATITUDE": 38.88766, "CAMERA_LONGITUDE": -76.99164999999999, "CAMERA_EASTING": 400724, "CAMERA_NORTHING": 135536, "WARD": "6", "ANC": "6B", "SMD": "6B05", "OBJECTID": 545373, "GLOBALID": "{5CDA6F39-428D-36F1-E063-792F520A9410}"}}, {"type": "Feature", "id": 545374, "geometry": {"type": "Point", "coordinates": [-76.99120207465587, 38.9340292124534]}, "properties": {"ENFORCEMENT_SPACE_CODE": "ATE 0035", "SITE_CODE": 3504, "ENFORCEMENT_TYPE": "Stop Sign", "LOCATION_DESCRIPTION": "12TH ST N/B @ OTIS ST NE", "SPEED_LIMIT": 25, "DEVICE_MOBILITY": null, "CAMERA_STATUS": "Live", "ACTIVE_STATUS": "Active", "CAMERA_LATITUDE": 38.93402, "CAMERA_LONGITUDE": -76.9912, "CAMERA_EASTING": 400763, "CAMERA_NORTHING": 140682, "WARD": "5", "ANC": "5B", "SMD": "5B02", "OBJECTID": 545374, "GLOBALID": "{5CDA6F39-428E-36F1-E063-792F520A9410}"}}, {"type": "Feature", "id": 545375, "geometry": {"type": "Point", "coordinates": [-76.99119154880543, 38.83248668711817]}, "properties": {"ENFORCEMENT_SPACE_CODE": "ATE 0387", "SITE_CODE": 3809, "ENFORCEMENT_TYPE": "Stop Sign", "LOCATION_DESCRIPTION": "9TH ST SE/B @ BARNABY ST SE", "SPEED_LIMIT": 20, "DEVICE_MOBILITY": null, "CAMERA_STATUS": "Live", "ACTIVE_STATUS": "Active", "CAMERA_LATITUDE": 38.83248, "CAMERA_LONGITUDE": -76.99119, "CAMERA_EASTING": 400765, "CAMERA_NORTHING": 129410, "WARD": "8", "ANC": "8E", "SMD": "8E06", "OBJECTID": 545375, "GLOBALID": "{5CDA6F39-428F-36F1-E063-792F520A9410}"}}, {"type": "Feature", "id": 545376, "geometry": {"type": "Point", "coordinates": [-76.99115311934197, 38.95676611808184]}, "properties": {"ENFORCEMENT_SPACE_CODE": "ATE 0333", "SITE_CODE": 1508, "ENFORCEMENT_TYPE": "Speed", "LOCATION_DESCRIPTION": "5300 BLK EASTERN AVE NE SE/B", "SPEED_LIMIT": 25, "DEVICE_MOBILITY": null, "CAMERA_STATUS": "Live", "ACTIVE_STATUS": "Active", "CAMERA_LATITUDE": 38.956759999999996, "CAMERA_LONGITUDE": -76.99114999999999, "CAMERA_EASTING": 400767, "CAMERA_NORTHING": 143206, "WARD": "5", "ANC": "5A", "SMD": "5A01", "OBJECTID": 545376, "GLOBALID": "{5CDA6F39-4290-36F1-E063-792F520A9410}"}}, {"type": "Feature", "id": 545377, "geometry": {"type": "Point", "coordinates": [-76.9903043519435, 38.92001220218232]}, "properties": {"ENFORCEMENT_SPACE_CODE": "ATE 0828", "SITE_CODE": 1567, "ENFORCEMENT_TYPE": "Speed", "LOCATION_DESCRIPTION": "1100 blk\u00a0 Brentwood\u00a0 Rd NE n/b", "SPEED_LIMIT": 25, "DEVICE_MOBILITY": null, "CAMERA_STATUS": "Live", "ACTIVE_STATUS": "Active", "CAMERA_LATITUDE": 38.92, "CAMERA_LONGITUDE": -76.9903, "CAMERA_EASTING": 400841, "CAMERA_NORTHING": 139126, "WARD": "5", "ANC": "5C", "SMD": "5C05", "OBJECTID": 545377, "GLOBALID": "{5CDA6F39-4291-36F1-E063-792F520A9410}"}}, {"type": "Feature", "id": 545378, "geometry": {"type": "Point", "coordinates": [-76.9901056660316, 38.939127822311555]}, "properties": {"ENFORCEMENT_SPACE_CODE": "ATE 0564", "SITE_CODE": 7501, "ENFORCEMENT_TYPE": "Truck Restriction", "LOCATION_DESCRIPTION": "4000 BLK 12TH ST NE N/B", "SPEED_LIMIT": 25, "DEVICE_MOBILITY": null, "CAMERA_STATUS": "Live", "ACTIVE_STATUS": "Active", "CAMERA_LATITUDE": 38.939119999999996, "CAMERA_LONGITUDE": -76.9901, "CAMERA_EASTING": 400858, "CAMERA_NORTHING": 141248, "WARD": "5", "ANC": "5B", "SMD": "5B05", "OBJECTID": 545378, "GLOBALID": "{5CDA6F39-4292-36F1-E063-792F520A9410}"}}, {"type": "Feature", "id": 545379, "geometry": {"type": "Point", "coordinates": [-76.98981611683429, 38.94743343892855]}, "properties": {"ENFORCEMENT_SPACE_CODE": "ATE 0313", "SITE_CODE": 1507, "ENFORCEMENT_TYPE": "Speed", "LOCATION_DESCRIPTION": "4800 BLK S DAKOTA AVE NE NW/B", "SPEED_LIMIT": 25, "DEVICE_MOBILITY": null, "CAMERA_STATUS": "Live", "ACTIVE_STATUS": "Active", "CAMERA_LATITUDE": 38.94743, "CAMERA_LONGITUDE": -76.98980999999999, "CAMERA_EASTING": 400883, "CAMERA_NORTHING": 142170, "WARD": "5", "ANC": "5A", "SMD": "5A02", "OBJECTID": 545379, "GLOBALID": "{5CDA6F39-4293-36F1-E063-792F520A9410}"}}, {"type": "Feature", "id": 545380, "geometry": {"type": "Point", "coordinates": [-76.98757523578303, 38.83181072346261]}, "properties": {"ENFORCEMENT_SPACE_CODE": "ATE 0820", "SITE_CODE": 2803, "ENFORCEMENT_TYPE": "Red Light", "LOCATION_DESCRIPTION": "Southern Ave ne/b @ Wheeler Rd SE", "SPEED_LIMIT": 30, "DEVICE_MOBILITY": null, "CAMERA_STATUS": "Live", "ACTIVE_STATUS": "Active", "CAMERA_LATITUDE": 38.8318, "CAMERA_LONGITUDE": -76.98756999999999, "CAMERA_EASTING": 401079, "CAMERA_NORTHING": 129335, "WARD": "8", "ANC": "8E", "SMD": "8E06", "OBJECTID": 545380, "GLOBALID": "{5CDA6F39-4294-36F1-E063-792F520A9410}"}}, {"type": "Feature", "id": 545381, "geometry": {"type": "Point", "coordinates": [-76.98742499321338, 38.90016654621321]}, "properties": {"ENFORCEMENT_SPACE_CODE": "ATE 0040", "SITE_CODE": 1602, "ENFORCEMENT_TYPE": "Speed", "LOCATION_DESCRIPTION": "1300 BLK H ST NE E/B", "SPEED_LIMIT": 25, "DEVICE_MOBILITY": null, "CAMERA_STATUS": "Live", "ACTIVE_STATUS": "Active", "CAMERA_LATITUDE": 38.90016, "CAMERA_LONGITUDE": -76.98742, "CAMERA_EASTING": 401091, "CAMERA_NORTHING": 136923, "WARD": "6", "ANC": "6A", "SMD": "6A01", "OBJECTID": 545381, "GLOBALID": "{5CDA6F39-4295-36F1-E063-792F520A9410}"}}, {"type": "Feature", "id": 545382, "geometry": {"type": "Point", "coordinates": [-76.98710952227975, 38.85965577277311]}, "properties": {"ENFORCEMENT_SPACE_CODE": "ATE 0560", "SITE_CODE": 1820, "ENFORCEMENT_TYPE": "Speed", "LOCATION_DESCRIPTION": "1400 BLK MORRIS RD SE SE/B", "SPEED_LIMIT": 20, "DEVICE_MOBILITY": null, "CAMERA_STATUS": "Warning", "ACTIVE_STATUS": "Active", "CAMERA_LATITUDE": 38.859649999999995, "CAMERA_LONGITUDE": -76.98711, "CAMERA_EASTING": 401119, "CAMERA_NORTHING": 132426, "WARD": "8", "ANC": "8A", "SMD": "8A04", "OBJECTID": 545382, "GLOBALID": "{5CDA6F39-4296-36F1-E063-792F520A9410}"}}, {"type": "Feature", "id": 545383, "geometry": {"type": "Point", "coordinates": [-76.9868671929418, 38.92431784535997]}, "properties": {"ENFORCEMENT_SPACE_CODE": "ATE 0045", "SITE_CODE": 1534, "ENFORCEMENT_TYPE": "Speed", "LOCATION_DESCRIPTION": "1300 BLK RHODE ISLAND AVE NE W/B", "SPEED_LIMIT": 25, "DEVICE_MOBILITY": "Fixed", "CAMERA_STATUS": "Live", "ACTIVE_STATUS": "Active", "CAMERA_LATITUDE": 38.92431, "CAMERA_LONGITUDE": -76.98687, "CAMERA_EASTING": 401139, "CAMERA_NORTHING": 139604, "WARD": "5", "ANC": "5B", "SMD": "5B03", "OBJECTID": 545383, "GLOBALID": "{5CDA6F39-4297-36F1-E063-792F520A9410}"}}, {"type": "Feature", "id": 545384, "geometry": {"type": "Point", "coordinates": [-76.98650973451156, 38.92411962159843]}, "properties": {"ENFORCEMENT_SPACE_CODE": "ATE 0044", "SITE_CODE": 1533, "ENFORCEMENT_TYPE": "Speed", "LOCATION_DESCRIPTION": "1300 BLK RHODE ISLAND AVE NE E/B", "SPEED_LIMIT": 25, "DEVICE_MOBILITY": "Fixed", "CAMERA_STATUS": "Live", "ACTIVE_STATUS": "Active", "CAMERA_LATITUDE": 38.92411, "CAMERA_LONGITUDE": -76.98651, "CAMERA_EASTING": 401170, "CAMERA_NORTHING": 139582, "WARD": "5", "ANC": "5B", "SMD": "5B03", "OBJECTID": 545384, "GLOBALID": "{5CDA6F39-4298-36F1-E063-792F520A9410}"}}, {"type": "Feature", "id": 545385, "geometry": {"type": "Point", "coordinates": [-76.9861541612084, 38.85481813817135]}, "properties": {"ENFORCEMENT_SPACE_CODE": "ATE 0505", "SITE_CODE": 3808, "ENFORCEMENT_TYPE": "Stop Sign", "LOCATION_DESCRIPTION": "STANTON RD S/B @ ELVANS RD SE", "SPEED_LIMIT": 25, "DEVICE_MOBILITY": null, "CAMERA_STATUS": "Live", "ACTIVE_STATUS": "Active", "CAMERA_LATITUDE": 38.85481, "CAMERA_LONGITUDE": -76.98615, "CAMERA_EASTING": 401202, "CAMERA_NORTHING": 131889, "WARD": "8", "ANC": "8B", "SMD": "8B04", "OBJECTID": 545385, "GLOBALID": "{5CDA6F39-4299-36F1-E063-792F520A9410}"}}, {"type": "Feature", "id": 545386, "geometry": {"type": "Point", "coordinates": [-76.98602534772023, 38.92431774773902]}, "properties": {"ENFORCEMENT_SPACE_CODE": "ATE 0814", "SITE_CODE": 2511, "ENFORCEMENT_TYPE": "Red Light", "LOCATION_DESCRIPTION": "Rhode Island Ave ne/b @ Montana Ave NE", "SPEED_LIMIT": 30, "DEVICE_MOBILITY": null, "CAMERA_STATUS": "Live", "ACTIVE_STATUS": "Active", "CAMERA_LATITUDE": 38.92431, "CAMERA_LONGITUDE": -76.98603, "CAMERA_EASTING": 401212, "CAMERA_NORTHING": 139604, "WARD": "5", "ANC": "5B", "SMD": "5B03", "OBJECTID": 545386, "GLOBALID": "{5CDA6F39-429A-36F1-E063-792F520A9410}"}}, {"type": "Feature", "id": 545387, "geometry": {"type": "Point", "coordinates": [-76.98268289910058, 38.91662418918303]}, "properties": {"ENFORCEMENT_SPACE_CODE": "ATE 0554", "SITE_CODE": 1546, "ENFORCEMENT_TYPE": "Speed", "LOCATION_DESCRIPTION": "1500 BLK NEW YORK AVE NE SW/B", "SPEED_LIMIT": 35, "DEVICE_MOBILITY": "Fixed", "CAMERA_STATUS": "Live", "ACTIVE_STATUS": "Active", "CAMERA_LATITUDE": 38.91662, "CAMERA_LONGITUDE": -76.98268, "CAMERA_EASTING": 401502, "CAMERA_NORTHING": 138750, "WARD": "5", "ANC": "5D", "SMD": "5D02", "OBJECTID": 545387, "GLOBALID": "{5CDA6F39-429B-36F1-E063-792F520A9410}"}}, {"type": "Feature", "id": 545388, "geometry": {"type": "Point", "coordinates": [-76.98262903826028, 38.85370062146174]}, "properties": {"ENFORCEMENT_SPACE_CODE": "ATE 0508", "SITE_CODE": 1805, "ENFORCEMENT_TYPE": "Speed", "LOCATION_DESCRIPTION": "SUITLAND PKWY W/B @ STANTON RD SE", "SPEED_LIMIT": 35, "DEVICE_MOBILITY": null, "CAMERA_STATUS": "Live", "ACTIVE_STATUS": "Active", "CAMERA_LATITUDE": 38.8537, "CAMERA_LONGITUDE": -76.98263, "CAMERA_EASTING": 401508, "CAMERA_NORTHING": 131765, "WARD": "8", "ANC": "8B", "SMD": "8B03", "OBJECTID": 545388, "GLOBALID": "{5CDA6F39-429C-36F1-E063-792F520A9410}"}}, {"type": "Feature", "id": 545389, "geometry": {"type": "Point", "coordinates": [-76.9826059746394, 38.901075772489456]}, "properties": {"ENFORCEMENT_SPACE_CODE": "ATE 0549", "SITE_CODE": 1541, "ENFORCEMENT_TYPE": "Speed", "LOCATION_DESCRIPTION": "800 BLK BLADENSBURG RD NE N/B", "SPEED_LIMIT": 25, "DEVICE_MOBILITY": "Fixed", "CAMERA_STATUS": "Live", "ACTIVE_STATUS": "Active", "CAMERA_LATITUDE": 38.90107, "CAMERA_LONGITUDE": -76.9826, "CAMERA_EASTING": 401509, "CAMERA_NORTHING": 137024, "WARD": "5", "ANC": "5D", "SMD": "5D07", "OBJECTID": 545389, "GLOBALID": "{5CDA6F39-429D-36F1-E063-792F520A9410}"}}, {"type": "Feature", "id": 545390, "geometry": {"type": "Point", "coordinates": [-76.9823946559519, 38.916507037782054]}, "properties": {"ENFORCEMENT_SPACE_CODE": "ATE 0553", "SITE_CODE": 1545, "ENFORCEMENT_TYPE": "Speed", "LOCATION_DESCRIPTION": "1500 BLK NEW YORK AVE NE NE/B", "SPEED_LIMIT": 35, "DEVICE_MOBILITY": "Fixed", "CAMERA_STATUS": "Live", "ACTIVE_STATUS": "Active", "CAMERA_LATITUDE": 38.9165, "CAMERA_LONGITUDE": -76.98239, "CAMERA_EASTING": 401527, "CAMERA_NORTHING": 138737, "WARD": "5", "ANC": "5D", "SMD": "5D02", "OBJECTID": 545390, "GLOBALID": "{5CDA6F39-429E-36F1-E063-792F520A9410}"}}, {"type": "Feature", "id": 545391, "geometry": {"type": "Point", "coordinates": [-76.98239234542186, 38.92586668778534]}, "properties": {"ENFORCEMENT_SPACE_CODE": "ATE 0524", "SITE_CODE": 1535, "ENFORCEMENT_TYPE": "Speed", "LOCATION_DESCRIPTION": "1500 BLK RHODE ISLAND AVE NE NE/B", "SPEED_LIMIT": 25, "DEVICE_MOBILITY": "Fixed", "CAMERA_STATUS": "Live", "ACTIVE_STATUS": "Active", "CAMERA_LATITUDE": 38.92586, "CAMERA_LONGITUDE": -76.98239, "CAMERA_EASTING": 401527, "CAMERA_NORTHING": 139776, "WARD": "5", "ANC": "5B", "SMD": "5B03", "OBJECTID": 545391, "GLOBALID": "{5CDA6F39-429F-36F1-E063-792F520A9410}"}}, {"type": "Feature", "id": 545392, "geometry": {"type": "Point", "coordinates": [-76.98232307301195, 38.926181968443196]}, "properties": {"ENFORCEMENT_SPACE_CODE": "ATE 0556", "SITE_CODE": 1536, "ENFORCEMENT_TYPE": "Speed", "LOCATION_DESCRIPTION": "1600 BLK RHODE ISLAND AVE NE SW/B", "SPEED_LIMIT": 25, "DEVICE_MOBILITY": "Fixed", "CAMERA_STATUS": "Live", "ACTIVE_STATUS": "Active", "CAMERA_LATITUDE": 38.92617, "CAMERA_LONGITUDE": -76.98232, "CAMERA_EASTING": 401533, "CAMERA_NORTHING": 139811, "WARD": "5", "ANC": "5B", "SMD": "5B03", "OBJECTID": 545392, "GLOBALID": "{5CDA6F39-42A0-36F1-E063-792F520A9410}"}}, {"type": "Feature", "id": 545393, "geometry": {"type": "Point", "coordinates": [-76.98219211565427, 38.942604085514716]}, "properties": {"ENFORCEMENT_SPACE_CODE": "ATE 0083", "SITE_CODE": 1531, "ENFORCEMENT_TYPE": "Speed", "LOCATION_DESCRIPTION": "1600 BLK MICHIGAN AVE NE W/B", "SPEED_LIMIT": 25, "DEVICE_MOBILITY": null, "CAMERA_STATUS": "Live", "ACTIVE_STATUS": "Active", "CAMERA_LATITUDE": 38.9426, "CAMERA_LONGITUDE": -76.98219, "CAMERA_EASTING": 401544, "CAMERA_NORTHING": 141634, "WARD": "5", "ANC": "5B", "SMD": "5B01", "OBJECTID": 545393, "GLOBALID": "{5CDA6F39-42A1-36F1-E063-792F520A9410}"}}, {"type": "Feature", "id": 545394, "geometry": {"type": "Point", "coordinates": [-76.98135254244751, 38.93309119251643]}, "properties": {"ENFORCEMENT_SPACE_CODE": "ATE 0840", "SITE_CODE": 1506, "ENFORCEMENT_TYPE": "Speed", "LOCATION_DESCRIPTION": "1600 blk Monroe St NE w/b", "SPEED_LIMIT": 25, "DEVICE_MOBILITY": null, "CAMERA_STATUS": "Live", "ACTIVE_STATUS": "Active", "CAMERA_LATITUDE": 38.93308, "CAMERA_LONGITUDE": -76.98134999999999, "CAMERA_EASTING": 401617, "CAMERA_NORTHING": 140578, "WARD": "5", "ANC": "5B", "SMD": "5B06", "OBJECTID": 545394, "GLOBALID": "{5CDA6F39-42A2-36F1-E063-792F520A9410}"}}, {"type": "Feature", "id": 545395, "geometry": {"type": "Point", "coordinates": [-76.9808066717796, 38.904336515683]}, "properties": {"ENFORCEMENT_SPACE_CODE": "ATE 0706", "SITE_CODE": 1548, "ENFORCEMENT_TYPE": "Speed", "LOCATION_DESCRIPTION": "1100 BLK BLADENSBURG RD NE SW/B", "SPEED_LIMIT": 25, "DEVICE_MOBILITY": null, "CAMERA_STATUS": "Live", "ACTIVE_STATUS": "Active", "CAMERA_LATITUDE": 38.90433, "CAMERA_LONGITUDE": -76.9808, "CAMERA_EASTING": 401665, "CAMERA_NORTHING": 137386, "WARD": "5", "ANC": "5D", "SMD": "5D06", "OBJECTID": 545395, "GLOBALID": "{5CDA6F39-42A3-36F1-E063-792F520A9410}"}}, {"type": "Feature", "id": 545396, "geometry": {"type": "Point", "coordinates": [-76.98055307781979, 38.90418333173997]}, "properties": {"ENFORCEMENT_SPACE_CODE": "ATE 0705", "SITE_CODE": 1547, "ENFORCEMENT_TYPE": "Speed", "LOCATION_DESCRIPTION": "1100 BLK BLADENSBURG RD NE NE/B", "SPEED_LIMIT": 25, "DEVICE_MOBILITY": null, "CAMERA_STATUS": "Live", "ACTIVE_STATUS": "Active", "CAMERA_LATITUDE": 38.90418, "CAMERA_LONGITUDE": -76.98055, "CAMERA_EASTING": 401687, "CAMERA_NORTHING": 137369, "WARD": "5", "ANC": "5D", "SMD": "5D06", "OBJECTID": 545396, "GLOBALID": "{5CDA6F39-42A4-36F1-E063-792F520A9410}"}}, {"type": "Feature", "id": 545397, "geometry": {"type": "Point", "coordinates": [-76.9803381869767, 38.84726823413382]}, "properties": {"ENFORCEMENT_SPACE_CODE": "ATE 0821", "SITE_CODE": 2804, "ENFORCEMENT_TYPE": "Red Light", "LOCATION_DESCRIPTION": "Stanton Rd s/b @ Alabama Ave SE", "SPEED_LIMIT": 20, "DEVICE_MOBILITY": null, "CAMERA_STATUS": "Live", "ACTIVE_STATUS": "Active", "CAMERA_LATITUDE": 38.84726, "CAMERA_LONGITUDE": -76.98034, "CAMERA_EASTING": 401707, "CAMERA_NORTHING": 131051, "WARD": "8", "ANC": "8C", "SMD": "8C08", "OBJECTID": 545397, "GLOBALID": "{5CDA6F39-42A5-36F1-E063-792F520A9410}"}}, {"type": "Feature", "id": 545398, "geometry": {"type": "Point", "coordinates": [-76.97960309736882, 38.920317107633636]}, "properties": {"ENFORCEMENT_SPACE_CODE": "ATE 0827", "SITE_CODE": 1566, "ENFORCEMENT_TYPE": "Speed", "LOCATION_DESCRIPTION": "1700 blk Montana\u00a0 Ave NE nw/b", "SPEED_LIMIT": 20, "DEVICE_MOBILITY": null, "CAMERA_STATUS": "Live", "ACTIVE_STATUS": "Active", "CAMERA_LATITUDE": 38.92031, "CAMERA_LONGITUDE": -76.9796, "CAMERA_EASTING": 401769, "CAMERA_NORTHING": 139160, "WARD": "5", "ANC": "5C", "SMD": "5C06", "OBJECTID": 545398, "GLOBALID": "{5CDA6F39-42A6-36F1-E063-792F520A9410}"}}, {"type": "Feature", "id": 545399, "geometry": {"type": "Point", "coordinates": [-76.97900734226283, 38.90712879514359]}, "properties": {"ENFORCEMENT_SPACE_CODE": "ATE 0586", "SITE_CODE": 2509, "ENFORCEMENT_TYPE": "Red Light", "LOCATION_DESCRIPTION": "BLADENSBURG RD S/B @ 17TH ST NE", "SPEED_LIMIT": 30, "DEVICE_MOBILITY": null, "CAMERA_STATUS": "Live", "ACTIVE_STATUS": "Active", "CAMERA_LATITUDE": 38.90712, "CAMERA_LONGITUDE": -76.97901, "CAMERA_EASTING": 401821, "CAMERA_NORTHING": 137696, "WARD": "5", "ANC": "5C", "SMD": "5C04", "OBJECTID": 545399, "GLOBALID": "{5CDA6F39-42A7-36F1-E063-792F520A9410}"}}, {"type": "Feature", "id": 545400, "geometry": {"type": "Point", "coordinates": [-76.9772885747154, 38.90993907788035]}, "properties": {"ENFORCEMENT_SPACE_CODE": "ATE 0054", "SITE_CODE": 1559, "ENFORCEMENT_TYPE": "Speed", "LOCATION_DESCRIPTION": "1400 BLK BLADENSBURG RD NE S/B", "SPEED_LIMIT": 25, "DEVICE_MOBILITY": null, "CAMERA_STATUS": "Live", "ACTIVE_STATUS": "Active", "CAMERA_LATITUDE": 38.909929999999996, "CAMERA_LONGITUDE": -76.97729, "CAMERA_EASTING": 401970, "CAMERA_NORTHING": 138008, "WARD": "5", "ANC": "5C", "SMD": "5C04", "OBJECTID": 545400, "GLOBALID": "{5CDA6F39-42A8-36F1-E063-792F520A9410}"}}, {"type": "Feature", "id": 545401, "geometry": {"type": "Point", "coordinates": [-76.9770119175482, 38.90975885689005]}, "properties": {"ENFORCEMENT_SPACE_CODE": "ATE 0704", "SITE_CODE": 1560, "ENFORCEMENT_TYPE": "Speed", "LOCATION_DESCRIPTION": "1400 BLK BLADENSBURG RD NE N/B", "SPEED_LIMIT": 25, "DEVICE_MOBILITY": null, "CAMERA_STATUS": "Live", "ACTIVE_STATUS": "Active", "CAMERA_LATITUDE": 38.909749999999995, "CAMERA_LONGITUDE": -76.97700999999999, "CAMERA_EASTING": 401994, "CAMERA_NORTHING": 137988, "WARD": "5", "ANC": "5C", "SMD": "5C04", "OBJECTID": 545401, "GLOBALID": "{5CDA6F39-42A9-36F1-E063-792F520A9410}"}}, {"type": "Feature", "id": 545402, "geometry": {"type": "Point", "coordinates": [-76.9769766920303, 38.840286073237785]}, "properties": {"ENFORCEMENT_SPACE_CODE": "ATE 0064", "SITE_CODE": 1812, "ENFORCEMENT_TYPE": "Speed", "LOCATION_DESCRIPTION": "1400 BLK SOUTHERN AVE SE SW/B", "SPEED_LIMIT": 25, "DEVICE_MOBILITY": null, "CAMERA_STATUS": "Live", "ACTIVE_STATUS": "Active", "CAMERA_LATITUDE": 38.84028, "CAMERA_LONGITUDE": -76.97698, "CAMERA_EASTING": 401999, "CAMERA_NORTHING": 130276, "WARD": "8", "ANC": "8E", "SMD": "8E05", "OBJECTID": 545402, "GLOBALID": "{5CDA6F39-42AA-36F1-E063-792F520A9410}"}}, {"type": "Feature", "id": 545403, "geometry": {"type": "Point", "coordinates": [-76.97494892738466, 38.841708990961855]}, "properties": {"ENFORCEMENT_SPACE_CODE": "ATE 0113", "SITE_CODE": 1813, "ENFORCEMENT_TYPE": "Speed", "LOCATION_DESCRIPTION": "1900 BLK SOUTHERN AVE SE NE/B", "SPEED_LIMIT": 30, "DEVICE_MOBILITY": null, "CAMERA_STATUS": "Live", "ACTIVE_STATUS": "Active", "CAMERA_LATITUDE": 38.8417, "CAMERA_LONGITUDE": -76.97494999999999, "CAMERA_EASTING": 402175, "CAMERA_NORTHING": 130434, "WARD": "8", "ANC": "8E", "SMD": "8E05", "OBJECTID": 545403, "GLOBALID": "{5CDA6F39-42AB-36F1-E063-792F520A9410}"}}, {"type": "Feature", "id": 545404, "geometry": {"type": "Point", "coordinates": [-76.9731016359014, 38.85308624184681]}, "properties": {"ENFORCEMENT_SPACE_CODE": "ATE 0141", "SITE_CODE": 1804, "ENFORCEMENT_TYPE": "Speed", "LOCATION_DESCRIPTION": "2200 BLK IRVING ST SE W/B", "SPEED_LIMIT": 20, "DEVICE_MOBILITY": null, "CAMERA_STATUS": "Live", "ACTIVE_STATUS": "Active", "CAMERA_LATITUDE": 38.85308, "CAMERA_LONGITUDE": -76.9731, "CAMERA_EASTING": 402335, "CAMERA_NORTHING": 131697, "WARD": "8", "ANC": "8B", "SMD": "8B03", "OBJECTID": 545404, "GLOBALID": "{5CDA6F39-42AC-36F1-E063-792F520A9410}"}}, {"type": "Feature", "id": 545405, "geometry": {"type": "Point", "coordinates": [-76.97298717283046, 38.851122376630784]}, "properties": {"ENFORCEMENT_SPACE_CODE": "ATE 0148", "SITE_CODE": 1814, "ENFORCEMENT_TYPE": "Speed", "LOCATION_DESCRIPTION": "2300 BLK ALABAMA AVE SE SW/B", "SPEED_LIMIT": 25, "DEVICE_MOBILITY": "Portable", "CAMERA_STATUS": "Live", "ACTIVE_STATUS": "Active", "CAMERA_LATITUDE": 38.85111, "CAMERA_LONGITUDE": -76.97297999999999, "CAMERA_EASTING": 402345, "CAMERA_NORTHING": 131479, "WARD": "8", "ANC": "8C", "SMD": "8C05", "OBJECTID": 545405, "GLOBALID": "{5CDA6F39-42AD-36F1-E063-792F520A9410}"}}, {"type": "Feature", "id": 545406, "geometry": {"type": "Point", "coordinates": [-76.97267397972057, 38.916919552403485]}, "properties": {"ENFORCEMENT_SPACE_CODE": "ATE 0597", "SITE_CODE": 2503, "ENFORCEMENT_TYPE": "Red Light", "LOCATION_DESCRIPTION": "BLADENSBURG RD N/B @ NY AVE NE", "SPEED_LIMIT": 30, "DEVICE_MOBILITY": null, "CAMERA_STATUS": "Live", "ACTIVE_STATUS": "Active", "CAMERA_LATITUDE": 38.91691, "CAMERA_LONGITUDE": -76.97267, "CAMERA_EASTING": 402370, "CAMERA_NORTHING": 138783, "WARD": "5", "ANC": "5C", "SMD": "5C04", "OBJECTID": 545406, "GLOBALID": "{5CDA6F39-42AE-36F1-E063-792F520A9410}"}}, {"type": "Feature", "id": 545407, "geometry": {"type": "Point", "coordinates": [-76.97238803703446, 38.85132943050264]}, "properties": {"ENFORCEMENT_SPACE_CODE": "ATE 0147", "SITE_CODE": 1815, "ENFORCEMENT_TYPE": "Speed", "LOCATION_DESCRIPTION": "2300 BLK ALABAMA AVE SE NE/B", "SPEED_LIMIT": 20, "DEVICE_MOBILITY": "Portable", "CAMERA_STATUS": "Warning", "ACTIVE_STATUS": "Active", "CAMERA_LATITUDE": 38.85132, "CAMERA_LONGITUDE": -76.97238999999999, "CAMERA_EASTING": 402397, "CAMERA_NORTHING": 131502, "WARD": "8", "ANC": "8B", "SMD": "8B03", "OBJECTID": 545407, "GLOBALID": "{5CDA6F39-42AF-36F1-E063-792F520A9410}"}}, {"type": "Feature", "id": 545408, "geometry": {"type": "Point", "coordinates": [-76.97227003293507, 38.917856323801765]}, "properties": {"ENFORCEMENT_SPACE_CODE": "ATE 0819", "SITE_CODE": 2512, "ENFORCEMENT_TYPE": "Red Light", "LOCATION_DESCRIPTION": "Bladensburg Rd s/b @ NY Ave NE", "SPEED_LIMIT": 25, "DEVICE_MOBILITY": null, "CAMERA_STATUS": "Live", "ACTIVE_STATUS": "Active", "CAMERA_LATITUDE": 38.91785, "CAMERA_LONGITUDE": -76.97227, "CAMERA_EASTING": 402405, "CAMERA_NORTHING": 138887, "WARD": "5", "ANC": "5C", "SMD": "5C04", "OBJECTID": 545408, "GLOBALID": "{5CDA6F39-42B0-36F1-E063-792F520A9410}"}}, {"type": "Feature", "id": 545409, "geometry": {"type": "Point", "coordinates": [-76.97109032827531, 38.89812775641441]}, "properties": {"ENFORCEMENT_SPACE_CODE": "ATE 0155", "SITE_CODE": 1529, "ENFORCEMENT_TYPE": "Speed", "LOCATION_DESCRIPTION": "2400 BLK BENNING RD NE NW/B", "SPEED_LIMIT": 25, "DEVICE_MOBILITY": "Fixed", "CAMERA_STATUS": "Live", "ACTIVE_STATUS": "Active", "CAMERA_LATITUDE": 38.89812, "CAMERA_LONGITUDE": -76.97108999999999, "CAMERA_EASTING": 402508, "CAMERA_NORTHING": 136697, "WARD": "5", "ANC": "5D", "SMD": "5D09", "OBJECTID": 545409, "GLOBALID": "{5CDA6F39-42B1-36F1-E063-792F520A9410}"}}, {"type": "Feature", "id": 545410, "geometry": {"type": "Point", "coordinates": [-76.97044302255942, 38.93016124277963]}, "properties": {"ENFORCEMENT_SPACE_CODE": "ATE 0206", "SITE_CODE": 1537, "ENFORCEMENT_TYPE": "Speed", "LOCATION_DESCRIPTION": "3100 BLK S DAKOTA AVE NE SE/B", "SPEED_LIMIT": 25, "DEVICE_MOBILITY": null, "CAMERA_STATUS": "Live", "ACTIVE_STATUS": "Active", "CAMERA_LATITUDE": 38.93015, "CAMERA_LONGITUDE": -76.97044, "CAMERA_EASTING": 402563, "CAMERA_NORTHING": 140253, "WARD": "5", "ANC": "5B", "SMD": "5B07", "OBJECTID": 545410, "GLOBALID": "{5CDA6F39-42B2-36F1-E063-792F520A9410}"}}, {"type": "Feature", "id": 545411, "geometry": {"type": "Point", "coordinates": [-76.97043201894407, 38.873255444817055]}, "properties": {"ENFORCEMENT_SPACE_CODE": "ATE 0532", "SITE_CODE": 1741, "ENFORCEMENT_TYPE": "Speed", "LOCATION_DESCRIPTION": "2500 BLK PENNSYLVANIA AVE SE SE/B", "SPEED_LIMIT": 25, "DEVICE_MOBILITY": "Fixed", "CAMERA_STATUS": "Live", "ACTIVE_STATUS": "Active", "CAMERA_LATITUDE": 38.87325, "CAMERA_LONGITUDE": -76.97043, "CAMERA_EASTING": 402566, "CAMERA_NORTHING": 133936, "WARD": "7", "ANC": "7B", "SMD": "7B01", "OBJECTID": 545411, "GLOBALID": "{5CDA6F39-42B3-36F1-E063-792F520A9410}"}}, {"type": "Feature", "id": 545412, "geometry": {"type": "Point", "coordinates": [-76.97031675022868, 38.87332748279983]}, "properties": {"ENFORCEMENT_SPACE_CODE": "ATE 0700", "SITE_CODE": 2702, "ENFORCEMENT_TYPE": "Red Light", "LOCATION_DESCRIPTION": "PENNSYLVANIA AVE W/B @ MINNESOTA SE", "SPEED_LIMIT": 30, "DEVICE_MOBILITY": null, "CAMERA_STATUS": "Live", "ACTIVE_STATUS": "Active", "CAMERA_LATITUDE": 38.87332, "CAMERA_LONGITUDE": -76.97031, "CAMERA_EASTING": 402576, "CAMERA_NORTHING": 133944, "WARD": "7", "ANC": "7B", "SMD": "7B01", "OBJECTID": 545412, "GLOBALID": "{5CDA6F39-42B4-36F1-E063-792F520A9410}"}}, {"type": "Feature", "id": 545413, "geometry": {"type": "Point", "coordinates": [-76.96930274516068, 38.87310201059813]}, "properties": {"ENFORCEMENT_SPACE_CODE": "ATE 0558", "SITE_CODE": 1740, "ENFORCEMENT_TYPE": "Speed", "LOCATION_DESCRIPTION": "2500 BLK PENNSYLVANIA AVE SE NW/B", "SPEED_LIMIT": 25, "DEVICE_MOBILITY": null, "CAMERA_STATUS": "Live", "ACTIVE_STATUS": "Active", "CAMERA_LATITUDE": 38.87309, "CAMERA_LONGITUDE": -76.9693, "CAMERA_EASTING": 402664, "CAMERA_NORTHING": 133919, "WARD": "7", "ANC": "7B", "SMD": "7B01", "OBJECTID": 545413, "GLOBALID": "{5CDA6F39-42B5-36F1-E063-792F520A9410}"}}, {"type": "Feature", "id": 545414, "geometry": {"type": "Point", "coordinates": [-76.96907404045217, 38.869012133774206]}, "properties": {"ENFORCEMENT_SPACE_CODE": "ATE 0179", "SITE_CODE": 3701, "ENFORCEMENT_TYPE": "Stop Sign", "LOCATION_DESCRIPTION": "27TH ST N/B @ R ST SE", "SPEED_LIMIT": 20, "DEVICE_MOBILITY": null, "CAMERA_STATUS": "Live", "ACTIVE_STATUS": "Active", "CAMERA_LATITUDE": 38.869, "CAMERA_LONGITUDE": -76.96907, "CAMERA_EASTING": 402684, "CAMERA_NORTHING": 133465, "WARD": "7", "ANC": "7B", "SMD": "7B03", "OBJECTID": 545414, "GLOBALID": "{5CDA6F39-42B6-36F1-E063-792F520A9410}"}}, {"type": "Feature", "id": 545415, "geometry": {"type": "Point", "coordinates": [-76.96888797541246, 38.84646399283926]}, "properties": {"ENFORCEMENT_SPACE_CODE": "ATE 0170", "SITE_CODE": 1818, "ENFORCEMENT_TYPE": "Speed", "LOCATION_DESCRIPTION": "2500 BLK SOUTHERN AVE SE NE/B", "SPEED_LIMIT": 30, "DEVICE_MOBILITY": "Fixed", "CAMERA_STATUS": "Live", "ACTIVE_STATUS": "Active", "CAMERA_LATITUDE": 38.84646, "CAMERA_LONGITUDE": -76.96888, "CAMERA_EASTING": 402701, "CAMERA_NORTHING": 130962, "WARD": "8", "ANC": "8E", "SMD": "8E02", "OBJECTID": 545415, "GLOBALID": "{5CDA6F39-42B7-36F1-E063-792F520A9410}"}}, {"type": "Feature", "id": 545416, "geometry": {"type": "Point", "coordinates": [-76.96612623072146, 38.937366715328956]}, "properties": {"ENFORCEMENT_SPACE_CODE": "ATE 0823", "SITE_CODE": 1563, "ENFORCEMENT_TYPE": "Speed", "LOCATION_DESCRIPTION": "3800 blk Eastern Ave NE se/b", "SPEED_LIMIT": 25, "DEVICE_MOBILITY": null, "CAMERA_STATUS": "Live", "ACTIVE_STATUS": "Active", "CAMERA_LATITUDE": 38.93736, "CAMERA_LONGITUDE": -76.96611999999999, "CAMERA_EASTING": 402937, "CAMERA_NORTHING": 141053, "WARD": "5", "ANC": "5B", "SMD": "5B07", "OBJECTID": 545416, "GLOBALID": "{5CDA6F39-42B8-36F1-E063-792F520A9410}"}}, {"type": "Feature", "id": 545417, "geometry": {"type": "Point", "coordinates": [-76.96602849150136, 38.92462893723761]}, "properties": {"ENFORCEMENT_SPACE_CODE": "ATE 0552", "SITE_CODE": 1562, "ENFORCEMENT_TYPE": "Speed", "LOCATION_DESCRIPTION": "2700 BLK BLADENSBURG RD NE S/B", "SPEED_LIMIT": 25, "DEVICE_MOBILITY": "Fixed", "CAMERA_STATUS": "Live", "ACTIVE_STATUS": "Active", "CAMERA_LATITUDE": 38.92462, "CAMERA_LONGITUDE": -76.96603, "CAMERA_EASTING": 402946, "CAMERA_NORTHING": 139639, "WARD": "5", "ANC": "5C", "SMD": "5C02", "OBJECTID": 545417, "GLOBALID": "{5CDA6F39-42B9-36F1-E063-792F520A9410}"}}, {"type": "Feature", "id": 545418, "geometry": {"type": "Point", "coordinates": [-76.96534797493634, 38.92487196209299]}, "properties": {"ENFORCEMENT_SPACE_CODE": "ATE 0551", "SITE_CODE": 1561, "ENFORCEMENT_TYPE": "Speed", "LOCATION_DESCRIPTION": "2700 BLK BLADENSBURG RD NE N/B", "SPEED_LIMIT": 25, "DEVICE_MOBILITY": "Fixed", "CAMERA_STATUS": "Live", "ACTIVE_STATUS": "Active", "CAMERA_LATITUDE": 38.924859999999995, "CAMERA_LONGITUDE": -76.96535, "CAMERA_EASTING": 403005, "CAMERA_NORTHING": 139666, "WARD": "5", "ANC": "5C", "SMD": "5C02", "OBJECTID": 545418, "GLOBALID": "{5CDA6F39-42BA-36F1-E063-792F520A9410}"}}, {"type": "Feature", "id": 545419, "geometry": {"type": "Point", "coordinates": [-76.96516924555979, 38.93663676184323]}, "properties": {"ENFORCEMENT_SPACE_CODE": "ATE 0824", "SITE_CODE": 1564, "ENFORCEMENT_TYPE": "Speed", "LOCATION_DESCRIPTION": "3800 blk Eastern Ave NE nw/b", "SPEED_LIMIT": 25, "DEVICE_MOBILITY": null, "CAMERA_STATUS": "Live", "ACTIVE_STATUS": "Active", "CAMERA_LATITUDE": 38.93663, "CAMERA_LONGITUDE": -76.96517, "CAMERA_EASTING": 403020, "CAMERA_NORTHING": 140972, "WARD": "5", "ANC": "5B", "SMD": "5B07", "OBJECTID": 545419, "GLOBALID": "{5CDA6F39-42BB-36F1-E063-792F520A9410}"}}, {"type": "Feature", "id": 545420, "geometry": {"type": "Point", "coordinates": [-76.96353053514888, 38.87067708970897]}, "properties": {"ENFORCEMENT_SPACE_CODE": "ATE 0200", "SITE_CODE": 1714, "ENFORCEMENT_TYPE": "Speed", "LOCATION_DESCRIPTION": "3000 BLK PENNSYLVANIA AVE SE NW/B", "SPEED_LIMIT": 25, "DEVICE_MOBILITY": null, "CAMERA_STATUS": "Live", "ACTIVE_STATUS": "Active", "CAMERA_LATITUDE": 38.87067, "CAMERA_LONGITUDE": -76.96352999999999, "CAMERA_EASTING": 403165, "CAMERA_NORTHING": 133650, "WARD": "7", "ANC": "7B", "SMD": "7B02", "OBJECTID": 545420, "GLOBALID": "{5CDA6F39-42BC-36F1-E063-792F520A9410}"}}, {"type": "Feature", "id": 545421, "geometry": {"type": "Point", "coordinates": [-76.96331645595264, 38.86120917915939]}, "properties": {"ENFORCEMENT_SPACE_CODE": "ATE 0204", "SITE_CODE": 1702, "ENFORCEMENT_TYPE": "Speed", "LOCATION_DESCRIPTION": "3100 BLK ALABAMA AVE SE NE/B", "SPEED_LIMIT": 25, "DEVICE_MOBILITY": null, "CAMERA_STATUS": "Live", "ACTIVE_STATUS": "Active", "CAMERA_LATITUDE": 38.861200000000004, "CAMERA_LONGITUDE": -76.96330999999999, "CAMERA_EASTING": 403184, "CAMERA_NORTHING": 132599, "WARD": "7", "ANC": "7B", "SMD": "7B02", "OBJECTID": 545421, "GLOBALID": "{5CDA6F39-42BD-36F1-E063-792F520A9410}"}}, {"type": "Feature", "id": 545422, "geometry": {"type": "Point", "coordinates": [-76.96134587929065, 38.86181210766765]}, "properties": {"ENFORCEMENT_SPACE_CODE": "ATE 0207", "SITE_CODE": 1703, "ENFORCEMENT_TYPE": "Speed", "LOCATION_DESCRIPTION": "3200 BLK ALABAMA AVE SE W/B", "SPEED_LIMIT": 25, "DEVICE_MOBILITY": null, "CAMERA_STATUS": "Live", "ACTIVE_STATUS": "Active", "CAMERA_LATITUDE": 38.86181, "CAMERA_LONGITUDE": -76.96133999999999, "CAMERA_EASTING": 403355, "CAMERA_NORTHING": 132666, "WARD": "7", "ANC": "7B", "SMD": "7B02", "OBJECTID": 545422, "GLOBALID": "{5CDA6F39-42BE-36F1-E063-792F520A9410}"}}, {"type": "Feature", "id": 545423, "geometry": {"type": "Point", "coordinates": [-76.96097003679175, 38.87486516990074]}, "properties": {"ENFORCEMENT_SPACE_CODE": "ATE 0528", "SITE_CODE": 1734, "ENFORCEMENT_TYPE": "Speed", "LOCATION_DESCRIPTION": "1200 BLK BRANCH AVE SE N/B", "SPEED_LIMIT": 25, "DEVICE_MOBILITY": "Fixed", "CAMERA_STATUS": "Live", "ACTIVE_STATUS": "Active", "CAMERA_LATITUDE": 38.87486, "CAMERA_LONGITUDE": -76.96097, "CAMERA_EASTING": 403387, "CAMERA_NORTHING": 134115, "WARD": "7", "ANC": "7B", "SMD": "7B04", "OBJECTID": 545423, "GLOBALID": "{5CDA6F39-42BF-36F1-E063-792F520A9410}"}}, {"type": "Feature", "id": 545424, "geometry": {"type": "Point", "coordinates": [-76.96058964068663, 38.916780976816646]}, "properties": {"ENFORCEMENT_SPACE_CODE": "ATE 0212", "SITE_CODE": 1521, "ENFORCEMENT_TYPE": "Speed", "LOCATION_DESCRIPTION": "3300 BLK NEW YORK AVE NE E/B", "SPEED_LIMIT": 45, "DEVICE_MOBILITY": null, "CAMERA_STATUS": "Live", "ACTIVE_STATUS": "Active", "CAMERA_LATITUDE": 38.91677, "CAMERA_LONGITUDE": -76.96059, "CAMERA_EASTING": 403418, "CAMERA_NORTHING": 138768, "WARD": "5", "ANC": "5C", "SMD": "5C04", "OBJECTID": 545424, "GLOBALID": "{5CDA6F39-42C0-36F1-E063-792F520A9410}"}}, {"type": "Feature", "id": 545425, "geometry": {"type": "Point", "coordinates": [-76.95978818797323, 38.865748260204064]}, "properties": {"ENFORCEMENT_SPACE_CODE": "ATE 0129", "SITE_CODE": 1705, "ENFORCEMENT_TYPE": "Speed", "LOCATION_DESCRIPTION": "2000 BLK BRANCH AVE SE S/B", "SPEED_LIMIT": 25, "DEVICE_MOBILITY": null, "CAMERA_STATUS": "Live", "ACTIVE_STATUS": "Active", "CAMERA_LATITUDE": 38.865739999999995, "CAMERA_LONGITUDE": -76.95979, "CAMERA_EASTING": 403490, "CAMERA_NORTHING": 133103, "WARD": "7", "ANC": "7B", "SMD": "7B02", "OBJECTID": 545425, "GLOBALID": "{5CDA6F39-42C1-36F1-E063-792F520A9410}"}}, {"type": "Feature", "id": 545426, "geometry": {"type": "Point", "coordinates": [-76.95970732592029, 38.8661085689125]}, "properties": {"ENFORCEMENT_SPACE_CODE": "ATE 0106", "SITE_CODE": 1718, "ENFORCEMENT_TYPE": "Speed", "LOCATION_DESCRIPTION": "1900 BLK BRANCH AVE SE N/B", "SPEED_LIMIT": 25, "DEVICE_MOBILITY": null, "CAMERA_STATUS": "Live", "ACTIVE_STATUS": "Active", "CAMERA_LATITUDE": 38.8661, "CAMERA_LONGITUDE": -76.9597, "CAMERA_EASTING": 403497, "CAMERA_NORTHING": 133143, "WARD": "7", "ANC": "7B", "SMD": "7B02", "OBJECTID": 545426, "GLOBALID": "{5CDA6F39-42C2-36F1-E063-792F520A9410}"}}, {"type": "Feature", "id": 545427, "geometry": {"type": "Point", "coordinates": [-76.95928293304426, 38.86269423170569]}, "properties": {"ENFORCEMENT_SPACE_CODE": "ATE 0137", "SITE_CODE": 1752, "ENFORCEMENT_TYPE": "Speed", "LOCATION_DESCRIPTION": "2200 BLK BRANCH AVE SE N/B", "SPEED_LIMIT": 25, "DEVICE_MOBILITY": "Portable", "CAMERA_STATUS": "Live", "ACTIVE_STATUS": "Active", "CAMERA_LATITUDE": 38.86269, "CAMERA_LONGITUDE": -76.95922, "CAMERA_EASTING": 403539, "CAMERA_NORTHING": 132764, "WARD": "7", "ANC": "7B", "SMD": "7B02", "OBJECTID": 545427, "GLOBALID": "{5CDA6F39-42C3-36F1-E063-792F520A9410}"}}, {"type": "Feature", "id": 545428, "geometry": {"type": "Point", "coordinates": [-76.95916771136118, 38.86269419147099]}, "properties": {"ENFORCEMENT_SPACE_CODE": "ATE 0138", "SITE_CODE": 1753, "ENFORCEMENT_TYPE": "Speed", "LOCATION_DESCRIPTION": "2200 BLK BRANCH AVE SE S/B", "SPEED_LIMIT": 25, "DEVICE_MOBILITY": "Portable", "CAMERA_STATUS": "Live", "ACTIVE_STATUS": "Active", "CAMERA_LATITUDE": 38.86269, "CAMERA_LONGITUDE": -76.95922, "CAMERA_EASTING": 403539, "CAMERA_NORTHING": 132764, "WARD": "7", "ANC": "7B", "SMD": "7B02", "OBJECTID": 545428, "GLOBALID": "{5CDA6F39-42C4-36F1-E063-792F520A9410}"}}, {"type": "Feature", "id": 545429, "geometry": {"type": "Point", "coordinates": [-76.95886875793032, 38.861613076111574]}, "properties": {"ENFORCEMENT_SPACE_CODE": "ATE 0598", "SITE_CODE": 2703, "ENFORCEMENT_TYPE": "Red Light", "LOCATION_DESCRIPTION": "BRANCH AVE N/B @ ALABAMA AVE SE", "SPEED_LIMIT": 25, "DEVICE_MOBILITY": null, "CAMERA_STATUS": "Live", "ACTIVE_STATUS": "Active", "CAMERA_LATITUDE": 38.8616, "CAMERA_LONGITUDE": -76.95886, "CAMERA_EASTING": 403570, "CAMERA_NORTHING": 132644, "WARD": "7", "ANC": "7B", "SMD": "7B05", "OBJECTID": 545429, "GLOBALID": "{5CDA6F39-42C5-36F1-E063-792F520A9410}"}}, {"type": "Feature", "id": 545430, "geometry": {"type": "Point", "coordinates": [-76.9588215163524, 38.923527604908465]}, "properties": {"ENFORCEMENT_SPACE_CODE": "ATE 0208", "SITE_CODE": 1522, "ENFORCEMENT_TYPE": "Speed", "LOCATION_DESCRIPTION": "3200 BLK FORT LINCOLN DRIVE NE S/B", "SPEED_LIMIT": 25, "DEVICE_MOBILITY": null, "CAMERA_STATUS": "Live", "ACTIVE_STATUS": "Active", "CAMERA_LATITUDE": 38.923519999999996, "CAMERA_LONGITUDE": -76.95882, "CAMERA_EASTING": 403571, "CAMERA_NORTHING": 139517, "WARD": "5", "ANC": "5C", "SMD": "5C01", "OBJECTID": 545430, "GLOBALID": "{5CDA6F39-42C6-36F1-E063-792F520A9410}"}}, {"type": "Feature", "id": 545431, "geometry": {"type": "Point", "coordinates": [-76.9583266913476, 38.88226014904058]}, "properties": {"ENFORCEMENT_SPACE_CODE": "ATE 0559", "SITE_CODE": 1744, "ENFORCEMENT_TYPE": "Speed", "LOCATION_DESCRIPTION": "3300 BLK MINNESOTA AVE SE N/B", "SPEED_LIMIT": 25, "DEVICE_MOBILITY": null, "CAMERA_STATUS": "Live", "ACTIVE_STATUS": "Active", "CAMERA_LATITUDE": 38.88225, "CAMERA_LONGITUDE": -76.95832, "CAMERA_EASTING": 403616, "CAMERA_NORTHING": 134936, "WARD": "7", "ANC": "7B", "SMD": "7B01", "OBJECTID": 545431, "GLOBALID": "{5CDA6F39-42C7-36F1-E063-792F520A9410}"}}, {"type": "Feature", "id": 545432, "geometry": {"type": "Point", "coordinates": [-76.95830355646824, 38.88240427501294]}, "properties": {"ENFORCEMENT_SPACE_CODE": "ATE 0211", "SITE_CODE": 1745, "ENFORCEMENT_TYPE": "Speed", "LOCATION_DESCRIPTION": "3300 BLK MINNESOTA AVE SE S/B", "SPEED_LIMIT": 25, "DEVICE_MOBILITY": "Fixed", "CAMERA_STATUS": "Live", "ACTIVE_STATUS": "Active", "CAMERA_LATITUDE": 38.882400000000004, "CAMERA_LONGITUDE": -76.95830000000001, "CAMERA_EASTING": 403618, "CAMERA_NORTHING": 134952, "WARD": "7", "ANC": "7B", "SMD": "7B01", "OBJECTID": 545432, "GLOBALID": "{5CDA6F39-42C8-36F1-E063-792F520A9410}"}}, {"type": "Feature", "id": 545433, "geometry": {"type": "Point", "coordinates": [-76.95559285090535, 38.886015638848924]}, "properties": {"ENFORCEMENT_SPACE_CODE": "ATE 0222", "SITE_CODE": 1746, "ENFORCEMENT_TYPE": "Speed", "LOCATION_DESCRIPTION": "3500 BLK MINNESOTA AVE SE N/B", "SPEED_LIMIT": 25, "DEVICE_MOBILITY": "Fixed", "CAMERA_STATUS": "Live", "ACTIVE_STATUS": "Active", "CAMERA_LATITUDE": 38.88601, "CAMERA_LONGITUDE": -76.95559, "CAMERA_EASTING": 403853, "CAMERA_NORTHING": 135353, "WARD": "7", "ANC": "7B", "SMD": "7B09", "OBJECTID": 545433, "GLOBALID": "{5CDA6F39-42C9-36F1-E063-792F520A9410}"}}, {"type": "Feature", "id": 545434, "geometry": {"type": "Point", "coordinates": [-76.9545554523428, 38.922309900202656]}, "properties": {"ENFORCEMENT_SPACE_CODE": "ATE 0838", "SITE_CODE": 1505, "ENFORCEMENT_TYPE": "Speed", "LOCATION_DESCRIPTION": "3600 blk Fort Lincoln Dr NE sw/b", "SPEED_LIMIT": 25, "DEVICE_MOBILITY": null, "CAMERA_STATUS": "Live", "ACTIVE_STATUS": "Active", "CAMERA_LATITUDE": 38.9223, "CAMERA_LONGITUDE": -76.95455, "CAMERA_EASTING": 403941, "CAMERA_NORTHING": 139382, "WARD": "5", "ANC": "5C", "SMD": "5C03", "OBJECTID": 545434, "GLOBALID": "{5CDA6F39-42CA-36F1-E063-792F520A9410}"}}, {"type": "Feature", "id": 545435, "geometry": {"type": "Point", "coordinates": [-76.95304786982274, 38.86507912182017]}, "properties": {"ENFORCEMENT_SPACE_CODE": "ATE 0584", "SITE_CODE": 1760, "ENFORCEMENT_TYPE": "Speed", "LOCATION_DESCRIPTION": "3700 BLK ALABAMA AVE SE SW/B", "SPEED_LIMIT": 25, "DEVICE_MOBILITY": null, "CAMERA_STATUS": "Live", "ACTIVE_STATUS": "Active", "CAMERA_LATITUDE": 38.865069999999996, "CAMERA_LONGITUDE": -76.95304999999999, "CAMERA_EASTING": 404075, "CAMERA_NORTHING": 133029, "WARD": "7", "ANC": "7B", "SMD": "7B02", "OBJECTID": 545435, "GLOBALID": "{5CDA6F39-42CB-36F1-E063-792F520A9410}"}}, {"type": "Feature", "id": 545436, "geometry": {"type": "Point", "coordinates": [-76.95156482892581, 38.86011487667905]}, "properties": {"ENFORCEMENT_SPACE_CODE": "ATE 0241", "SITE_CODE": 1716, "ENFORCEMENT_TYPE": "Speed", "LOCATION_DESCRIPTION": "3700 BLK SOUTHERN AVE SE SW/B", "SPEED_LIMIT": 25, "DEVICE_MOBILITY": null, "CAMERA_STATUS": "Live", "ACTIVE_STATUS": "Active", "CAMERA_LATITUDE": 38.86011, "CAMERA_LONGITUDE": -76.95156999999999, "CAMERA_EASTING": 404204, "CAMERA_NORTHING": 132478, "WARD": "7", "ANC": "7B", "SMD": "7B06", "OBJECTID": 545436, "GLOBALID": "{5CDA6F39-42CC-36F1-E063-792F520A9410}"}}, {"type": "Feature", "id": 545437, "geometry": {"type": "Point", "coordinates": [-76.95140208949596, 38.896067317939526]}, "properties": {"ENFORCEMENT_SPACE_CODE": "ATE 0416", "SITE_CODE": 1706, "ENFORCEMENT_TYPE": "Speed", "LOCATION_DESCRIPTION": "DC295 NE AT BENNING RD EXIT N/B", "SPEED_LIMIT": 50, "DEVICE_MOBILITY": null, "CAMERA_STATUS": "Live", "ACTIVE_STATUS": "Active", "CAMERA_LATITUDE": 38.89606, "CAMERA_LONGITUDE": -76.9514, "CAMERA_EASTING": 404216, "CAMERA_NORTHING": 136469, "WARD": "7", "ANC": "7D", "SMD": "7D03", "OBJECTID": 545437, "GLOBALID": "{5CDA6F39-42CD-36F1-E063-792F520A9410}"}}, {"type": "Feature", "id": 545438, "geometry": {"type": "Point", "coordinates": [-76.95027392088225, 38.8938688009654]}, "properties": {"ENFORCEMENT_SPACE_CODE": "ATE 0536", "SITE_CODE": 1748, "ENFORCEMENT_TYPE": "Speed", "LOCATION_DESCRIPTION": "3900 BLK MINNESOTA AVE NE SW/B", "SPEED_LIMIT": 25, "DEVICE_MOBILITY": "Fixed", "CAMERA_STATUS": "Live", "ACTIVE_STATUS": "Active", "CAMERA_LATITUDE": 38.89386, "CAMERA_LONGITUDE": -76.95027, "CAMERA_EASTING": 404314, "CAMERA_NORTHING": 136225, "WARD": "7", "ANC": "7F", "SMD": "7F01", "OBJECTID": 545438, "GLOBALID": "{5CDA6F39-42CE-36F1-E063-792F520A9410}"}}, {"type": "Feature", "id": 545439, "geometry": {"type": "Point", "coordinates": [-76.95006384606587, 38.89756214245026]}, "properties": {"ENFORCEMENT_SPACE_CODE": "ATE 0413", "SITE_CODE": 1707, "ENFORCEMENT_TYPE": "Speed", "LOCATION_DESCRIPTION": "DC295 .7 MILES S/O EASTERN AVE NE S/b", "SPEED_LIMIT": 50, "DEVICE_MOBILITY": null, "CAMERA_STATUS": "Live", "ACTIVE_STATUS": "Active", "CAMERA_LATITUDE": 38.897549999999995, "CAMERA_LONGITUDE": -76.95006, "CAMERA_EASTING": 404332, "CAMERA_NORTHING": 136635, "WARD": "7", "ANC": "7D", "SMD": "7D03", "OBJECTID": 545439, "GLOBALID": "{5CDA6F39-42CF-36F1-E063-792F520A9410}"}}, {"type": "Feature", "id": 545440, "geometry": {"type": "Point", "coordinates": [-76.94932792248048, 38.89494939893153]}, "properties": {"ENFORCEMENT_SPACE_CODE": "ATE 0805", "SITE_CODE": 2708, "ENFORCEMENT_TYPE": "Red Light", "LOCATION_DESCRIPTION": "Minnesota Ave ne/b @ Benning Rd NE", "SPEED_LIMIT": 25, "DEVICE_MOBILITY": null, "CAMERA_STATUS": "Live", "ACTIVE_STATUS": "Active", "CAMERA_LATITUDE": 38.89494, "CAMERA_LONGITUDE": -76.94932, "CAMERA_EASTING": 404396, "CAMERA_NORTHING": 136345, "WARD": "7", "ANC": "7F", "SMD": "7F01", "OBJECTID": 545440, "GLOBALID": "{5CDA6F39-42D0-36F1-E063-792F520A9410}"}}, {"type": "Feature", "id": 545441, "geometry": {"type": "Point", "coordinates": [-76.94905543388668, 38.872968815727795]}, "properties": {"ENFORCEMENT_SPACE_CODE": "ATE 0460", "SITE_CODE": 3702, "ENFORCEMENT_TYPE": "Stop Sign", "LOCATION_DESCRIPTION": "MASSACHUSETTS AVE E/B @ FORT DAVIS", "SPEED_LIMIT": 25, "DEVICE_MOBILITY": null, "CAMERA_STATUS": "Live", "ACTIVE_STATUS": "Active", "CAMERA_LATITUDE": 38.87296, "CAMERA_LONGITUDE": -76.94905, "CAMERA_EASTING": 404421, "CAMERA_NORTHING": 133905, "WARD": "7", "ANC": "7B", "SMD": "7B01", "OBJECTID": 545441, "GLOBALID": "{5CDA6F39-42D1-36F1-E063-792F520A9410}"}}, {"type": "Feature", "id": 545442, "geometry": {"type": "Point", "coordinates": [-76.94843740412779, 38.898975749142814]}, "properties": {"ENFORCEMENT_SPACE_CODE": "ATE 0352", "SITE_CODE": 1719, "ENFORCEMENT_TYPE": "Speed", "LOCATION_DESCRIPTION": "600 BLK KENILWORTH AVE NE S/B", "SPEED_LIMIT": 25, "DEVICE_MOBILITY": null, "CAMERA_STATUS": "Live", "ACTIVE_STATUS": "Active", "CAMERA_LATITUDE": 38.89897, "CAMERA_LONGITUDE": -76.94843999999999, "CAMERA_EASTING": 404473, "CAMERA_NORTHING": 136792, "WARD": "7", "ANC": "7D", "SMD": "7D03", "OBJECTID": 545442, "GLOBALID": "{5CDA6F39-42D2-36F1-E063-792F520A9410}"}}, {"type": "Feature", "id": 545443, "geometry": {"type": "Point", "coordinates": [-76.94794510697001, 38.862707744576696]}, "properties": {"ENFORCEMENT_SPACE_CODE": "ATE 0253", "SITE_CODE": 1730, "ENFORCEMENT_TYPE": "Speed", "LOCATION_DESCRIPTION": "3900 BLK SOUTHERN AVE SE NE/B", "SPEED_LIMIT": 25, "DEVICE_MOBILITY": "Portable", "CAMERA_STATUS": "Live", "ACTIVE_STATUS": "Active", "CAMERA_LATITUDE": 38.862700000000004, "CAMERA_LONGITUDE": -76.94794999999999, "CAMERA_EASTING": 404518, "CAMERA_NORTHING": 132766, "WARD": "7", "ANC": "7B", "SMD": "7B06", "OBJECTID": 545443, "GLOBALID": "{5CDA6F39-42D3-36F1-E063-792F520A9410}"}}, {"type": "Feature", "id": 545444, "geometry": {"type": "Point", "coordinates": [-76.94714920343583, 38.863887489959694]}, "properties": {"ENFORCEMENT_SPACE_CODE": "ATE 0490", "SITE_CODE": 2704, "ENFORCEMENT_TYPE": "Red Light", "LOCATION_DESCRIPTION": "PENNSYLVANIA E/B @ SOUTHERN AVE SE", "SPEED_LIMIT": 25, "DEVICE_MOBILITY": null, "CAMERA_STATUS": "Live", "ACTIVE_STATUS": "Active", "CAMERA_LATITUDE": 38.86388, "CAMERA_LONGITUDE": -76.94715, "CAMERA_EASTING": 404587, "CAMERA_NORTHING": 132897, "WARD": "7", "ANC": "7B", "SMD": "7B06", "OBJECTID": 545444, "GLOBALID": "{5CDA6F39-42D4-36F1-E063-792F520A9410}"}}, {"type": "Feature", "id": 545445, "geometry": {"type": "Point", "coordinates": [-76.94594514540964, 38.90188432323797]}, "properties": {"ENFORCEMENT_SPACE_CODE": "ATE 0573", "SITE_CODE": 3705, "ENFORCEMENT_TYPE": "Stop Sign", "LOCATION_DESCRIPTION": "KENILWORTH TERR NE/B @ JAY ST NE", "SPEED_LIMIT": 25, "DEVICE_MOBILITY": null, "CAMERA_STATUS": "Live", "ACTIVE_STATUS": "Active", "CAMERA_LATITUDE": 38.90188, "CAMERA_LONGITUDE": -76.94594, "CAMERA_EASTING": 404689, "CAMERA_NORTHING": 137115, "WARD": "7", "ANC": "7D", "SMD": "7D02", "OBJECTID": 545445, "GLOBALID": "{5CDA6F39-42D5-36F1-E063-792F520A9410}"}}, {"type": "Feature", "id": 545446, "geometry": {"type": "Point", "coordinates": [-76.9455781096729, 38.8994248703352]}, "properties": {"ENFORCEMENT_SPACE_CODE": "ATE 0538", "SITE_CODE": 1750, "ENFORCEMENT_TYPE": "Speed", "LOCATION_DESCRIPTION": "4100 BLK MINNESOTA AVE NE NE/B", "SPEED_LIMIT": 25, "DEVICE_MOBILITY": "Fixed", "CAMERA_STATUS": "Live", "ACTIVE_STATUS": "Active", "CAMERA_LATITUDE": 38.89942, "CAMERA_LONGITUDE": -76.94557999999999, "CAMERA_EASTING": 404721, "CAMERA_NORTHING": 136842, "WARD": "7", "ANC": "7C", "SMD": "7C09", "OBJECTID": 545446, "GLOBALID": "{5CDA6F39-42D6-36F1-E063-792F520A9410}"}}, {"type": "Feature", "id": 545447, "geometry": {"type": "Point", "coordinates": [-76.94525117842119, 38.889803777832725]}, "properties": {"ENFORCEMENT_SPACE_CODE": "ATE 0264", "SITE_CODE": 1713, "ENFORCEMENT_TYPE": "Speed", "LOCATION_DESCRIPTION": "4000 BLK EAST CAPITOL ST NE W/B", "SPEED_LIMIT": 35, "DEVICE_MOBILITY": null, "CAMERA_STATUS": "Live", "ACTIVE_STATUS": "Active", "CAMERA_LATITUDE": 38.8898, "CAMERA_LONGITUDE": -76.94525, "CAMERA_EASTING": 404750, "CAMERA_NORTHING": 135774, "WARD": "7", "ANC": "7F", "SMD": "7F02", "OBJECTID": 545447, "GLOBALID": "{5CDA6F39-42D7-36F1-E063-792F520A9410}"}}, {"type": "Feature", "id": 545448, "geometry": {"type": "Point", "coordinates": [-76.94523965878969, 38.88979476405474]}, "properties": {"ENFORCEMENT_SPACE_CODE": "ATE 0247", "SITE_CODE": 1712, "ENFORCEMENT_TYPE": "Speed", "LOCATION_DESCRIPTION": "3900 BLK E CAPITOL ST SE E/B", "SPEED_LIMIT": 35, "DEVICE_MOBILITY": null, "CAMERA_STATUS": "Live", "ACTIVE_STATUS": "Active", "CAMERA_LATITUDE": 38.88979, "CAMERA_LONGITUDE": -76.94524, "CAMERA_EASTING": 404751, "CAMERA_NORTHING": 135773, "WARD": "7", "ANC": "7F", "SMD": "7F02", "OBJECTID": 545448, "GLOBALID": "{5CDA6F39-42D8-36F1-E063-792F520A9410}"}}, {"type": "Feature", "id": 545449, "geometry": {"type": "Point", "coordinates": [-76.94493670839167, 38.879083649863105]}, "properties": {"ENFORCEMENT_SPACE_CODE": "ATE 0839", "SITE_CODE": 1723, "ENFORCEMENT_TYPE": "Speed", "LOCATION_DESCRIPTION": "700 blk Ridge Rd SE se/b", "SPEED_LIMIT": 25, "DEVICE_MOBILITY": null, "CAMERA_STATUS": "Live", "ACTIVE_STATUS": "Active", "CAMERA_LATITUDE": 38.879079999999995, "CAMERA_LONGITUDE": -76.94493, "CAMERA_EASTING": 404778, "CAMERA_NORTHING": 134584, "WARD": "7", "ANC": "7B", "SMD": "7B08", "OBJECTID": 545449, "GLOBALID": "{5CDA6F39-42D9-36F1-E063-792F520A9410}"}}, {"type": "Feature", "id": 545450, "geometry": {"type": "Point", "coordinates": [-76.94458584636033, 38.9005144156958]}, "properties": {"ENFORCEMENT_SPACE_CODE": "ATE 0539", "SITE_CODE": 1751, "ENFORCEMENT_TYPE": "Speed", "LOCATION_DESCRIPTION": "4100 BLK MINNESOTA AVE NE SW/B", "SPEED_LIMIT": 25, "DEVICE_MOBILITY": "Fixed", "CAMERA_STATUS": "Live", "ACTIVE_STATUS": "Active", "CAMERA_LATITUDE": 38.90051, "CAMERA_LONGITUDE": -76.94458, "CAMERA_EASTING": 404807, "CAMERA_NORTHING": 136963, "WARD": "7", "ANC": "7C", "SMD": "7C09", "OBJECTID": 545450, "GLOBALID": "{5CDA6F39-42DA-36F1-E063-792F520A9410}"}}, {"type": "Feature", "id": 545451, "geometry": {"type": "Point", "coordinates": [-76.9413141163231, 38.883703190720965]}, "properties": {"ENFORCEMENT_SPACE_CODE": "ATE 0290", "SITE_CODE": 1755, "ENFORCEMENT_TYPE": "Speed", "LOCATION_DESCRIPTION": "4400 BLK TEXAS AVE SE N/B", "SPEED_LIMIT": 20, "DEVICE_MOBILITY": "Portable", "CAMERA_STATUS": "Live", "ACTIVE_STATUS": "Active", "CAMERA_LATITUDE": 38.88369, "CAMERA_LONGITUDE": -76.94131, "CAMERA_EASTING": 405092, "CAMERA_NORTHING": 135097, "WARD": "7", "ANC": "7E", "SMD": "7E07", "OBJECTID": 545451, "GLOBALID": "{5CDA6F39-42DB-36F1-E063-792F520A9410}"}}, {"type": "Feature", "id": 545452, "geometry": {"type": "Point", "coordinates": [-76.94063223451073, 38.8859549427133]}, "properties": {"ENFORCEMENT_SPACE_CODE": "ATE 0834", "SITE_CODE": 1761, "ENFORCEMENT_TYPE": "Speed", "LOCATION_DESCRIPTION": "4500 blk Texas Ave SE s/b", "SPEED_LIMIT": 20, "DEVICE_MOBILITY": null, "CAMERA_STATUS": "Live", "ACTIVE_STATUS": "Active", "CAMERA_LATITUDE": 38.88595, "CAMERA_LONGITUDE": -76.94063, "CAMERA_EASTING": 405151, "CAMERA_NORTHING": 135347, "WARD": "7", "ANC": "7E", "SMD": "7E07", "OBJECTID": 545452, "GLOBALID": "{5CDA6F39-42DC-36F1-E063-792F520A9410}"}}, {"type": "Feature", "id": 545453, "geometry": {"type": "Point", "coordinates": [-76.94047025528295, 38.886693547761936]}, "properties": {"ENFORCEMENT_SPACE_CODE": "ATE 0300", "SITE_CODE": 1729, "ENFORCEMENT_TYPE": "Speed", "LOCATION_DESCRIPTION": "4600 BLK TEXAS AVE SE N/B", "SPEED_LIMIT": 20, "DEVICE_MOBILITY": "Fixed", "CAMERA_STATUS": "Live", "ACTIVE_STATUS": "Active", "CAMERA_LATITUDE": 38.88669, "CAMERA_LONGITUDE": -76.94046999999999, "CAMERA_EASTING": 405165, "CAMERA_NORTHING": 135429, "WARD": "7", "ANC": "7E", "SMD": "7E07", "OBJECTID": 545453, "GLOBALID": "{5CDA6F39-42DD-36F1-E063-792F520A9410}"}}, {"type": "Feature", "id": 545454, "geometry": {"type": "Point", "coordinates": [-76.94034101160483, 38.87584737792501]}, "properties": {"ENFORCEMENT_SPACE_CODE": "ATE 0383", "SITE_CODE": 1720, "ENFORCEMENT_TYPE": "Speed", "LOCATION_DESCRIPTION": "800 BLK RIDGE RD  SE NW/B", "SPEED_LIMIT": 25, "DEVICE_MOBILITY": null, "CAMERA_STATUS": "Live", "ACTIVE_STATUS": "Active", "CAMERA_LATITUDE": 38.87584, "CAMERA_LONGITUDE": -76.94033999999999, "CAMERA_EASTING": 405177, "CAMERA_NORTHING": 134225, "WARD": "7", "ANC": "7B", "SMD": "7B08", "OBJECTID": 545454, "GLOBALID": "{5CDA6F39-42DE-36F1-E063-792F520A9410}"}}, {"type": "Feature", "id": 545455, "geometry": {"type": "Point", "coordinates": [-76.94009333048741, 38.86887474507106]}, "properties": {"ENFORCEMENT_SPACE_CODE": "ATE 0278", "SITE_CODE": 1710, "ENFORCEMENT_TYPE": "Speed", "LOCATION_DESCRIPTION": "4200 BLK SOUTHERN AVE SE NE/B", "SPEED_LIMIT": 25, "DEVICE_MOBILITY": null, "CAMERA_STATUS": "Live", "ACTIVE_STATUS": "Active", "CAMERA_LATITUDE": 38.86887, "CAMERA_LONGITUDE": -76.94009, "CAMERA_EASTING": 405199, "CAMERA_NORTHING": 133451, "WARD": "7", "ANC": "7B", "SMD": "7B08", "OBJECTID": 545455, "GLOBALID": "{5CDA6F39-42DF-36F1-E063-792F520A9410}"}}, {"type": "Feature", "id": 545456, "geometry": {"type": "Point", "coordinates": [-76.93857110192482, 38.87023422417824]}, "properties": {"ENFORCEMENT_SPACE_CODE": "ATE 0785", "SITE_CODE": 1709, "ENFORCEMENT_TYPE": "Speed", "LOCATION_DESCRIPTION": "4200 BLK SOUTHERN AVE SE SW/B", "SPEED_LIMIT": 25, "DEVICE_MOBILITY": null, "CAMERA_STATUS": "Live", "ACTIVE_STATUS": "Active", "CAMERA_LATITUDE": 38.870219999999996, "CAMERA_LONGITUDE": -76.93857, "CAMERA_EASTING": 405331, "CAMERA_NORTHING": 133602, "WARD": "7", "ANC": "7B", "SMD": "7B08", "OBJECTID": 545456, "GLOBALID": "{5CDA6F39-42E0-36F1-E063-792F520A9410}"}}, {"type": "Feature", "id": 545457, "geometry": {"type": "Point", "coordinates": [-76.93706728386601, 38.88985370566529]}, "properties": {"ENFORCEMENT_SPACE_CODE": "ATE 0602", "SITE_CODE": 2701, "ENFORCEMENT_TYPE": "Red Light", "LOCATION_DESCRIPTION": "E CAPITOL ST W/B @ BENNING RD NE", "SPEED_LIMIT": 30, "DEVICE_MOBILITY": null, "CAMERA_STATUS": "Live", "ACTIVE_STATUS": "Active", "CAMERA_LATITUDE": 38.88984, "CAMERA_LONGITUDE": -76.93706999999999, "CAMERA_EASTING": 405460, "CAMERA_NORTHING": 135780, "WARD": "7", "ANC": "7E", "SMD": "7E07", "OBJECTID": 545457, "GLOBALID": "{5CDA6F39-42E1-36F1-E063-792F520A9410}"}}, {"type": "Feature", "id": 545458, "geometry": {"type": "Point", "coordinates": [-76.93642683784546, 38.91006812430205]}, "properties": {"ENFORCEMENT_SPACE_CODE": "ATE 0057", "SITE_CODE": 1717, "ENFORCEMENT_TYPE": "Speed", "LOCATION_DESCRIPTION": "1400 BLK KENILWORTH AVE NE S/B", "SPEED_LIMIT": 25, "DEVICE_MOBILITY": null, "CAMERA_STATUS": "Live", "ACTIVE_STATUS": "Active", "CAMERA_LATITUDE": 38.91006, "CAMERA_LONGITUDE": -76.93643, "CAMERA_EASTING": 405514, "CAMERA_NORTHING": 138024, "WARD": "7", "ANC": "7D", "SMD": "7D01", "OBJECTID": 545458, "GLOBALID": "{5CDA6F39-42E2-36F1-E063-792F520A9410}"}}, {"type": "Feature", "id": 545459, "geometry": {"type": "Point", "coordinates": [-76.93349675186285, 38.91168799544431]}, "properties": {"ENFORCEMENT_SPACE_CODE": "ATE 0531", "SITE_CODE": 1738, "ENFORCEMENT_TYPE": "Speed", "LOCATION_DESCRIPTION": "1600 BLK EASTERN AVE NE SE/B", "SPEED_LIMIT": 25, "DEVICE_MOBILITY": "Portable", "CAMERA_STATUS": "Live", "ACTIVE_STATUS": "Active", "CAMERA_LATITUDE": 38.91168, "CAMERA_LONGITUDE": -76.93348999999999, "CAMERA_EASTING": 405768, "CAMERA_NORTHING": 138204, "WARD": "7", "ANC": "7C", "SMD": "7C07", "OBJECTID": 545459, "GLOBALID": "{5CDA6F39-42E3-36F1-E063-792F520A9410}"}}, {"type": "Feature", "id": 545460, "geometry": {"type": "Point", "coordinates": [-76.93335140230661, 38.88214947542245]}, "properties": {"ENFORCEMENT_SPACE_CODE": "ATE 0308", "SITE_CODE": 1725, "ENFORCEMENT_TYPE": "Speed", "LOCATION_DESCRIPTION": "4800 BLK BENNING RD SE NW/B", "SPEED_LIMIT": 30, "DEVICE_MOBILITY": "Fixed", "CAMERA_STATUS": "Live", "ACTIVE_STATUS": "Active", "CAMERA_LATITUDE": 38.88214, "CAMERA_LONGITUDE": -76.93334999999999, "CAMERA_EASTING": 405783, "CAMERA_NORTHING": 134925, "WARD": "7", "ANC": "7E", "SMD": "7E04", "OBJECTID": 545460, "GLOBALID": "{5CDA6F39-42E4-36F1-E063-792F520A9410}"}}, {"type": "Feature", "id": 545461, "geometry": {"type": "Point", "coordinates": [-76.93300765354965, 38.89228370975944]}, "properties": {"ENFORCEMENT_SPACE_CODE": "ATE 0323", "SITE_CODE": 3703, "ENFORCEMENT_TYPE": "Stop Sign", "LOCATION_DESCRIPTION": "49TH ST S/B @ BLAINE ST NE", "SPEED_LIMIT": 25, "DEVICE_MOBILITY": null, "CAMERA_STATUS": "Live", "ACTIVE_STATUS": "Active", "CAMERA_LATITUDE": 38.89228, "CAMERA_LONGITUDE": -76.933, "CAMERA_EASTING": 405812, "CAMERA_NORTHING": 136050, "WARD": "7", "ANC": "7C", "SMD": "7C03", "OBJECTID": 545461, "GLOBALID": "{5CDA6F39-42E5-36F1-E063-792F520A9410}"}}, {"type": "Feature", "id": 545462, "geometry": {"type": "Point", "coordinates": [-76.9328168249649, 38.91131826438293]}, "properties": {"ENFORCEMENT_SPACE_CODE": "ATE 0530", "SITE_CODE": 1737, "ENFORCEMENT_TYPE": "Speed", "LOCATION_DESCRIPTION": "1600 BLK EASTERN AVE NE NW/B", "SPEED_LIMIT": 25, "DEVICE_MOBILITY": "Portable", "CAMERA_STATUS": "Live", "ACTIVE_STATUS": "Active", "CAMERA_LATITUDE": 38.91131, "CAMERA_LONGITUDE": -76.93281999999999, "CAMERA_EASTING": 405827, "CAMERA_NORTHING": 138163, "WARD": "7", "ANC": "7C", "SMD": "7C07", "OBJECTID": 545462, "GLOBALID": "{5CDA6F39-42E6-36F1-E063-792F520A9410}"}}, {"type": "Feature", "id": 545463, "geometry": {"type": "Point", "coordinates": [-76.93052164122581, 38.8765355959043]}, "properties": {"ENFORCEMENT_SPACE_CODE": "ATE 0327", "SITE_CODE": 1731, "ENFORCEMENT_TYPE": "Speed", "LOCATION_DESCRIPTION": "5000 BLK SOUTHERN AVE SE SW/B", "SPEED_LIMIT": 25, "DEVICE_MOBILITY": "Portable", "CAMERA_STATUS": "Live", "ACTIVE_STATUS": "Active", "CAMERA_LATITUDE": 38.876529999999995, "CAMERA_LONGITUDE": -76.93051, "CAMERA_EASTING": 406029, "CAMERA_NORTHING": 134302, "WARD": "7", "ANC": "7E", "SMD": "7E02", "OBJECTID": 545463, "GLOBALID": "{5CDA6F39-42E7-36F1-E063-792F520A9410}"}}, {"type": "Feature", "id": 545464, "geometry": {"type": "Point", "coordinates": [-76.92926464215127, 38.877381630888905]}, "properties": {"ENFORCEMENT_SPACE_CODE": "ATE 0330", "SITE_CODE": 1732, "ENFORCEMENT_TYPE": "Speed", "LOCATION_DESCRIPTION": "5100 BLK SOUTHERN AVE SE NE/B", "SPEED_LIMIT": 25, "DEVICE_MOBILITY": "Fixed", "CAMERA_STATUS": "Live", "ACTIVE_STATUS": "Active", "CAMERA_LATITUDE": 38.87737, "CAMERA_LONGITUDE": -76.92926, "CAMERA_EASTING": 406138, "CAMERA_NORTHING": 134396, "WARD": "7", "ANC": "7E", "SMD": "7E02", "OBJECTID": 545464, "GLOBALID": "{5CDA6F39-42E8-36F1-E063-792F520A9410}"}}, {"type": "Feature", "id": 545465, "geometry": {"type": "Point", "coordinates": [-76.92844318025791, 38.903577494330825]}, "properties": {"ENFORCEMENT_SPACE_CODE": "ATE 0326", "SITE_CODE": 1756, "ENFORCEMENT_TYPE": "Speed", "LOCATION_DESCRIPTION": "5000 BLK SHERIFF ROAD NE W/B", "SPEED_LIMIT": 25, "DEVICE_MOBILITY": null, "CAMERA_STATUS": "Live", "ACTIVE_STATUS": "Active", "CAMERA_LATITUDE": 38.903569999999995, "CAMERA_LONGITUDE": -76.92844, "CAMERA_EASTING": 406207, "CAMERA_NORTHING": 137304, "WARD": "7", "ANC": "7C", "SMD": "7C04", "OBJECTID": 545465, "GLOBALID": "{5CDA6F39-42E9-36F1-E063-792F520A9410}"}}, {"type": "Feature", "id": 545466, "geometry": {"type": "Point", "coordinates": [-76.9283697198902, 38.90784740901817]}, "properties": {"ENFORCEMENT_SPACE_CODE": "ATE 0038", "SITE_CODE": 1711, "ENFORCEMENT_TYPE": "Speed", "LOCATION_DESCRIPTION": "1300 BLK EASTERN AVE NE NW/B", "SPEED_LIMIT": 25, "DEVICE_MOBILITY": null, "CAMERA_STATUS": "Live", "ACTIVE_STATUS": "Active", "CAMERA_LATITUDE": 38.90784, "CAMERA_LONGITUDE": -76.92836, "CAMERA_EASTING": 406213, "CAMERA_NORTHING": 137778, "WARD": "7", "ANC": "7C", "SMD": "7C07", "OBJECTID": 545466, "GLOBALID": "{5CDA6F39-42EA-36F1-E063-792F520A9410}"}}, {"type": "Feature", "id": 545467, "geometry": {"type": "Point", "coordinates": [-76.92189843080976, 38.88976347298383]}, "properties": {"ENFORCEMENT_SPACE_CODE": "ATE 0337", "SITE_CODE": 1701, "ENFORCEMENT_TYPE": "Speed", "LOCATION_DESCRIPTION": "5500 BLK E CAPITOL ST SE E/B", "SPEED_LIMIT": 30, "DEVICE_MOBILITY": null, "CAMERA_STATUS": "Live", "ACTIVE_STATUS": "Active", "CAMERA_LATITUDE": 38.889759999999995, "CAMERA_LONGITUDE": -76.92190000000001, "CAMERA_EASTING": 406776, "CAMERA_NORTHING": 135771, "WARD": "7", "ANC": "7C", "SMD": "7C02", "OBJECTID": 545467, "GLOBALID": "{5CDA6F39-42EB-36F1-E063-792F520A9410}"}}, {"type": "Feature", "id": 545468, "geometry": {"type": "Point", "coordinates": [-76.92182236200456, 38.89606928456454]}, "properties": {"ENFORCEMENT_SPACE_CODE": "ATE 0830", "SITE_CODE": 3604, "ENFORCEMENT_TYPE": "Stop Sign", "LOCATION_DESCRIPTION": "55th St s/b @ Eads St NE", "SPEED_LIMIT": 25, "DEVICE_MOBILITY": null, "CAMERA_STATUS": "Live", "ACTIVE_STATUS": "Active", "CAMERA_LATITUDE": 38.89606, "CAMERA_LONGITUDE": -76.92182, "CAMERA_EASTING": 406782, "CAMERA_NORTHING": 136471, "WARD": "7", "ANC": "7C", "SMD": "7C06", "OBJECTID": 545468, "GLOBALID": "{5CDA6F39-42EC-36F1-E063-792F520A9410}"}}, {"type": "Feature", "id": 545469, "geometry": {"type": "Point", "coordinates": [-76.91992625143557, 38.90104962671794]}, "properties": {"ENFORCEMENT_SPACE_CODE": "ATE 0381", "SITE_CODE": 1715, "ENFORCEMENT_TYPE": "Speed", "LOCATION_DESCRIPTION": "800 BLK EASTERN AVE NE E/B", "SPEED_LIMIT": 25, "DEVICE_MOBILITY": null, "CAMERA_STATUS": "Live", "ACTIVE_STATUS": "Active", "CAMERA_LATITUDE": 38.901039999999995, "CAMERA_LONGITUDE": -76.91993, "CAMERA_EASTING": 406946, "CAMERA_NORTHING": 137024, "WARD": "7", "ANC": "7C", "SMD": "7C06", "OBJECTID": 545469, "GLOBALID": "{5CDA6F39-42ED-36F1-E063-792F520A9410}"}}, {"type": "Feature", "id": 545470, "geometry": {"type": "Point", "coordinates": [-76.91985807191713, 38.88990622501796]}, "properties": {"ENFORCEMENT_SPACE_CODE": "ATE 0340", "SITE_CODE": 1724, "ENFORCEMENT_TYPE": "Speed", "LOCATION_DESCRIPTION": "5600 BLK EAST CAPITOL ST NE W/B", "SPEED_LIMIT": 30, "DEVICE_MOBILITY": "Fixed", "CAMERA_STATUS": "Live", "ACTIVE_STATUS": "Active", "CAMERA_LATITUDE": 38.889900000000004, "CAMERA_LONGITUDE": -76.91986, "CAMERA_EASTING": 406953, "CAMERA_NORTHING": 135787, "WARD": "7", "ANC": "7C", "SMD": "7C02", "OBJECTID": 545470, "GLOBALID": "{5CDA6F39-42EE-36F1-E063-792F520A9410}"}}, {"type": "Feature", "id": 545471, "geometry": {"type": "Point", "coordinates": [-76.91580325319566, 38.887759377770756]}, "properties": {"ENFORCEMENT_SPACE_CODE": "ATE 0545", "SITE_CODE": 1757, "ENFORCEMENT_TYPE": "Speed", "LOCATION_DESCRIPTION": "5900 BLK SOUTHERN AVE SE NE/B", "SPEED_LIMIT": 25, "DEVICE_MOBILITY": "Fixed", "CAMERA_STATUS": "Live", "ACTIVE_STATUS": "Active", "CAMERA_LATITUDE": 38.88775, "CAMERA_LONGITUDE": -76.9158, "CAMERA_EASTING": 407305, "CAMERA_NORTHING": 135549, "WARD": "7", "ANC": "7C", "SMD": "7C08", "OBJECTID": 545471, "GLOBALID": "{5CDA6F39-42EF-36F1-E063-792F520A9410}"}}, {"type": "Feature", "id": 545472, "geometry": {"type": "Point", "coordinates": [-76.98696740717943, 38.8807714634151]}, "properties": {"ENFORCEMENT_SPACE_CODE": "ATE 0841", "SITE_CODE": 1617, "ENFORCEMENT_TYPE": "Speed", "LOCATION_DESCRIPTION": "1300 blk Pennsylvania Ave SE e/b (WZ)", "SPEED_LIMIT": 25, "DEVICE_MOBILITY": null, "CAMERA_STATUS": "Live", "ACTIVE_STATUS": "Active", "CAMERA_LATITUDE": 38.880759999999995, "CAMERA_LONGITUDE": -76.98696, "CAMERA_EASTING": 401131, "CAMERA_NORTHING": 134770, "WARD": "6", "ANC": "6B", "SMD": "6B07", "OBJECTID": 545472, "GLOBALID": "{5CDA6F39-42F0-36F1-E063-792F520A9410}"}}, {"type": "Feature", "id": 545473, "geometry": {"type": "Point", "coordinates": [-76.98162023487497, 38.87895104915547]}, "properties": {"ENFORCEMENT_SPACE_CODE": "ATE 0842", "SITE_CODE": 1618, "ENFORCEMENT_TYPE": "Speed", "LOCATION_DESCRIPTION": "1300 blk Pennsylvania Ave SE w/b (WZ)", "SPEED_LIMIT": 25, "DEVICE_MOBILITY": null, "CAMERA_STATUS": "Live", "ACTIVE_STATUS": "Active", "CAMERA_LATITUDE": 38.87894, "CAMERA_LONGITUDE": -76.98161999999999, "CAMERA_EASTING": 401595, "CAMERA_NORTHING": 134568, "WARD": "6", "ANC": "6B", "SMD": "6B09", "OBJECTID": 545473, "GLOBALID": "{5CDA6F39-42F1-36F1-E063-792F520A9410}"}}, {"type": "Feature", "id": 545474, "geometry": {"type": "Point", "coordinates": [-76.94476385710355, 38.87905654305771]}, "properties": {"ENFORCEMENT_SPACE_CODE": "ATE 0843", "SITE_CODE": 1762, "ENFORCEMENT_TYPE": "Speed", "LOCATION_DESCRIPTION": "600 blk Ridge Rd SE nw/b", "SPEED_LIMIT": 25, "DEVICE_MOBILITY": null, "CAMERA_STATUS": "Live", "ACTIVE_STATUS": "Active", "CAMERA_LATITUDE": 38.87905, "CAMERA_LONGITUDE": -76.94476, "CAMERA_EASTING": 404793, "CAMERA_NORTHING": 134581, "WARD": "7", "ANC": "7B", "SMD": "7B08", "OBJECTID": 545474, "GLOBALID": "{5CDA6F39-42F2-36F1-E063-792F520A9410}"}}, {"type": "Feature", "id": 545475, "geometry": {"type": "Point", "coordinates": [-76.98608770190074, 38.90025647823682]}, "properties": {"ENFORCEMENT_SPACE_CODE": "ATE 0844", "SITE_CODE": 1615, "ENFORCEMENT_TYPE": "Speed", "LOCATION_DESCRIPTION": "1300 blk H St NE w/b", "SPEED_LIMIT": 25, "DEVICE_MOBILITY": null, "CAMERA_STATUS": "Live", "ACTIVE_STATUS": "Active", "CAMERA_LATITUDE": 38.90025, "CAMERA_LONGITUDE": -76.98608, "CAMERA_EASTING": 401207, "CAMERA_NORTHING": 136933, "WARD": "6", "ANC": "6A", "SMD": "6A01", "OBJECTID": 545475, "GLOBALID": "{5CDA6F39-42F3-36F1-E063-792F520A9410}"}}]}