ENFORCEMENT_SPACE_CODE,ENFORCEMENT_TYPE,YEAR_MONTH,CAMERA_STATUS,NUM_VIOLATIONS,LAST_RECORD
1000008,Bus Stop,2025-06,Live,2.0,2026-04-10 04:00:00
1000008,Bus Stop,2025-11,Live,2.0,2026-04-10 04:00:00
1000008,Bus Stop,2025-12,Live,3.0,2026-04-10 04:00:00
1000008,Bus Stop,2026-01,Live,1.0,2026-04-10 04:00:00
1000008,Bus Stop,2026-02,Live,4.0,2026-04-10 04:00:00
1000008,Bus Stop,2026-03,Live,3.0,2026-04-10 04:00:00
1000008,Bus Stop,2026-04,Live,2.0,2026-04-10 04:00:00
1000009,Bus Stop,2025-05,Live,1.0,2025-06-03 04:00:00
1000009,Bus Stop,2025-06,Live,1.0,2025-06-03 04:00:00
1000012,Bus Stop,2025-06,Live,4.0,2025-06-21 04:00:00
1000013,Bus Stop,2025-06,Live,1.0,2025-06-08 04:00:00
1000014,Bus Stop,2025-06,Live,1.0,2025-06-21 04:00:00
1000016,Bus Stop,2025-06,Live,1.0,2025-06-24 04:00:00
1000017,Bus Stop,2025-05,Live,4.0,2025-06-25 04:00:00
1000017,Bus Stop,2025-06,Live,17.0,2025-06-25 04:00:00
1000020,Bus Stop,2025-06,Live,1.0,2025-06-04 04:00:00
1000024,Bus Stop,2025-07,Idle,1.0,2025-07-21 04:00:00
1000024,Bus Stop,2026-04,Live,2.0,2026-04-15 04:00:00
1000025,Bus Stop,2025-06,Live,6.0,2025-06-23 04:00:00
1000025,Bus Stop,2025-07,Idle,1.0,2025-07-21 04:00:00
1000030,Bus Stop,2025-05,Live,1.0,2025-06-19 04:00:00
1000030,Bus Stop,2025-06,Live,4.0,2025-06-19 04:00:00
1000030,Bus Stop,2025-07,Idle,1.0,2025-07-21 04:00:00
1000033,Bus Stop,2025-06,Live,1.0,2025-06-19 04:00:00
1000035,Bus Stop,2025-05,Live,1.0,2026-04-14 04:00:00
1000035,Bus Stop,2025-06,Live,5.0,2026-04-14 04:00:00
1000035,Bus Stop,2025-07,Idle,2.0,2025-07-21 04:00:00
1000035,Bus Stop,2025-10,Live,3.0,2026-04-14 04:00:00
1000035,Bus Stop,2025-11,Live,5.0,2026-04-14 04:00:00
1000035,Bus Stop,2025-12,Live,12.0,2026-04-14 04:00:00
1000035,Bus Stop,2026-01,Live,8.0,2026-04-14 04:00:00
1000035,Bus Stop,2026-02,Live,8.0,2026-04-14 04:00:00
1000035,Bus Stop,2026-03,Live,10.0,2026-04-14 04:00:00
1000035,Bus Stop,2026-04,Live,6.0,2026-04-14 04:00:00
1000036,Bus Stop,2025-06,Live,2.0,2025-06-13 04:00:00
1000037,Bus Stop,2025-06,Live,9.0,2026-04-03 04:00:00
1000037,Bus Stop,2025-12,Live,6.0,2026-04-03 04:00:00
1000037,Bus Stop,2026-01,Live,13.0,2026-04-03 04:00:00
1000037,Bus Stop,2026-02,Live,17.0,2026-04-03 04:00:00
1000037,Bus Stop,2026-03,Live,16.0,2026-04-03 04:00:00
1000037,Bus Stop,2026-04,Live,1.0,2026-04-03 04:00:00
1000038,Bus Stop,2025-06,Live,2.0,2025-06-15 04:00:00
1000038,Bus Stop,2025-07,Idle,2.0,2025-07-21 04:00:00
1000042,Bus Stop,2025-06,Live,1.0,2025-06-11 04:00:00
1000044,Bus Stop,2025-06,Live,2.0,2025-06-23 04:00:00
1000045,Bus Stop,2025-06,Live,1.0,2025-06-25 04:00:00
1000046,Bus Stop,2025-06,Live,2.0,2025-06-07 04:00:00
1000049,Bus Stop,2025-06,Live,1.0,2025-06-06 04:00:00
1000051,Bus Stop,2025-06,Live,1.0,2025-06-10 04:00:00
1000053,Bus Stop,2025-06,Live,5.0,2025-06-25 04:00:00
1000057,Bus Stop,2025-06,Live,2.0,2025-06-12 04:00:00
1000060,Bus Stop,2025-06,Live,4.0,2025-06-12 04:00:00
1000064,Bus Stop,2024-12,Live,2.0,2025-06-21 04:00:00
1000064,Bus Stop,2025-03,Live,2.0,2025-06-21 04:00:00
1000064,Bus Stop,2025-05,Live,1.0,2025-06-21 04:00:00
1000064,Bus Stop,2025-06,Live,3.0,2025-06-21 04:00:00
1000071,Bus Stop,2025-05,Live,1.0,2025-06-12 04:00:00
1000071,Bus Stop,2025-06,Live,4.0,2025-06-12 04:00:00
1000076,Bus Stop,2025-11,Live,2.0,2026-03-14 04:00:00
1000076,Bus Stop,2026-01,Live,1.0,2026-03-14 04:00:00
1000076,Bus Stop,2026-02,Live,1.0,2026-03-14 04:00:00
1000076,Bus Stop,2026-03,Live,1.0,2026-03-14 04:00:00
1000078,Bus Stop,2025-06,Live,1.0,2025-06-12 04:00:00
1000082,Bus Stop,2025-06,Live,1.0,2025-06-17 04:00:00
1000086,Bus Stop,2025-06,Live,1.0,2025-06-23 04:00:00
1000088,Bus Stop,2025-06,Live,1.0,2025-06-17 04:00:00
1000104,Bus Stop,2025-05,Live,5.0,2025-06-25 04:00:00
1000104,Bus Stop,2025-06,Live,25.0,2025-06-25 04:00:00
1000104,Bus Stop,2025-07,Idle,2.0,2025-07-21 04:00:00
1000105,Bus Stop,2025-05,Live,4.0,2026-04-14 04:00:00
1000105,Bus Stop,2025-06,Live,22.0,2026-04-14 04:00:00
1000105,Bus Stop,2025-07,Idle,4.0,2025-07-21 04:00:00
1000105,Bus Stop,2025-10,Live,6.0,2026-04-14 04:00:00
1000105,Bus Stop,2025-11,Live,15.0,2026-04-14 04:00:00
1000105,Bus Stop,2025-12,Live,11.0,2026-04-14 04:00:00
1000105,Bus Stop,2026-01,Live,26.0,2026-04-14 04:00:00
1000105,Bus Stop,2026-02,Live,34.0,2026-04-14 04:00:00
1000105,Bus Stop,2026-03,Live,31.0,2026-04-14 04:00:00
1000105,Bus Stop,2026-04,Live,24.0,2026-04-14 04:00:00
1000106,Bus Stop,2025-05,Live,1.0,2026-04-02 04:00:00
1000106,Bus Stop,2025-06,Live,1.0,2026-04-02 04:00:00
1000106,Bus Stop,2026-01,Live,3.0,2026-04-02 04:00:00
1000106,Bus Stop,2026-02,Live,1.0,2026-04-02 04:00:00
1000106,Bus Stop,2026-03,Live,9.0,2026-04-02 04:00:00
1000106,Bus Stop,2026-04,Live,1.0,2026-04-02 04:00:00
1000107,Bus Stop,2025-06,Live,2.0,2025-06-16 04:00:00
1000111,Bus Stop,2025-05,Live,1.0,2025-06-11 04:00:00
1000111,Bus Stop,2025-06,Live,1.0,2025-06-11 04:00:00
1000111,Bus Stop,2025-07,Idle,1.0,2025-07-21 04:00:00
1000113,Bus Stop,2025-06,Live,3.0,2025-06-20 04:00:00
1000116,Bus Stop,2025-06,Live,8.0,2026-04-07 04:00:00
1000116,Bus Stop,2025-12,Live,2.0,2026-04-07 04:00:00
1000116,Bus Stop,2026-01,Live,5.0,2026-04-07 04:00:00
1000116,Bus Stop,2026-03,Live,7.0,2026-04-07 04:00:00
1000116,Bus Stop,2026-04,Live,2.0,2026-04-07 04:00:00
1000117,Bus Stop,2025-06,Live,1.0,2025-06-25 04:00:00
1000119,Bus Stop,2025-05,Live,3.0,2025-06-12 04:00:00
1000119,Bus Stop,2025-06,Live,2.0,2025-06-12 04:00:00
1000119,Bus Stop,2025-07,Idle,1.0,2025-07-21 04:00:00
1000123,Bus Stop,2025-03,Live,1.0,2025-03-12 04:00:00
1000124,Bus Stop,2025-05,Live,1.0,2025-06-18 04:00:00
1000124,Bus Stop,2025-06,Live,2.0,2025-06-18 04:00:00
1000126,Bus Stop,2025-06,Live,1.0,2025-06-16 04:00:00
1000127,Bus Stop,2025-06,Live,1.0,2025-06-17 04:00:00
1000128,Bus Stop,2025-06,Live,1.0,2025-06-19 04:00:00
1000132,Bus Stop,2025-06,Live,5.0,2025-06-23 04:00:00
1000133,Bus Stop,2025-06,Live,1.0,2025-06-24 04:00:00
1000138,Bus Stop,2025-06,Live,10.0,2026-04-15 04:00:00
1000138,Bus Stop,2025-11,Live,15.0,2026-04-15 04:00:00
1000138,Bus Stop,2025-12,Live,13.0,2026-04-15 04:00:00
1000138,Bus Stop,2026-01,Live,8.0,2026-04-15 04:00:00
1000138,Bus Stop,2026-02,Live,35.0,2026-04-15 04:00:00
1000138,Bus Stop,2026-03,Live,12.0,2026-04-15 04:00:00
1000138,Bus Stop,2026-04,Live,11.0,2026-04-15 04:00:00
1000139,Bus Stop,2025-05,Live,4.0,2026-04-15 04:00:00
1000139,Bus Stop,2025-06,Live,10.0,2026-04-15 04:00:00
1000139,Bus Stop,2025-10,Live,3.0,2026-04-15 04:00:00
1000139,Bus Stop,2025-11,Live,10.0,2026-04-15 04:00:00
1000139,Bus Stop,2025-12,Live,7.0,2026-04-15 04:00:00
1000139,Bus Stop,2026-01,Live,10.0,2026-04-15 04:00:00
1000139,Bus Stop,2026-02,Live,17.0,2026-04-15 04:00:00
1000139,Bus Stop,2026-03,Live,13.0,2026-04-15 04:00:00
1000139,Bus Stop,2026-04,Live,8.0,2026-04-15 04:00:00
1000143,Bus Stop,2025-05,Live,3.0,2026-04-13 04:00:00
1000143,Bus Stop,2025-06,Live,13.0,2026-04-13 04:00:00
1000143,Bus Stop,2025-07,Idle,2.0,2025-07-21 04:00:00
1000143,Bus Stop,2026-03,Live,55.0,2026-04-13 04:00:00
1000143,Bus Stop,2026-04,Live,27.0,2026-04-13 04:00:00
1000148,Bus Stop,2025-06,Live,2.0,2026-04-14 04:00:00
1000148,Bus Stop,2025-10,Live,4.0,2026-04-14 04:00:00
1000148,Bus Stop,2025-11,Live,3.0,2026-04-14 04:00:00
1000148,Bus Stop,2026-01,Live,1.0,2026-04-14 04:00:00
1000148,Bus Stop,2026-02,Live,9.0,2026-04-14 04:00:00
1000148,Bus Stop,2026-03,Live,4.0,2026-04-14 04:00:00
1000148,Bus Stop,2026-04,Live,4.0,2026-04-14 04:00:00
1000149,Bus Stop,2025-05,Live,30.0,2026-04-15 04:00:00
1000149,Bus Stop,2025-06,Live,144.0,2026-04-15 04:00:00
1000149,Bus Stop,2025-07,Idle,21.0,2025-07-22 04:00:00
1000149,Bus Stop,2025-10,Live,41.0,2026-04-15 04:00:00
1000149,Bus Stop,2025-11,Live,197.0,2026-04-15 04:00:00
1000149,Bus Stop,2025-12,Live,215.0,2026-04-15 04:00:00
1000149,Bus Stop,2026-01,Live,161.0,2026-04-15 04:00:00
1000149,Bus Stop,2026-02,Live,264.0,2026-04-15 04:00:00
1000149,Bus Stop,2026-03,Live,375.0,2026-04-15 04:00:00
1000149,Bus Stop,2026-04,Live,252.0,2026-04-15 04:00:00
1000157,Bus Stop,2025-01,Live,1.0,2026-04-06 04:00:00
1000157,Bus Stop,2025-03,Live,2.0,2026-04-06 04:00:00
1000157,Bus Stop,2025-12,Live,1.0,2026-04-06 04:00:00
1000157,Bus Stop,2026-03,Live,2.0,2026-04-06 04:00:00
1000157,Bus Stop,2026-04,Live,3.0,2026-04-06 04:00:00
1000158,Bus Stop,2024-12,Live,18.0,2026-04-15 04:00:00
1000158,Bus Stop,2025-01,Live,17.0,2026-04-15 04:00:00
1000158,Bus Stop,2025-02,Live,24.0,2026-04-15 04:00:00
1000158,Bus Stop,2025-03,Live,25.0,2026-04-15 04:00:00
1000158,Bus Stop,2025-04,Live,30.0,2026-04-15 04:00:00
1000158,Bus Stop,2025-05,Live,31.0,2026-04-15 04:00:00
1000158,Bus Stop,2025-06,Live,17.0,2026-04-15 04:00:00
1000158,Bus Stop,2025-07,Idle,2.0,2025-07-21 04:00:00
1000158,Bus Stop,2025-10,Live,8.0,2026-04-15 04:00:00
1000158,Bus Stop,2025-11,Live,10.0,2026-04-15 04:00:00
1000158,Bus Stop,2025-12,Live,18.0,2026-04-15 04:00:00
1000158,Bus Stop,2026-01,Live,18.0,2026-04-15 04:00:00
1000158,Bus Stop,2026-02,Live,23.0,2026-04-15 04:00:00
1000158,Bus Stop,2026-03,Live,32.0,2026-04-15 04:00:00
1000158,Bus Stop,2026-04,Live,23.0,2026-04-15 04:00:00
1000161,Bus Stop,2025-10,Live,3.0,2026-04-15 04:00:00
1000161,Bus Stop,2025-11,Live,5.0,2026-04-15 04:00:00
1000161,Bus Stop,2025-12,Live,7.0,2026-04-15 04:00:00
1000161,Bus Stop,2026-01,Live,4.0,2026-04-15 04:00:00
1000161,Bus Stop,2026-02,Live,13.0,2026-04-15 04:00:00
1000161,Bus Stop,2026-03,Live,4.0,2026-04-15 04:00:00
1000161,Bus Stop,2026-04,Live,3.0,2026-04-15 04:00:00
1000171,Bus Stop,2025-05,Live,2.0,2026-04-15 04:00:00
1000171,Bus Stop,2025-06,Live,6.0,2026-04-15 04:00:00
1000171,Bus Stop,2025-07,Idle,2.0,2025-07-21 04:00:00
1000171,Bus Stop,2025-11,Live,28.0,2026-04-15 04:00:00
1000171,Bus Stop,2025-12,Live,37.0,2026-04-15 04:00:00
1000171,Bus Stop,2026-01,Live,45.0,2026-04-15 04:00:00
1000171,Bus Stop,2026-02,Live,49.0,2026-04-15 04:00:00
1000171,Bus Stop,2026-03,Live,51.0,2026-04-15 04:00:00
1000171,Bus Stop,2026-04,Live,28.0,2026-04-15 04:00:00
1000181,Bus Stop,2025-01,Live,1.0,2025-02-05 05:00:00
1000181,Bus Stop,2025-02,Live,1.0,2025-02-05 05:00:00
1000183,Bus Stop,2025-02,Live,1.0,2025-06-11 04:00:00
1000183,Bus Stop,2025-03,Live,3.0,2025-06-11 04:00:00
1000183,Bus Stop,2025-04,Live,1.0,2025-06-11 04:00:00
1000183,Bus Stop,2025-06,Live,1.0,2025-06-11 04:00:00
1000184,Bus Stop,2025-06,Live,1.0,2025-06-21 04:00:00
1000188,Bus Stop,2025-02,Live,1.0,2026-01-18 05:00:00
1000188,Bus Stop,2025-12,Live,1.0,2026-01-18 05:00:00
1000188,Bus Stop,2026-01,Live,1.0,2026-01-18 05:00:00
1000189,Bus Stop,2024-12,Live,46.0,2025-06-25 04:00:00
1000189,Bus Stop,2025-01,Live,64.0,2025-06-25 04:00:00
1000189,Bus Stop,2025-02,Live,55.0,2025-06-25 04:00:00
1000189,Bus Stop,2025-03,Live,59.0,2025-06-25 04:00:00
1000189,Bus Stop,2025-04,Live,43.0,2025-06-25 04:00:00
1000189,Bus Stop,2025-05,Live,64.0,2025-06-25 04:00:00
1000189,Bus Stop,2025-06,Live,47.0,2025-06-25 04:00:00
1000189,Bus Stop,2025-07,Idle,12.0,2025-07-22 04:00:00
1000192,Bus Stop,2025-05,Live,1.0,2026-04-15 04:00:00
1000192,Bus Stop,2025-06,Live,35.0,2026-04-15 04:00:00
1000192,Bus Stop,2025-07,Idle,10.0,2025-07-21 04:00:00
1000192,Bus Stop,2025-10,Live,33.0,2026-04-15 04:00:00
1000192,Bus Stop,2025-11,Live,113.0,2026-04-15 04:00:00
1000192,Bus Stop,2025-12,Live,127.0,2026-04-15 04:00:00
1000192,Bus Stop,2026-01,Live,156.0,2026-04-15 04:00:00
1000192,Bus Stop,2026-02,Live,184.0,2026-04-15 04:00:00
1000192,Bus Stop,2026-03,Live,224.0,2026-04-15 04:00:00
1000192,Bus Stop,2026-04,Live,114.0,2026-04-15 04:00:00
1000193,Bus Stop,2024-12,Live,14.0,2026-04-15 04:00:00
1000193,Bus Stop,2025-01,Live,7.0,2026-04-15 04:00:00
1000193,Bus Stop,2025-02,Live,8.0,2026-04-15 04:00:00
1000193,Bus Stop,2025-03,Live,12.0,2026-04-15 04:00:00
1000193,Bus Stop,2025-04,Live,23.0,2026-04-15 04:00:00
1000193,Bus Stop,2025-05,Live,22.0,2026-04-15 04:00:00
1000193,Bus Stop,2025-06,Live,12.0,2026-04-15 04:00:00
1000193,Bus Stop,2025-10,Live,1.0,2026-04-15 04:00:00
1000193,Bus Stop,2025-11,Live,5.0,2026-04-15 04:00:00
1000193,Bus Stop,2025-12,Live,6.0,2026-04-15 04:00:00
1000193,Bus Stop,2026-01,Live,2.0,2026-04-15 04:00:00
1000193,Bus Stop,2026-02,Live,5.0,2026-04-15 04:00:00
1000193,Bus Stop,2026-03,Live,9.0,2026-04-15 04:00:00
1000193,Bus Stop,2026-04,Live,4.0,2026-04-15 04:00:00
1000199,Bus Stop,2024-12,Idle,6.0,2025-06-23 04:00:00
1000199,Bus Stop,2025-01,Idle,2.0,2025-06-23 04:00:00
1000199,Bus Stop,2025-02,Idle,4.0,2025-06-23 04:00:00
1000199,Bus Stop,2025-05,Idle,2.0,2025-06-23 04:00:00
1000199,Bus Stop,2025-06,Idle,1.0,2025-06-23 04:00:00
1000202,Bus Stop,2024-12,Idle,8.0,2025-06-23 04:00:00
1000202,Bus Stop,2025-01,Idle,2.0,2025-06-23 04:00:00
1000202,Bus Stop,2025-02,Idle,4.0,2025-06-23 04:00:00
1000202,Bus Stop,2025-03,Idle,4.0,2025-06-23 04:00:00
1000202,Bus Stop,2025-04,Idle,10.0,2025-06-23 04:00:00
1000202,Bus Stop,2025-05,Idle,6.0,2025-06-23 04:00:00
1000202,Bus Stop,2025-06,Idle,1.0,2025-06-23 04:00:00
1000203,Bus Stop,2025-03,Live,1.0,2025-06-25 04:00:00
1000203,Bus Stop,2025-05,Live,1.0,2025-06-25 04:00:00
1000203,Bus Stop,2025-06,Live,2.0,2025-06-25 04:00:00
1000207,Bus Stop,2025-07,Idle,1.0,2025-07-21 04:00:00
1000208,Bus Stop,2024-12,Live,1.0,2025-06-20 04:00:00
1000208,Bus Stop,2025-01,Live,3.0,2025-06-20 04:00:00
1000208,Bus Stop,2025-02,Live,3.0,2025-06-20 04:00:00
1000208,Bus Stop,2025-03,Live,4.0,2025-06-20 04:00:00
1000208,Bus Stop,2025-04,Live,4.0,2025-06-20 04:00:00
1000208,Bus Stop,2025-05,Live,1.0,2025-06-20 04:00:00
1000208,Bus Stop,2025-06,Live,4.0,2025-06-20 04:00:00
1000217,Bus Stop,2025-03,Live,3.0,2026-04-14 04:00:00
1000217,Bus Stop,2025-06,Live,2.0,2026-04-14 04:00:00
1000217,Bus Stop,2025-07,Idle,3.0,2025-07-21 04:00:00
1000217,Bus Stop,2026-01,Live,7.0,2026-04-14 04:00:00
1000217,Bus Stop,2026-02,Live,2.0,2026-04-14 04:00:00
1000217,Bus Stop,2026-03,Live,2.0,2026-04-14 04:00:00
1000217,Bus Stop,2026-04,Live,5.0,2026-04-14 04:00:00
1000219,Bus Stop,2024-12,Live,1.0,2026-04-15 04:00:00
1000219,Bus Stop,2025-01,Live,1.0,2026-04-15 04:00:00
1000219,Bus Stop,2025-03,Live,1.0,2026-04-15 04:00:00
1000219,Bus Stop,2025-04,Live,1.0,2026-04-15 04:00:00
1000219,Bus Stop,2025-06,Live,3.0,2026-04-15 04:00:00
1000219,Bus Stop,2026-01,Live,1.0,2026-04-15 04:00:00
1000219,Bus Stop,2026-02,Live,8.0,2026-04-15 04:00:00
1000219,Bus Stop,2026-03,Live,4.0,2026-04-15 04:00:00
1000219,Bus Stop,2026-04,Live,5.0,2026-04-15 04:00:00
1000221,Bus Stop,2025-02,Live,1.0,2025-05-12 04:00:00
1000221,Bus Stop,2025-05,Live,1.0,2025-05-12 04:00:00
1000223,Bus Stop,2024-12,Idle,2.0,2026-01-24 05:00:00
1000223,Bus Stop,2025-01,Idle,2.0,2026-01-24 05:00:00
1000223,Bus Stop,2025-02,Idle,2.0,2026-01-24 05:00:00
1000223,Bus Stop,2025-04,Idle,8.0,2026-01-24 05:00:00
1000223,Bus Stop,2025-05,Idle,2.0,2026-01-24 05:00:00
1000223,Bus Stop,2025-06,Idle,4.0,2026-01-24 05:00:00
1000223,Bus Stop,2026-01,Idle,2.0,2026-01-24 05:00:00
1000225,Bus Stop,2024-12,Live,2.0,2026-04-03 04:00:00
1000225,Bus Stop,2025-01,Live,1.0,2026-04-03 04:00:00
1000225,Bus Stop,2025-02,Live,2.0,2026-04-03 04:00:00
1000225,Bus Stop,2025-04,Live,1.0,2026-04-03 04:00:00
1000225,Bus Stop,2025-06,Live,1.0,2026-04-03 04:00:00
1000225,Bus Stop,2025-11,Live,1.0,2026-04-03 04:00:00
1000225,Bus Stop,2026-02,Live,2.0,2026-04-03 04:00:00
1000225,Bus Stop,2026-04,Live,2.0,2026-04-03 04:00:00
1000228,Bus Stop,2024-12,Live,2.0,2025-04-23 04:00:00
1000228,Bus Stop,2025-01,Live,3.0,2025-04-23 04:00:00
1000228,Bus Stop,2025-04,Live,2.0,2025-04-23 04:00:00
1000236,Bus Stop,2024-12,Live,25.0,2026-04-15 04:00:00
1000236,Bus Stop,2025-01,Live,21.0,2026-04-15 04:00:00
1000236,Bus Stop,2025-02,Live,22.0,2026-04-15 04:00:00
1000236,Bus Stop,2025-03,Live,23.0,2026-04-15 04:00:00
1000236,Bus Stop,2025-04,Live,17.0,2026-04-15 04:00:00
1000236,Bus Stop,2025-05,Live,24.0,2026-04-15 04:00:00
1000236,Bus Stop,2025-06,Live,16.0,2026-04-15 04:00:00
1000236,Bus Stop,2025-09,Live,1.0,2026-04-15 04:00:00
1000236,Bus Stop,2025-10,Live,19.0,2026-04-15 04:00:00
1000236,Bus Stop,2025-11,Live,21.0,2026-04-15 04:00:00
1000236,Bus Stop,2025-12,Live,40.0,2026-04-15 04:00:00
1000236,Bus Stop,2026-01,Live,20.0,2026-04-15 04:00:00
1000236,Bus Stop,2026-02,Live,27.0,2026-04-15 04:00:00
1000236,Bus Stop,2026-03,Live,34.0,2026-04-15 04:00:00
1000236,Bus Stop,2026-04,Live,25.0,2026-04-15 04:00:00
1000237,Bus Stop,2025-06,Idle,2.0,2025-07-21 04:00:00
1000237,Bus Stop,2025-07,Idle,1.0,2025-07-21 04:00:00
1000238,Bus Stop,2024-12,Idle,2.0,2025-03-25 04:00:00
1000238,Bus Stop,2025-03,Idle,2.0,2025-03-25 04:00:00
1000240,Bus Stop,2025-10,Live,1.0,2026-04-05 04:00:00
1000240,Bus Stop,2025-11,Live,3.0,2026-04-05 04:00:00
1000240,Bus Stop,2025-12,Live,1.0,2026-04-05 04:00:00
1000240,Bus Stop,2026-02,Live,2.0,2026-04-05 04:00:00
1000240,Bus Stop,2026-03,Live,5.0,2026-04-05 04:00:00
1000240,Bus Stop,2026-04,Live,2.0,2026-04-05 04:00:00
1000245,Bus Stop,2025-12,Live,6.0,2026-02-21 05:00:00
1000245,Bus Stop,2026-01,Live,2.0,2026-02-21 05:00:00
1000245,Bus Stop,2026-02,Live,2.0,2026-02-21 05:00:00
1000249,Bus Stop,2025-02,Live,4.0,2026-04-09 04:00:00
1000249,Bus Stop,2025-03,Live,3.0,2026-04-09 04:00:00
1000249,Bus Stop,2025-04,Live,1.0,2026-04-09 04:00:00
1000249,Bus Stop,2025-05,Live,2.0,2026-04-09 04:00:00
1000249,Bus Stop,2025-06,Live,1.0,2026-04-09 04:00:00
1000249,Bus Stop,2025-11,Live,1.0,2026-04-09 04:00:00
1000249,Bus Stop,2025-12,Live,5.0,2026-04-09 04:00:00
1000249,Bus Stop,2026-01,Live,4.0,2026-04-09 04:00:00
1000249,Bus Stop,2026-02,Live,2.0,2026-04-09 04:00:00
1000249,Bus Stop,2026-03,Live,2.0,2026-04-09 04:00:00
1000249,Bus Stop,2026-04,Live,2.0,2026-04-09 04:00:00
1000255,Bus Stop,2025-05,Live,2.0,2025-06-25 04:00:00
1000255,Bus Stop,2025-06,Live,1.0,2025-06-25 04:00:00
1000271,Bus Stop,2025-05,Live,1.0,2026-04-15 04:00:00
1000271,Bus Stop,2025-06,Live,5.0,2026-04-15 04:00:00
1000271,Bus Stop,2025-07,Idle,2.0,2025-07-21 04:00:00
1000271,Bus Stop,2025-10,Live,5.0,2026-04-15 04:00:00
1000271,Bus Stop,2025-11,Live,19.0,2026-04-15 04:00:00
1000271,Bus Stop,2025-12,Live,19.0,2026-04-15 04:00:00
1000271,Bus Stop,2026-01,Live,24.0,2026-04-15 04:00:00
1000271,Bus Stop,2026-02,Live,22.0,2026-04-15 04:00:00
1000271,Bus Stop,2026-03,Live,33.0,2026-04-15 04:00:00
1000271,Bus Stop,2026-04,Live,17.0,2026-04-15 04:00:00
1000286,Bus Stop,2025-01,Live,1.0,2025-03-29 04:00:00
1000286,Bus Stop,2025-03,Live,2.0,2025-03-29 04:00:00
1000287,Bus Stop,2024-12,Live,8.0,2025-05-17 04:00:00
1000287,Bus Stop,2025-01,Live,3.0,2025-05-17 04:00:00
1000287,Bus Stop,2025-02,Live,3.0,2025-05-17 04:00:00
1000287,Bus Stop,2025-03,Live,8.0,2025-05-17 04:00:00
1000287,Bus Stop,2025-04,Live,4.0,2025-05-17 04:00:00
1000287,Bus Stop,2025-05,Live,1.0,2025-05-17 04:00:00
1000288,Bus Stop,2024-12,Live,2.0,2025-05-31 04:00:00
1000288,Bus Stop,2025-01,Live,1.0,2025-05-31 04:00:00
1000288,Bus Stop,2025-02,Live,1.0,2025-05-31 04:00:00
1000288,Bus Stop,2025-05,Live,1.0,2025-05-31 04:00:00
1000292,Bus Stop,2024-12,Live,4.0,2026-04-05 04:00:00
1000292,Bus Stop,2025-01,Live,3.0,2026-04-05 04:00:00
1000292,Bus Stop,2025-02,Live,3.0,2026-04-05 04:00:00
1000292,Bus Stop,2025-03,Live,5.0,2026-04-05 04:00:00
1000292,Bus Stop,2025-04,Live,3.0,2026-04-05 04:00:00
1000292,Bus Stop,2025-05,Live,7.0,2026-04-05 04:00:00
1000292,Bus Stop,2025-06,Live,2.0,2026-04-05 04:00:00
1000292,Bus Stop,2025-07,Idle,1.0,2025-07-21 04:00:00
1000292,Bus Stop,2025-11,Live,6.0,2026-04-05 04:00:00
1000292,Bus Stop,2025-12,Live,3.0,2026-04-05 04:00:00
1000292,Bus Stop,2026-02,Live,8.0,2026-04-05 04:00:00
1000292,Bus Stop,2026-03,Live,10.0,2026-04-05 04:00:00
1000292,Bus Stop,2026-04,Live,1.0,2026-04-05 04:00:00
1000293,Bus Stop,2025-03,Live,1.0,2025-06-17 04:00:00
1000293,Bus Stop,2025-04,Live,4.0,2025-06-17 04:00:00
1000293,Bus Stop,2025-05,Live,2.0,2025-06-17 04:00:00
1000293,Bus Stop,2025-06,Live,1.0,2025-06-17 04:00:00
1000296,Bus Stop,2024-12,Idle,10.0,2026-04-08 04:00:00
1000296,Bus Stop,2025-01,Idle,4.0,2026-04-08 04:00:00
1000296,Bus Stop,2025-02,Idle,2.0,2026-04-08 04:00:00
1000296,Bus Stop,2025-03,Idle,2.0,2026-04-08 04:00:00
1000296,Bus Stop,2025-04,Idle,2.0,2026-04-08 04:00:00
1000296,Bus Stop,2025-05,Idle,4.0,2026-04-08 04:00:00
1000296,Bus Stop,2025-06,Idle,4.0,2026-04-08 04:00:00
1000296,Bus Stop,2025-10,Idle,2.0,2026-04-08 04:00:00
1000296,Bus Stop,2025-11,Idle,5.0,2026-04-08 04:00:00
1000296,Bus Stop,2025-12,Idle,1.0,2026-04-08 04:00:00
1000296,Bus Stop,2026-02,Idle,2.0,2026-04-08 04:00:00
1000296,Bus Stop,2026-03,Idle,3.0,2026-04-08 04:00:00
1000296,Bus Stop,2026-04,Idle,1.0,2026-04-08 04:00:00
1000300,Bus Stop,2025-01,Live,2.0,2025-05-20 04:00:00
1000300,Bus Stop,2025-02,Live,1.0,2025-05-20 04:00:00
1000300,Bus Stop,2025-03,Live,1.0,2025-05-20 04:00:00
1000300,Bus Stop,2025-05,Live,1.0,2025-05-20 04:00:00
1000307,Bus Stop,2024-12,Live,4.0,2025-06-25 04:00:00
1000307,Bus Stop,2025-01,Live,1.0,2025-06-25 04:00:00
1000307,Bus Stop,2025-02,Live,3.0,2025-06-25 04:00:00
1000307,Bus Stop,2025-03,Live,2.0,2025-06-25 04:00:00
1000307,Bus Stop,2025-04,Live,8.0,2025-06-25 04:00:00
1000307,Bus Stop,2025-05,Live,8.0,2025-06-25 04:00:00
1000307,Bus Stop,2025-06,Live,3.0,2025-06-25 04:00:00
1000307,Bus Stop,2025-07,Idle,4.0,2025-07-21 04:00:00
1000308,Bus Stop,2024-12,Idle,4.0,2025-11-17 05:00:00
1000308,Bus Stop,2025-01,Idle,6.0,2025-11-17 05:00:00
1000308,Bus Stop,2025-03,Idle,10.0,2025-11-17 05:00:00
1000308,Bus Stop,2025-04,Idle,4.0,2025-11-17 05:00:00
1000308,Bus Stop,2025-05,Idle,2.0,2025-11-17 05:00:00
1000308,Bus Stop,2025-06,Idle,5.0,2025-11-17 05:00:00
1000308,Bus Stop,2025-11,Idle,2.0,2025-11-17 05:00:00
1000314,Bus Stop,2026-02,Idle,2.0,2026-02-02 05:00:00
1000315,Bus Stop,2025-12,Live,1.0,2026-04-12 04:00:00
1000315,Bus Stop,2026-01,Live,4.0,2026-04-12 04:00:00
1000315,Bus Stop,2026-02,Live,1.0,2026-04-12 04:00:00
1000315,Bus Stop,2026-03,Live,7.0,2026-04-12 04:00:00
1000315,Bus Stop,2026-04,Live,3.0,2026-04-12 04:00:00
1000318,Bus Stop,2025-02,Live,1.0,2025-04-28 04:00:00
1000318,Bus Stop,2025-03,Live,2.0,2025-04-28 04:00:00
1000318,Bus Stop,2025-04,Live,2.0,2025-04-28 04:00:00
1000320,Bus Stop,2024-12,Live,1.0,2026-04-11 04:00:00
1000320,Bus Stop,2025-05,Live,5.0,2026-04-11 04:00:00
1000320,Bus Stop,2025-06,Live,19.0,2026-04-11 04:00:00
1000320,Bus Stop,2025-10,Live,41.0,2026-04-11 04:00:00
1000320,Bus Stop,2025-11,Live,57.0,2026-04-11 04:00:00
1000320,Bus Stop,2025-12,Live,47.0,2026-04-11 04:00:00
1000320,Bus Stop,2026-01,Live,50.0,2026-04-11 04:00:00
1000320,Bus Stop,2026-02,Live,37.0,2026-04-11 04:00:00
1000320,Bus Stop,2026-03,Live,49.0,2026-04-11 04:00:00
1000320,Bus Stop,2026-04,Live,14.0,2026-04-11 04:00:00
1000322,Bus Stop,2025-02,Live,1.0,2025-02-09 05:00:00
1000323,Bus Stop,2026-02,Live,3.0,2026-04-14 04:00:00
1000323,Bus Stop,2026-04,Live,2.0,2026-04-14 04:00:00
1000335,Bus Stop,2024-12,Live,2.0,2025-06-23 04:00:00
1000335,Bus Stop,2025-03,Live,1.0,2025-06-23 04:00:00
1000335,Bus Stop,2025-04,Live,3.0,2025-06-23 04:00:00
1000335,Bus Stop,2025-05,Live,2.0,2025-06-23 04:00:00
1000335,Bus Stop,2025-06,Live,1.0,2025-06-23 04:00:00
1000342,Bus Stop,2025-05,Live,1.0,2025-05-31 04:00:00
1000343,Bus Stop,2025-04,Live,2.0,2025-06-02 04:00:00
1000343,Bus Stop,2025-06,Live,1.0,2025-06-02 04:00:00
1000353,Bus Stop,2025-01,Live,1.0,2025-01-08 05:00:00
1000364,Bus Stop,2025-02,Live,1.0,2025-06-15 04:00:00
1000364,Bus Stop,2025-05,Live,1.0,2025-06-15 04:00:00
1000364,Bus Stop,2025-06,Live,2.0,2025-06-15 04:00:00
1000366,Bus Stop,2025-06,Live,1.0,2025-06-10 04:00:00
1000369,Bus Stop,2024-12,Live,3.0,2025-05-12 04:00:00
1000369,Bus Stop,2025-02,Live,2.0,2025-05-12 04:00:00
1000369,Bus Stop,2025-03,Live,1.0,2025-05-12 04:00:00
1000369,Bus Stop,2025-04,Live,2.0,2025-05-12 04:00:00
1000369,Bus Stop,2025-05,Live,1.0,2025-05-12 04:00:00
1000369,Bus Stop,2025-07,Idle,1.0,2025-07-21 04:00:00
1000371,Bus Stop,2024-12,Live,4.0,2025-05-18 04:00:00
1000371,Bus Stop,2025-02,Live,1.0,2025-05-18 04:00:00
1000371,Bus Stop,2025-03,Live,2.0,2025-05-18 04:00:00
1000371,Bus Stop,2025-04,Live,3.0,2025-05-18 04:00:00
1000371,Bus Stop,2025-05,Live,1.0,2025-05-18 04:00:00
1000375,Bus Stop,2025-01,Live,2.0,2025-05-14 04:00:00
1000375,Bus Stop,2025-02,Live,1.0,2025-05-14 04:00:00
1000375,Bus Stop,2025-05,Live,3.0,2025-05-14 04:00:00
1000376,Bus Stop,2025-02,Live,1.0,2025-06-11 04:00:00
1000376,Bus Stop,2025-05,Live,1.0,2025-06-11 04:00:00
1000376,Bus Stop,2025-06,Live,1.0,2025-06-11 04:00:00
1000381,Bus Stop,2025-12,Live,1.0,2026-02-01 05:00:00
1000381,Bus Stop,2026-01,Live,1.0,2026-02-01 05:00:00
1000381,Bus Stop,2026-02,Live,1.0,2026-02-01 05:00:00
1000386,Bus Stop,2025-05,Live,1.0,2025-06-01 04:00:00
1000386,Bus Stop,2025-06,Live,1.0,2025-06-01 04:00:00
1000387,Bus Stop,2024-12,Live,8.0,2025-06-25 04:00:00
1000387,Bus Stop,2025-01,Live,1.0,2025-06-25 04:00:00
1000387,Bus Stop,2025-03,Live,1.0,2025-06-25 04:00:00
1000387,Bus Stop,2025-06,Live,1.0,2025-06-25 04:00:00
1000390,Bus Stop,2024-12,Live,4.0,2025-05-14 04:00:00
1000390,Bus Stop,2025-01,Live,1.0,2025-05-14 04:00:00
1000390,Bus Stop,2025-02,Live,2.0,2025-05-14 04:00:00
1000390,Bus Stop,2025-03,Live,2.0,2025-05-14 04:00:00
1000390,Bus Stop,2025-05,Live,1.0,2025-05-14 04:00:00
1000390,Bus Stop,2025-07,Idle,1.0,2025-07-21 04:00:00
1000392,Bus Stop,2025-01,Live,4.0,2025-06-15 04:00:00
1000392,Bus Stop,2025-02,Live,3.0,2025-06-15 04:00:00
1000392,Bus Stop,2025-03,Live,3.0,2025-06-15 04:00:00
1000392,Bus Stop,2025-04,Live,5.0,2025-06-15 04:00:00
1000392,Bus Stop,2025-05,Live,10.0,2025-06-15 04:00:00
1000392,Bus Stop,2025-06,Live,6.0,2025-06-15 04:00:00
1000394,Bus Stop,2024-12,Live,1.0,2026-04-15 04:00:00
1000394,Bus Stop,2025-05,Live,3.0,2026-04-15 04:00:00
1000394,Bus Stop,2025-06,Live,3.0,2026-04-15 04:00:00
1000394,Bus Stop,2025-12,Live,7.0,2026-04-15 04:00:00
1000394,Bus Stop,2026-01,Live,13.0,2026-04-15 04:00:00
1000394,Bus Stop,2026-02,Live,25.0,2026-04-15 04:00:00
1000394,Bus Stop,2026-03,Live,17.0,2026-04-15 04:00:00
1000394,Bus Stop,2026-04,Live,10.0,2026-04-15 04:00:00
1000396,Bus Stop,2025-02,Live,1.0,2025-02-04 05:00:00
1000397,Bus Stop,2024-12,Live,1.0,2025-05-22 04:00:00
1000397,Bus Stop,2025-05,Live,1.0,2025-05-22 04:00:00
1000398,Bus Stop,2025-04,Live,2.0,2026-04-15 04:00:00
1000398,Bus Stop,2025-05,Live,7.0,2026-04-15 04:00:00
1000398,Bus Stop,2025-06,Live,27.0,2026-04-15 04:00:00
1000398,Bus Stop,2025-07,Idle,5.0,2025-07-22 04:00:00
1000398,Bus Stop,2025-10,Live,38.0,2026-04-15 04:00:00
1000398,Bus Stop,2025-11,Live,78.0,2026-04-15 04:00:00
1000398,Bus Stop,2025-12,Live,86.0,2026-04-15 04:00:00
1000398,Bus Stop,2026-01,Live,61.0,2026-04-15 04:00:00
1000398,Bus Stop,2026-02,Live,89.0,2026-04-15 04:00:00
1000398,Bus Stop,2026-03,Live,74.0,2026-04-15 04:00:00
1000398,Bus Stop,2026-04,Live,34.0,2026-04-15 04:00:00
1000399,Bus Stop,2025-01,Live,1.0,2025-05-06 04:00:00
1000399,Bus Stop,2025-03,Live,2.0,2025-05-06 04:00:00
1000399,Bus Stop,2025-05,Live,1.0,2025-05-06 04:00:00
1000400,Bus Stop,2025-01,Live,1.0,2025-06-21 04:00:00
1000400,Bus Stop,2025-06,Live,2.0,2025-06-21 04:00:00
1000407,Bus Stop,2025-01,Live,1.0,2025-04-30 04:00:00
1000407,Bus Stop,2025-02,Live,2.0,2025-04-30 04:00:00
1000407,Bus Stop,2025-03,Live,2.0,2025-04-30 04:00:00
1000407,Bus Stop,2025-04,Live,1.0,2025-04-30 04:00:00
1000409,Bus Stop,2025-02,Live,1.0,2025-02-03 05:00:00
1000413,Bus Stop,2025-03,Live,1.0,2025-03-22 04:00:00
1000414,Bus Stop,2024-12,Live,1.0,2025-05-24 04:00:00
1000414,Bus Stop,2025-05,Live,3.0,2025-05-24 04:00:00
1000416,Bus Stop,2024-12,Live,2.0,2025-06-02 04:00:00
1000416,Bus Stop,2025-02,Live,3.0,2025-06-02 04:00:00
1000416,Bus Stop,2025-03,Live,2.0,2025-06-02 04:00:00
1000416,Bus Stop,2025-04,Live,1.0,2025-06-02 04:00:00
1000416,Bus Stop,2025-05,Live,1.0,2025-06-02 04:00:00
1000416,Bus Stop,2025-06,Live,1.0,2025-06-02 04:00:00
1000417,Bus Stop,2025-01,Live,1.0,2025-01-08 05:00:00
1000422,Bus Stop,2024-12,Live,1.0,2025-05-15 04:00:00
1000422,Bus Stop,2025-01,Live,1.0,2025-05-15 04:00:00
1000422,Bus Stop,2025-02,Live,1.0,2025-05-15 04:00:00
1000422,Bus Stop,2025-03,Live,2.0,2025-05-15 04:00:00
1000422,Bus Stop,2025-05,Live,2.0,2025-05-15 04:00:00
1000423,Bus Stop,2025-02,Live,1.0,2026-04-15 04:00:00
1000423,Bus Stop,2025-03,Live,4.0,2026-04-15 04:00:00
1000423,Bus Stop,2025-04,Live,6.0,2026-04-15 04:00:00
1000423,Bus Stop,2025-05,Live,19.0,2026-04-15 04:00:00
1000423,Bus Stop,2025-06,Live,29.0,2026-04-15 04:00:00
1000423,Bus Stop,2025-07,Idle,3.0,2025-07-22 04:00:00
1000423,Bus Stop,2025-10,Live,8.0,2026-04-15 04:00:00
1000423,Bus Stop,2025-11,Live,68.0,2026-04-15 04:00:00
1000423,Bus Stop,2025-12,Live,104.0,2026-04-15 04:00:00
1000423,Bus Stop,2026-01,Live,69.0,2026-04-15 04:00:00
1000423,Bus Stop,2026-02,Live,93.0,2026-04-15 04:00:00
1000423,Bus Stop,2026-03,Live,71.0,2026-04-15 04:00:00
1000423,Bus Stop,2026-04,Live,32.0,2026-04-15 04:00:00
1000425,Bus Stop,2024-12,Live,24.0,2025-06-25 04:00:00
1000425,Bus Stop,2025-01,Live,36.0,2025-06-25 04:00:00
1000425,Bus Stop,2025-02,Live,27.0,2025-06-25 04:00:00
1000425,Bus Stop,2025-03,Live,41.0,2025-06-25 04:00:00
1000425,Bus Stop,2025-04,Live,36.0,2025-06-25 04:00:00
1000425,Bus Stop,2025-05,Live,40.0,2025-06-25 04:00:00
1000425,Bus Stop,2025-06,Live,51.0,2025-06-25 04:00:00
1000426,Bus Stop,2025-01,Live,2.0,2025-06-22 04:00:00
1000426,Bus Stop,2025-06,Live,3.0,2025-06-22 04:00:00
1000427,Bus Stop,2025-02,Live,1.0,2025-04-14 04:00:00
1000427,Bus Stop,2025-04,Live,1.0,2025-04-14 04:00:00
1000428,Bus Stop,2024-12,Live,3.0,2025-06-10 04:00:00
1000428,Bus Stop,2025-01,Live,2.0,2025-06-10 04:00:00
1000428,Bus Stop,2025-02,Live,3.0,2025-06-10 04:00:00
1000428,Bus Stop,2025-03,Live,4.0,2025-06-10 04:00:00
1000428,Bus Stop,2025-04,Live,2.0,2025-06-10 04:00:00
1000428,Bus Stop,2025-05,Live,4.0,2025-06-10 04:00:00
1000428,Bus Stop,2025-06,Live,1.0,2025-06-10 04:00:00
1000432,Bus Stop,2025-03,Live,1.0,2025-03-25 04:00:00
1000434,Bus Stop,2025-04,Live,1.0,2025-04-18 04:00:00
1000435,Bus Stop,2024-12,Live,1.0,2025-06-24 04:00:00
1000435,Bus Stop,2025-01,Live,1.0,2025-06-24 04:00:00
1000435,Bus Stop,2025-02,Live,1.0,2025-06-24 04:00:00
1000435,Bus Stop,2025-03,Live,1.0,2025-06-24 04:00:00
1000435,Bus Stop,2025-04,Live,2.0,2025-06-24 04:00:00
1000435,Bus Stop,2025-05,Live,4.0,2025-06-24 04:00:00
1000435,Bus Stop,2025-06,Live,11.0,2025-06-24 04:00:00
1000440,Bus Stop,2025-02,Live,3.0,2026-04-05 04:00:00
1000440,Bus Stop,2025-03,Live,5.0,2026-04-05 04:00:00
1000440,Bus Stop,2025-04,Live,3.0,2026-04-05 04:00:00
1000440,Bus Stop,2025-05,Live,3.0,2026-04-05 04:00:00
1000440,Bus Stop,2025-06,Live,1.0,2026-04-05 04:00:00
1000440,Bus Stop,2026-03,Live,2.0,2026-04-05 04:00:00
1000440,Bus Stop,2026-04,Live,2.0,2026-04-05 04:00:00
1000442,Bus Stop,2024-12,Live,1.0,2025-06-09 04:00:00
1000442,Bus Stop,2025-06,Live,3.0,2025-06-09 04:00:00
1000445,Bus Stop,2025-03,Live,1.0,2025-03-25 04:00:00
1000446,Bus Stop,2025-01,Live,1.0,2025-06-22 04:00:00
1000446,Bus Stop,2025-03,Live,3.0,2025-06-22 04:00:00
1000446,Bus Stop,2025-04,Live,2.0,2025-06-22 04:00:00
1000446,Bus Stop,2025-05,Live,1.0,2025-06-22 04:00:00
1000446,Bus Stop,2025-06,Live,3.0,2025-06-22 04:00:00
1000447,Bus Stop,2025-04,Live,1.0,2025-04-23 04:00:00
1000448,Bus Stop,2024-12,Idle,8.0,2025-06-07 04:00:00
1000448,Bus Stop,2025-01,Idle,4.0,2025-06-07 04:00:00
1000448,Bus Stop,2025-02,Idle,8.0,2025-06-07 04:00:00
1000448,Bus Stop,2025-03,Idle,10.0,2025-06-07 04:00:00
1000448,Bus Stop,2025-04,Idle,4.0,2025-06-07 04:00:00
1000448,Bus Stop,2025-05,Idle,8.0,2025-06-07 04:00:00
1000448,Bus Stop,2025-06,Idle,10.0,2025-06-07 04:00:00
1000449,Bus Stop,2025-06,Live,2.0,2026-04-11 04:00:00
1000449,Bus Stop,2025-12,Live,2.0,2026-04-11 04:00:00
1000449,Bus Stop,2026-01,Live,4.0,2026-04-11 04:00:00
1000449,Bus Stop,2026-02,Live,2.0,2026-04-11 04:00:00
1000449,Bus Stop,2026-03,Live,8.0,2026-04-11 04:00:00
1000449,Bus Stop,2026-04,Live,7.0,2026-04-11 04:00:00
1000451,Bus Stop,2024-12,Live,2.0,2025-03-04 05:00:00
1000451,Bus Stop,2025-03,Live,1.0,2025-03-04 05:00:00
1000452,Bus Stop,2025-01,Live,1.0,2025-06-25 04:00:00
1000452,Bus Stop,2025-05,Live,1.0,2025-06-25 04:00:00
1000452,Bus Stop,2025-06,Live,8.0,2025-06-25 04:00:00
1000453,Bus Stop,2024-12,Live,1.0,2024-12-30 05:00:00
1000454,Bus Stop,2025-04,Live,1.0,2025-06-01 04:00:00
1000454,Bus Stop,2025-06,Live,1.0,2025-06-01 04:00:00
1000457,Bus Stop,2025-01,Live,1.0,2025-04-19 04:00:00
1000457,Bus Stop,2025-04,Live,1.0,2025-04-19 04:00:00
1000459,Bus Stop,2024-12,Live,1.0,2024-12-02 05:00:00
1000460,Bus Stop,2024-12,Live,1.0,2025-05-31 04:00:00
1000460,Bus Stop,2025-03,Live,1.0,2025-05-31 04:00:00
1000460,Bus Stop,2025-05,Live,4.0,2025-05-31 04:00:00
1000461,Bus Stop,2024-12,Live,4.0,2026-04-04 04:00:00
1000461,Bus Stop,2025-01,Live,1.0,2026-04-04 04:00:00
1000461,Bus Stop,2025-03,Live,8.0,2026-04-04 04:00:00
1000461,Bus Stop,2025-04,Live,4.0,2026-04-04 04:00:00
1000461,Bus Stop,2025-05,Live,7.0,2026-04-04 04:00:00
1000461,Bus Stop,2025-06,Live,3.0,2026-04-04 04:00:00
1000461,Bus Stop,2025-10,Live,2.0,2026-04-04 04:00:00
1000461,Bus Stop,2025-11,Live,4.0,2026-04-04 04:00:00
1000461,Bus Stop,2025-12,Live,4.0,2026-04-04 04:00:00
1000461,Bus Stop,2026-01,Live,1.0,2026-04-04 04:00:00
1000461,Bus Stop,2026-02,Live,2.0,2026-04-04 04:00:00
1000461,Bus Stop,2026-03,Live,3.0,2026-04-04 04:00:00
1000461,Bus Stop,2026-04,Live,1.0,2026-04-04 04:00:00
1000462,Bus Stop,2024-12,Live,3.0,2026-04-15 04:00:00
1000462,Bus Stop,2025-01,Live,5.0,2026-04-15 04:00:00
1000462,Bus Stop,2025-02,Live,2.0,2026-04-15 04:00:00
1000462,Bus Stop,2025-03,Live,3.0,2026-04-15 04:00:00
1000462,Bus Stop,2025-04,Live,3.0,2026-04-15 04:00:00
1000462,Bus Stop,2025-05,Live,11.0,2026-04-15 04:00:00
1000462,Bus Stop,2025-06,Live,16.0,2026-04-15 04:00:00
1000462,Bus Stop,2025-07,Idle,4.0,2025-07-21 04:00:00
1000462,Bus Stop,2025-12,Live,11.0,2026-04-15 04:00:00
1000462,Bus Stop,2026-01,Live,9.0,2026-04-15 04:00:00
1000462,Bus Stop,2026-02,Live,21.0,2026-04-15 04:00:00
1000462,Bus Stop,2026-03,Live,24.0,2026-04-15 04:00:00
1000462,Bus Stop,2026-04,Live,12.0,2026-04-15 04:00:00
1000464,Bus Stop,2025-05,Idle,6.0,2025-05-31 04:00:00
1000466,Bus Stop,2025-03,Live,2.0,2026-04-13 04:00:00
1000466,Bus Stop,2025-04,Live,1.0,2026-04-13 04:00:00
1000466,Bus Stop,2025-05,Live,4.0,2026-04-13 04:00:00
1000466,Bus Stop,2025-06,Live,3.0,2026-04-13 04:00:00
1000466,Bus Stop,2026-02,Live,5.0,2026-04-13 04:00:00
1000466,Bus Stop,2026-03,Live,10.0,2026-04-13 04:00:00
1000466,Bus Stop,2026-04,Live,3.0,2026-04-13 04:00:00
1000467,Bus Stop,2025-06,Live,1.0,2025-06-09 04:00:00
1000471,Bus Stop,2024-12,Live,4.0,2026-04-15 04:00:00
1000471,Bus Stop,2025-01,Live,4.0,2026-04-15 04:00:00
1000471,Bus Stop,2025-02,Live,2.0,2026-04-15 04:00:00
1000471,Bus Stop,2025-03,Live,8.0,2026-04-15 04:00:00
1000471,Bus Stop,2025-04,Live,5.0,2026-04-15 04:00:00
1000471,Bus Stop,2025-05,Live,6.0,2026-04-15 04:00:00
1000471,Bus Stop,2025-06,Live,14.0,2026-04-15 04:00:00
1000471,Bus Stop,2025-12,Live,6.0,2026-04-15 04:00:00
1000471,Bus Stop,2026-01,Live,8.0,2026-04-15 04:00:00
1000471,Bus Stop,2026-02,Live,19.0,2026-04-15 04:00:00
1000471,Bus Stop,2026-03,Live,14.0,2026-04-15 04:00:00
1000471,Bus Stop,2026-04,Live,8.0,2026-04-15 04:00:00
1000472,Bus Stop,2025-01,Live,1.0,2025-06-01 04:00:00
1000472,Bus Stop,2025-03,Live,3.0,2025-06-01 04:00:00
1000472,Bus Stop,2025-05,Live,2.0,2025-06-01 04:00:00
1000472,Bus Stop,2025-06,Live,1.0,2025-06-01 04:00:00
1000473,Bus Stop,2025-04,Live,2.0,2025-06-22 04:00:00
1000473,Bus Stop,2025-05,Live,3.0,2025-06-22 04:00:00
1000473,Bus Stop,2025-06,Live,6.0,2025-06-22 04:00:00
1000475,Bus Stop,2025-03,Live,2.0,2025-06-08 04:00:00
1000475,Bus Stop,2025-04,Live,3.0,2025-06-08 04:00:00
1000475,Bus Stop,2025-05,Live,7.0,2025-06-08 04:00:00
1000475,Bus Stop,2025-06,Live,5.0,2025-06-08 04:00:00
1000479,Bus Stop,2025-03,Idle,4.0,2025-07-21 04:00:00
1000479,Bus Stop,2025-04,Idle,2.0,2025-07-21 04:00:00
1000479,Bus Stop,2025-05,Idle,8.0,2025-07-21 04:00:00
1000479,Bus Stop,2025-06,Idle,31.0,2025-07-21 04:00:00
1000479,Bus Stop,2025-07,Idle,1.0,2025-07-21 04:00:00
1000482,Bus Stop,2024-12,Live,120.0,2026-04-15 04:00:00
1000482,Bus Stop,2025-01,Live,104.0,2026-04-15 04:00:00
1000482,Bus Stop,2025-02,Live,81.0,2026-04-15 04:00:00
1000482,Bus Stop,2025-03,Live,96.0,2026-04-15 04:00:00
1000482,Bus Stop,2025-04,Live,79.0,2026-04-15 04:00:00
1000482,Bus Stop,2025-05,Live,131.0,2026-04-15 04:00:00
1000482,Bus Stop,2025-06,Live,101.0,2026-04-15 04:00:00
1000482,Bus Stop,2025-07,Idle,4.0,2025-07-21 04:00:00
1000482,Bus Stop,2025-10,Live,63.0,2026-04-15 04:00:00
1000482,Bus Stop,2025-11,Live,124.0,2026-04-15 04:00:00
1000482,Bus Stop,2025-12,Live,157.0,2026-04-15 04:00:00
1000482,Bus Stop,2026-01,Live,147.0,2026-04-15 04:00:00
1000482,Bus Stop,2026-02,Live,134.0,2026-04-15 04:00:00
1000482,Bus Stop,2026-03,Live,174.0,2026-04-15 04:00:00
1000482,Bus Stop,2026-04,Live,98.0,2026-04-15 04:00:00
1000484,Bus Stop,2024-12,Live,1.0,2025-06-22 04:00:00
1000484,Bus Stop,2025-03,Live,4.0,2025-06-22 04:00:00
1000484,Bus Stop,2025-04,Live,2.0,2025-06-22 04:00:00
1000484,Bus Stop,2025-05,Live,9.0,2025-06-22 04:00:00
1000484,Bus Stop,2025-06,Live,3.0,2025-06-22 04:00:00
1000484,Bus Stop,2025-07,Idle,1.0,2025-07-21 04:00:00
1000485,Bus Stop,2024-12,Live,13.0,2025-06-24 04:00:00
1000485,Bus Stop,2025-01,Live,6.0,2025-06-24 04:00:00
1000485,Bus Stop,2025-02,Live,3.0,2025-06-24 04:00:00
1000485,Bus Stop,2025-03,Live,4.0,2025-06-24 04:00:00
1000485,Bus Stop,2025-04,Live,7.0,2025-06-24 04:00:00
1000485,Bus Stop,2025-05,Live,6.0,2025-06-24 04:00:00
1000485,Bus Stop,2025-06,Live,6.0,2025-06-24 04:00:00
1000488,Bus Stop,2024-12,Live,1.0,2026-04-07 04:00:00
1000488,Bus Stop,2025-06,Live,1.0,2026-04-07 04:00:00
1000488,Bus Stop,2026-03,Live,2.0,2026-04-07 04:00:00
1000488,Bus Stop,2026-04,Live,2.0,2026-04-07 04:00:00
1000489,Bus Stop,2025-06,Live,1.0,2025-06-01 04:00:00
1000490,Bus Stop,2025-02,Live,1.0,2026-04-11 04:00:00
1000490,Bus Stop,2025-06,Live,4.0,2026-04-11 04:00:00
1000490,Bus Stop,2025-12,Live,2.0,2026-04-11 04:00:00
1000490,Bus Stop,2026-01,Live,3.0,2026-04-11 04:00:00
1000490,Bus Stop,2026-02,Live,3.0,2026-04-11 04:00:00
1000490,Bus Stop,2026-03,Live,6.0,2026-04-11 04:00:00
1000490,Bus Stop,2026-04,Live,3.0,2026-04-11 04:00:00
1000495,Bus Stop,2025-03,Live,1.0,2025-03-13 04:00:00
1000496,Bus Stop,2025-02,Live,2.0,2026-04-15 04:00:00
1000496,Bus Stop,2025-03,Live,7.0,2026-04-15 04:00:00
1000496,Bus Stop,2025-04,Live,5.0,2026-04-15 04:00:00
1000496,Bus Stop,2025-05,Live,12.0,2026-04-15 04:00:00
1000496,Bus Stop,2025-06,Live,22.0,2026-04-15 04:00:00
1000496,Bus Stop,2025-07,Idle,1.0,2025-07-21 04:00:00
1000496,Bus Stop,2025-10,Live,5.0,2026-04-15 04:00:00
1000496,Bus Stop,2025-11,Live,15.0,2026-04-15 04:00:00
1000496,Bus Stop,2025-12,Live,17.0,2026-04-15 04:00:00
1000496,Bus Stop,2026-01,Live,11.0,2026-04-15 04:00:00
1000496,Bus Stop,2026-02,Live,15.0,2026-04-15 04:00:00
1000496,Bus Stop,2026-03,Live,38.0,2026-04-15 04:00:00
1000496,Bus Stop,2026-04,Live,19.0,2026-04-15 04:00:00
1000498,Bus Stop,2025-03,Live,3.0,2026-04-15 04:00:00
1000498,Bus Stop,2025-05,Live,1.0,2026-04-15 04:00:00
1000498,Bus Stop,2025-06,Live,3.0,2026-04-15 04:00:00
1000498,Bus Stop,2025-07,Idle,2.0,2025-07-22 04:00:00
1000498,Bus Stop,2025-10,Live,2.0,2026-04-15 04:00:00
1000498,Bus Stop,2025-11,Live,11.0,2026-04-15 04:00:00
1000498,Bus Stop,2025-12,Live,14.0,2026-04-15 04:00:00
1000498,Bus Stop,2026-01,Live,8.0,2026-04-15 04:00:00
1000498,Bus Stop,2026-02,Live,8.0,2026-04-15 04:00:00
1000498,Bus Stop,2026-03,Live,11.0,2026-04-15 04:00:00
1000498,Bus Stop,2026-04,Live,11.0,2026-04-15 04:00:00
1000505,Bus Stop,2026-04,Live,1.0,2026-04-03 04:00:00
1000509,Bus Stop,2025-10,Live,9.0,2026-04-13 04:00:00
1000509,Bus Stop,2025-11,Live,26.0,2026-04-13 04:00:00
1000509,Bus Stop,2025-12,Live,23.0,2026-04-13 04:00:00
1000509,Bus Stop,2026-01,Live,17.0,2026-04-13 04:00:00
1000509,Bus Stop,2026-02,Live,18.0,2026-04-13 04:00:00
1000509,Bus Stop,2026-03,Live,23.0,2026-04-13 04:00:00
1000509,Bus Stop,2026-04,Live,17.0,2026-04-13 04:00:00
1000511,Bus Stop,2025-02,Live,2.0,2025-12-09 05:00:00
1000511,Bus Stop,2025-03,Live,6.0,2025-12-09 05:00:00
1000511,Bus Stop,2025-04,Live,5.0,2025-12-09 05:00:00
1000511,Bus Stop,2025-05,Live,15.0,2025-12-09 05:00:00
1000511,Bus Stop,2025-06,Live,20.0,2025-12-09 05:00:00
1000511,Bus Stop,2025-07,Idle,9.0,2025-07-21 04:00:00
1000511,Bus Stop,2025-11,Live,87.0,2025-12-09 05:00:00
1000511,Bus Stop,2025-12,Live,26.0,2025-12-09 05:00:00
1000512,Bus Stop,2025-02,Live,1.0,2026-04-14 04:00:00
1000512,Bus Stop,2025-06,Live,2.0,2026-04-14 04:00:00
1000512,Bus Stop,2025-11,Live,5.0,2026-04-14 04:00:00
1000512,Bus Stop,2025-12,Live,17.0,2026-04-14 04:00:00
1000512,Bus Stop,2026-01,Live,9.0,2026-04-14 04:00:00
1000512,Bus Stop,2026-02,Live,18.0,2026-04-14 04:00:00
1000512,Bus Stop,2026-03,Live,15.0,2026-04-14 04:00:00
1000512,Bus Stop,2026-04,Live,3.0,2026-04-14 04:00:00
1000514,Bus Stop,2025-06,Live,1.0,2025-06-08 04:00:00
1000516,Bus Stop,2025-02,Live,2.0,2025-05-23 04:00:00
1000516,Bus Stop,2025-05,Live,1.0,2025-05-23 04:00:00
1000517,Bus Stop,2025-05,Live,1.0,2026-04-15 04:00:00
1000517,Bus Stop,2025-06,Live,1.0,2026-04-15 04:00:00
1000517,Bus Stop,2025-10,Live,2.0,2026-04-15 04:00:00
1000517,Bus Stop,2025-11,Live,6.0,2026-04-15 04:00:00
1000517,Bus Stop,2025-12,Live,5.0,2026-04-15 04:00:00
1000517,Bus Stop,2026-02,Live,10.0,2026-04-15 04:00:00
1000517,Bus Stop,2026-03,Live,4.0,2026-04-15 04:00:00
1000517,Bus Stop,2026-04,Live,4.0,2026-04-15 04:00:00
1000518,Bus Stop,2024-12,Live,1.0,2025-05-30 04:00:00
1000518,Bus Stop,2025-01,Live,2.0,2025-05-30 04:00:00
1000518,Bus Stop,2025-02,Live,1.0,2025-05-30 04:00:00
1000518,Bus Stop,2025-03,Live,2.0,2025-05-30 04:00:00
1000518,Bus Stop,2025-05,Live,1.0,2025-05-30 04:00:00
1000518,Bus Stop,2025-07,Idle,1.0,2026-04-14 04:00:00
1000518,Bus Stop,2026-02,Idle,1.0,2026-04-14 04:00:00
1000518,Bus Stop,2026-03,Idle,7.0,2026-04-14 04:00:00
1000518,Bus Stop,2026-04,Idle,2.0,2026-04-14 04:00:00
1000519,Bus Stop,2025-05,Live,1.0,2025-05-30 04:00:00
1000520,Bus Stop,2025-03,Live,4.0,2025-06-25 04:00:00
1000520,Bus Stop,2025-04,Live,7.0,2025-06-25 04:00:00
1000520,Bus Stop,2025-05,Live,2.0,2025-06-25 04:00:00
1000520,Bus Stop,2025-06,Live,4.0,2025-06-25 04:00:00
1000525,Bus Stop,2025-01,Live,1.0,2025-06-24 04:00:00
1000525,Bus Stop,2025-02,Live,1.0,2025-06-24 04:00:00
1000525,Bus Stop,2025-06,Live,10.0,2025-06-24 04:00:00
1000527,Bus Stop,2025-01,Live,6.0,2025-06-17 04:00:00
1000527,Bus Stop,2025-02,Live,5.0,2025-06-17 04:00:00
1000527,Bus Stop,2025-03,Live,4.0,2025-06-17 04:00:00
1000527,Bus Stop,2025-04,Live,4.0,2025-06-17 04:00:00
1000527,Bus Stop,2025-05,Live,5.0,2025-06-17 04:00:00
1000527,Bus Stop,2025-06,Live,6.0,2025-06-17 04:00:00
1000527,Bus Stop,2025-12,Idle,6.0,2026-04-09 04:00:00
1000527,Bus Stop,2026-01,Idle,14.0,2026-04-09 04:00:00
1000527,Bus Stop,2026-02,Idle,19.0,2026-04-09 04:00:00
1000527,Bus Stop,2026-03,Idle,29.0,2026-04-09 04:00:00
1000527,Bus Stop,2026-04,Idle,11.0,2026-04-09 04:00:00
1000529,Bus Stop,2024-12,Live,2.0,2025-06-24 04:00:00
1000529,Bus Stop,2025-01,Live,1.0,2025-06-24 04:00:00
1000529,Bus Stop,2025-02,Live,1.0,2025-06-24 04:00:00
1000529,Bus Stop,2025-03,Live,5.0,2025-06-24 04:00:00
1000529,Bus Stop,2025-04,Live,5.0,2025-06-24 04:00:00
1000529,Bus Stop,2025-05,Live,16.0,2025-06-24 04:00:00
1000529,Bus Stop,2025-06,Live,21.0,2025-06-24 04:00:00
1000530,Bus Stop,2025-06,Live,1.0,2025-06-02 04:00:00
1000533,Bus Stop,2024-12,Idle,12.0,2026-04-15 04:00:00
1000533,Bus Stop,2025-01,Idle,10.0,2026-04-15 04:00:00
1000533,Bus Stop,2025-02,Idle,2.0,2026-04-15 04:00:00
1000533,Bus Stop,2025-03,Idle,2.0,2026-04-15 04:00:00
1000533,Bus Stop,2025-04,Idle,8.0,2026-04-15 04:00:00
1000533,Bus Stop,2025-05,Idle,12.0,2026-04-15 04:00:00
1000533,Bus Stop,2025-06,Idle,8.0,2026-04-15 04:00:00
1000533,Bus Stop,2025-07,Idle,1.0,2026-04-15 04:00:00
1000533,Bus Stop,2025-12,Idle,21.0,2026-04-15 04:00:00
1000533,Bus Stop,2026-01,Idle,26.0,2026-04-15 04:00:00
1000533,Bus Stop,2026-02,Idle,14.0,2026-04-15 04:00:00
1000533,Bus Stop,2026-03,Idle,34.0,2026-04-15 04:00:00
1000533,Bus Stop,2026-04,Idle,21.0,2026-04-15 04:00:00
1000543,Bus Stop,2024-12,Idle,2.0,2025-06-04 04:00:00
1000543,Bus Stop,2025-02,Idle,2.0,2025-06-04 04:00:00
1000543,Bus Stop,2025-03,Idle,2.0,2025-06-04 04:00:00
1000543,Bus Stop,2025-06,Idle,2.0,2025-06-04 04:00:00
1000544,Bus Stop,2024-12,Live,1.0,2025-05-30 04:00:00
1000544,Bus Stop,2025-01,Live,5.0,2025-05-30 04:00:00
1000544,Bus Stop,2025-02,Live,2.0,2025-05-30 04:00:00
1000544,Bus Stop,2025-03,Live,3.0,2025-05-30 04:00:00
1000544,Bus Stop,2025-04,Live,5.0,2025-05-30 04:00:00
1000544,Bus Stop,2025-05,Live,2.0,2025-05-30 04:00:00
1000544,Bus Stop,2025-07,Idle,2.0,2025-07-21 04:00:00
1000550,Bus Stop,2025-01,Live,1.0,2025-06-15 04:00:00
1000550,Bus Stop,2025-02,Live,1.0,2025-06-15 04:00:00
1000550,Bus Stop,2025-06,Live,3.0,2025-06-15 04:00:00
1000553,Bus Stop,2025-03,Live,3.0,2025-04-23 04:00:00
1000553,Bus Stop,2025-04,Live,2.0,2025-04-23 04:00:00
1000559,Bus Stop,2024-12,Live,56.0,2025-06-25 04:00:00
1000559,Bus Stop,2025-01,Live,47.0,2025-06-25 04:00:00
1000559,Bus Stop,2025-02,Live,48.0,2025-06-25 04:00:00
1000559,Bus Stop,2025-03,Live,43.0,2025-06-25 04:00:00
1000559,Bus Stop,2025-04,Live,47.0,2025-06-25 04:00:00
1000559,Bus Stop,2025-05,Live,12.0,2025-06-25 04:00:00
1000559,Bus Stop,2025-06,Live,21.0,2025-06-25 04:00:00
1000565,Bus Stop,2024-12,Live,1.0,2024-12-02 05:00:00
1000566,Bus Stop,2024-12,Live,14.0,2026-04-15 04:00:00
1000566,Bus Stop,2025-01,Live,6.0,2026-04-15 04:00:00
1000566,Bus Stop,2025-02,Live,9.0,2026-04-15 04:00:00
1000566,Bus Stop,2025-03,Live,14.0,2026-04-15 04:00:00
1000566,Bus Stop,2025-04,Live,15.0,2026-04-15 04:00:00
1000566,Bus Stop,2025-05,Live,19.0,2026-04-15 04:00:00
1000566,Bus Stop,2025-06,Live,23.0,2026-04-15 04:00:00
1000566,Bus Stop,2025-07,Idle,1.0,2025-07-21 04:00:00
1000566,Bus Stop,2025-11,Live,14.0,2026-04-15 04:00:00
1000566,Bus Stop,2025-12,Live,12.0,2026-04-15 04:00:00
1000566,Bus Stop,2026-01,Live,12.0,2026-04-15 04:00:00
1000566,Bus Stop,2026-02,Live,17.0,2026-04-15 04:00:00
1000566,Bus Stop,2026-03,Live,31.0,2026-04-15 04:00:00
1000566,Bus Stop,2026-04,Live,13.0,2026-04-15 04:00:00
1000571,Bus Stop,2025-02,Live,1.0,2025-06-24 04:00:00
1000571,Bus Stop,2025-03,Live,2.0,2025-06-24 04:00:00
1000571,Bus Stop,2025-04,Live,10.0,2025-06-24 04:00:00
1000571,Bus Stop,2025-05,Live,12.0,2025-06-24 04:00:00
1000571,Bus Stop,2025-06,Live,8.0,2025-06-24 04:00:00
1000572,Bus Stop,2025-01,Live,1.0,2025-01-09 05:00:00
1000576,Bus Stop,2024-12,Live,9.0,2025-06-23 04:00:00
1000576,Bus Stop,2025-01,Live,4.0,2025-06-23 04:00:00
1000576,Bus Stop,2025-02,Live,2.0,2025-06-23 04:00:00
1000576,Bus Stop,2025-04,Live,3.0,2025-06-23 04:00:00
1000576,Bus Stop,2025-05,Live,16.0,2025-06-23 04:00:00
1000576,Bus Stop,2025-06,Live,12.0,2025-06-23 04:00:00
1000578,Bus Stop,2025-03,Live,2.0,2025-03-13 04:00:00
1000582,Bus Stop,2024-12,Live,1.0,2026-04-15 04:00:00
1000582,Bus Stop,2025-03,Live,4.0,2026-04-15 04:00:00
1000582,Bus Stop,2025-06,Live,6.0,2026-04-15 04:00:00
1000582,Bus Stop,2025-11,Live,1.0,2026-04-15 04:00:00
1000582,Bus Stop,2025-12,Live,12.0,2026-04-15 04:00:00
1000582,Bus Stop,2026-01,Live,5.0,2026-04-15 04:00:00
1000582,Bus Stop,2026-02,Live,7.0,2026-04-15 04:00:00
1000582,Bus Stop,2026-03,Live,22.0,2026-04-15 04:00:00
1000582,Bus Stop,2026-04,Live,7.0,2026-04-15 04:00:00
1000585,Bus Stop,2024-12,Live,1.0,2025-06-25 04:00:00
1000585,Bus Stop,2025-01,Live,2.0,2025-06-25 04:00:00
1000585,Bus Stop,2025-02,Live,1.0,2025-06-25 04:00:00
1000585,Bus Stop,2025-03,Live,3.0,2025-06-25 04:00:00
1000585,Bus Stop,2025-04,Live,5.0,2025-06-25 04:00:00
1000585,Bus Stop,2025-05,Live,11.0,2025-06-25 04:00:00
1000585,Bus Stop,2025-06,Live,22.0,2025-06-25 04:00:00
1000585,Bus Stop,2025-07,Idle,2.0,2026-04-09 04:00:00
1000585,Bus Stop,2026-01,Idle,14.0,2026-04-09 04:00:00
1000585,Bus Stop,2026-02,Idle,107.0,2026-04-09 04:00:00
1000585,Bus Stop,2026-03,Idle,43.0,2026-04-09 04:00:00
1000585,Bus Stop,2026-04,Idle,9.0,2026-04-09 04:00:00
1000587,Bus Stop,2024-12,Live,4.0,2026-04-15 04:00:00
1000587,Bus Stop,2025-01,Live,10.0,2026-04-15 04:00:00
1000587,Bus Stop,2025-02,Live,6.0,2026-04-15 04:00:00
1000587,Bus Stop,2025-03,Live,13.0,2026-04-15 04:00:00
1000587,Bus Stop,2025-04,Live,25.0,2026-04-15 04:00:00
1000587,Bus Stop,2025-05,Live,17.0,2026-04-15 04:00:00
1000587,Bus Stop,2025-06,Live,19.0,2026-04-15 04:00:00
1000587,Bus Stop,2025-07,Idle,1.0,2025-07-21 04:00:00
1000587,Bus Stop,2025-11,Live,9.0,2026-04-15 04:00:00
1000587,Bus Stop,2025-12,Live,9.0,2026-04-15 04:00:00
1000587,Bus Stop,2026-01,Live,3.0,2026-04-15 04:00:00
1000587,Bus Stop,2026-02,Live,33.0,2026-04-15 04:00:00
1000587,Bus Stop,2026-03,Live,28.0,2026-04-15 04:00:00
1000587,Bus Stop,2026-04,Live,50.0,2026-04-15 04:00:00
1000589,Bus Stop,2024-12,Live,19.0,2025-06-25 04:00:00
1000589,Bus Stop,2025-01,Live,14.0,2025-06-25 04:00:00
1000589,Bus Stop,2025-02,Live,19.0,2025-06-25 04:00:00
1000589,Bus Stop,2025-03,Live,30.0,2025-06-25 04:00:00
1000589,Bus Stop,2025-04,Live,28.0,2025-06-25 04:00:00
1000589,Bus Stop,2025-05,Live,38.0,2025-06-25 04:00:00
1000589,Bus Stop,2025-06,Live,98.0,2025-06-25 04:00:00
1000589,Bus Stop,2025-07,Idle,4.0,2026-04-09 04:00:00
1000589,Bus Stop,2026-02,Idle,104.0,2026-04-09 04:00:00
1000589,Bus Stop,2026-03,Idle,177.0,2026-04-09 04:00:00
1000589,Bus Stop,2026-04,Idle,39.0,2026-04-09 04:00:00
1000590,Bus Stop,2025-03,Live,1.0,2025-04-17 04:00:00
1000590,Bus Stop,2025-04,Live,1.0,2025-04-17 04:00:00
1000593,Bus Stop,2024-12,Live,3.0,2026-04-09 04:00:00
1000593,Bus Stop,2025-01,Live,1.0,2026-04-09 04:00:00
1000593,Bus Stop,2025-02,Live,2.0,2026-04-09 04:00:00
1000593,Bus Stop,2025-03,Live,1.0,2026-04-09 04:00:00
1000593,Bus Stop,2025-05,Live,1.0,2026-04-09 04:00:00
1000593,Bus Stop,2025-06,Live,1.0,2026-04-09 04:00:00
1000593,Bus Stop,2025-10,Live,3.0,2026-04-09 04:00:00
1000593,Bus Stop,2025-11,Live,3.0,2026-04-09 04:00:00
1000593,Bus Stop,2025-12,Live,1.0,2026-04-09 04:00:00
1000593,Bus Stop,2026-01,Live,2.0,2026-04-09 04:00:00
1000593,Bus Stop,2026-02,Live,8.0,2026-04-09 04:00:00
1000593,Bus Stop,2026-04,Live,2.0,2026-04-09 04:00:00
1000596,Bus Stop,2025-01,Live,3.0,2025-06-17 04:00:00
1000596,Bus Stop,2025-02,Live,2.0,2025-06-17 04:00:00
1000596,Bus Stop,2025-03,Live,2.0,2025-06-17 04:00:00
1000596,Bus Stop,2025-05,Live,1.0,2025-06-17 04:00:00
1000596,Bus Stop,2025-06,Live,1.0,2025-06-17 04:00:00
1000599,Bus Stop,2024-12,Live,1.0,2026-04-10 04:00:00
1000599,Bus Stop,2025-01,Live,8.0,2026-04-10 04:00:00
1000599,Bus Stop,2025-02,Live,9.0,2026-04-10 04:00:00
1000599,Bus Stop,2025-03,Live,18.0,2026-04-10 04:00:00
1000599,Bus Stop,2025-04,Live,10.0,2026-04-10 04:00:00
1000599,Bus Stop,2025-05,Live,27.0,2026-04-10 04:00:00
1000599,Bus Stop,2025-06,Live,14.0,2026-04-10 04:00:00
1000599,Bus Stop,2025-12,Live,20.0,2026-04-10 04:00:00
1000599,Bus Stop,2026-01,Live,45.0,2026-04-10 04:00:00
1000599,Bus Stop,2026-02,Live,37.0,2026-04-10 04:00:00
1000599,Bus Stop,2026-03,Live,40.0,2026-04-10 04:00:00
1000599,Bus Stop,2026-04,Live,13.0,2026-04-10 04:00:00
1000607,Bus Stop,2025-01,Live,1.0,2025-06-11 04:00:00
1000607,Bus Stop,2025-03,Live,1.0,2025-06-11 04:00:00
1000607,Bus Stop,2025-05,Live,3.0,2025-06-11 04:00:00
1000607,Bus Stop,2025-06,Live,4.0,2025-06-11 04:00:00
1000611,Bus Stop,2024-12,Live,21.0,2026-04-12 04:00:00
1000611,Bus Stop,2025-01,Live,38.0,2026-04-12 04:00:00
1000611,Bus Stop,2025-02,Live,10.0,2026-04-12 04:00:00
1000611,Bus Stop,2025-03,Live,11.0,2026-04-12 04:00:00
1000611,Bus Stop,2025-04,Live,6.0,2026-04-12 04:00:00
1000611,Bus Stop,2025-05,Live,13.0,2026-04-12 04:00:00
1000611,Bus Stop,2025-06,Live,4.0,2026-04-12 04:00:00
1000611,Bus Stop,2025-10,Live,9.0,2026-04-12 04:00:00
1000611,Bus Stop,2025-11,Live,13.0,2026-04-12 04:00:00
1000611,Bus Stop,2025-12,Live,10.0,2026-04-12 04:00:00
1000611,Bus Stop,2026-01,Live,13.0,2026-04-12 04:00:00
1000611,Bus Stop,2026-02,Live,14.0,2026-04-12 04:00:00
1000611,Bus Stop,2026-03,Live,9.0,2026-04-12 04:00:00
1000611,Bus Stop,2026-04,Live,7.0,2026-04-12 04:00:00
1000616,Bus Stop,2024-12,Live,164.0,2026-04-15 04:00:00
1000616,Bus Stop,2025-01,Live,198.0,2026-04-15 04:00:00
1000616,Bus Stop,2025-02,Live,128.0,2026-04-15 04:00:00
1000616,Bus Stop,2025-03,Live,164.0,2026-04-15 04:00:00
1000616,Bus Stop,2025-04,Live,160.0,2026-04-15 04:00:00
1000616,Bus Stop,2025-05,Live,167.0,2026-04-15 04:00:00
1000616,Bus Stop,2025-06,Live,116.0,2026-04-15 04:00:00
1000616,Bus Stop,2025-07,Idle,3.0,2025-07-22 04:00:00
1000616,Bus Stop,2025-10,Live,67.0,2026-04-15 04:00:00
1000616,Bus Stop,2025-11,Live,122.0,2026-04-15 04:00:00
1000616,Bus Stop,2025-12,Live,150.0,2026-04-15 04:00:00
1000616,Bus Stop,2026-01,Live,152.0,2026-04-15 04:00:00
1000616,Bus Stop,2026-02,Live,170.0,2026-04-15 04:00:00
1000616,Bus Stop,2026-03,Live,149.0,2026-04-15 04:00:00
1000616,Bus Stop,2026-04,Live,65.0,2026-04-15 04:00:00
1000618,Bus Stop,2025-03,Live,1.0,2025-06-22 04:00:00
1000618,Bus Stop,2025-05,Live,1.0,2025-06-22 04:00:00
1000618,Bus Stop,2025-06,Live,3.0,2025-06-22 04:00:00
1000620,Bus Stop,2024-12,Live,9.0,2025-06-25 04:00:00
1000620,Bus Stop,2025-01,Live,13.0,2025-06-25 04:00:00
1000620,Bus Stop,2025-02,Live,16.0,2025-06-25 04:00:00
1000620,Bus Stop,2025-03,Live,19.0,2025-06-25 04:00:00
1000620,Bus Stop,2025-04,Live,24.0,2025-06-25 04:00:00
1000620,Bus Stop,2025-05,Live,33.0,2025-06-25 04:00:00
1000620,Bus Stop,2025-06,Live,46.0,2025-06-25 04:00:00
1000620,Bus Stop,2025-07,Idle,2.0,2026-04-08 04:00:00
1000620,Bus Stop,2025-12,Idle,17.0,2026-04-08 04:00:00
1000620,Bus Stop,2026-01,Idle,60.0,2026-04-08 04:00:00
1000620,Bus Stop,2026-02,Idle,96.0,2026-04-08 04:00:00
1000620,Bus Stop,2026-03,Idle,103.0,2026-04-08 04:00:00
1000620,Bus Stop,2026-04,Idle,27.0,2026-04-08 04:00:00
1000640,Bus Stop,2024-12,Live,16.0,2025-06-25 04:00:00
1000640,Bus Stop,2025-01,Live,7.0,2025-06-25 04:00:00
1000640,Bus Stop,2025-02,Live,13.0,2025-06-25 04:00:00
1000640,Bus Stop,2025-03,Live,10.0,2025-06-25 04:00:00
1000640,Bus Stop,2025-04,Live,14.0,2025-06-25 04:00:00
1000640,Bus Stop,2025-05,Live,13.0,2025-06-25 04:00:00
1000640,Bus Stop,2025-06,Live,48.0,2025-06-25 04:00:00
1000642,Bus Stop,2025-01,Live,1.0,2026-04-10 04:00:00
1000642,Bus Stop,2025-05,Live,2.0,2026-04-10 04:00:00
1000642,Bus Stop,2025-12,Live,2.0,2026-04-10 04:00:00
1000642,Bus Stop,2026-01,Live,3.0,2026-04-10 04:00:00
1000642,Bus Stop,2026-02,Live,7.0,2026-04-10 04:00:00
1000642,Bus Stop,2026-03,Live,8.0,2026-04-10 04:00:00
1000642,Bus Stop,2026-04,Live,3.0,2026-04-10 04:00:00
1000644,Bus Stop,2025-04,Live,1.0,2025-06-24 04:00:00
1000644,Bus Stop,2025-06,Live,2.0,2025-06-24 04:00:00
1000648,Bus Stop,2024-12,Live,8.0,2025-06-25 04:00:00
1000648,Bus Stop,2025-01,Live,11.0,2025-06-25 04:00:00
1000648,Bus Stop,2025-02,Live,9.0,2025-06-25 04:00:00
1000648,Bus Stop,2025-03,Live,19.0,2025-06-25 04:00:00
1000648,Bus Stop,2025-04,Live,15.0,2025-06-25 04:00:00
1000648,Bus Stop,2025-05,Live,20.0,2025-06-25 04:00:00
1000648,Bus Stop,2025-06,Live,15.0,2025-06-25 04:00:00
1000652,Bus Stop,2025-05,Live,2.0,2025-06-07 04:00:00
1000652,Bus Stop,2025-06,Live,1.0,2025-06-07 04:00:00
1000654,Bus Stop,2024-12,Live,9.0,2026-04-15 04:00:00
1000654,Bus Stop,2025-01,Live,12.0,2026-04-15 04:00:00
1000654,Bus Stop,2025-02,Live,10.0,2026-04-15 04:00:00
1000654,Bus Stop,2025-03,Live,7.0,2026-04-15 04:00:00
1000654,Bus Stop,2025-04,Live,12.0,2026-04-15 04:00:00
1000654,Bus Stop,2025-05,Live,14.0,2026-04-15 04:00:00
1000654,Bus Stop,2025-06,Live,10.0,2026-04-15 04:00:00
1000654,Bus Stop,2025-10,Live,12.0,2026-04-15 04:00:00
1000654,Bus Stop,2025-11,Live,14.0,2026-04-15 04:00:00
1000654,Bus Stop,2025-12,Live,19.0,2026-04-15 04:00:00
1000654,Bus Stop,2026-01,Live,11.0,2026-04-15 04:00:00
1000654,Bus Stop,2026-02,Live,11.0,2026-04-15 04:00:00
1000654,Bus Stop,2026-03,Live,19.0,2026-04-15 04:00:00
1000654,Bus Stop,2026-04,Live,9.0,2026-04-15 04:00:00
1000664,Bus Stop,2024-12,Live,1.0,2025-06-24 04:00:00
1000664,Bus Stop,2025-02,Live,3.0,2025-06-24 04:00:00
1000664,Bus Stop,2025-03,Live,3.0,2025-06-24 04:00:00
1000664,Bus Stop,2025-04,Live,2.0,2025-06-24 04:00:00
1000664,Bus Stop,2025-05,Live,7.0,2025-06-24 04:00:00
1000664,Bus Stop,2025-06,Live,22.0,2025-06-24 04:00:00
1000664,Bus Stop,2026-02,Idle,9.0,2026-03-28 04:00:00
1000664,Bus Stop,2026-03,Idle,19.0,2026-03-28 04:00:00
1000673,Bus Stop,2024-12,Live,272.0,2026-04-15 04:00:00
1000673,Bus Stop,2025-01,Live,284.0,2026-04-15 04:00:00
1000673,Bus Stop,2025-02,Live,249.0,2026-04-15 04:00:00
1000673,Bus Stop,2025-03,Live,345.0,2026-04-15 04:00:00
1000673,Bus Stop,2025-04,Live,330.0,2026-04-15 04:00:00
1000673,Bus Stop,2025-05,Live,303.0,2026-04-15 04:00:00
1000673,Bus Stop,2025-06,Live,295.0,2026-04-15 04:00:00
1000673,Bus Stop,2025-07,Idle,14.0,2025-07-22 04:00:00
1000673,Bus Stop,2025-10,Live,102.0,2026-04-15 04:00:00
1000673,Bus Stop,2025-11,Live,206.0,2026-04-15 04:00:00
1000673,Bus Stop,2025-12,Live,333.0,2026-04-15 04:00:00
1000673,Bus Stop,2026-01,Live,279.0,2026-04-15 04:00:00
1000673,Bus Stop,2026-02,Live,246.0,2026-04-15 04:00:00
1000673,Bus Stop,2026-03,Live,277.0,2026-04-15 04:00:00
1000673,Bus Stop,2026-04,Live,138.0,2026-04-15 04:00:00
1000679,Bus Stop,2024-12,Live,3.0,2025-06-24 04:00:00
1000679,Bus Stop,2025-01,Live,1.0,2025-06-24 04:00:00
1000679,Bus Stop,2025-02,Live,9.0,2025-06-24 04:00:00
1000679,Bus Stop,2025-03,Live,12.0,2025-06-24 04:00:00
1000679,Bus Stop,2025-04,Live,15.0,2025-06-24 04:00:00
1000679,Bus Stop,2025-05,Live,14.0,2025-06-24 04:00:00
1000679,Bus Stop,2025-06,Live,7.0,2025-06-24 04:00:00
1000679,Bus Stop,2025-07,Idle,3.0,2025-07-21 04:00:00
1000681,Bus Stop,2024-12,Idle,2.0,2026-04-15 04:00:00
1000681,Bus Stop,2025-01,Idle,2.0,2026-04-15 04:00:00
1000681,Bus Stop,2025-02,Idle,2.0,2026-04-15 04:00:00
1000681,Bus Stop,2025-05,Idle,2.0,2026-04-15 04:00:00
1000681,Bus Stop,2025-06,Idle,6.0,2026-04-15 04:00:00
1000681,Bus Stop,2025-12,Idle,10.0,2026-04-15 04:00:00
1000681,Bus Stop,2026-01,Idle,14.0,2026-04-15 04:00:00
1000681,Bus Stop,2026-02,Idle,14.0,2026-04-15 04:00:00
1000681,Bus Stop,2026-03,Idle,26.0,2026-04-15 04:00:00
1000681,Bus Stop,2026-04,Idle,15.0,2026-04-15 04:00:00
1000683,Bus Stop,2024-12,Live,7.0,2026-04-12 04:00:00
1000683,Bus Stop,2025-01,Live,3.0,2026-04-12 04:00:00
1000683,Bus Stop,2025-03,Live,3.0,2026-04-12 04:00:00
1000683,Bus Stop,2025-04,Live,1.0,2026-04-12 04:00:00
1000683,Bus Stop,2025-05,Live,3.0,2026-04-12 04:00:00
1000683,Bus Stop,2025-06,Live,6.0,2026-04-12 04:00:00
1000683,Bus Stop,2025-10,Live,2.0,2026-04-12 04:00:00
1000683,Bus Stop,2025-11,Live,11.0,2026-04-12 04:00:00
1000683,Bus Stop,2025-12,Live,6.0,2026-04-12 04:00:00
1000683,Bus Stop,2026-01,Live,1.0,2026-04-12 04:00:00
1000683,Bus Stop,2026-02,Live,10.0,2026-04-12 04:00:00
1000683,Bus Stop,2026-03,Live,13.0,2026-04-12 04:00:00
1000683,Bus Stop,2026-04,Live,2.0,2026-04-12 04:00:00
1000694,Bus Stop,2025-03,Live,1.0,2025-06-13 04:00:00
1000694,Bus Stop,2025-05,Live,1.0,2025-06-13 04:00:00
1000694,Bus Stop,2025-06,Live,3.0,2025-06-13 04:00:00
1000711,Bus Stop,2024-12,Live,27.0,2026-04-14 04:00:00
1000711,Bus Stop,2025-01,Live,30.0,2026-04-14 04:00:00
1000711,Bus Stop,2025-02,Live,16.0,2026-04-14 04:00:00
1000711,Bus Stop,2025-03,Live,25.0,2026-04-14 04:00:00
1000711,Bus Stop,2025-04,Live,30.0,2026-04-14 04:00:00
1000711,Bus Stop,2025-05,Live,10.0,2026-04-14 04:00:00
1000711,Bus Stop,2025-06,Live,15.0,2026-04-14 04:00:00
1000711,Bus Stop,2025-10,Live,22.0,2026-04-14 04:00:00
1000711,Bus Stop,2025-11,Live,20.0,2026-04-14 04:00:00
1000711,Bus Stop,2025-12,Live,32.0,2026-04-14 04:00:00
1000711,Bus Stop,2026-01,Live,21.0,2026-04-14 04:00:00
1000711,Bus Stop,2026-02,Live,27.0,2026-04-14 04:00:00
1000711,Bus Stop,2026-03,Live,37.0,2026-04-14 04:00:00
1000711,Bus Stop,2026-04,Live,16.0,2026-04-14 04:00:00
1000716,Bus Stop,2025-05,Live,1.0,2025-06-24 04:00:00
1000716,Bus Stop,2025-06,Live,3.0,2025-06-24 04:00:00
1000719,Bus Stop,2025-01,Live,1.0,2025-06-16 04:00:00
1000719,Bus Stop,2025-04,Live,2.0,2025-06-16 04:00:00
1000719,Bus Stop,2025-05,Live,8.0,2025-06-16 04:00:00
1000719,Bus Stop,2025-06,Live,3.0,2025-06-16 04:00:00
1000720,Bus Stop,2024-12,Idle,8.0,2025-06-22 04:00:00
1000720,Bus Stop,2025-02,Idle,2.0,2025-06-22 04:00:00
1000720,Bus Stop,2025-03,Idle,14.0,2025-06-22 04:00:00
1000720,Bus Stop,2025-04,Idle,12.0,2025-06-22 04:00:00
1000720,Bus Stop,2025-05,Idle,32.0,2025-06-22 04:00:00
1000720,Bus Stop,2025-06,Idle,15.0,2025-06-22 04:00:00
1000721,Bus Stop,2024-12,Live,21.0,2026-04-15 04:00:00
1000721,Bus Stop,2025-01,Live,10.0,2026-04-15 04:00:00
1000721,Bus Stop,2025-02,Live,11.0,2026-04-15 04:00:00
1000721,Bus Stop,2025-03,Live,26.0,2026-04-15 04:00:00
1000721,Bus Stop,2025-04,Live,32.0,2026-04-15 04:00:00
1000721,Bus Stop,2025-05,Live,37.0,2026-04-15 04:00:00
1000721,Bus Stop,2025-06,Live,19.0,2026-04-15 04:00:00
1000721,Bus Stop,2025-11,Live,8.0,2026-04-15 04:00:00
1000721,Bus Stop,2025-12,Live,10.0,2026-04-15 04:00:00
1000721,Bus Stop,2026-01,Live,8.0,2026-04-15 04:00:00
1000721,Bus Stop,2026-02,Live,10.0,2026-04-15 04:00:00
1000721,Bus Stop,2026-03,Live,35.0,2026-04-15 04:00:00
1000721,Bus Stop,2026-04,Live,23.0,2026-04-15 04:00:00
1000723,Bus Stop,2024-12,Live,59.0,2025-06-25 04:00:00
1000723,Bus Stop,2025-01,Live,26.0,2025-06-25 04:00:00
1000723,Bus Stop,2025-02,Live,49.0,2025-06-25 04:00:00
1000723,Bus Stop,2025-03,Live,107.0,2025-06-25 04:00:00
1000723,Bus Stop,2025-04,Live,109.0,2025-06-25 04:00:00
1000723,Bus Stop,2025-05,Live,66.0,2025-06-25 04:00:00
1000723,Bus Stop,2025-06,Live,76.0,2025-06-25 04:00:00
1000729,Bus Stop,2024-12,Idle,24.0,2026-04-15 04:00:00
1000729,Bus Stop,2025-01,Idle,6.0,2026-04-15 04:00:00
1000729,Bus Stop,2025-02,Idle,28.0,2026-04-15 04:00:00
1000729,Bus Stop,2025-03,Idle,36.0,2026-04-15 04:00:00
1000729,Bus Stop,2025-04,Idle,30.0,2026-04-15 04:00:00
1000729,Bus Stop,2025-05,Idle,66.0,2026-04-15 04:00:00
1000729,Bus Stop,2025-06,Idle,69.0,2026-04-15 04:00:00
1000729,Bus Stop,2025-07,Idle,2.0,2026-04-15 04:00:00
1000729,Bus Stop,2025-10,Idle,2.0,2026-04-15 04:00:00
1000729,Bus Stop,2025-11,Idle,11.0,2026-04-15 04:00:00
1000729,Bus Stop,2025-12,Idle,34.0,2026-04-15 04:00:00
1000729,Bus Stop,2026-01,Idle,27.0,2026-04-15 04:00:00
1000729,Bus Stop,2026-02,Idle,18.0,2026-04-15 04:00:00
1000729,Bus Stop,2026-03,Idle,34.0,2026-04-15 04:00:00
1000729,Bus Stop,2026-04,Idle,13.0,2026-04-15 04:00:00
1000733,Bus Stop,2025-01,Live,1.0,2026-04-11 04:00:00
1000733,Bus Stop,2025-02,Live,1.0,2026-04-11 04:00:00
1000733,Bus Stop,2025-03,Live,15.0,2026-04-11 04:00:00
1000733,Bus Stop,2025-04,Live,4.0,2026-04-11 04:00:00
1000733,Bus Stop,2025-05,Live,3.0,2026-04-11 04:00:00
1000733,Bus Stop,2025-06,Live,5.0,2026-04-11 04:00:00
1000733,Bus Stop,2025-07,Idle,1.0,2025-07-21 04:00:00
1000733,Bus Stop,2025-12,Live,3.0,2026-04-11 04:00:00
1000733,Bus Stop,2026-01,Live,6.0,2026-04-11 04:00:00
1000733,Bus Stop,2026-02,Live,1.0,2026-04-11 04:00:00
1000733,Bus Stop,2026-03,Live,22.0,2026-04-11 04:00:00
1000733,Bus Stop,2026-04,Live,6.0,2026-04-11 04:00:00
1000741,Bus Stop,2024-12,Live,1.0,2025-06-25 04:00:00
1000741,Bus Stop,2025-03,Live,1.0,2025-06-25 04:00:00
1000741,Bus Stop,2025-05,Live,1.0,2025-06-25 04:00:00
1000741,Bus Stop,2025-06,Live,4.0,2025-06-25 04:00:00
1000742,Bus Stop,2024-12,Live,11.0,2026-04-12 04:00:00
1000742,Bus Stop,2025-01,Live,5.0,2026-04-12 04:00:00
1000742,Bus Stop,2025-02,Live,10.0,2026-04-12 04:00:00
1000742,Bus Stop,2025-03,Live,28.0,2026-04-12 04:00:00
1000742,Bus Stop,2025-04,Live,14.0,2026-04-12 04:00:00
1000742,Bus Stop,2025-05,Live,20.0,2026-04-12 04:00:00
1000742,Bus Stop,2025-06,Live,22.0,2026-04-12 04:00:00
1000742,Bus Stop,2025-11,Live,2.0,2026-04-12 04:00:00
1000742,Bus Stop,2025-12,Live,8.0,2026-04-12 04:00:00
1000742,Bus Stop,2026-01,Live,10.0,2026-04-12 04:00:00
1000742,Bus Stop,2026-02,Live,6.0,2026-04-12 04:00:00
1000742,Bus Stop,2026-03,Live,19.0,2026-04-12 04:00:00
1000742,Bus Stop,2026-04,Live,12.0,2026-04-12 04:00:00
1000748,Bus Stop,2025-01,Live,1.0,2025-06-24 04:00:00
1000748,Bus Stop,2025-03,Live,4.0,2025-06-24 04:00:00
1000748,Bus Stop,2025-04,Live,1.0,2025-06-24 04:00:00
1000748,Bus Stop,2025-05,Live,2.0,2025-06-24 04:00:00
1000748,Bus Stop,2025-06,Live,2.0,2025-06-24 04:00:00
1000749,Bus Stop,2025-06,Live,1.0,2025-06-17 04:00:00
1000753,Bus Stop,2024-12,Live,1.0,2025-06-18 04:00:00
1000753,Bus Stop,2025-01,Live,1.0,2025-06-18 04:00:00
1000753,Bus Stop,2025-03,Live,8.0,2025-06-18 04:00:00
1000753,Bus Stop,2025-04,Live,4.0,2025-06-18 04:00:00
1000753,Bus Stop,2025-05,Live,1.0,2025-06-18 04:00:00
1000753,Bus Stop,2025-06,Live,3.0,2025-06-18 04:00:00
1000766,Bus Stop,2025-02,Live,1.0,2025-05-23 04:00:00
1000766,Bus Stop,2025-03,Live,1.0,2025-05-23 04:00:00
1000766,Bus Stop,2025-05,Live,2.0,2025-05-23 04:00:00
1000767,Bus Stop,2024-12,Live,1.0,2025-05-28 04:00:00
1000767,Bus Stop,2025-01,Live,4.0,2025-05-28 04:00:00
1000767,Bus Stop,2025-02,Live,1.0,2025-05-28 04:00:00
1000767,Bus Stop,2025-03,Live,1.0,2025-05-28 04:00:00
1000767,Bus Stop,2025-04,Live,3.0,2025-05-28 04:00:00
1000767,Bus Stop,2025-05,Live,3.0,2025-05-28 04:00:00
1000793,Bus Stop,2024-12,Live,4.0,2026-04-13 04:00:00
1000793,Bus Stop,2025-01,Live,3.0,2026-04-13 04:00:00
1000793,Bus Stop,2025-02,Live,3.0,2026-04-13 04:00:00
1000793,Bus Stop,2025-03,Live,4.0,2026-04-13 04:00:00
1000793,Bus Stop,2025-04,Live,2.0,2026-04-13 04:00:00
1000793,Bus Stop,2025-05,Live,8.0,2026-04-13 04:00:00
1000793,Bus Stop,2025-06,Live,29.0,2026-04-13 04:00:00
1000793,Bus Stop,2025-11,Live,10.0,2026-04-13 04:00:00
1000793,Bus Stop,2025-12,Live,98.0,2026-04-13 04:00:00
1000793,Bus Stop,2026-01,Live,63.0,2026-04-13 04:00:00
1000793,Bus Stop,2026-02,Live,133.0,2026-04-13 04:00:00
1000793,Bus Stop,2026-03,Live,117.0,2026-04-13 04:00:00
1000793,Bus Stop,2026-04,Live,46.0,2026-04-13 04:00:00
1000794,Bus Stop,2024-12,Live,11.0,2025-06-19 04:00:00
1000794,Bus Stop,2025-01,Live,9.0,2025-06-19 04:00:00
1000794,Bus Stop,2025-02,Live,3.0,2025-06-19 04:00:00
1000794,Bus Stop,2025-03,Live,13.0,2025-06-19 04:00:00
1000794,Bus Stop,2025-04,Live,14.0,2025-06-19 04:00:00
1000794,Bus Stop,2025-05,Live,16.0,2025-06-19 04:00:00
1000794,Bus Stop,2025-06,Live,24.0,2025-06-19 04:00:00
1000798,Bus Stop,2025-02,Live,1.0,2025-06-08 04:00:00
1000798,Bus Stop,2025-05,Live,2.0,2025-06-08 04:00:00
1000798,Bus Stop,2025-06,Live,2.0,2025-06-08 04:00:00
1000798,Bus Stop,2026-01,Idle,1.0,2026-03-24 04:00:00
1000798,Bus Stop,2026-03,Idle,4.0,2026-03-24 04:00:00
1000809,Bus Stop,2024-12,Live,7.0,2026-04-13 04:00:00
1000809,Bus Stop,2025-01,Live,1.0,2026-04-13 04:00:00
1000809,Bus Stop,2025-02,Live,1.0,2026-04-13 04:00:00
1000809,Bus Stop,2025-03,Live,2.0,2026-04-13 04:00:00
1000809,Bus Stop,2025-04,Live,3.0,2026-04-13 04:00:00
1000809,Bus Stop,2025-05,Live,4.0,2026-04-13 04:00:00
1000809,Bus Stop,2025-06,Live,8.0,2026-04-13 04:00:00
1000809,Bus Stop,2025-11,Live,5.0,2026-04-13 04:00:00
1000809,Bus Stop,2025-12,Live,10.0,2026-04-13 04:00:00
1000809,Bus Stop,2026-01,Live,8.0,2026-04-13 04:00:00
1000809,Bus Stop,2026-02,Live,5.0,2026-04-13 04:00:00
1000809,Bus Stop,2026-03,Live,12.0,2026-04-13 04:00:00
1000809,Bus Stop,2026-04,Live,2.0,2026-04-13 04:00:00
1000821,Bus Stop,2025-01,Live,1.0,2025-01-06 05:00:00
1000822,Bus Stop,2025-04,Live,1.0,2025-04-10 04:00:00
1000824,Bus Stop,2025-04,Live,1.0,2026-04-09 04:00:00
1000824,Bus Stop,2025-06,Live,1.0,2026-04-09 04:00:00
1000824,Bus Stop,2025-12,Live,6.0,2026-04-09 04:00:00
1000824,Bus Stop,2026-01,Live,1.0,2026-04-09 04:00:00
1000824,Bus Stop,2026-02,Live,1.0,2026-04-09 04:00:00
1000824,Bus Stop,2026-03,Live,12.0,2026-04-09 04:00:00
1000824,Bus Stop,2026-04,Live,2.0,2026-04-09 04:00:00
1000832,Bus Stop,2025-04,Live,2.0,2025-04-23 04:00:00
1000833,Bus Stop,2025-01,Live,1.0,2025-01-18 05:00:00
1000834,Bus Stop,2025-01,Live,5.0,2025-05-29 04:00:00
1000834,Bus Stop,2025-04,Live,6.0,2025-05-29 04:00:00
1000834,Bus Stop,2025-05,Live,3.0,2025-05-29 04:00:00
1000840,Bus Stop,2025-05,Live,1.0,2026-04-13 04:00:00
1000840,Bus Stop,2026-01,Live,1.0,2026-04-13 04:00:00
1000840,Bus Stop,2026-02,Live,1.0,2026-04-13 04:00:00
1000840,Bus Stop,2026-04,Live,1.0,2026-04-13 04:00:00
1000841,Bus Stop,2025-03,Live,3.0,2025-06-15 04:00:00
1000841,Bus Stop,2025-05,Live,1.0,2025-06-15 04:00:00
1000841,Bus Stop,2025-06,Live,3.0,2025-06-15 04:00:00
1000843,Bus Stop,2025-05,Live,1.0,2025-06-06 04:00:00
1000843,Bus Stop,2025-06,Live,1.0,2025-06-06 04:00:00
1000846,Bus Stop,2025-01,Live,1.0,2026-03-21 04:00:00
1000846,Bus Stop,2025-03,Live,3.0,2026-03-21 04:00:00
1000846,Bus Stop,2025-04,Live,2.0,2026-03-21 04:00:00
1000846,Bus Stop,2025-05,Live,3.0,2026-03-21 04:00:00
1000846,Bus Stop,2025-06,Live,6.0,2026-03-21 04:00:00
1000846,Bus Stop,2026-03,Live,4.0,2026-03-21 04:00:00
1000848,Bus Stop,2024-12,Live,1.0,2025-06-21 04:00:00
1000848,Bus Stop,2025-01,Live,1.0,2025-06-21 04:00:00
1000848,Bus Stop,2025-02,Live,2.0,2025-06-21 04:00:00
1000848,Bus Stop,2025-03,Live,4.0,2025-06-21 04:00:00
1000848,Bus Stop,2025-04,Live,1.0,2025-06-21 04:00:00
1000848,Bus Stop,2025-05,Live,6.0,2025-06-21 04:00:00
1000848,Bus Stop,2025-06,Live,4.0,2025-06-21 04:00:00
1000848,Bus Stop,2025-07,Idle,1.0,2026-04-13 04:00:00
1000848,Bus Stop,2026-01,Idle,7.0,2026-04-13 04:00:00
1000848,Bus Stop,2026-02,Idle,3.0,2026-04-13 04:00:00
1000848,Bus Stop,2026-03,Idle,8.0,2026-04-13 04:00:00
1000848,Bus Stop,2026-04,Idle,6.0,2026-04-13 04:00:00
1000880,Bus Stop,2024-12,Live,34.0,2025-06-24 04:00:00
1000880,Bus Stop,2025-01,Live,24.0,2025-06-24 04:00:00
1000880,Bus Stop,2025-02,Live,25.0,2025-06-24 04:00:00
1000880,Bus Stop,2025-03,Live,42.0,2025-06-24 04:00:00
1000880,Bus Stop,2025-04,Live,50.0,2025-06-24 04:00:00
1000880,Bus Stop,2025-05,Live,78.0,2025-06-24 04:00:00
1000880,Bus Stop,2025-06,Live,25.0,2025-06-24 04:00:00
1000886,Bus Stop,2025-01,Live,4.0,2025-10-31 04:00:00
1000886,Bus Stop,2025-02,Live,1.0,2025-10-31 04:00:00
1000886,Bus Stop,2025-03,Live,5.0,2025-10-31 04:00:00
1000886,Bus Stop,2025-04,Live,6.0,2025-10-31 04:00:00
1000886,Bus Stop,2025-05,Live,4.0,2025-10-31 04:00:00
1000886,Bus Stop,2025-06,Live,2.0,2025-10-31 04:00:00
1000886,Bus Stop,2025-10,Live,1.0,2025-10-31 04:00:00
1000888,Bus Stop,2025-05,Live,1.0,2025-06-11 04:00:00
1000888,Bus Stop,2025-06,Live,2.0,2025-06-11 04:00:00
1000888,Bus Stop,2025-07,Idle,1.0,2025-07-21 04:00:00
1000889,Bus Stop,2025-05,Live,1.0,2025-06-04 04:00:00
1000889,Bus Stop,2025-06,Live,1.0,2025-06-04 04:00:00
1000890,Bus Stop,2024-12,Live,3.0,2026-04-14 04:00:00
1000890,Bus Stop,2025-01,Live,4.0,2026-04-14 04:00:00
1000890,Bus Stop,2025-02,Live,9.0,2026-04-14 04:00:00
1000890,Bus Stop,2025-03,Live,12.0,2026-04-14 04:00:00
1000890,Bus Stop,2025-04,Live,19.0,2026-04-14 04:00:00
1000890,Bus Stop,2025-05,Live,30.0,2026-04-14 04:00:00
1000890,Bus Stop,2025-06,Live,24.0,2026-04-14 04:00:00
1000890,Bus Stop,2025-12,Live,6.0,2026-04-14 04:00:00
1000890,Bus Stop,2026-01,Live,23.0,2026-04-14 04:00:00
1000890,Bus Stop,2026-02,Live,23.0,2026-04-14 04:00:00
1000890,Bus Stop,2026-03,Live,41.0,2026-04-14 04:00:00
1000890,Bus Stop,2026-04,Live,15.0,2026-04-14 04:00:00
1000892,Bus Stop,2024-12,Live,1.0,2025-06-06 04:00:00
1000892,Bus Stop,2025-06,Live,1.0,2025-06-06 04:00:00
1000893,Bus Stop,2024-12,Idle,2.0,2026-04-15 04:00:00
1000893,Bus Stop,2025-03,Idle,2.0,2026-04-15 04:00:00
1000893,Bus Stop,2025-05,Idle,2.0,2026-04-15 04:00:00
1000893,Bus Stop,2025-06,Idle,3.0,2026-04-15 04:00:00
1000893,Bus Stop,2025-12,Idle,21.0,2026-04-15 04:00:00
1000893,Bus Stop,2026-01,Idle,28.0,2026-04-15 04:00:00
1000893,Bus Stop,2026-02,Idle,10.0,2026-04-15 04:00:00
1000893,Bus Stop,2026-03,Idle,25.0,2026-04-15 04:00:00
1000893,Bus Stop,2026-04,Idle,20.0,2026-04-15 04:00:00
1000896,Bus Stop,2024-12,Live,9.0,2025-06-25 04:00:00
1000896,Bus Stop,2025-01,Live,5.0,2025-06-25 04:00:00
1000896,Bus Stop,2025-02,Live,5.0,2025-06-25 04:00:00
1000896,Bus Stop,2025-03,Live,7.0,2025-06-25 04:00:00
1000896,Bus Stop,2025-04,Live,12.0,2025-06-25 04:00:00
1000896,Bus Stop,2025-05,Live,7.0,2025-06-25 04:00:00
1000896,Bus Stop,2025-06,Live,8.0,2025-06-25 04:00:00
1000899,Bus Stop,2024-12,Live,1.0,2024-12-21 05:00:00
1000901,Bus Stop,2024-12,Live,13.0,2025-06-24 04:00:00
1000901,Bus Stop,2025-01,Live,4.0,2025-06-24 04:00:00
1000901,Bus Stop,2025-02,Live,6.0,2025-06-24 04:00:00
1000901,Bus Stop,2025-03,Live,17.0,2025-06-24 04:00:00
1000901,Bus Stop,2025-04,Live,9.0,2025-06-24 04:00:00
1000901,Bus Stop,2025-05,Live,8.0,2025-06-24 04:00:00
1000901,Bus Stop,2025-06,Live,5.0,2025-06-24 04:00:00
1000902,Bus Stop,2025-02,Live,1.0,2025-05-31 04:00:00
1000902,Bus Stop,2025-05,Live,1.0,2025-05-31 04:00:00
1000903,Bus Stop,2025-01,Idle,4.0,2025-07-21 04:00:00
1000903,Bus Stop,2025-04,Idle,4.0,2025-07-21 04:00:00
1000903,Bus Stop,2025-05,Idle,2.0,2025-07-21 04:00:00
1000903,Bus Stop,2025-06,Idle,2.0,2025-07-21 04:00:00
1000903,Bus Stop,2025-07,Idle,1.0,2025-07-21 04:00:00
1000904,Bus Stop,2024-12,Live,3.0,2025-06-20 04:00:00
1000904,Bus Stop,2025-01,Live,1.0,2025-06-20 04:00:00
1000904,Bus Stop,2025-02,Live,2.0,2025-06-20 04:00:00
1000904,Bus Stop,2025-03,Live,1.0,2025-06-20 04:00:00
1000904,Bus Stop,2025-04,Live,3.0,2025-06-20 04:00:00
1000904,Bus Stop,2025-05,Live,1.0,2025-06-20 04:00:00
1000904,Bus Stop,2025-06,Live,8.0,2025-06-20 04:00:00
1000904,Bus Stop,2026-01,Idle,5.0,2026-04-15 04:00:00
1000904,Bus Stop,2026-02,Idle,3.0,2026-04-15 04:00:00
1000904,Bus Stop,2026-03,Idle,2.0,2026-04-15 04:00:00
1000904,Bus Stop,2026-04,Idle,5.0,2026-04-15 04:00:00
1000911,Bus Stop,2024-12,Live,1.0,2026-04-10 04:00:00
1000911,Bus Stop,2025-01,Live,1.0,2026-04-10 04:00:00
1000911,Bus Stop,2025-02,Live,1.0,2026-04-10 04:00:00
1000911,Bus Stop,2025-04,Live,3.0,2026-04-10 04:00:00
1000911,Bus Stop,2025-05,Live,6.0,2026-04-10 04:00:00
1000911,Bus Stop,2025-06,Live,10.0,2026-04-10 04:00:00
1000911,Bus Stop,2026-03,Live,1.0,2026-04-10 04:00:00
1000911,Bus Stop,2026-04,Live,1.0,2026-04-10 04:00:00
1000912,Bus Stop,2025-03,Live,1.0,2025-04-22 04:00:00
1000912,Bus Stop,2025-04,Live,2.0,2025-04-22 04:00:00
1000928,Bus Stop,2025-05,Live,3.0,2026-03-31 04:00:00
1000928,Bus Stop,2026-01,Live,1.0,2026-03-31 04:00:00
1000928,Bus Stop,2026-02,Live,5.0,2026-03-31 04:00:00
1000928,Bus Stop,2026-03,Live,3.0,2026-03-31 04:00:00
1000930,Bus Stop,2024-12,Live,1.0,2026-04-03 04:00:00
1000930,Bus Stop,2025-01,Live,1.0,2026-04-03 04:00:00
1000930,Bus Stop,2025-02,Live,1.0,2026-04-03 04:00:00
1000930,Bus Stop,2025-03,Live,7.0,2026-04-03 04:00:00
1000930,Bus Stop,2025-04,Live,8.0,2026-04-03 04:00:00
1000930,Bus Stop,2025-05,Live,12.0,2026-04-03 04:00:00
1000930,Bus Stop,2025-06,Live,3.0,2026-04-03 04:00:00
1000930,Bus Stop,2026-01,Live,1.0,2026-04-03 04:00:00
1000930,Bus Stop,2026-02,Live,3.0,2026-04-03 04:00:00
1000930,Bus Stop,2026-03,Live,2.0,2026-04-03 04:00:00
1000930,Bus Stop,2026-04,Live,1.0,2026-04-03 04:00:00
1000931,Bus Stop,2025-01,Live,2.0,2025-06-24 04:00:00
1000931,Bus Stop,2025-02,Live,1.0,2025-06-24 04:00:00
1000931,Bus Stop,2025-04,Live,2.0,2025-06-24 04:00:00
1000931,Bus Stop,2025-05,Live,2.0,2025-06-24 04:00:00
1000931,Bus Stop,2025-06,Live,3.0,2025-06-24 04:00:00
1000931,Bus Stop,2026-01,Idle,1.0,2026-02-09 05:00:00
1000931,Bus Stop,2026-02,Idle,4.0,2026-02-09 05:00:00
1000935,Bus Stop,2025-01,Live,1.0,2025-05-29 04:00:00
1000935,Bus Stop,2025-02,Live,1.0,2025-05-29 04:00:00
1000935,Bus Stop,2025-03,Live,1.0,2025-05-29 04:00:00
1000935,Bus Stop,2025-05,Live,5.0,2025-05-29 04:00:00
1000936,Bus Stop,2024-12,Idle,2.0,2026-04-15 04:00:00
1000936,Bus Stop,2025-02,Idle,2.0,2026-04-15 04:00:00
1000936,Bus Stop,2025-04,Idle,4.0,2026-04-15 04:00:00
1000936,Bus Stop,2025-05,Idle,6.0,2026-04-15 04:00:00
1000936,Bus Stop,2025-06,Idle,4.0,2026-04-15 04:00:00
1000936,Bus Stop,2025-07,Idle,1.0,2026-04-15 04:00:00
1000936,Bus Stop,2025-12,Idle,4.0,2026-04-15 04:00:00
1000936,Bus Stop,2026-01,Idle,10.0,2026-04-15 04:00:00
1000936,Bus Stop,2026-02,Idle,10.0,2026-04-15 04:00:00
1000936,Bus Stop,2026-03,Idle,10.0,2026-04-15 04:00:00
1000936,Bus Stop,2026-04,Idle,4.0,2026-04-15 04:00:00
1000942,Bus Stop,2024-12,Live,2.0,2025-06-11 04:00:00
1000942,Bus Stop,2025-01,Live,4.0,2025-06-11 04:00:00
1000942,Bus Stop,2025-03,Live,6.0,2025-06-11 04:00:00
1000942,Bus Stop,2025-04,Live,3.0,2025-06-11 04:00:00
1000942,Bus Stop,2025-05,Live,5.0,2025-06-11 04:00:00
1000942,Bus Stop,2025-06,Live,2.0,2025-06-11 04:00:00
1000943,Bus Stop,2024-12,Live,1.0,2026-03-10 04:00:00
1000943,Bus Stop,2025-05,Live,1.0,2026-03-10 04:00:00
1000943,Bus Stop,2026-03,Live,1.0,2026-03-10 04:00:00
1000944,Bus Stop,2024-12,Live,1.0,2025-05-14 04:00:00
1000944,Bus Stop,2025-01,Live,1.0,2025-05-14 04:00:00
1000944,Bus Stop,2025-04,Live,1.0,2025-05-14 04:00:00
1000944,Bus Stop,2025-05,Live,1.0,2025-05-14 04:00:00
1000945,Bus Stop,2025-03,Idle,52.0,2026-04-14 04:00:00
1000945,Bus Stop,2025-04,Idle,46.0,2026-04-14 04:00:00
1000945,Bus Stop,2025-05,Idle,36.0,2026-04-14 04:00:00
1000945,Bus Stop,2025-06,Idle,71.0,2026-04-14 04:00:00
1000945,Bus Stop,2025-07,Idle,4.0,2026-04-14 04:00:00
1000945,Bus Stop,2025-12,Idle,6.0,2026-04-14 04:00:00
1000945,Bus Stop,2026-01,Idle,24.0,2026-04-14 04:00:00
1000945,Bus Stop,2026-02,Idle,17.0,2026-04-14 04:00:00
1000945,Bus Stop,2026-03,Idle,20.0,2026-04-14 04:00:00
1000945,Bus Stop,2026-04,Idle,8.0,2026-04-14 04:00:00
1000947,Bus Stop,2025-04,Live,3.0,2026-04-11 04:00:00
1000947,Bus Stop,2025-06,Live,4.0,2026-04-11 04:00:00
1000947,Bus Stop,2025-12,Live,3.0,2026-04-11 04:00:00
1000947,Bus Stop,2026-01,Live,1.0,2026-04-11 04:00:00
1000947,Bus Stop,2026-02,Live,2.0,2026-04-11 04:00:00
1000947,Bus Stop,2026-03,Live,3.0,2026-04-11 04:00:00
1000947,Bus Stop,2026-04,Live,3.0,2026-04-11 04:00:00
1000948,Bus Stop,2024-12,Live,10.0,2026-04-07 04:00:00
1000948,Bus Stop,2025-01,Live,7.0,2026-04-07 04:00:00
1000948,Bus Stop,2025-02,Live,8.0,2026-04-07 04:00:00
1000948,Bus Stop,2025-03,Live,15.0,2026-04-07 04:00:00
1000948,Bus Stop,2025-04,Live,17.0,2026-04-07 04:00:00
1000948,Bus Stop,2025-05,Live,15.0,2026-04-07 04:00:00
1000948,Bus Stop,2025-06,Live,6.0,2026-04-07 04:00:00
1000948,Bus Stop,2025-07,Idle,1.0,2025-07-21 04:00:00
1000948,Bus Stop,2025-10,Live,4.0,2026-04-07 04:00:00
1000948,Bus Stop,2025-11,Live,6.0,2026-04-07 04:00:00
1000948,Bus Stop,2025-12,Live,3.0,2026-04-07 04:00:00
1000948,Bus Stop,2026-01,Live,4.0,2026-04-07 04:00:00
1000948,Bus Stop,2026-02,Live,3.0,2026-04-07 04:00:00
1000948,Bus Stop,2026-03,Live,5.0,2026-04-07 04:00:00
1000948,Bus Stop,2026-04,Live,1.0,2026-04-07 04:00:00
1000949,Bus Stop,2025-02,Live,1.0,2025-06-25 04:00:00
1000949,Bus Stop,2025-04,Live,1.0,2025-06-25 04:00:00
1000949,Bus Stop,2025-06,Live,1.0,2025-06-25 04:00:00
1000950,Bus Stop,2025-01,Live,1.0,2025-06-20 04:00:00
1000950,Bus Stop,2025-03,Live,2.0,2025-06-20 04:00:00
1000950,Bus Stop,2025-04,Live,2.0,2025-06-20 04:00:00
1000950,Bus Stop,2025-06,Live,3.0,2025-06-20 04:00:00
1000952,Bus Stop,2025-06,Live,1.0,2025-06-25 04:00:00
1000953,Bus Stop,2025-01,Live,1.0,2025-01-15 05:00:00
1000974,Bus Stop,2024-12,Live,1.0,2025-06-08 04:00:00
1000974,Bus Stop,2025-03,Live,2.0,2025-06-08 04:00:00
1000974,Bus Stop,2025-04,Live,4.0,2025-06-08 04:00:00
1000974,Bus Stop,2025-05,Live,4.0,2025-06-08 04:00:00
1000974,Bus Stop,2025-06,Live,3.0,2025-06-08 04:00:00
1000974,Bus Stop,2025-11,Idle,6.0,2026-04-09 04:00:00
1000974,Bus Stop,2025-12,Idle,11.0,2026-04-09 04:00:00
1000974,Bus Stop,2026-01,Idle,8.0,2026-04-09 04:00:00
1000974,Bus Stop,2026-02,Idle,4.0,2026-04-09 04:00:00
1000974,Bus Stop,2026-03,Idle,7.0,2026-04-09 04:00:00
1000974,Bus Stop,2026-04,Idle,3.0,2026-04-09 04:00:00
1000977,Bus Stop,2024-12,Live,4.0,2025-06-24 04:00:00
1000977,Bus Stop,2025-01,Live,2.0,2025-06-24 04:00:00
1000977,Bus Stop,2025-02,Live,4.0,2025-06-24 04:00:00
1000977,Bus Stop,2025-03,Live,13.0,2025-06-24 04:00:00
1000977,Bus Stop,2025-04,Live,7.0,2025-06-24 04:00:00
1000977,Bus Stop,2025-05,Live,7.0,2025-06-24 04:00:00
1000977,Bus Stop,2025-06,Live,7.0,2025-06-24 04:00:00
1000979,Bus Stop,2024-12,Live,2.0,2026-02-26 05:00:00
1000979,Bus Stop,2025-01,Live,3.0,2026-02-26 05:00:00
1000979,Bus Stop,2025-03,Live,3.0,2026-02-26 05:00:00
1000979,Bus Stop,2025-04,Live,2.0,2026-02-26 05:00:00
1000979,Bus Stop,2025-05,Live,2.0,2026-02-26 05:00:00
1000979,Bus Stop,2026-02,Live,1.0,2026-02-26 05:00:00
1000981,Bus Stop,2024-12,Live,40.0,2026-04-15 04:00:00
1000981,Bus Stop,2025-01,Live,29.0,2026-04-15 04:00:00
1000981,Bus Stop,2025-02,Live,46.0,2026-04-15 04:00:00
1000981,Bus Stop,2025-03,Live,61.0,2026-04-15 04:00:00
1000981,Bus Stop,2025-04,Live,84.0,2026-04-15 04:00:00
1000981,Bus Stop,2025-05,Live,53.0,2026-04-15 04:00:00
1000981,Bus Stop,2025-06,Live,48.0,2026-04-15 04:00:00
1000981,Bus Stop,2025-07,Idle,1.0,2025-07-21 04:00:00
1000981,Bus Stop,2025-10,Live,15.0,2026-04-15 04:00:00
1000981,Bus Stop,2025-11,Live,20.0,2026-04-15 04:00:00
1000981,Bus Stop,2025-12,Live,28.0,2026-04-15 04:00:00
1000981,Bus Stop,2026-01,Live,25.0,2026-04-15 04:00:00
1000981,Bus Stop,2026-02,Live,43.0,2026-04-15 04:00:00
1000981,Bus Stop,2026-03,Live,46.0,2026-04-15 04:00:00
1000981,Bus Stop,2026-04,Live,14.0,2026-04-15 04:00:00
1000987,Bus Stop,2024-12,Live,63.0,2026-04-15 04:00:00
1000987,Bus Stop,2025-01,Live,76.0,2026-04-15 04:00:00
1000987,Bus Stop,2025-02,Live,84.0,2026-04-15 04:00:00
1000987,Bus Stop,2025-03,Live,129.0,2026-04-15 04:00:00
1000987,Bus Stop,2025-04,Live,104.0,2026-04-15 04:00:00
1000987,Bus Stop,2025-05,Live,151.0,2026-04-15 04:00:00
1000987,Bus Stop,2025-06,Live,91.0,2026-04-15 04:00:00
1000987,Bus Stop,2025-07,Idle,5.0,2025-07-22 04:00:00
1000987,Bus Stop,2025-11,Live,27.0,2026-04-15 04:00:00
1000987,Bus Stop,2025-12,Live,127.0,2026-04-15 04:00:00
1000987,Bus Stop,2026-01,Live,121.0,2026-04-15 04:00:00
1000987,Bus Stop,2026-02,Live,141.0,2026-04-15 04:00:00
1000987,Bus Stop,2026-03,Live,184.0,2026-04-15 04:00:00
1000987,Bus Stop,2026-04,Live,64.0,2026-04-15 04:00:00
1000988,Bus Stop,2024-12,Idle,88.0,2026-04-12 04:00:00
1000988,Bus Stop,2025-01,Idle,88.0,2026-04-12 04:00:00
1000988,Bus Stop,2025-02,Idle,108.0,2026-04-12 04:00:00
1000988,Bus Stop,2025-03,Idle,204.0,2026-04-12 04:00:00
1000988,Bus Stop,2025-04,Idle,186.0,2026-04-12 04:00:00
1000988,Bus Stop,2025-05,Idle,256.0,2026-04-12 04:00:00
1000988,Bus Stop,2025-06,Idle,185.0,2026-04-12 04:00:00
1000988,Bus Stop,2025-07,Idle,8.0,2026-04-12 04:00:00
1000988,Bus Stop,2025-11,Idle,20.0,2026-04-12 04:00:00
1000988,Bus Stop,2025-12,Idle,154.0,2026-04-12 04:00:00
1000988,Bus Stop,2026-01,Idle,155.0,2026-04-12 04:00:00
1000988,Bus Stop,2026-02,Idle,116.0,2026-04-12 04:00:00
1000988,Bus Stop,2026-03,Idle,179.0,2026-04-12 04:00:00
1000988,Bus Stop,2026-04,Idle,58.0,2026-04-12 04:00:00
1000992,Bus Stop,2024-12,Live,1.0,2026-04-03 04:00:00
1000992,Bus Stop,2025-01,Live,1.0,2026-04-03 04:00:00
1000992,Bus Stop,2025-03,Live,2.0,2026-04-03 04:00:00
1000992,Bus Stop,2025-04,Live,4.0,2026-04-03 04:00:00
1000992,Bus Stop,2025-05,Live,1.0,2026-04-03 04:00:00
1000992,Bus Stop,2025-06,Live,1.0,2026-04-03 04:00:00
1000992,Bus Stop,2025-11,Live,7.0,2026-04-03 04:00:00
1000992,Bus Stop,2025-12,Live,3.0,2026-04-03 04:00:00
1000992,Bus Stop,2026-01,Live,4.0,2026-04-03 04:00:00
1000992,Bus Stop,2026-02,Live,9.0,2026-04-03 04:00:00
1000992,Bus Stop,2026-03,Live,11.0,2026-04-03 04:00:00
1000992,Bus Stop,2026-04,Live,1.0,2026-04-03 04:00:00
1000993,Bus Stop,2024-12,Live,2.0,2025-06-23 04:00:00
1000993,Bus Stop,2025-03,Live,2.0,2025-06-23 04:00:00
1000993,Bus Stop,2025-04,Live,2.0,2025-06-23 04:00:00
1000993,Bus Stop,2025-05,Live,3.0,2025-06-23 04:00:00
1000993,Bus Stop,2025-06,Live,5.0,2025-06-23 04:00:00
1000995,Bus Stop,2024-12,Live,55.0,2026-04-15 04:00:00
1000995,Bus Stop,2025-01,Live,46.0,2026-04-15 04:00:00
1000995,Bus Stop,2025-02,Live,29.0,2026-04-15 04:00:00
1000995,Bus Stop,2025-03,Live,52.0,2026-04-15 04:00:00
1000995,Bus Stop,2025-04,Live,56.0,2026-04-15 04:00:00
1000995,Bus Stop,2025-05,Live,70.0,2026-04-15 04:00:00
1000995,Bus Stop,2025-06,Live,44.0,2026-04-15 04:00:00
1000995,Bus Stop,2025-07,Idle,7.0,2025-07-22 04:00:00
1000995,Bus Stop,2025-11,Live,20.0,2026-04-15 04:00:00
1000995,Bus Stop,2025-12,Live,152.0,2026-04-15 04:00:00
1000995,Bus Stop,2026-01,Live,106.0,2026-04-15 04:00:00
1000995,Bus Stop,2026-02,Live,94.0,2026-04-15 04:00:00
1000995,Bus Stop,2026-03,Live,154.0,2026-04-15 04:00:00
1000995,Bus Stop,2026-04,Live,58.0,2026-04-15 04:00:00
1001013,Bus Stop,2024-12,Idle,6.0,2025-06-24 04:00:00
1001013,Bus Stop,2025-01,Idle,2.0,2025-06-24 04:00:00
1001013,Bus Stop,2025-02,Idle,4.0,2025-06-24 04:00:00
1001013,Bus Stop,2025-03,Idle,4.0,2025-06-24 04:00:00
1001013,Bus Stop,2025-04,Idle,8.0,2025-06-24 04:00:00
1001013,Bus Stop,2025-05,Idle,18.0,2025-06-24 04:00:00
1001013,Bus Stop,2025-06,Idle,1.0,2025-06-24 04:00:00
1001017,Bus Stop,2024-12,Live,3.0,2026-04-12 04:00:00
1001017,Bus Stop,2025-01,Live,1.0,2026-04-12 04:00:00
1001017,Bus Stop,2025-03,Live,2.0,2026-04-12 04:00:00
1001017,Bus Stop,2025-04,Live,19.0,2026-04-12 04:00:00
1001017,Bus Stop,2025-05,Live,17.0,2026-04-12 04:00:00
1001017,Bus Stop,2025-06,Live,10.0,2026-04-12 04:00:00
1001017,Bus Stop,2025-07,Idle,1.0,2025-07-21 04:00:00
1001017,Bus Stop,2025-12,Live,6.0,2026-04-12 04:00:00
1001017,Bus Stop,2026-01,Live,2.0,2026-04-12 04:00:00
1001017,Bus Stop,2026-02,Live,16.0,2026-04-12 04:00:00
1001017,Bus Stop,2026-03,Live,14.0,2026-04-12 04:00:00
1001017,Bus Stop,2026-04,Live,8.0,2026-04-12 04:00:00
1001019,Bus Stop,2024-12,Live,14.0,2026-04-14 04:00:00
1001019,Bus Stop,2025-01,Live,12.0,2026-04-14 04:00:00
1001019,Bus Stop,2025-02,Live,9.0,2026-04-14 04:00:00
1001019,Bus Stop,2025-03,Live,12.0,2026-04-14 04:00:00
1001019,Bus Stop,2025-04,Live,21.0,2026-04-14 04:00:00
1001019,Bus Stop,2025-05,Live,12.0,2026-04-14 04:00:00
1001019,Bus Stop,2025-06,Live,3.0,2026-04-14 04:00:00
1001019,Bus Stop,2025-11,Live,19.0,2026-04-14 04:00:00
1001019,Bus Stop,2025-12,Live,32.0,2026-04-14 04:00:00
1001019,Bus Stop,2026-01,Live,10.0,2026-04-14 04:00:00
1001019,Bus Stop,2026-02,Live,16.0,2026-04-14 04:00:00
1001019,Bus Stop,2026-03,Live,31.0,2026-04-14 04:00:00
1001019,Bus Stop,2026-04,Live,13.0,2026-04-14 04:00:00
1001021,Bus Stop,2024-12,Live,33.0,2025-06-25 04:00:00
1001021,Bus Stop,2025-01,Live,13.0,2025-06-25 04:00:00
1001021,Bus Stop,2025-02,Live,26.0,2025-06-25 04:00:00
1001021,Bus Stop,2025-03,Live,52.0,2025-06-25 04:00:00
1001021,Bus Stop,2025-04,Live,44.0,2025-06-25 04:00:00
1001021,Bus Stop,2025-05,Live,29.0,2025-06-25 04:00:00
1001021,Bus Stop,2025-06,Live,17.0,2025-06-25 04:00:00
1001024,Bus Stop,2024-12,Live,1.0,2025-06-02 04:00:00
1001024,Bus Stop,2025-01,Live,1.0,2025-06-02 04:00:00
1001024,Bus Stop,2025-02,Live,1.0,2025-06-02 04:00:00
1001024,Bus Stop,2025-04,Live,2.0,2025-06-02 04:00:00
1001024,Bus Stop,2025-06,Live,1.0,2025-06-02 04:00:00
1001034,Bus Stop,2024-12,Live,1.0,2025-03-24 04:00:00
1001034,Bus Stop,2025-03,Live,1.0,2025-03-24 04:00:00
1001038,Bus Stop,2025-05,Live,2.0,2025-06-05 04:00:00
1001038,Bus Stop,2025-06,Live,3.0,2025-06-05 04:00:00
1001039,Bus Stop,2024-12,Live,2.0,2025-06-25 04:00:00
1001039,Bus Stop,2025-01,Live,5.0,2025-06-25 04:00:00
1001039,Bus Stop,2025-02,Live,6.0,2025-06-25 04:00:00
1001039,Bus Stop,2025-03,Live,6.0,2025-06-25 04:00:00
1001039,Bus Stop,2025-04,Live,3.0,2025-06-25 04:00:00
1001039,Bus Stop,2025-05,Live,10.0,2025-06-25 04:00:00
1001039,Bus Stop,2025-06,Live,12.0,2025-06-25 04:00:00
1001040,Bus Stop,2025-01,Live,2.0,2025-06-16 04:00:00
1001040,Bus Stop,2025-06,Live,1.0,2025-06-16 04:00:00
1001042,Bus Stop,2024-12,Live,81.0,2025-06-25 04:00:00
1001042,Bus Stop,2025-01,Live,48.0,2025-06-25 04:00:00
1001042,Bus Stop,2025-02,Live,57.0,2025-06-25 04:00:00
1001042,Bus Stop,2025-03,Live,92.0,2025-06-25 04:00:00
1001042,Bus Stop,2025-04,Live,118.0,2025-06-25 04:00:00
1001042,Bus Stop,2025-05,Live,118.0,2025-06-25 04:00:00
1001042,Bus Stop,2025-06,Live,90.0,2025-06-25 04:00:00
1001042,Bus Stop,2025-07,Idle,5.0,2025-07-22 04:00:00
1001044,Bus Stop,2024-12,Live,75.0,2026-04-15 04:00:00
1001044,Bus Stop,2025-01,Live,55.0,2026-04-15 04:00:00
1001044,Bus Stop,2025-02,Live,73.0,2026-04-15 04:00:00
1001044,Bus Stop,2025-03,Live,88.0,2026-04-15 04:00:00
1001044,Bus Stop,2025-04,Live,78.0,2026-04-15 04:00:00
1001044,Bus Stop,2025-05,Live,96.0,2026-04-15 04:00:00
1001044,Bus Stop,2025-06,Live,38.0,2026-04-15 04:00:00
1001044,Bus Stop,2025-07,Idle,3.0,2025-07-22 04:00:00
1001044,Bus Stop,2026-03,Live,33.0,2026-04-15 04:00:00
1001044,Bus Stop,2026-04,Live,17.0,2026-04-15 04:00:00
1001046,Bus Stop,2024-12,Live,51.0,2025-06-25 04:00:00
1001046,Bus Stop,2025-01,Live,45.0,2025-06-25 04:00:00
1001046,Bus Stop,2025-02,Live,58.0,2025-06-25 04:00:00
1001046,Bus Stop,2025-03,Live,78.0,2025-06-25 04:00:00
1001046,Bus Stop,2025-04,Live,92.0,2025-06-25 04:00:00
1001046,Bus Stop,2025-05,Live,103.0,2025-06-25 04:00:00
1001046,Bus Stop,2025-06,Live,57.0,2025-06-25 04:00:00
1001047,Bus Stop,2024-12,Live,139.0,2026-04-15 04:00:00
1001047,Bus Stop,2025-01,Live,101.0,2026-04-15 04:00:00
1001047,Bus Stop,2025-02,Live,117.0,2026-04-15 04:00:00
1001047,Bus Stop,2025-03,Live,156.0,2026-04-15 04:00:00
1001047,Bus Stop,2025-04,Live,173.0,2026-04-15 04:00:00
1001047,Bus Stop,2025-05,Live,167.0,2026-04-15 04:00:00
1001047,Bus Stop,2025-06,Live,84.0,2026-04-15 04:00:00
1001047,Bus Stop,2025-07,Idle,3.0,2025-07-21 04:00:00
1001047,Bus Stop,2026-03,Live,48.0,2026-04-15 04:00:00
1001047,Bus Stop,2026-04,Live,35.0,2026-04-15 04:00:00
1001048,Bus Stop,2024-12,Live,68.0,2025-06-25 04:00:00
1001048,Bus Stop,2025-01,Live,68.0,2025-06-25 04:00:00
1001048,Bus Stop,2025-02,Live,105.0,2025-06-25 04:00:00
1001048,Bus Stop,2025-03,Live,173.0,2025-06-25 04:00:00
1001048,Bus Stop,2025-04,Live,125.0,2025-06-25 04:00:00
1001048,Bus Stop,2025-05,Live,126.0,2025-06-25 04:00:00
1001048,Bus Stop,2025-06,Live,96.0,2025-06-25 04:00:00
1001049,Bus Stop,2024-12,Live,27.0,2026-04-15 04:00:00
1001049,Bus Stop,2025-01,Live,20.0,2026-04-15 04:00:00
1001049,Bus Stop,2025-02,Live,26.0,2026-04-15 04:00:00
1001049,Bus Stop,2025-03,Live,39.0,2026-04-15 04:00:00
1001049,Bus Stop,2025-04,Live,33.0,2026-04-15 04:00:00
1001049,Bus Stop,2025-05,Live,42.0,2026-04-15 04:00:00
1001049,Bus Stop,2025-06,Live,25.0,2026-04-15 04:00:00
1001049,Bus Stop,2025-07,Idle,2.0,2025-07-21 04:00:00
1001049,Bus Stop,2025-11,Live,18.0,2026-04-15 04:00:00
1001049,Bus Stop,2025-12,Live,30.0,2026-04-15 04:00:00
1001049,Bus Stop,2026-01,Live,10.0,2026-04-15 04:00:00
1001049,Bus Stop,2026-02,Live,17.0,2026-04-15 04:00:00
1001049,Bus Stop,2026-03,Live,36.0,2026-04-15 04:00:00
1001049,Bus Stop,2026-04,Live,16.0,2026-04-15 04:00:00
1001051,Bus Stop,2024-12,Live,24.0,2026-04-14 04:00:00
1001051,Bus Stop,2025-01,Live,17.0,2026-04-14 04:00:00
1001051,Bus Stop,2025-02,Live,22.0,2026-04-14 04:00:00
1001051,Bus Stop,2025-03,Live,31.0,2026-04-14 04:00:00
1001051,Bus Stop,2025-04,Live,22.0,2026-04-14 04:00:00
1001051,Bus Stop,2025-05,Live,26.0,2026-04-14 04:00:00
1001051,Bus Stop,2025-06,Live,12.0,2026-04-14 04:00:00
1001051,Bus Stop,2025-11,Live,44.0,2026-04-14 04:00:00
1001051,Bus Stop,2025-12,Live,58.0,2026-04-14 04:00:00
1001051,Bus Stop,2026-01,Live,54.0,2026-04-14 04:00:00
1001051,Bus Stop,2026-02,Live,48.0,2026-04-14 04:00:00
1001051,Bus Stop,2026-03,Live,78.0,2026-04-14 04:00:00
1001051,Bus Stop,2026-04,Live,32.0,2026-04-14 04:00:00
1001052,Bus Stop,2024-12,Live,70.0,2025-06-25 04:00:00
1001052,Bus Stop,2025-01,Live,70.0,2025-06-25 04:00:00
1001052,Bus Stop,2025-02,Live,50.0,2025-06-25 04:00:00
1001052,Bus Stop,2025-03,Live,84.0,2025-06-25 04:00:00
1001052,Bus Stop,2025-04,Live,64.0,2025-06-25 04:00:00
1001052,Bus Stop,2025-05,Live,95.0,2025-06-25 04:00:00
1001052,Bus Stop,2025-06,Live,66.0,2025-06-25 04:00:00
1001056,Bus Stop,2024-12,Live,36.0,2025-06-25 04:00:00
1001056,Bus Stop,2025-01,Live,43.0,2025-06-25 04:00:00
1001056,Bus Stop,2025-02,Live,56.0,2025-06-25 04:00:00
1001056,Bus Stop,2025-03,Live,88.0,2025-06-25 04:00:00
1001056,Bus Stop,2025-04,Live,68.0,2025-06-25 04:00:00
1001056,Bus Stop,2025-05,Live,60.0,2025-06-25 04:00:00
1001056,Bus Stop,2025-06,Live,65.0,2025-06-25 04:00:00
1001056,Bus Stop,2025-07,Idle,5.0,2025-07-21 04:00:00
1001059,Bus Stop,2025-05,Live,1.0,2025-05-06 04:00:00
1001060,Bus Stop,2024-12,Live,167.0,2025-06-25 04:00:00
1001060,Bus Stop,2025-01,Live,92.0,2025-06-25 04:00:00
1001060,Bus Stop,2025-02,Live,109.0,2025-06-25 04:00:00
1001060,Bus Stop,2025-03,Live,189.0,2025-06-25 04:00:00
1001060,Bus Stop,2025-04,Live,180.0,2025-06-25 04:00:00
1001060,Bus Stop,2025-05,Live,175.0,2025-06-25 04:00:00
1001060,Bus Stop,2025-06,Live,128.0,2025-06-25 04:00:00
1001064,Bus Stop,2025-03,Live,1.0,2025-04-18 04:00:00
1001064,Bus Stop,2025-04,Live,1.0,2025-04-18 04:00:00
1001067,Bus Stop,2025-01,Live,1.0,2026-04-10 04:00:00
1001067,Bus Stop,2025-05,Live,2.0,2026-04-10 04:00:00
1001067,Bus Stop,2025-06,Live,2.0,2026-04-10 04:00:00
1001067,Bus Stop,2025-11,Live,3.0,2026-04-10 04:00:00
1001067,Bus Stop,2025-12,Live,5.0,2026-04-10 04:00:00
1001067,Bus Stop,2026-01,Live,2.0,2026-04-10 04:00:00
1001067,Bus Stop,2026-02,Live,6.0,2026-04-10 04:00:00
1001067,Bus Stop,2026-03,Live,10.0,2026-04-10 04:00:00
1001067,Bus Stop,2026-04,Live,4.0,2026-04-10 04:00:00
1001068,Bus Stop,2024-12,Live,1.0,2024-12-21 05:00:00
1001069,Bus Stop,2024-12,Live,3.0,2025-06-10 04:00:00
1001069,Bus Stop,2025-01,Live,2.0,2025-06-10 04:00:00
1001069,Bus Stop,2025-03,Live,4.0,2025-06-10 04:00:00
1001069,Bus Stop,2025-04,Live,2.0,2025-06-10 04:00:00
1001069,Bus Stop,2025-05,Live,3.0,2025-06-10 04:00:00
1001069,Bus Stop,2025-06,Live,2.0,2025-06-10 04:00:00
1001069,Bus Stop,2025-07,Idle,1.0,2025-07-21 04:00:00
1001076,Bus Stop,2024-12,Live,18.0,2026-04-04 04:00:00
1001076,Bus Stop,2025-01,Live,12.0,2026-04-04 04:00:00
1001076,Bus Stop,2025-02,Live,13.0,2026-04-04 04:00:00
1001076,Bus Stop,2025-03,Live,14.0,2026-04-04 04:00:00
1001076,Bus Stop,2025-04,Live,29.0,2026-04-04 04:00:00
1001076,Bus Stop,2025-05,Live,26.0,2026-04-04 04:00:00
1001076,Bus Stop,2025-06,Live,15.0,2026-04-04 04:00:00
1001076,Bus Stop,2025-07,Idle,1.0,2025-07-21 04:00:00
1001076,Bus Stop,2025-11,Live,12.0,2026-04-04 04:00:00
1001076,Bus Stop,2025-12,Live,13.0,2026-04-04 04:00:00
1001076,Bus Stop,2026-01,Live,5.0,2026-04-04 04:00:00
1001076,Bus Stop,2026-02,Live,11.0,2026-04-04 04:00:00
1001076,Bus Stop,2026-03,Live,16.0,2026-04-04 04:00:00
1001076,Bus Stop,2026-04,Live,2.0,2026-04-04 04:00:00
1001077,Bus Stop,2024-12,Live,15.0,2025-06-22 04:00:00
1001077,Bus Stop,2025-01,Live,30.0,2025-06-22 04:00:00
1001077,Bus Stop,2025-02,Live,14.0,2025-06-22 04:00:00
1001077,Bus Stop,2025-03,Live,27.0,2025-06-22 04:00:00
1001077,Bus Stop,2025-04,Live,33.0,2025-06-22 04:00:00
1001077,Bus Stop,2025-05,Live,22.0,2025-06-22 04:00:00
1001077,Bus Stop,2025-06,Live,11.0,2025-06-22 04:00:00
1001077,Bus Stop,2025-07,Idle,1.0,2025-07-21 04:00:00
1001080,Bus Stop,2024-12,Live,2.0,2026-04-15 04:00:00
1001080,Bus Stop,2025-01,Live,1.0,2026-04-15 04:00:00
1001080,Bus Stop,2025-02,Live,4.0,2026-04-15 04:00:00
1001080,Bus Stop,2025-03,Live,1.0,2026-04-15 04:00:00
1001080,Bus Stop,2025-04,Live,1.0,2026-04-15 04:00:00
1001080,Bus Stop,2025-05,Live,3.0,2026-04-15 04:00:00
1001080,Bus Stop,2026-02,Live,1.0,2026-04-15 04:00:00
1001080,Bus Stop,2026-03,Live,1.0,2026-04-15 04:00:00
1001080,Bus Stop,2026-04,Live,11.0,2026-04-15 04:00:00
1001081,Bus Stop,2025-05,Live,1.0,2026-04-08 04:00:00
1001081,Bus Stop,2025-06,Live,1.0,2026-04-08 04:00:00
1001081,Bus Stop,2026-01,Live,1.0,2026-04-08 04:00:00
1001081,Bus Stop,2026-03,Live,1.0,2026-04-08 04:00:00
1001081,Bus Stop,2026-04,Live,1.0,2026-04-08 04:00:00
1001082,Bus Stop,2024-12,Live,8.0,2025-06-23 04:00:00
1001082,Bus Stop,2025-01,Live,5.0,2025-06-23 04:00:00
1001082,Bus Stop,2025-02,Live,10.0,2025-06-23 04:00:00
1001082,Bus Stop,2025-03,Live,16.0,2025-06-23 04:00:00
1001082,Bus Stop,2025-04,Live,18.0,2025-06-23 04:00:00
1001082,Bus Stop,2025-05,Live,28.0,2025-06-23 04:00:00
1001082,Bus Stop,2025-06,Live,4.0,2025-06-23 04:00:00
1001082,Bus Stop,2026-03,Idle,3.0,2026-04-10 04:00:00
1001082,Bus Stop,2026-04,Idle,4.0,2026-04-10 04:00:00
1001083,Bus Stop,2024-12,Live,15.0,2026-04-08 04:00:00
1001083,Bus Stop,2025-01,Live,7.0,2026-04-08 04:00:00
1001083,Bus Stop,2025-02,Live,17.0,2026-04-08 04:00:00
1001083,Bus Stop,2025-03,Live,23.0,2026-04-08 04:00:00
1001083,Bus Stop,2025-04,Live,28.0,2026-04-08 04:00:00
1001083,Bus Stop,2025-05,Live,28.0,2026-04-08 04:00:00
1001083,Bus Stop,2025-06,Live,17.0,2026-04-08 04:00:00
1001083,Bus Stop,2025-07,Idle,1.0,2025-07-21 04:00:00
1001083,Bus Stop,2026-03,Live,6.0,2026-04-08 04:00:00
1001083,Bus Stop,2026-04,Live,2.0,2026-04-08 04:00:00
1001086,Bus Stop,2024-12,Live,145.0,2026-04-15 04:00:00
1001086,Bus Stop,2025-01,Live,113.0,2026-04-15 04:00:00
1001086,Bus Stop,2025-02,Live,155.0,2026-04-15 04:00:00
1001086,Bus Stop,2025-03,Live,214.0,2026-04-15 04:00:00
1001086,Bus Stop,2025-04,Live,238.0,2026-04-15 04:00:00
1001086,Bus Stop,2025-05,Live,318.0,2026-04-15 04:00:00
1001086,Bus Stop,2025-06,Live,210.0,2026-04-15 04:00:00
1001086,Bus Stop,2025-07,Idle,15.0,2025-07-22 04:00:00
1001086,Bus Stop,2025-12,Live,40.0,2026-04-15 04:00:00
1001086,Bus Stop,2026-01,Live,94.0,2026-04-15 04:00:00
1001086,Bus Stop,2026-02,Live,135.0,2026-04-15 04:00:00
1001086,Bus Stop,2026-03,Live,133.0,2026-04-15 04:00:00
1001086,Bus Stop,2026-04,Live,53.0,2026-04-15 04:00:00
1001088,Bus Stop,2024-12,Live,112.0,2026-04-15 04:00:00
1001088,Bus Stop,2025-01,Live,136.0,2026-04-15 04:00:00
1001088,Bus Stop,2025-02,Live,112.0,2026-04-15 04:00:00
1001088,Bus Stop,2025-03,Live,144.0,2026-04-15 04:00:00
1001088,Bus Stop,2025-04,Live,155.0,2026-04-15 04:00:00
1001088,Bus Stop,2025-05,Live,156.0,2026-04-15 04:00:00
1001088,Bus Stop,2025-06,Live,125.0,2026-04-15 04:00:00
1001088,Bus Stop,2025-07,Idle,2.0,2025-07-21 04:00:00
1001088,Bus Stop,2025-12,Live,116.0,2026-04-15 04:00:00
1001088,Bus Stop,2026-01,Live,133.0,2026-04-15 04:00:00
1001088,Bus Stop,2026-02,Live,132.0,2026-04-15 04:00:00
1001088,Bus Stop,2026-03,Live,146.0,2026-04-15 04:00:00
1001088,Bus Stop,2026-04,Live,84.0,2026-04-15 04:00:00
1001091,Bus Stop,2024-12,Live,7.0,2026-04-15 04:00:00
1001091,Bus Stop,2025-01,Live,4.0,2026-04-15 04:00:00
1001091,Bus Stop,2025-02,Live,2.0,2026-04-15 04:00:00
1001091,Bus Stop,2025-03,Live,8.0,2026-04-15 04:00:00
1001091,Bus Stop,2025-04,Live,7.0,2026-04-15 04:00:00
1001091,Bus Stop,2025-05,Live,7.0,2026-04-15 04:00:00
1001091,Bus Stop,2025-06,Live,7.0,2026-04-15 04:00:00
1001091,Bus Stop,2026-04,Live,4.0,2026-04-15 04:00:00
1001093,Bus Stop,2024-12,Live,40.0,2026-04-14 04:00:00
1001093,Bus Stop,2025-01,Live,32.0,2026-04-14 04:00:00
1001093,Bus Stop,2025-02,Live,31.0,2026-04-14 04:00:00
1001093,Bus Stop,2025-03,Live,48.0,2026-04-14 04:00:00
1001093,Bus Stop,2025-04,Live,54.0,2026-04-14 04:00:00
1001093,Bus Stop,2025-05,Live,66.0,2026-04-14 04:00:00
1001093,Bus Stop,2025-06,Live,36.0,2026-04-14 04:00:00
1001093,Bus Stop,2025-07,Idle,1.0,2025-07-21 04:00:00
1001093,Bus Stop,2025-11,Live,41.0,2026-04-14 04:00:00
1001093,Bus Stop,2025-12,Live,28.0,2026-04-14 04:00:00
1001093,Bus Stop,2026-01,Live,17.0,2026-04-14 04:00:00
1001093,Bus Stop,2026-02,Live,27.0,2026-04-14 04:00:00
1001093,Bus Stop,2026-03,Live,28.0,2026-04-14 04:00:00
1001093,Bus Stop,2026-04,Live,17.0,2026-04-14 04:00:00
1001095,Bus Stop,2024-12,Live,11.0,2025-06-23 04:00:00
1001095,Bus Stop,2025-01,Live,6.0,2025-06-23 04:00:00
1001095,Bus Stop,2025-02,Live,7.0,2025-06-23 04:00:00
1001095,Bus Stop,2025-03,Live,16.0,2025-06-23 04:00:00
1001095,Bus Stop,2025-04,Live,7.0,2025-06-23 04:00:00
1001095,Bus Stop,2025-05,Live,10.0,2025-06-23 04:00:00
1001095,Bus Stop,2025-06,Live,9.0,2025-06-23 04:00:00
1001095,Bus Stop,2025-07,Idle,1.0,2025-07-21 04:00:00
1001098,Bus Stop,2024-12,Live,61.0,2025-06-25 04:00:00
1001098,Bus Stop,2025-01,Live,74.0,2025-06-25 04:00:00
1001098,Bus Stop,2025-02,Live,77.0,2025-06-25 04:00:00
1001098,Bus Stop,2025-03,Live,95.0,2025-06-25 04:00:00
1001098,Bus Stop,2025-04,Live,71.0,2025-06-25 04:00:00
1001098,Bus Stop,2025-05,Live,85.0,2025-06-25 04:00:00
1001098,Bus Stop,2025-06,Live,65.0,2025-06-25 04:00:00
1001098,Bus Stop,2025-07,Idle,6.0,2025-07-21 04:00:00
1001099,Bus Stop,2024-12,Live,25.0,2025-06-25 04:00:00
1001099,Bus Stop,2025-01,Live,19.0,2025-06-25 04:00:00
1001099,Bus Stop,2025-02,Live,18.0,2025-06-25 04:00:00
1001099,Bus Stop,2025-03,Live,25.0,2025-06-25 04:00:00
1001099,Bus Stop,2025-04,Live,28.0,2025-06-25 04:00:00
1001099,Bus Stop,2025-05,Live,23.0,2025-06-25 04:00:00
1001099,Bus Stop,2025-06,Live,14.0,2025-06-25 04:00:00
1001105,Bus Stop,2024-12,Live,22.0,2026-04-15 04:00:00
1001105,Bus Stop,2025-01,Live,11.0,2026-04-15 04:00:00
1001105,Bus Stop,2025-02,Live,6.0,2026-04-15 04:00:00
1001105,Bus Stop,2025-03,Live,20.0,2026-04-15 04:00:00
1001105,Bus Stop,2025-04,Live,25.0,2026-04-15 04:00:00
1001105,Bus Stop,2025-05,Live,22.0,2026-04-15 04:00:00
1001105,Bus Stop,2025-06,Live,18.0,2026-04-15 04:00:00
1001105,Bus Stop,2025-07,Idle,1.0,2025-07-21 04:00:00
1001105,Bus Stop,2025-12,Live,12.0,2026-04-15 04:00:00
1001105,Bus Stop,2026-01,Live,14.0,2026-04-15 04:00:00
1001105,Bus Stop,2026-02,Live,20.0,2026-04-15 04:00:00
1001105,Bus Stop,2026-03,Live,23.0,2026-04-15 04:00:00
1001105,Bus Stop,2026-04,Live,8.0,2026-04-15 04:00:00
1001107,Bus Stop,2025-01,Live,1.0,2025-06-25 04:00:00
1001107,Bus Stop,2025-02,Live,1.0,2025-06-25 04:00:00
1001107,Bus Stop,2025-04,Live,1.0,2025-06-25 04:00:00
1001107,Bus Stop,2025-05,Live,7.0,2025-06-25 04:00:00
1001107,Bus Stop,2025-06,Live,12.0,2025-06-25 04:00:00
1001108,Bus Stop,2024-12,Live,8.0,2026-04-15 04:00:00
1001108,Bus Stop,2025-01,Live,6.0,2026-04-15 04:00:00
1001108,Bus Stop,2025-02,Live,7.0,2026-04-15 04:00:00
1001108,Bus Stop,2025-03,Live,6.0,2026-04-15 04:00:00
1001108,Bus Stop,2025-04,Live,8.0,2026-04-15 04:00:00
1001108,Bus Stop,2025-05,Live,10.0,2026-04-15 04:00:00
1001108,Bus Stop,2025-06,Live,4.0,2026-04-15 04:00:00
1001108,Bus Stop,2025-07,Idle,5.0,2025-07-21 04:00:00
1001108,Bus Stop,2026-03,Live,13.0,2026-04-15 04:00:00
1001108,Bus Stop,2026-04,Live,16.0,2026-04-15 04:00:00
1001111,Bus Stop,2024-12,Live,2.0,2026-03-30 04:00:00
1001111,Bus Stop,2025-02,Live,4.0,2026-03-30 04:00:00
1001111,Bus Stop,2025-03,Live,2.0,2026-03-30 04:00:00
1001111,Bus Stop,2025-04,Live,3.0,2026-03-30 04:00:00
1001111,Bus Stop,2025-05,Live,3.0,2026-03-30 04:00:00
1001111,Bus Stop,2025-06,Live,4.0,2026-03-30 04:00:00
1001111,Bus Stop,2026-02,Live,1.0,2026-03-30 04:00:00
1001111,Bus Stop,2026-03,Live,1.0,2026-03-30 04:00:00
1001112,Bus Stop,2024-12,Live,12.0,2025-06-24 04:00:00
1001112,Bus Stop,2025-01,Live,3.0,2025-06-24 04:00:00
1001112,Bus Stop,2025-02,Live,2.0,2025-06-24 04:00:00
1001112,Bus Stop,2025-03,Live,4.0,2025-06-24 04:00:00
1001112,Bus Stop,2025-04,Live,13.0,2025-06-24 04:00:00
1001112,Bus Stop,2025-05,Live,13.0,2025-06-24 04:00:00
1001112,Bus Stop,2025-06,Live,5.0,2025-06-24 04:00:00
1001112,Bus Stop,2026-02,Idle,15.0,2026-04-15 04:00:00
1001112,Bus Stop,2026-03,Idle,16.0,2026-04-15 04:00:00
1001112,Bus Stop,2026-04,Idle,30.0,2026-04-15 04:00:00
1001114,Bus Stop,2024-12,Live,6.0,2025-06-25 04:00:00
1001114,Bus Stop,2025-01,Live,2.0,2025-06-25 04:00:00
1001114,Bus Stop,2025-02,Live,2.0,2025-06-25 04:00:00
1001114,Bus Stop,2025-03,Live,8.0,2025-06-25 04:00:00
1001114,Bus Stop,2025-04,Live,6.0,2025-06-25 04:00:00
1001114,Bus Stop,2025-05,Live,15.0,2025-06-25 04:00:00
1001114,Bus Stop,2025-06,Live,13.0,2025-06-25 04:00:00
1001116,Bus Stop,2024-12,Live,8.0,2026-04-11 04:00:00
1001116,Bus Stop,2025-01,Live,5.0,2026-04-11 04:00:00
1001116,Bus Stop,2025-02,Live,34.0,2026-04-11 04:00:00
1001116,Bus Stop,2025-03,Live,45.0,2026-04-11 04:00:00
1001116,Bus Stop,2025-04,Live,34.0,2026-04-11 04:00:00
1001116,Bus Stop,2025-05,Live,30.0,2026-04-11 04:00:00
1001116,Bus Stop,2025-06,Live,24.0,2026-04-11 04:00:00
1001116,Bus Stop,2025-07,Idle,1.0,2025-07-22 04:00:00
1001116,Bus Stop,2025-12,Live,9.0,2026-04-11 04:00:00
1001116,Bus Stop,2026-01,Live,8.0,2026-04-11 04:00:00
1001116,Bus Stop,2026-02,Live,15.0,2026-04-11 04:00:00
1001116,Bus Stop,2026-03,Live,16.0,2026-04-11 04:00:00
1001116,Bus Stop,2026-04,Live,12.0,2026-04-11 04:00:00
1001118,Bus Stop,2024-12,Live,1.0,2025-06-25 04:00:00
1001118,Bus Stop,2025-02,Live,3.0,2025-06-25 04:00:00
1001118,Bus Stop,2025-04,Live,1.0,2025-06-25 04:00:00
1001118,Bus Stop,2025-06,Live,4.0,2025-06-25 04:00:00
1001119,Bus Stop,2024-12,Live,2.0,2026-04-15 04:00:00
1001119,Bus Stop,2025-01,Live,2.0,2026-04-15 04:00:00
1001119,Bus Stop,2025-02,Live,1.0,2026-04-15 04:00:00
1001119,Bus Stop,2025-03,Live,3.0,2026-04-15 04:00:00
1001119,Bus Stop,2025-04,Live,2.0,2026-04-15 04:00:00
1001119,Bus Stop,2025-05,Live,1.0,2026-04-15 04:00:00
1001119,Bus Stop,2025-06,Live,1.0,2026-04-15 04:00:00
1001119,Bus Stop,2025-07,Idle,2.0,2025-07-21 04:00:00
1001119,Bus Stop,2025-12,Live,33.0,2026-04-15 04:00:00
1001119,Bus Stop,2026-01,Live,40.0,2026-04-15 04:00:00
1001119,Bus Stop,2026-02,Live,32.0,2026-04-15 04:00:00
1001119,Bus Stop,2026-03,Live,33.0,2026-04-15 04:00:00
1001119,Bus Stop,2026-04,Live,16.0,2026-04-15 04:00:00
1001121,Bus Stop,2024-12,Live,97.0,2026-04-15 04:00:00
1001121,Bus Stop,2025-01,Live,56.0,2026-04-15 04:00:00
1001121,Bus Stop,2025-02,Live,79.0,2026-04-15 04:00:00
1001121,Bus Stop,2025-03,Live,168.0,2026-04-15 04:00:00
1001121,Bus Stop,2025-04,Live,174.0,2026-04-15 04:00:00
1001121,Bus Stop,2025-05,Live,252.0,2026-04-15 04:00:00
1001121,Bus Stop,2025-06,Live,209.0,2026-04-15 04:00:00
1001121,Bus Stop,2025-07,Idle,23.0,2025-07-22 04:00:00
1001121,Bus Stop,2025-12,Live,226.0,2026-04-15 04:00:00
1001121,Bus Stop,2026-01,Live,257.0,2026-04-15 04:00:00
1001121,Bus Stop,2026-02,Live,323.0,2026-04-15 04:00:00
1001121,Bus Stop,2026-03,Live,442.0,2026-04-15 04:00:00
1001121,Bus Stop,2026-04,Live,228.0,2026-04-15 04:00:00
1001126,Bus Stop,2024-12,Live,11.0,2025-06-25 04:00:00
1001126,Bus Stop,2025-01,Live,9.0,2025-06-25 04:00:00
1001126,Bus Stop,2025-02,Live,5.0,2025-06-25 04:00:00
1001126,Bus Stop,2025-03,Live,14.0,2025-06-25 04:00:00
1001126,Bus Stop,2025-04,Live,19.0,2025-06-25 04:00:00
1001126,Bus Stop,2025-05,Live,45.0,2025-06-25 04:00:00
1001126,Bus Stop,2025-06,Live,52.0,2025-06-25 04:00:00
1001126,Bus Stop,2025-07,Idle,13.0,2025-12-03 05:00:00
1001126,Bus Stop,2025-12,Idle,1.0,2025-12-03 05:00:00
1001127,Bus Stop,2024-12,Live,1.0,2026-04-15 04:00:00
1001127,Bus Stop,2025-01,Live,1.0,2026-04-15 04:00:00
1001127,Bus Stop,2025-03,Live,1.0,2026-04-15 04:00:00
1001127,Bus Stop,2025-04,Live,1.0,2026-04-15 04:00:00
1001127,Bus Stop,2025-05,Live,2.0,2026-04-15 04:00:00
1001127,Bus Stop,2025-06,Live,11.0,2026-04-15 04:00:00
1001127,Bus Stop,2025-07,Idle,1.0,2025-07-21 04:00:00
1001127,Bus Stop,2025-12,Live,1.0,2026-04-15 04:00:00
1001127,Bus Stop,2026-01,Live,4.0,2026-04-15 04:00:00
1001127,Bus Stop,2026-02,Live,20.0,2026-04-15 04:00:00
1001127,Bus Stop,2026-03,Live,7.0,2026-04-15 04:00:00
1001127,Bus Stop,2026-04,Live,12.0,2026-04-15 04:00:00
1001132,Bus Stop,2024-12,Live,43.0,2026-04-13 04:00:00
1001132,Bus Stop,2025-01,Live,31.0,2026-04-13 04:00:00
1001132,Bus Stop,2025-02,Live,29.0,2026-04-13 04:00:00
1001132,Bus Stop,2025-03,Live,37.0,2026-04-13 04:00:00
1001132,Bus Stop,2025-04,Live,33.0,2026-04-13 04:00:00
1001132,Bus Stop,2025-05,Live,45.0,2026-04-13 04:00:00
1001132,Bus Stop,2025-06,Live,32.0,2026-04-13 04:00:00
1001132,Bus Stop,2025-07,Idle,3.0,2025-07-22 04:00:00
1001132,Bus Stop,2025-11,Live,8.0,2026-04-13 04:00:00
1001132,Bus Stop,2025-12,Live,53.0,2026-04-13 04:00:00
1001132,Bus Stop,2026-01,Live,42.0,2026-04-13 04:00:00
1001132,Bus Stop,2026-02,Live,43.0,2026-04-13 04:00:00
1001132,Bus Stop,2026-03,Live,43.0,2026-04-13 04:00:00
1001132,Bus Stop,2026-04,Live,12.0,2026-04-13 04:00:00
1001135,Bus Stop,2024-12,Live,6.0,2026-04-15 04:00:00
1001135,Bus Stop,2025-01,Live,11.0,2026-04-15 04:00:00
1001135,Bus Stop,2025-02,Live,5.0,2026-04-15 04:00:00
1001135,Bus Stop,2025-03,Live,23.0,2026-04-15 04:00:00
1001135,Bus Stop,2025-04,Live,16.0,2026-04-15 04:00:00
1001135,Bus Stop,2025-05,Live,17.0,2026-04-15 04:00:00
1001135,Bus Stop,2025-06,Live,10.0,2026-04-15 04:00:00
1001135,Bus Stop,2025-07,Idle,1.0,2025-07-21 04:00:00
1001135,Bus Stop,2025-12,Live,10.0,2026-04-15 04:00:00
1001135,Bus Stop,2026-01,Live,7.0,2026-04-15 04:00:00
1001135,Bus Stop,2026-02,Live,9.0,2026-04-15 04:00:00
1001135,Bus Stop,2026-03,Live,16.0,2026-04-15 04:00:00
1001135,Bus Stop,2026-04,Live,11.0,2026-04-15 04:00:00
1001136,Bus Stop,2025-01,Live,1.0,2026-03-06 05:00:00
1001136,Bus Stop,2025-02,Live,1.0,2026-03-06 05:00:00
1001136,Bus Stop,2025-04,Live,3.0,2026-03-06 05:00:00
1001136,Bus Stop,2025-05,Live,2.0,2026-03-06 05:00:00
1001136,Bus Stop,2025-06,Live,2.0,2026-03-06 05:00:00
1001136,Bus Stop,2025-12,Live,1.0,2026-03-06 05:00:00
1001136,Bus Stop,2026-01,Live,1.0,2026-03-06 05:00:00
1001136,Bus Stop,2026-02,Live,2.0,2026-03-06 05:00:00
1001136,Bus Stop,2026-03,Live,1.0,2026-03-06 05:00:00
1001138,Bus Stop,2025-06,Live,1.0,2025-06-09 04:00:00
1001140,Bus Stop,2024-12,Idle,186.0,2026-04-15 04:00:00
1001140,Bus Stop,2025-01,Idle,146.0,2026-04-15 04:00:00
1001140,Bus Stop,2025-02,Idle,168.0,2026-04-15 04:00:00
1001140,Bus Stop,2025-03,Idle,294.0,2026-04-15 04:00:00
1001140,Bus Stop,2025-04,Idle,556.0,2026-04-15 04:00:00
1001140,Bus Stop,2025-05,Idle,446.0,2026-04-15 04:00:00
1001140,Bus Stop,2025-06,Idle,312.0,2026-04-15 04:00:00
1001140,Bus Stop,2025-07,Idle,8.0,2026-04-15 04:00:00
1001140,Bus Stop,2025-12,Idle,67.0,2026-04-15 04:00:00
1001140,Bus Stop,2026-01,Idle,71.0,2026-04-15 04:00:00
1001140,Bus Stop,2026-02,Idle,80.0,2026-04-15 04:00:00
1001140,Bus Stop,2026-03,Idle,109.0,2026-04-15 04:00:00
1001140,Bus Stop,2026-04,Idle,53.0,2026-04-15 04:00:00
1001141,Bus Stop,2025-01,Live,3.0,2026-03-28 04:00:00
1001141,Bus Stop,2025-02,Live,2.0,2026-03-28 04:00:00
1001141,Bus Stop,2025-03,Live,3.0,2026-03-28 04:00:00
1001141,Bus Stop,2025-04,Live,5.0,2026-03-28 04:00:00
1001141,Bus Stop,2025-05,Live,1.0,2026-03-28 04:00:00
1001141,Bus Stop,2025-06,Live,5.0,2026-03-28 04:00:00
1001141,Bus Stop,2025-10,Live,1.0,2026-03-28 04:00:00
1001141,Bus Stop,2025-11,Live,1.0,2026-03-28 04:00:00
1001141,Bus Stop,2025-12,Live,4.0,2026-03-28 04:00:00
1001141,Bus Stop,2026-02,Live,4.0,2026-03-28 04:00:00
1001141,Bus Stop,2026-03,Live,4.0,2026-03-28 04:00:00
1001143,Bus Stop,2025-01,Idle,4.0,2025-07-21 04:00:00
1001143,Bus Stop,2025-02,Idle,2.0,2025-07-21 04:00:00
1001143,Bus Stop,2025-04,Idle,2.0,2025-07-21 04:00:00
1001143,Bus Stop,2025-06,Idle,2.0,2025-07-21 04:00:00
1001143,Bus Stop,2025-07,Idle,1.0,2025-07-21 04:00:00
1001144,Bus Stop,2024-12,Live,170.0,2026-04-15 04:00:00
1001144,Bus Stop,2025-01,Live,181.0,2026-04-15 04:00:00
1001144,Bus Stop,2025-02,Live,194.0,2026-04-15 04:00:00
1001144,Bus Stop,2025-03,Live,255.0,2026-04-15 04:00:00
1001144,Bus Stop,2025-04,Live,278.0,2026-04-15 04:00:00
1001144,Bus Stop,2025-05,Live,233.0,2026-04-15 04:00:00
1001144,Bus Stop,2025-06,Live,206.0,2026-04-15 04:00:00
1001144,Bus Stop,2025-07,Idle,9.0,2025-07-21 04:00:00
1001144,Bus Stop,2025-12,Live,169.0,2026-04-15 04:00:00
1001144,Bus Stop,2026-01,Live,235.0,2026-04-15 04:00:00
1001144,Bus Stop,2026-02,Live,245.0,2026-04-15 04:00:00
1001144,Bus Stop,2026-03,Live,297.0,2026-04-15 04:00:00
1001144,Bus Stop,2026-04,Live,158.0,2026-04-15 04:00:00
1001147,Bus Stop,2024-12,Live,9.0,2025-06-23 04:00:00
1001147,Bus Stop,2025-01,Live,12.0,2025-06-23 04:00:00
1001147,Bus Stop,2025-02,Live,14.0,2025-06-23 04:00:00
1001147,Bus Stop,2025-03,Live,12.0,2025-06-23 04:00:00
1001147,Bus Stop,2025-04,Live,21.0,2025-06-23 04:00:00
1001147,Bus Stop,2025-05,Live,26.0,2025-06-23 04:00:00
1001147,Bus Stop,2025-06,Live,13.0,2025-06-23 04:00:00
1001147,Bus Stop,2025-07,Idle,1.0,2025-07-21 04:00:00
1001148,Bus Stop,2025-01,Live,1.0,2026-04-15 04:00:00
1001148,Bus Stop,2025-02,Live,4.0,2026-04-15 04:00:00
1001148,Bus Stop,2025-04,Live,2.0,2026-04-15 04:00:00
1001148,Bus Stop,2025-05,Live,2.0,2026-04-15 04:00:00
1001148,Bus Stop,2025-10,Live,24.0,2026-04-15 04:00:00
1001148,Bus Stop,2025-11,Live,2.0,2026-04-15 04:00:00
1001148,Bus Stop,2025-12,Live,9.0,2026-04-15 04:00:00
1001148,Bus Stop,2026-01,Live,22.0,2026-04-15 04:00:00
1001148,Bus Stop,2026-02,Live,3.0,2026-04-15 04:00:00
1001148,Bus Stop,2026-03,Live,8.0,2026-04-15 04:00:00
1001148,Bus Stop,2026-04,Live,9.0,2026-04-15 04:00:00
1001150,Bus Stop,2024-12,Idle,10.0,2026-04-14 04:00:00
1001150,Bus Stop,2025-01,Idle,10.0,2026-04-14 04:00:00
1001150,Bus Stop,2025-02,Idle,26.0,2026-04-14 04:00:00
1001150,Bus Stop,2025-03,Idle,22.0,2026-04-14 04:00:00
1001150,Bus Stop,2025-04,Idle,24.0,2026-04-14 04:00:00
1001150,Bus Stop,2025-05,Idle,12.0,2026-04-14 04:00:00
1001150,Bus Stop,2025-06,Idle,16.0,2026-04-14 04:00:00
1001150,Bus Stop,2025-12,Idle,4.0,2026-04-14 04:00:00
1001150,Bus Stop,2026-01,Idle,4.0,2026-04-14 04:00:00
1001150,Bus Stop,2026-02,Idle,11.0,2026-04-14 04:00:00
1001150,Bus Stop,2026-03,Idle,9.0,2026-04-14 04:00:00
1001150,Bus Stop,2026-04,Idle,8.0,2026-04-14 04:00:00
1001151,Bus Stop,2024-12,Live,200.0,2025-06-25 04:00:00
1001151,Bus Stop,2025-01,Live,202.0,2025-06-25 04:00:00
1001151,Bus Stop,2025-02,Live,201.0,2025-06-25 04:00:00
1001151,Bus Stop,2025-03,Live,281.0,2025-06-25 04:00:00
1001151,Bus Stop,2025-04,Live,298.0,2025-06-25 04:00:00
1001151,Bus Stop,2025-05,Live,316.0,2025-06-25 04:00:00
1001151,Bus Stop,2025-06,Live,223.0,2025-06-25 04:00:00
1001151,Bus Stop,2025-07,Idle,13.0,2026-04-12 04:00:00
1001151,Bus Stop,2025-12,Idle,111.0,2026-04-12 04:00:00
1001151,Bus Stop,2026-01,Idle,84.0,2026-04-12 04:00:00
1001151,Bus Stop,2026-02,Idle,96.0,2026-04-12 04:00:00
1001151,Bus Stop,2026-03,Idle,21.0,2026-04-12 04:00:00
1001151,Bus Stop,2026-04,Idle,7.0,2026-04-12 04:00:00
1001152,Bus Stop,2024-12,Live,7.0,2026-04-15 04:00:00
1001152,Bus Stop,2025-01,Live,6.0,2026-04-15 04:00:00
1001152,Bus Stop,2025-02,Live,7.0,2026-04-15 04:00:00
1001152,Bus Stop,2025-03,Live,15.0,2026-04-15 04:00:00
1001152,Bus Stop,2025-04,Live,18.0,2026-04-15 04:00:00
1001152,Bus Stop,2025-05,Live,28.0,2026-04-15 04:00:00
1001152,Bus Stop,2025-06,Live,10.0,2026-04-15 04:00:00
1001152,Bus Stop,2025-12,Live,8.0,2026-04-15 04:00:00
1001152,Bus Stop,2026-01,Live,15.0,2026-04-15 04:00:00
1001152,Bus Stop,2026-02,Live,12.0,2026-04-15 04:00:00
1001152,Bus Stop,2026-03,Live,14.0,2026-04-15 04:00:00
1001152,Bus Stop,2026-04,Live,12.0,2026-04-15 04:00:00
1001155,Bus Stop,2024-12,Live,28.0,2026-04-14 04:00:00
1001155,Bus Stop,2025-01,Live,19.0,2026-04-14 04:00:00
1001155,Bus Stop,2025-02,Live,14.0,2026-04-14 04:00:00
1001155,Bus Stop,2025-03,Live,42.0,2026-04-14 04:00:00
1001155,Bus Stop,2025-04,Live,78.0,2026-04-14 04:00:00
1001155,Bus Stop,2025-05,Live,49.0,2026-04-14 04:00:00
1001155,Bus Stop,2025-06,Live,37.0,2026-04-14 04:00:00
1001155,Bus Stop,2025-07,Idle,4.0,2025-07-22 04:00:00
1001155,Bus Stop,2025-12,Live,17.0,2026-04-14 04:00:00
1001155,Bus Stop,2026-01,Live,15.0,2026-04-14 04:00:00
1001155,Bus Stop,2026-02,Live,18.0,2026-04-14 04:00:00
1001155,Bus Stop,2026-03,Live,32.0,2026-04-14 04:00:00
1001155,Bus Stop,2026-04,Live,20.0,2026-04-14 04:00:00
1001156,Bus Stop,2024-12,Live,2.0,2026-04-13 04:00:00
1001156,Bus Stop,2025-01,Live,4.0,2026-04-13 04:00:00
1001156,Bus Stop,2025-02,Live,1.0,2026-04-13 04:00:00
1001156,Bus Stop,2025-03,Live,4.0,2026-04-13 04:00:00
1001156,Bus Stop,2025-04,Live,8.0,2026-04-13 04:00:00
1001156,Bus Stop,2025-05,Live,9.0,2026-04-13 04:00:00
1001156,Bus Stop,2025-06,Live,7.0,2026-04-13 04:00:00
1001156,Bus Stop,2025-12,Live,23.0,2026-04-13 04:00:00
1001156,Bus Stop,2026-01,Live,41.0,2026-04-13 04:00:00
1001156,Bus Stop,2026-02,Live,58.0,2026-04-13 04:00:00
1001156,Bus Stop,2026-03,Live,57.0,2026-04-13 04:00:00
1001156,Bus Stop,2026-04,Live,30.0,2026-04-13 04:00:00
1001164,Bus Stop,2025-01,Live,1.0,2026-04-15 04:00:00
1001164,Bus Stop,2025-02,Live,1.0,2026-04-15 04:00:00
1001164,Bus Stop,2025-03,Live,3.0,2026-04-15 04:00:00
1001164,Bus Stop,2025-04,Live,8.0,2026-04-15 04:00:00
1001164,Bus Stop,2025-05,Live,5.0,2026-04-15 04:00:00
1001164,Bus Stop,2025-06,Live,20.0,2026-04-15 04:00:00
1001164,Bus Stop,2025-12,Live,20.0,2026-04-15 04:00:00
1001164,Bus Stop,2026-01,Live,31.0,2026-04-15 04:00:00
1001164,Bus Stop,2026-02,Live,33.0,2026-04-15 04:00:00
1001164,Bus Stop,2026-03,Live,25.0,2026-04-15 04:00:00
1001164,Bus Stop,2026-04,Live,17.0,2026-04-15 04:00:00
1001168,Bus Stop,2024-12,Live,92.0,2026-04-15 04:00:00
1001168,Bus Stop,2025-01,Live,70.0,2026-04-15 04:00:00
1001168,Bus Stop,2025-02,Live,97.0,2026-04-15 04:00:00
1001168,Bus Stop,2025-03,Live,160.0,2026-04-15 04:00:00
1001168,Bus Stop,2025-04,Live,165.0,2026-04-15 04:00:00
1001168,Bus Stop,2025-05,Live,185.0,2026-04-15 04:00:00
1001168,Bus Stop,2025-06,Live,136.0,2026-04-15 04:00:00
1001168,Bus Stop,2025-07,Idle,1.0,2025-07-21 04:00:00
1001168,Bus Stop,2026-03,Live,68.0,2026-04-15 04:00:00
1001168,Bus Stop,2026-04,Live,34.0,2026-04-15 04:00:00
1001169,Bus Stop,2024-12,Live,27.0,2026-04-15 04:00:00
1001169,Bus Stop,2025-01,Live,15.0,2026-04-15 04:00:00
1001169,Bus Stop,2025-02,Live,21.0,2026-04-15 04:00:00
1001169,Bus Stop,2025-03,Live,34.0,2026-04-15 04:00:00
1001169,Bus Stop,2025-04,Live,37.0,2026-04-15 04:00:00
1001169,Bus Stop,2025-05,Live,43.0,2026-04-15 04:00:00
1001169,Bus Stop,2025-06,Live,34.0,2026-04-15 04:00:00
1001169,Bus Stop,2025-11,Live,34.0,2026-04-15 04:00:00
1001169,Bus Stop,2025-12,Live,47.0,2026-04-15 04:00:00
1001169,Bus Stop,2026-01,Live,35.0,2026-04-15 04:00:00
1001169,Bus Stop,2026-02,Live,20.0,2026-04-15 04:00:00
1001169,Bus Stop,2026-03,Live,39.0,2026-04-15 04:00:00
1001169,Bus Stop,2026-04,Live,10.0,2026-04-15 04:00:00
1001176,Bus Stop,2025-02,Live,1.0,2025-04-20 04:00:00
1001176,Bus Stop,2025-03,Live,1.0,2025-04-20 04:00:00
1001176,Bus Stop,2025-04,Live,2.0,2025-04-20 04:00:00
1001177,Bus Stop,2024-12,Live,97.0,2026-04-15 04:00:00
1001177,Bus Stop,2025-01,Live,59.0,2026-04-15 04:00:00
1001177,Bus Stop,2025-02,Live,94.0,2026-04-15 04:00:00
1001177,Bus Stop,2025-03,Live,104.0,2026-04-15 04:00:00
1001177,Bus Stop,2025-04,Live,148.0,2026-04-15 04:00:00
1001177,Bus Stop,2025-05,Live,129.0,2026-04-15 04:00:00
1001177,Bus Stop,2025-06,Live,110.0,2026-04-15 04:00:00
1001177,Bus Stop,2025-07,Idle,8.0,2025-07-22 04:00:00
1001177,Bus Stop,2025-11,Live,22.0,2026-04-15 04:00:00
1001177,Bus Stop,2025-12,Live,150.0,2026-04-15 04:00:00
1001177,Bus Stop,2026-01,Live,118.0,2026-04-15 04:00:00
1001177,Bus Stop,2026-02,Live,153.0,2026-04-15 04:00:00
1001177,Bus Stop,2026-03,Live,158.0,2026-04-15 04:00:00
1001177,Bus Stop,2026-04,Live,91.0,2026-04-15 04:00:00
1001178,Bus Stop,2024-12,Live,7.0,2026-04-15 04:00:00
1001178,Bus Stop,2025-01,Live,12.0,2026-04-15 04:00:00
1001178,Bus Stop,2025-02,Live,22.0,2026-04-15 04:00:00
1001178,Bus Stop,2025-03,Live,19.0,2026-04-15 04:00:00
1001178,Bus Stop,2025-04,Live,21.0,2026-04-15 04:00:00
1001178,Bus Stop,2025-05,Live,33.0,2026-04-15 04:00:00
1001178,Bus Stop,2025-06,Live,21.0,2026-04-15 04:00:00
1001178,Bus Stop,2025-07,Idle,1.0,2025-07-21 04:00:00
1001178,Bus Stop,2025-11,Live,16.0,2026-04-15 04:00:00
1001178,Bus Stop,2025-12,Live,14.0,2026-04-15 04:00:00
1001178,Bus Stop,2026-01,Live,8.0,2026-04-15 04:00:00
1001178,Bus Stop,2026-02,Live,9.0,2026-04-15 04:00:00
1001178,Bus Stop,2026-03,Live,16.0,2026-04-15 04:00:00
1001178,Bus Stop,2026-04,Live,16.0,2026-04-15 04:00:00
1001179,Bus Stop,2024-12,Live,3.0,2025-06-16 04:00:00
1001179,Bus Stop,2025-01,Live,4.0,2025-06-16 04:00:00
1001179,Bus Stop,2025-02,Live,4.0,2025-06-16 04:00:00
1001179,Bus Stop,2025-03,Live,4.0,2025-06-16 04:00:00
1001179,Bus Stop,2025-04,Live,5.0,2025-06-16 04:00:00
1001179,Bus Stop,2025-05,Live,6.0,2025-06-16 04:00:00
1001179,Bus Stop,2025-06,Live,4.0,2025-06-16 04:00:00
1001181,Bus Stop,2024-12,Live,1.0,2026-03-28 04:00:00
1001181,Bus Stop,2025-01,Live,1.0,2026-03-28 04:00:00
1001181,Bus Stop,2025-06,Live,3.0,2026-03-28 04:00:00
1001181,Bus Stop,2025-10,Live,4.0,2026-03-28 04:00:00
1001181,Bus Stop,2025-12,Live,1.0,2026-03-28 04:00:00
1001181,Bus Stop,2026-02,Live,1.0,2026-03-28 04:00:00
1001181,Bus Stop,2026-03,Live,2.0,2026-03-28 04:00:00
1001182,Bus Stop,2024-12,Live,6.0,2025-06-19 04:00:00
1001182,Bus Stop,2025-01,Live,12.0,2025-06-19 04:00:00
1001182,Bus Stop,2025-02,Live,10.0,2025-06-19 04:00:00
1001182,Bus Stop,2025-03,Live,4.0,2025-06-19 04:00:00
1001182,Bus Stop,2025-04,Live,4.0,2025-06-19 04:00:00
1001182,Bus Stop,2025-05,Live,9.0,2025-06-19 04:00:00
1001182,Bus Stop,2025-06,Live,7.0,2025-06-19 04:00:00
1001183,Bus Stop,2024-12,Live,1.0,2026-04-12 04:00:00
1001183,Bus Stop,2025-05,Live,2.0,2026-04-12 04:00:00
1001183,Bus Stop,2026-01,Live,1.0,2026-04-12 04:00:00
1001183,Bus Stop,2026-04,Live,1.0,2026-04-12 04:00:00
1001184,Bus Stop,2024-12,Live,63.0,2025-06-25 04:00:00
1001184,Bus Stop,2025-01,Live,74.0,2025-06-25 04:00:00
1001184,Bus Stop,2025-02,Live,93.0,2025-06-25 04:00:00
1001184,Bus Stop,2025-03,Live,129.0,2025-06-25 04:00:00
1001184,Bus Stop,2025-04,Live,141.0,2025-06-25 04:00:00
1001184,Bus Stop,2025-05,Live,144.0,2025-06-25 04:00:00
1001184,Bus Stop,2025-06,Live,121.0,2025-06-25 04:00:00
1001184,Bus Stop,2025-07,Idle,7.0,2026-04-15 04:00:00
1001184,Bus Stop,2026-03,Idle,62.0,2026-04-15 04:00:00
1001184,Bus Stop,2026-04,Idle,69.0,2026-04-15 04:00:00
1001187,Bus Stop,2025-10,Live,2.0,2026-04-14 04:00:00
1001187,Bus Stop,2025-11,Live,4.0,2026-04-14 04:00:00
1001187,Bus Stop,2025-12,Live,8.0,2026-04-14 04:00:00
1001187,Bus Stop,2026-01,Live,2.0,2026-04-14 04:00:00
1001187,Bus Stop,2026-02,Live,2.0,2026-04-14 04:00:00
1001187,Bus Stop,2026-03,Live,8.0,2026-04-14 04:00:00
1001187,Bus Stop,2026-04,Live,38.0,2026-04-14 04:00:00
1001192,Bus Stop,2024-12,Live,94.0,2026-04-15 04:00:00
1001192,Bus Stop,2025-01,Live,95.0,2026-04-15 04:00:00
1001192,Bus Stop,2025-02,Live,101.0,2026-04-15 04:00:00
1001192,Bus Stop,2025-03,Live,118.0,2026-04-15 04:00:00
1001192,Bus Stop,2025-04,Live,43.0,2026-04-15 04:00:00
1001192,Bus Stop,2025-05,Live,10.0,2026-04-15 04:00:00
1001192,Bus Stop,2025-06,Live,5.0,2026-04-15 04:00:00
1001192,Bus Stop,2025-07,Idle,2.0,2025-07-22 04:00:00
1001192,Bus Stop,2026-03,Live,45.0,2026-04-15 04:00:00
1001192,Bus Stop,2026-04,Live,37.0,2026-04-15 04:00:00
1001193,Bus Stop,2024-12,Live,5.0,2025-06-25 04:00:00
1001193,Bus Stop,2025-01,Live,3.0,2025-06-25 04:00:00
1001193,Bus Stop,2025-02,Live,6.0,2025-06-25 04:00:00
1001193,Bus Stop,2025-03,Live,9.0,2025-06-25 04:00:00
1001193,Bus Stop,2025-04,Live,9.0,2025-06-25 04:00:00
1001193,Bus Stop,2025-05,Live,9.0,2025-06-25 04:00:00
1001193,Bus Stop,2025-06,Live,7.0,2025-06-25 04:00:00
1001193,Bus Stop,2025-07,Idle,1.0,2025-07-21 04:00:00
1001195,Bus Stop,2024-12,Live,59.0,2026-04-15 04:00:00
1001195,Bus Stop,2025-01,Live,38.0,2026-04-15 04:00:00
1001195,Bus Stop,2025-02,Live,68.0,2026-04-15 04:00:00
1001195,Bus Stop,2025-03,Live,73.0,2026-04-15 04:00:00
1001195,Bus Stop,2025-04,Live,84.0,2026-04-15 04:00:00
1001195,Bus Stop,2025-05,Live,90.0,2026-04-15 04:00:00
1001195,Bus Stop,2025-06,Live,74.0,2026-04-15 04:00:00
1001195,Bus Stop,2025-07,Idle,5.0,2025-07-22 04:00:00
1001195,Bus Stop,2025-12,Live,7.0,2026-04-15 04:00:00
1001195,Bus Stop,2026-01,Live,38.0,2026-04-15 04:00:00
1001195,Bus Stop,2026-02,Live,57.0,2026-04-15 04:00:00
1001195,Bus Stop,2026-03,Live,48.0,2026-04-15 04:00:00
1001195,Bus Stop,2026-04,Live,36.0,2026-04-15 04:00:00
1001198,Bus Stop,2024-12,Live,3.0,2025-06-24 04:00:00
1001198,Bus Stop,2025-01,Live,2.0,2025-06-24 04:00:00
1001198,Bus Stop,2025-03,Live,3.0,2025-06-24 04:00:00
1001198,Bus Stop,2025-04,Live,4.0,2025-06-24 04:00:00
1001198,Bus Stop,2025-05,Live,5.0,2025-06-24 04:00:00
1001198,Bus Stop,2025-06,Live,2.0,2025-06-24 04:00:00
1001200,Bus Stop,2025-01,Live,1.0,2025-06-24 04:00:00
1001200,Bus Stop,2025-05,Live,2.0,2025-06-24 04:00:00
1001200,Bus Stop,2025-06,Live,5.0,2025-06-24 04:00:00
1001202,Bus Stop,2024-12,Live,14.0,2025-06-25 04:00:00
1001202,Bus Stop,2025-01,Live,13.0,2025-06-25 04:00:00
1001202,Bus Stop,2025-02,Live,4.0,2025-06-25 04:00:00
1001202,Bus Stop,2025-03,Live,9.0,2025-06-25 04:00:00
1001202,Bus Stop,2025-04,Live,10.0,2025-06-25 04:00:00
1001202,Bus Stop,2025-05,Live,13.0,2025-06-25 04:00:00
1001202,Bus Stop,2025-06,Live,13.0,2025-06-25 04:00:00
1001202,Bus Stop,2025-07,Idle,1.0,2025-07-21 04:00:00
1001209,Bus Stop,2024-12,Live,3.0,2026-04-12 04:00:00
1001209,Bus Stop,2025-01,Live,12.0,2026-04-12 04:00:00
1001209,Bus Stop,2025-02,Live,4.0,2026-04-12 04:00:00
1001209,Bus Stop,2025-03,Live,8.0,2026-04-12 04:00:00
1001209,Bus Stop,2025-04,Live,12.0,2026-04-12 04:00:00
1001209,Bus Stop,2025-05,Live,22.0,2026-04-12 04:00:00
1001209,Bus Stop,2025-06,Live,21.0,2026-04-12 04:00:00
1001209,Bus Stop,2025-11,Live,2.0,2026-04-12 04:00:00
1001209,Bus Stop,2025-12,Live,8.0,2026-04-12 04:00:00
1001209,Bus Stop,2026-01,Live,12.0,2026-04-12 04:00:00
1001209,Bus Stop,2026-02,Live,7.0,2026-04-12 04:00:00
1001209,Bus Stop,2026-03,Live,7.0,2026-04-12 04:00:00
1001209,Bus Stop,2026-04,Live,9.0,2026-04-12 04:00:00
1001211,Bus Stop,2025-04,Live,1.0,2025-05-28 04:00:00
1001211,Bus Stop,2025-05,Live,1.0,2025-05-28 04:00:00
1001212,Bus Stop,2024-12,Live,5.0,2026-04-14 04:00:00
1001212,Bus Stop,2025-01,Live,1.0,2026-04-14 04:00:00
1001212,Bus Stop,2025-02,Live,4.0,2026-04-14 04:00:00
1001212,Bus Stop,2025-04,Live,3.0,2026-04-14 04:00:00
1001212,Bus Stop,2025-05,Live,4.0,2026-04-14 04:00:00
1001212,Bus Stop,2025-06,Live,6.0,2026-04-14 04:00:00
1001212,Bus Stop,2026-02,Live,4.0,2026-04-14 04:00:00
1001212,Bus Stop,2026-03,Live,9.0,2026-04-14 04:00:00
1001212,Bus Stop,2026-04,Live,4.0,2026-04-14 04:00:00
1001218,Bus Stop,2025-05,Live,3.0,2025-06-20 04:00:00
1001218,Bus Stop,2025-06,Live,3.0,2025-06-20 04:00:00
1001218,Bus Stop,2025-12,Idle,6.0,2026-04-14 04:00:00
1001218,Bus Stop,2026-01,Idle,5.0,2026-04-14 04:00:00
1001218,Bus Stop,2026-02,Idle,3.0,2026-04-14 04:00:00
1001218,Bus Stop,2026-03,Idle,6.0,2026-04-14 04:00:00
1001218,Bus Stop,2026-04,Idle,1.0,2026-04-14 04:00:00
1001220,Bus Stop,2024-12,Live,74.0,2025-06-25 04:00:00
1001220,Bus Stop,2025-01,Live,37.0,2025-06-25 04:00:00
1001220,Bus Stop,2025-02,Live,37.0,2025-06-25 04:00:00
1001220,Bus Stop,2025-03,Live,127.0,2025-06-25 04:00:00
1001220,Bus Stop,2025-04,Live,146.0,2025-06-25 04:00:00
1001220,Bus Stop,2025-05,Live,149.0,2025-06-25 04:00:00
1001220,Bus Stop,2025-06,Live,138.0,2025-06-25 04:00:00
1001220,Bus Stop,2025-07,Idle,7.0,2025-07-22 04:00:00
1001222,Bus Stop,2025-03,Live,1.0,2025-03-19 04:00:00
1001259,Bus Stop,2024-12,Live,18.0,2025-06-25 04:00:00
1001259,Bus Stop,2025-01,Live,19.0,2025-06-25 04:00:00
1001259,Bus Stop,2025-02,Live,10.0,2025-06-25 04:00:00
1001259,Bus Stop,2025-03,Live,15.0,2025-06-25 04:00:00
1001259,Bus Stop,2025-04,Live,16.0,2025-06-25 04:00:00
1001259,Bus Stop,2025-05,Live,11.0,2025-06-25 04:00:00
1001259,Bus Stop,2025-06,Live,11.0,2025-06-25 04:00:00
1001265,Bus Stop,2024-12,Live,5.0,2026-04-13 04:00:00
1001265,Bus Stop,2025-01,Live,4.0,2026-04-13 04:00:00
1001265,Bus Stop,2025-02,Live,2.0,2026-04-13 04:00:00
1001265,Bus Stop,2025-03,Live,1.0,2026-04-13 04:00:00
1001265,Bus Stop,2025-04,Live,10.0,2026-04-13 04:00:00
1001265,Bus Stop,2025-05,Live,6.0,2026-04-13 04:00:00
1001265,Bus Stop,2025-06,Live,6.0,2026-04-13 04:00:00
1001265,Bus Stop,2026-03,Live,15.0,2026-04-13 04:00:00
1001265,Bus Stop,2026-04,Live,15.0,2026-04-13 04:00:00
1001269,Bus Stop,2024-12,Live,10.0,2025-06-25 04:00:00
1001269,Bus Stop,2025-01,Live,11.0,2025-06-25 04:00:00
1001269,Bus Stop,2025-02,Live,17.0,2025-06-25 04:00:00
1001269,Bus Stop,2025-03,Live,13.0,2025-06-25 04:00:00
1001269,Bus Stop,2025-04,Live,19.0,2025-06-25 04:00:00
1001269,Bus Stop,2025-05,Live,35.0,2025-06-25 04:00:00
1001269,Bus Stop,2025-06,Live,42.0,2025-06-25 04:00:00
1001269,Bus Stop,2025-07,Idle,2.0,2025-07-21 04:00:00
1001270,Bus Stop,2024-12,Live,1.0,2025-05-30 04:00:00
1001270,Bus Stop,2025-01,Live,1.0,2025-05-30 04:00:00
1001270,Bus Stop,2025-02,Live,1.0,2025-05-30 04:00:00
1001270,Bus Stop,2025-03,Live,2.0,2025-05-30 04:00:00
1001270,Bus Stop,2025-04,Live,1.0,2025-05-30 04:00:00
1001270,Bus Stop,2025-05,Live,1.0,2025-05-30 04:00:00
1001276,Bus Stop,2024-12,Live,13.0,2026-04-11 04:00:00
1001276,Bus Stop,2025-01,Live,14.0,2026-04-11 04:00:00
1001276,Bus Stop,2025-02,Live,5.0,2026-04-11 04:00:00
1001276,Bus Stop,2025-03,Live,5.0,2026-04-11 04:00:00
1001276,Bus Stop,2025-04,Live,1.0,2026-04-11 04:00:00
1001276,Bus Stop,2025-05,Live,6.0,2026-04-11 04:00:00
1001276,Bus Stop,2025-06,Live,7.0,2026-04-11 04:00:00
1001276,Bus Stop,2025-07,Idle,1.0,2025-07-21 04:00:00
1001276,Bus Stop,2026-03,Live,10.0,2026-04-11 04:00:00
1001276,Bus Stop,2026-04,Live,1.0,2026-04-11 04:00:00
1001279,Bus Stop,2024-12,Live,18.0,2025-06-23 04:00:00
1001279,Bus Stop,2025-01,Live,13.0,2025-06-23 04:00:00
1001279,Bus Stop,2025-02,Live,17.0,2025-06-23 04:00:00
1001279,Bus Stop,2025-03,Live,18.0,2025-06-23 04:00:00
1001279,Bus Stop,2025-04,Live,32.0,2025-06-23 04:00:00
1001279,Bus Stop,2025-05,Live,18.0,2025-06-23 04:00:00
1001279,Bus Stop,2025-06,Live,11.0,2025-06-23 04:00:00
1001288,Bus Stop,2024-12,Live,7.0,2025-06-25 04:00:00
1001288,Bus Stop,2025-01,Live,4.0,2025-06-25 04:00:00
1001288,Bus Stop,2025-02,Live,15.0,2025-06-25 04:00:00
1001288,Bus Stop,2025-03,Live,8.0,2025-06-25 04:00:00
1001288,Bus Stop,2025-04,Live,8.0,2025-06-25 04:00:00
1001288,Bus Stop,2025-05,Live,9.0,2025-06-25 04:00:00
1001288,Bus Stop,2025-06,Live,6.0,2025-06-25 04:00:00
1001290,Bus Stop,2024-12,Live,2.0,2025-05-30 04:00:00
1001290,Bus Stop,2025-02,Live,1.0,2025-05-30 04:00:00
1001290,Bus Stop,2025-03,Live,1.0,2025-05-30 04:00:00
1001290,Bus Stop,2025-04,Live,2.0,2025-05-30 04:00:00
1001290,Bus Stop,2025-05,Live,2.0,2025-05-30 04:00:00
1001293,Bus Stop,2024-12,Live,85.0,2026-04-13 04:00:00
1001293,Bus Stop,2025-01,Live,39.0,2026-04-13 04:00:00
1001293,Bus Stop,2025-02,Live,90.0,2026-04-13 04:00:00
1001293,Bus Stop,2025-03,Live,139.0,2026-04-13 04:00:00
1001293,Bus Stop,2025-04,Live,129.0,2026-04-13 04:00:00
1001293,Bus Stop,2025-05,Live,130.0,2026-04-13 04:00:00
1001293,Bus Stop,2025-06,Live,110.0,2026-04-13 04:00:00
1001293,Bus Stop,2025-07,Idle,2.0,2025-07-22 04:00:00
1001293,Bus Stop,2025-11,Live,4.0,2026-04-13 04:00:00
1001293,Bus Stop,2025-12,Live,72.0,2026-04-13 04:00:00
1001293,Bus Stop,2026-01,Live,68.0,2026-04-13 04:00:00
1001293,Bus Stop,2026-02,Live,125.0,2026-04-13 04:00:00
1001293,Bus Stop,2026-03,Live,87.0,2026-04-13 04:00:00
1001293,Bus Stop,2026-04,Live,21.0,2026-04-13 04:00:00
1001294,Bus Stop,2024-12,Live,4.0,2025-06-12 04:00:00
1001294,Bus Stop,2025-01,Live,8.0,2025-06-12 04:00:00
1001294,Bus Stop,2025-02,Live,5.0,2025-06-12 04:00:00
1001294,Bus Stop,2025-03,Live,5.0,2025-06-12 04:00:00
1001294,Bus Stop,2025-04,Live,2.0,2025-06-12 04:00:00
1001294,Bus Stop,2025-06,Live,1.0,2025-06-12 04:00:00
1001295,Bus Stop,2024-12,Live,29.0,2026-04-15 04:00:00
1001295,Bus Stop,2025-01,Live,21.0,2026-04-15 04:00:00
1001295,Bus Stop,2025-02,Live,12.0,2026-04-15 04:00:00
1001295,Bus Stop,2025-03,Live,29.0,2026-04-15 04:00:00
1001295,Bus Stop,2025-04,Live,31.0,2026-04-15 04:00:00
1001295,Bus Stop,2025-05,Live,38.0,2026-04-15 04:00:00
1001295,Bus Stop,2025-06,Live,22.0,2026-04-15 04:00:00
1001295,Bus Stop,2026-02,Live,11.0,2026-04-15 04:00:00
1001295,Bus Stop,2026-03,Live,41.0,2026-04-15 04:00:00
1001295,Bus Stop,2026-04,Live,19.0,2026-04-15 04:00:00
1001299,Bus Stop,2024-12,Live,21.0,2026-04-15 04:00:00
1001299,Bus Stop,2025-01,Live,17.0,2026-04-15 04:00:00
1001299,Bus Stop,2025-02,Live,20.0,2026-04-15 04:00:00
1001299,Bus Stop,2025-03,Live,18.0,2026-04-15 04:00:00
1001299,Bus Stop,2025-04,Live,30.0,2026-04-15 04:00:00
1001299,Bus Stop,2025-05,Live,21.0,2026-04-15 04:00:00
1001299,Bus Stop,2025-06,Live,15.0,2026-04-15 04:00:00
1001299,Bus Stop,2025-07,Idle,3.0,2025-07-21 04:00:00
1001299,Bus Stop,2026-03,Live,14.0,2026-04-15 04:00:00
1001299,Bus Stop,2026-04,Live,21.0,2026-04-15 04:00:00
1001303,Bus Stop,2024-12,Live,40.0,2026-04-15 04:00:00
1001303,Bus Stop,2025-01,Live,35.0,2026-04-15 04:00:00
1001303,Bus Stop,2025-02,Live,72.0,2026-04-15 04:00:00
1001303,Bus Stop,2025-03,Live,90.0,2026-04-15 04:00:00
1001303,Bus Stop,2025-04,Live,81.0,2026-04-15 04:00:00
1001303,Bus Stop,2025-05,Live,71.0,2026-04-15 04:00:00
1001303,Bus Stop,2025-06,Live,74.0,2026-04-15 04:00:00
1001303,Bus Stop,2025-07,Idle,2.0,2025-07-22 04:00:00
1001303,Bus Stop,2025-11,Live,5.0,2026-04-15 04:00:00
1001303,Bus Stop,2025-12,Live,50.0,2026-04-15 04:00:00
1001303,Bus Stop,2026-01,Live,58.0,2026-04-15 04:00:00
1001303,Bus Stop,2026-02,Live,96.0,2026-04-15 04:00:00
1001303,Bus Stop,2026-03,Live,80.0,2026-04-15 04:00:00
1001303,Bus Stop,2026-04,Live,14.0,2026-04-15 04:00:00
1001306,Bus Stop,2025-03,Live,1.0,2025-06-21 04:00:00
1001306,Bus Stop,2025-04,Live,1.0,2025-06-21 04:00:00
1001306,Bus Stop,2025-05,Live,1.0,2025-06-21 04:00:00
1001306,Bus Stop,2025-06,Live,1.0,2025-06-21 04:00:00
1001316,Bus Stop,2024-12,Live,1.0,2025-06-25 04:00:00
1001316,Bus Stop,2025-01,Live,3.0,2025-06-25 04:00:00
1001316,Bus Stop,2025-02,Live,5.0,2025-06-25 04:00:00
1001316,Bus Stop,2025-03,Live,3.0,2025-06-25 04:00:00
1001316,Bus Stop,2025-04,Live,9.0,2025-06-25 04:00:00
1001316,Bus Stop,2025-05,Live,7.0,2025-06-25 04:00:00
1001316,Bus Stop,2025-06,Live,11.0,2025-06-25 04:00:00
1001319,Bus Stop,2024-12,Live,28.0,2026-04-15 04:00:00
1001319,Bus Stop,2025-01,Live,34.0,2026-04-15 04:00:00
1001319,Bus Stop,2025-02,Live,179.0,2026-04-15 04:00:00
1001319,Bus Stop,2025-03,Live,240.0,2026-04-15 04:00:00
1001319,Bus Stop,2025-04,Live,298.0,2026-04-15 04:00:00
1001319,Bus Stop,2025-05,Live,303.0,2026-04-15 04:00:00
1001319,Bus Stop,2025-06,Live,217.0,2026-04-15 04:00:00
1001319,Bus Stop,2025-07,Idle,9.0,2025-07-21 04:00:00
1001319,Bus Stop,2026-03,Live,127.0,2026-04-15 04:00:00
1001319,Bus Stop,2026-04,Live,80.0,2026-04-15 04:00:00
1001321,Bus Stop,2024-12,Live,5.0,2025-06-22 04:00:00
1001321,Bus Stop,2025-01,Live,1.0,2025-06-22 04:00:00
1001321,Bus Stop,2025-02,Live,15.0,2025-06-22 04:00:00
1001321,Bus Stop,2025-03,Live,5.0,2025-06-22 04:00:00
1001321,Bus Stop,2025-04,Live,8.0,2025-06-22 04:00:00
1001321,Bus Stop,2025-05,Live,8.0,2025-06-22 04:00:00
1001321,Bus Stop,2025-06,Live,5.0,2025-06-22 04:00:00
1001322,Bus Stop,2024-12,Live,2.0,2025-05-20 04:00:00
1001322,Bus Stop,2025-01,Live,7.0,2025-05-20 04:00:00
1001322,Bus Stop,2025-02,Live,2.0,2025-05-20 04:00:00
1001322,Bus Stop,2025-03,Live,2.0,2025-05-20 04:00:00
1001322,Bus Stop,2025-04,Live,8.0,2025-05-20 04:00:00
1001322,Bus Stop,2025-05,Live,4.0,2025-05-20 04:00:00
1001323,Bus Stop,2024-12,Live,5.0,2026-04-15 04:00:00
1001323,Bus Stop,2025-01,Live,4.0,2026-04-15 04:00:00
1001323,Bus Stop,2025-02,Live,2.0,2026-04-15 04:00:00
1001323,Bus Stop,2025-03,Live,1.0,2026-04-15 04:00:00
1001323,Bus Stop,2025-04,Live,7.0,2026-04-15 04:00:00
1001323,Bus Stop,2025-05,Live,3.0,2026-04-15 04:00:00
1001323,Bus Stop,2025-06,Live,1.0,2026-04-15 04:00:00
1001323,Bus Stop,2026-03,Live,60.0,2026-04-15 04:00:00
1001323,Bus Stop,2026-04,Live,49.0,2026-04-15 04:00:00
1001326,Bus Stop,2024-12,Live,9.0,2026-04-15 04:00:00
1001326,Bus Stop,2025-01,Live,7.0,2026-04-15 04:00:00
1001326,Bus Stop,2025-02,Live,4.0,2026-04-15 04:00:00
1001326,Bus Stop,2025-03,Live,13.0,2026-04-15 04:00:00
1001326,Bus Stop,2025-04,Live,13.0,2026-04-15 04:00:00
1001326,Bus Stop,2025-05,Live,12.0,2026-04-15 04:00:00
1001326,Bus Stop,2025-06,Live,11.0,2026-04-15 04:00:00
1001326,Bus Stop,2026-02,Live,4.0,2026-04-15 04:00:00
1001326,Bus Stop,2026-03,Live,25.0,2026-04-15 04:00:00
1001326,Bus Stop,2026-04,Live,12.0,2026-04-15 04:00:00
1001329,Bus Stop,2026-02,Live,42.0,2026-04-15 04:00:00
1001329,Bus Stop,2026-03,Live,66.0,2026-04-15 04:00:00
1001329,Bus Stop,2026-04,Live,33.0,2026-04-15 04:00:00
1001330,Bus Stop,2024-12,Live,19.0,2026-04-15 04:00:00
1001330,Bus Stop,2025-01,Live,13.0,2026-04-15 04:00:00
1001330,Bus Stop,2025-02,Live,57.0,2026-04-15 04:00:00
1001330,Bus Stop,2025-03,Live,99.0,2026-04-15 04:00:00
1001330,Bus Stop,2025-04,Live,88.0,2026-04-15 04:00:00
1001330,Bus Stop,2025-05,Live,98.0,2026-04-15 04:00:00
1001330,Bus Stop,2025-06,Live,68.0,2026-04-15 04:00:00
1001330,Bus Stop,2025-07,Idle,4.0,2025-07-21 04:00:00
1001330,Bus Stop,2025-12,Live,17.0,2026-04-15 04:00:00
1001330,Bus Stop,2026-01,Live,91.0,2026-04-15 04:00:00
1001330,Bus Stop,2026-02,Live,173.0,2026-04-15 04:00:00
1001330,Bus Stop,2026-03,Live,183.0,2026-04-15 04:00:00
1001330,Bus Stop,2026-04,Live,52.0,2026-04-15 04:00:00
1001331,Bus Stop,2024-12,Live,1.0,2025-06-23 04:00:00
1001331,Bus Stop,2025-01,Live,3.0,2025-06-23 04:00:00
1001331,Bus Stop,2025-02,Live,4.0,2025-06-23 04:00:00
1001331,Bus Stop,2025-03,Live,1.0,2025-06-23 04:00:00
1001331,Bus Stop,2025-04,Live,1.0,2025-06-23 04:00:00
1001331,Bus Stop,2025-05,Live,3.0,2025-06-23 04:00:00
1001331,Bus Stop,2025-06,Live,12.0,2025-06-23 04:00:00
1001331,Bus Stop,2025-07,Idle,2.0,2026-04-09 04:00:00
1001331,Bus Stop,2026-01,Idle,9.0,2026-04-09 04:00:00
1001331,Bus Stop,2026-02,Idle,31.0,2026-04-09 04:00:00
1001331,Bus Stop,2026-03,Idle,21.0,2026-04-09 04:00:00
1001331,Bus Stop,2026-04,Idle,6.0,2026-04-09 04:00:00
1001336,Bus Stop,2024-12,Live,7.0,2026-04-15 04:00:00
1001336,Bus Stop,2025-01,Live,4.0,2026-04-15 04:00:00
1001336,Bus Stop,2025-02,Live,2.0,2026-04-15 04:00:00
1001336,Bus Stop,2025-03,Live,10.0,2026-04-15 04:00:00
1001336,Bus Stop,2025-04,Live,9.0,2026-04-15 04:00:00
1001336,Bus Stop,2025-05,Live,37.0,2026-04-15 04:00:00
1001336,Bus Stop,2025-06,Live,31.0,2026-04-15 04:00:00
1001336,Bus Stop,2025-07,Idle,4.0,2025-07-22 04:00:00
1001336,Bus Stop,2025-11,Live,17.0,2026-04-15 04:00:00
1001336,Bus Stop,2025-12,Live,52.0,2026-04-15 04:00:00
1001336,Bus Stop,2026-01,Live,48.0,2026-04-15 04:00:00
1001336,Bus Stop,2026-02,Live,43.0,2026-04-15 04:00:00
1001336,Bus Stop,2026-03,Live,74.0,2026-04-15 04:00:00
1001336,Bus Stop,2026-04,Live,33.0,2026-04-15 04:00:00
1001342,Bus Stop,2024-12,Live,6.0,2026-04-15 04:00:00
1001342,Bus Stop,2025-01,Live,11.0,2026-04-15 04:00:00
1001342,Bus Stop,2025-02,Live,13.0,2026-04-15 04:00:00
1001342,Bus Stop,2025-03,Live,20.0,2026-04-15 04:00:00
1001342,Bus Stop,2025-04,Live,23.0,2026-04-15 04:00:00
1001342,Bus Stop,2025-05,Live,26.0,2026-04-15 04:00:00
1001342,Bus Stop,2025-06,Live,10.0,2026-04-15 04:00:00
1001342,Bus Stop,2025-11,Live,3.0,2026-04-15 04:00:00
1001342,Bus Stop,2025-12,Live,13.0,2026-04-15 04:00:00
1001342,Bus Stop,2026-01,Live,13.0,2026-04-15 04:00:00
1001342,Bus Stop,2026-02,Live,38.0,2026-04-15 04:00:00
1001342,Bus Stop,2026-03,Live,30.0,2026-04-15 04:00:00
1001342,Bus Stop,2026-04,Live,15.0,2026-04-15 04:00:00
1001343,Bus Stop,2024-12,Live,9.0,2025-06-21 04:00:00
1001343,Bus Stop,2025-01,Live,2.0,2025-06-21 04:00:00
1001343,Bus Stop,2025-02,Live,1.0,2025-06-21 04:00:00
1001343,Bus Stop,2025-03,Live,3.0,2025-06-21 04:00:00
1001343,Bus Stop,2025-04,Live,4.0,2025-06-21 04:00:00
1001343,Bus Stop,2025-06,Live,3.0,2025-06-21 04:00:00
1001352,Bus Stop,2024-12,Live,75.0,2025-06-24 04:00:00
1001352,Bus Stop,2025-01,Live,67.0,2025-06-24 04:00:00
1001352,Bus Stop,2025-02,Live,57.0,2025-06-24 04:00:00
1001352,Bus Stop,2025-03,Live,93.0,2025-06-24 04:00:00
1001352,Bus Stop,2025-04,Live,110.0,2025-06-24 04:00:00
1001352,Bus Stop,2025-05,Live,97.0,2025-06-24 04:00:00
1001352,Bus Stop,2025-06,Live,75.0,2025-06-24 04:00:00
1001355,Bus Stop,2024-12,Live,172.0,2025-06-25 04:00:00
1001355,Bus Stop,2025-01,Live,177.0,2025-06-25 04:00:00
1001355,Bus Stop,2025-02,Live,161.0,2025-06-25 04:00:00
1001355,Bus Stop,2025-03,Live,264.0,2025-06-25 04:00:00
1001355,Bus Stop,2025-04,Live,202.0,2025-06-25 04:00:00
1001355,Bus Stop,2025-05,Live,242.0,2025-06-25 04:00:00
1001355,Bus Stop,2025-06,Live,124.0,2025-06-25 04:00:00
1001356,Bus Stop,2025-04,Live,1.0,2026-04-10 04:00:00
1001356,Bus Stop,2025-05,Live,1.0,2026-04-10 04:00:00
1001356,Bus Stop,2025-06,Live,6.0,2026-04-10 04:00:00
1001356,Bus Stop,2026-01,Live,4.0,2026-04-10 04:00:00
1001356,Bus Stop,2026-02,Live,13.0,2026-04-10 04:00:00
1001356,Bus Stop,2026-03,Live,6.0,2026-04-10 04:00:00
1001356,Bus Stop,2026-04,Live,3.0,2026-04-10 04:00:00
1001358,Bus Stop,2025-02,Live,1.0,2025-05-29 04:00:00
1001358,Bus Stop,2025-04,Live,1.0,2025-05-29 04:00:00
1001358,Bus Stop,2025-05,Live,1.0,2025-05-29 04:00:00
1001360,Bus Stop,2024-12,Live,1.0,2025-05-21 04:00:00
1001360,Bus Stop,2025-01,Live,1.0,2025-05-21 04:00:00
1001360,Bus Stop,2025-02,Live,1.0,2025-05-21 04:00:00
1001360,Bus Stop,2025-03,Live,5.0,2025-05-21 04:00:00
1001360,Bus Stop,2025-04,Live,4.0,2025-05-21 04:00:00
1001360,Bus Stop,2025-05,Live,1.0,2025-05-21 04:00:00
1001369,Bus Stop,2024-12,Live,25.0,2026-04-14 04:00:00
1001369,Bus Stop,2025-01,Live,19.0,2026-04-14 04:00:00
1001369,Bus Stop,2025-02,Live,35.0,2026-04-14 04:00:00
1001369,Bus Stop,2025-03,Live,43.0,2026-04-14 04:00:00
1001369,Bus Stop,2025-04,Live,58.0,2026-04-14 04:00:00
1001369,Bus Stop,2025-05,Live,56.0,2026-04-14 04:00:00
1001369,Bus Stop,2025-06,Live,35.0,2026-04-14 04:00:00
1001369,Bus Stop,2025-11,Live,9.0,2026-04-14 04:00:00
1001369,Bus Stop,2025-12,Live,32.0,2026-04-14 04:00:00
1001369,Bus Stop,2026-01,Live,27.0,2026-04-14 04:00:00
1001369,Bus Stop,2026-02,Live,55.0,2026-04-14 04:00:00
1001369,Bus Stop,2026-03,Live,62.0,2026-04-14 04:00:00
1001369,Bus Stop,2026-04,Live,14.0,2026-04-14 04:00:00
1001373,Bus Stop,2024-12,Live,62.0,2026-04-15 04:00:00
1001373,Bus Stop,2025-01,Live,75.0,2026-04-15 04:00:00
1001373,Bus Stop,2025-02,Live,48.0,2026-04-15 04:00:00
1001373,Bus Stop,2025-03,Live,70.0,2026-04-15 04:00:00
1001373,Bus Stop,2025-04,Live,83.0,2026-04-15 04:00:00
1001373,Bus Stop,2025-05,Live,107.0,2026-04-15 04:00:00
1001373,Bus Stop,2025-06,Live,55.0,2026-04-15 04:00:00
1001373,Bus Stop,2025-07,Idle,4.0,2025-07-22 04:00:00
1001373,Bus Stop,2026-03,Live,57.0,2026-04-15 04:00:00
1001373,Bus Stop,2026-04,Live,61.0,2026-04-15 04:00:00
1001374,Bus Stop,2024-12,Live,2.0,2026-04-14 04:00:00
1001374,Bus Stop,2025-01,Live,5.0,2026-04-14 04:00:00
1001374,Bus Stop,2025-02,Live,3.0,2026-04-14 04:00:00
1001374,Bus Stop,2025-03,Live,4.0,2026-04-14 04:00:00
1001374,Bus Stop,2025-05,Live,4.0,2026-04-14 04:00:00
1001374,Bus Stop,2025-06,Live,2.0,2026-04-14 04:00:00
1001374,Bus Stop,2025-11,Live,1.0,2026-04-14 04:00:00
1001374,Bus Stop,2025-12,Live,3.0,2026-04-14 04:00:00
1001374,Bus Stop,2026-01,Live,3.0,2026-04-14 04:00:00
1001374,Bus Stop,2026-02,Live,5.0,2026-04-14 04:00:00
1001374,Bus Stop,2026-03,Live,8.0,2026-04-14 04:00:00
1001374,Bus Stop,2026-04,Live,3.0,2026-04-14 04:00:00
1001375,Bus Stop,2024-12,Live,76.0,2026-04-15 04:00:00
1001375,Bus Stop,2025-01,Live,82.0,2026-04-15 04:00:00
1001375,Bus Stop,2025-02,Live,98.0,2026-04-15 04:00:00
1001375,Bus Stop,2025-03,Live,84.0,2026-04-15 04:00:00
1001375,Bus Stop,2025-04,Live,87.0,2026-04-15 04:00:00
1001375,Bus Stop,2025-05,Live,101.0,2026-04-15 04:00:00
1001375,Bus Stop,2025-06,Live,79.0,2026-04-15 04:00:00
1001375,Bus Stop,2025-07,Idle,3.0,2025-07-22 04:00:00
1001375,Bus Stop,2026-02,Live,20.0,2026-04-15 04:00:00
1001375,Bus Stop,2026-03,Live,77.0,2026-04-15 04:00:00
1001375,Bus Stop,2026-04,Live,58.0,2026-04-15 04:00:00
1001393,Bus Stop,2025-01,Live,1.0,2025-06-25 04:00:00
1001393,Bus Stop,2025-02,Live,2.0,2025-06-25 04:00:00
1001393,Bus Stop,2025-03,Live,1.0,2025-06-25 04:00:00
1001393,Bus Stop,2025-04,Live,2.0,2025-06-25 04:00:00
1001393,Bus Stop,2025-05,Live,3.0,2025-06-25 04:00:00
1001393,Bus Stop,2025-06,Live,2.0,2025-06-25 04:00:00
1001396,Bus Stop,2024-12,Live,25.0,2025-06-25 04:00:00
1001396,Bus Stop,2025-01,Live,35.0,2025-06-25 04:00:00
1001396,Bus Stop,2025-02,Live,22.0,2025-06-25 04:00:00
1001396,Bus Stop,2025-03,Live,49.0,2025-06-25 04:00:00
1001396,Bus Stop,2025-04,Live,57.0,2025-06-25 04:00:00
1001396,Bus Stop,2025-05,Live,42.0,2025-06-25 04:00:00
1001396,Bus Stop,2025-06,Live,38.0,2025-06-25 04:00:00
1001399,Bus Stop,2024-12,Live,39.0,2025-06-25 04:00:00
1001399,Bus Stop,2025-01,Live,30.0,2025-06-25 04:00:00
1001399,Bus Stop,2025-02,Live,29.0,2025-06-25 04:00:00
1001399,Bus Stop,2025-03,Live,45.0,2025-06-25 04:00:00
1001399,Bus Stop,2025-04,Live,56.0,2025-06-25 04:00:00
1001399,Bus Stop,2025-05,Live,63.0,2025-06-25 04:00:00
1001399,Bus Stop,2025-06,Live,32.0,2025-06-25 04:00:00
1001402,Bus Stop,2024-12,Live,16.0,2025-06-25 04:00:00
1001402,Bus Stop,2025-01,Live,11.0,2025-06-25 04:00:00
1001402,Bus Stop,2025-02,Live,9.0,2025-06-25 04:00:00
1001402,Bus Stop,2025-03,Live,26.0,2025-06-25 04:00:00
1001402,Bus Stop,2025-04,Live,23.0,2025-06-25 04:00:00
1001402,Bus Stop,2025-05,Live,27.0,2025-06-25 04:00:00
1001402,Bus Stop,2025-06,Live,25.0,2025-06-25 04:00:00
1001404,Bus Stop,2024-12,Live,15.0,2025-06-16 04:00:00
1001404,Bus Stop,2025-01,Live,8.0,2025-06-16 04:00:00
1001404,Bus Stop,2025-02,Live,11.0,2025-06-16 04:00:00
1001404,Bus Stop,2025-03,Live,24.0,2025-06-16 04:00:00
1001404,Bus Stop,2025-04,Live,16.0,2025-06-16 04:00:00
1001404,Bus Stop,2025-05,Live,15.0,2025-06-16 04:00:00
1001404,Bus Stop,2025-06,Live,5.0,2025-06-16 04:00:00
1001406,Bus Stop,2024-12,Live,81.0,2025-06-24 04:00:00
1001406,Bus Stop,2025-01,Live,77.0,2025-06-24 04:00:00
1001406,Bus Stop,2025-02,Live,80.0,2025-06-24 04:00:00
1001406,Bus Stop,2025-03,Live,90.0,2025-06-24 04:00:00
1001406,Bus Stop,2025-04,Live,87.0,2025-06-24 04:00:00
1001406,Bus Stop,2025-05,Live,85.0,2025-06-24 04:00:00
1001406,Bus Stop,2025-06,Live,66.0,2025-06-24 04:00:00
1001406,Bus Stop,2025-07,Idle,2.0,2025-07-21 04:00:00
1001413,Bus Stop,2024-12,Live,1.0,2026-04-08 04:00:00
1001413,Bus Stop,2025-01,Live,8.0,2026-04-08 04:00:00
1001413,Bus Stop,2025-02,Live,3.0,2026-04-08 04:00:00
1001413,Bus Stop,2025-03,Live,5.0,2026-04-08 04:00:00
1001413,Bus Stop,2025-04,Live,3.0,2026-04-08 04:00:00
1001413,Bus Stop,2025-05,Live,3.0,2026-04-08 04:00:00
1001413,Bus Stop,2025-06,Live,8.0,2026-04-08 04:00:00
1001413,Bus Stop,2025-11,Live,4.0,2026-04-08 04:00:00
1001413,Bus Stop,2025-12,Live,8.0,2026-04-08 04:00:00
1001413,Bus Stop,2026-01,Live,7.0,2026-04-08 04:00:00
1001413,Bus Stop,2026-02,Live,15.0,2026-04-08 04:00:00
1001413,Bus Stop,2026-03,Live,5.0,2026-04-08 04:00:00
1001413,Bus Stop,2026-04,Live,2.0,2026-04-08 04:00:00
1001414,Bus Stop,2024-12,Live,34.0,2026-04-15 04:00:00
1001414,Bus Stop,2025-01,Live,22.0,2026-04-15 04:00:00
1001414,Bus Stop,2025-02,Live,22.0,2026-04-15 04:00:00
1001414,Bus Stop,2025-03,Live,35.0,2026-04-15 04:00:00
1001414,Bus Stop,2025-04,Live,40.0,2026-04-15 04:00:00
1001414,Bus Stop,2025-05,Live,34.0,2026-04-15 04:00:00
1001414,Bus Stop,2025-06,Live,24.0,2026-04-15 04:00:00
1001414,Bus Stop,2025-07,Idle,1.0,2025-07-21 04:00:00
1001414,Bus Stop,2025-11,Live,8.0,2026-04-15 04:00:00
1001414,Bus Stop,2025-12,Live,36.0,2026-04-15 04:00:00
1001414,Bus Stop,2026-01,Live,29.0,2026-04-15 04:00:00
1001414,Bus Stop,2026-02,Live,39.0,2026-04-15 04:00:00
1001414,Bus Stop,2026-03,Live,45.0,2026-04-15 04:00:00
1001414,Bus Stop,2026-04,Live,18.0,2026-04-15 04:00:00
1001425,Bus Stop,2025-06,Live,1.0,2025-06-24 04:00:00
1001428,Bus Stop,2024-12,Live,1.0,2025-05-27 04:00:00
1001428,Bus Stop,2025-01,Live,3.0,2025-05-27 04:00:00
1001428,Bus Stop,2025-02,Live,1.0,2025-05-27 04:00:00
1001428,Bus Stop,2025-04,Live,1.0,2025-05-27 04:00:00
1001428,Bus Stop,2025-05,Live,3.0,2025-05-27 04:00:00
1001431,Bus Stop,2024-12,Live,4.0,2026-04-15 04:00:00
1001431,Bus Stop,2025-01,Live,6.0,2026-04-15 04:00:00
1001431,Bus Stop,2025-02,Live,14.0,2026-04-15 04:00:00
1001431,Bus Stop,2025-03,Live,31.0,2026-04-15 04:00:00
1001431,Bus Stop,2025-04,Live,48.0,2026-04-15 04:00:00
1001431,Bus Stop,2025-05,Live,27.0,2026-04-15 04:00:00
1001431,Bus Stop,2025-06,Live,25.0,2026-04-15 04:00:00
1001431,Bus Stop,2025-07,Idle,3.0,2025-07-22 04:00:00
1001431,Bus Stop,2025-12,Live,4.0,2026-04-15 04:00:00
1001431,Bus Stop,2026-01,Live,21.0,2026-04-15 04:00:00
1001431,Bus Stop,2026-02,Live,31.0,2026-04-15 04:00:00
1001431,Bus Stop,2026-03,Live,48.0,2026-04-15 04:00:00
1001431,Bus Stop,2026-04,Live,32.0,2026-04-15 04:00:00
1001459,Bus Stop,2024-12,Live,11.0,2025-06-25 04:00:00
1001459,Bus Stop,2025-01,Live,8.0,2025-06-25 04:00:00
1001459,Bus Stop,2025-02,Live,4.0,2025-06-25 04:00:00
1001459,Bus Stop,2025-03,Live,17.0,2025-06-25 04:00:00
1001459,Bus Stop,2025-04,Live,19.0,2025-06-25 04:00:00
1001459,Bus Stop,2025-05,Live,9.0,2025-06-25 04:00:00
1001459,Bus Stop,2025-06,Live,23.0,2025-06-25 04:00:00
1001470,Bus Stop,2025-01,Live,2.0,2026-03-18 04:00:00
1001470,Bus Stop,2025-02,Live,1.0,2026-03-18 04:00:00
1001470,Bus Stop,2025-06,Live,5.0,2026-03-18 04:00:00
1001470,Bus Stop,2025-11,Live,1.0,2026-03-18 04:00:00
1001470,Bus Stop,2025-12,Live,4.0,2026-03-18 04:00:00
1001470,Bus Stop,2026-01,Live,5.0,2026-03-18 04:00:00
1001470,Bus Stop,2026-02,Live,6.0,2026-03-18 04:00:00
1001470,Bus Stop,2026-03,Live,4.0,2026-03-18 04:00:00
1001473,Bus Stop,2024-12,Live,7.0,2026-04-08 04:00:00
1001473,Bus Stop,2025-01,Live,3.0,2026-04-08 04:00:00
1001473,Bus Stop,2025-02,Live,2.0,2026-04-08 04:00:00
1001473,Bus Stop,2025-03,Live,6.0,2026-04-08 04:00:00
1001473,Bus Stop,2025-04,Live,5.0,2026-04-08 04:00:00
1001473,Bus Stop,2025-05,Live,13.0,2026-04-08 04:00:00
1001473,Bus Stop,2025-06,Live,12.0,2026-04-08 04:00:00
1001473,Bus Stop,2026-02,Live,6.0,2026-04-08 04:00:00
1001473,Bus Stop,2026-03,Live,16.0,2026-04-08 04:00:00
1001473,Bus Stop,2026-04,Live,2.0,2026-04-08 04:00:00
1001478,Bus Stop,2024-12,Live,24.0,2026-04-14 04:00:00
1001478,Bus Stop,2025-01,Live,9.0,2026-04-14 04:00:00
1001478,Bus Stop,2025-02,Live,17.0,2026-04-14 04:00:00
1001478,Bus Stop,2025-03,Live,35.0,2026-04-14 04:00:00
1001478,Bus Stop,2025-04,Live,41.0,2026-04-14 04:00:00
1001478,Bus Stop,2025-05,Live,46.0,2026-04-14 04:00:00
1001478,Bus Stop,2025-06,Live,28.0,2026-04-14 04:00:00
1001478,Bus Stop,2025-07,Idle,1.0,2025-07-21 04:00:00
1001478,Bus Stop,2026-02,Live,18.0,2026-04-14 04:00:00
1001478,Bus Stop,2026-03,Live,48.0,2026-04-14 04:00:00
1001478,Bus Stop,2026-04,Live,31.0,2026-04-14 04:00:00
1001496,Bus Stop,2024-12,Live,21.0,2026-04-15 04:00:00
1001496,Bus Stop,2025-01,Live,21.0,2026-04-15 04:00:00
1001496,Bus Stop,2025-02,Live,21.0,2026-04-15 04:00:00
1001496,Bus Stop,2025-03,Live,23.0,2026-04-15 04:00:00
1001496,Bus Stop,2025-04,Live,28.0,2026-04-15 04:00:00
1001496,Bus Stop,2025-05,Live,26.0,2026-04-15 04:00:00
1001496,Bus Stop,2025-06,Live,21.0,2026-04-15 04:00:00
1001496,Bus Stop,2025-07,Idle,2.0,2025-07-22 04:00:00
1001496,Bus Stop,2026-03,Live,38.0,2026-04-15 04:00:00
1001496,Bus Stop,2026-04,Live,35.0,2026-04-15 04:00:00
1001498,Bus Stop,2024-12,Live,57.0,2025-06-25 04:00:00
1001498,Bus Stop,2025-01,Live,44.0,2025-06-25 04:00:00
1001498,Bus Stop,2025-02,Live,42.0,2025-06-25 04:00:00
1001498,Bus Stop,2025-03,Live,62.0,2025-06-25 04:00:00
1001498,Bus Stop,2025-04,Live,54.0,2025-06-25 04:00:00
1001498,Bus Stop,2025-05,Live,93.0,2025-06-25 04:00:00
1001498,Bus Stop,2025-06,Live,47.0,2025-06-25 04:00:00
1001507,Bus Stop,2024-12,Live,34.0,2025-06-23 04:00:00
1001507,Bus Stop,2025-01,Live,18.0,2025-06-23 04:00:00
1001507,Bus Stop,2025-02,Live,19.0,2025-06-23 04:00:00
1001507,Bus Stop,2025-03,Live,40.0,2025-06-23 04:00:00
1001507,Bus Stop,2025-04,Live,31.0,2025-06-23 04:00:00
1001507,Bus Stop,2025-05,Live,28.0,2025-06-23 04:00:00
1001507,Bus Stop,2025-06,Live,18.0,2025-06-23 04:00:00
1001509,Bus Stop,2024-12,Live,16.0,2025-06-25 04:00:00
1001509,Bus Stop,2025-01,Live,16.0,2025-06-25 04:00:00
1001509,Bus Stop,2025-02,Live,25.0,2025-06-25 04:00:00
1001509,Bus Stop,2025-03,Live,29.0,2025-06-25 04:00:00
1001509,Bus Stop,2025-04,Live,27.0,2025-06-25 04:00:00
1001509,Bus Stop,2025-05,Live,30.0,2025-06-25 04:00:00
1001509,Bus Stop,2025-06,Live,21.0,2025-06-25 04:00:00
1001509,Bus Stop,2025-07,Idle,2.0,2025-07-21 04:00:00
1001511,Bus Stop,2024-12,Live,2.0,2025-04-30 04:00:00
1001511,Bus Stop,2025-01,Live,7.0,2025-04-30 04:00:00
1001511,Bus Stop,2025-02,Live,5.0,2025-04-30 04:00:00
1001511,Bus Stop,2025-03,Live,8.0,2025-04-30 04:00:00
1001511,Bus Stop,2025-04,Live,4.0,2025-04-30 04:00:00
1001512,Bus Stop,2024-12,Live,4.0,2025-05-29 04:00:00
1001512,Bus Stop,2025-01,Live,3.0,2025-05-29 04:00:00
1001512,Bus Stop,2025-02,Live,1.0,2025-05-29 04:00:00
1001512,Bus Stop,2025-03,Live,6.0,2025-05-29 04:00:00
1001512,Bus Stop,2025-04,Live,3.0,2025-05-29 04:00:00
1001512,Bus Stop,2025-05,Live,6.0,2025-05-29 04:00:00
1001518,Bus Stop,2025-06,Live,1.0,2025-06-05 04:00:00
1001520,Bus Stop,2025-02,Live,1.0,2025-05-24 04:00:00
1001520,Bus Stop,2025-03,Live,1.0,2025-05-24 04:00:00
1001520,Bus Stop,2025-05,Live,2.0,2025-05-24 04:00:00
1001533,Bus Stop,2025-06,Live,1.0,2025-06-03 04:00:00
1001534,Bus Stop,2024-12,Live,24.0,2025-06-25 04:00:00
1001534,Bus Stop,2025-01,Live,21.0,2025-06-25 04:00:00
1001534,Bus Stop,2025-02,Live,11.0,2025-06-25 04:00:00
1001534,Bus Stop,2025-03,Live,39.0,2025-06-25 04:00:00
1001534,Bus Stop,2025-04,Live,46.0,2025-06-25 04:00:00
1001534,Bus Stop,2025-05,Live,30.0,2025-06-25 04:00:00
1001534,Bus Stop,2025-06,Live,20.0,2025-06-25 04:00:00
1001535,Bus Stop,2024-12,Live,52.0,2025-06-25 04:00:00
1001535,Bus Stop,2025-01,Live,37.0,2025-06-25 04:00:00
1001535,Bus Stop,2025-02,Live,42.0,2025-06-25 04:00:00
1001535,Bus Stop,2025-03,Live,52.0,2025-06-25 04:00:00
1001535,Bus Stop,2025-04,Live,54.0,2025-06-25 04:00:00
1001535,Bus Stop,2025-05,Live,59.0,2025-06-25 04:00:00
1001535,Bus Stop,2025-06,Live,36.0,2025-06-25 04:00:00
1001538,Bus Stop,2025-01,Live,2.0,2026-04-14 04:00:00
1001538,Bus Stop,2025-03,Live,2.0,2026-04-14 04:00:00
1001538,Bus Stop,2025-05,Live,1.0,2026-04-14 04:00:00
1001538,Bus Stop,2025-06,Live,2.0,2026-04-14 04:00:00
1001538,Bus Stop,2026-01,Live,1.0,2026-04-14 04:00:00
1001538,Bus Stop,2026-02,Live,2.0,2026-04-14 04:00:00
1001538,Bus Stop,2026-03,Live,2.0,2026-04-14 04:00:00
1001538,Bus Stop,2026-04,Live,4.0,2026-04-14 04:00:00
1001542,Bus Stop,2025-05,Live,1.0,2025-06-18 04:00:00
1001542,Bus Stop,2025-06,Live,3.0,2025-06-18 04:00:00
1001543,Bus Stop,2025-05,Live,2.0,2025-05-03 04:00:00
1001548,Bus Stop,2025-06,Live,2.0,2025-06-24 04:00:00
1001549,Bus Stop,2025-05,Live,1.0,2025-06-06 04:00:00
1001549,Bus Stop,2025-06,Live,1.0,2025-06-06 04:00:00
1001549,Bus Stop,2025-07,Idle,1.0,2025-07-21 04:00:00
1001559,Bus Stop,2024-12,Live,3.0,2026-04-15 04:00:00
1001559,Bus Stop,2025-01,Live,4.0,2026-04-15 04:00:00
1001559,Bus Stop,2025-02,Live,5.0,2026-04-15 04:00:00
1001559,Bus Stop,2025-03,Live,7.0,2026-04-15 04:00:00
1001559,Bus Stop,2025-04,Live,8.0,2026-04-15 04:00:00
1001559,Bus Stop,2025-05,Live,7.0,2026-04-15 04:00:00
1001559,Bus Stop,2025-06,Live,4.0,2026-04-15 04:00:00
1001559,Bus Stop,2026-02,Live,9.0,2026-04-15 04:00:00
1001559,Bus Stop,2026-03,Live,10.0,2026-04-15 04:00:00
1001559,Bus Stop,2026-04,Live,10.0,2026-04-15 04:00:00
1001566,Bus Stop,2025-01,Live,1.0,2026-03-26 04:00:00
1001566,Bus Stop,2025-02,Live,2.0,2026-03-26 04:00:00
1001566,Bus Stop,2025-05,Live,1.0,2026-03-26 04:00:00
1001566,Bus Stop,2025-07,Idle,1.0,2025-07-21 04:00:00
1001566,Bus Stop,2025-11,Live,4.0,2026-03-26 04:00:00
1001566,Bus Stop,2025-12,Live,3.0,2026-03-26 04:00:00
1001566,Bus Stop,2026-01,Live,3.0,2026-03-26 04:00:00
1001566,Bus Stop,2026-02,Live,5.0,2026-03-26 04:00:00
1001566,Bus Stop,2026-03,Live,6.0,2026-03-26 04:00:00
1001568,Bus Stop,2024-12,Live,3.0,2026-04-15 04:00:00
1001568,Bus Stop,2025-01,Live,4.0,2026-04-15 04:00:00
1001568,Bus Stop,2025-02,Live,3.0,2026-04-15 04:00:00
1001568,Bus Stop,2025-03,Live,5.0,2026-04-15 04:00:00
1001568,Bus Stop,2025-04,Live,2.0,2026-04-15 04:00:00
1001568,Bus Stop,2025-05,Live,7.0,2026-04-15 04:00:00
1001568,Bus Stop,2025-12,Live,2.0,2026-04-15 04:00:00
1001568,Bus Stop,2026-01,Live,7.0,2026-04-15 04:00:00
1001568,Bus Stop,2026-02,Live,15.0,2026-04-15 04:00:00
1001568,Bus Stop,2026-03,Live,23.0,2026-04-15 04:00:00
1001568,Bus Stop,2026-04,Live,11.0,2026-04-15 04:00:00
1001574,Bus Stop,2024-12,Live,49.0,2025-06-25 04:00:00
1001574,Bus Stop,2025-01,Live,44.0,2025-06-25 04:00:00
1001574,Bus Stop,2025-02,Live,33.0,2025-06-25 04:00:00
1001574,Bus Stop,2025-03,Live,41.0,2025-06-25 04:00:00
1001574,Bus Stop,2025-04,Live,66.0,2025-06-25 04:00:00
1001574,Bus Stop,2025-05,Live,59.0,2025-06-25 04:00:00
1001574,Bus Stop,2025-06,Live,66.0,2025-06-25 04:00:00
1001574,Bus Stop,2025-07,Idle,4.0,2026-03-19 04:00:00
1001574,Bus Stop,2025-10,Idle,20.0,2026-03-19 04:00:00
1001574,Bus Stop,2025-11,Idle,57.0,2026-03-19 04:00:00
1001574,Bus Stop,2025-12,Idle,36.0,2026-03-19 04:00:00
1001574,Bus Stop,2026-01,Idle,19.0,2026-03-19 04:00:00
1001574,Bus Stop,2026-02,Idle,28.0,2026-03-19 04:00:00
1001574,Bus Stop,2026-03,Idle,4.0,2026-03-19 04:00:00
1001577,Bus Stop,2025-06,Live,1.0,2025-06-01 04:00:00
1001581,Bus Stop,2025-04,Live,2.0,2025-06-16 04:00:00
1001581,Bus Stop,2025-06,Live,2.0,2025-06-16 04:00:00
1001592,Bus Stop,2024-12,Live,63.0,2026-04-15 04:00:00
1001592,Bus Stop,2025-01,Live,41.0,2026-04-15 04:00:00
1001592,Bus Stop,2025-02,Live,72.0,2026-04-15 04:00:00
1001592,Bus Stop,2025-03,Live,90.0,2026-04-15 04:00:00
1001592,Bus Stop,2025-04,Live,66.0,2026-04-15 04:00:00
1001592,Bus Stop,2025-05,Live,105.0,2026-04-15 04:00:00
1001592,Bus Stop,2025-06,Live,72.0,2026-04-15 04:00:00
1001592,Bus Stop,2025-07,Idle,3.0,2025-07-22 04:00:00
1001592,Bus Stop,2026-02,Live,9.0,2026-04-15 04:00:00
1001592,Bus Stop,2026-03,Live,80.0,2026-04-15 04:00:00
1001592,Bus Stop,2026-04,Live,44.0,2026-04-15 04:00:00
1001593,Bus Stop,2024-12,Live,5.0,2026-04-09 04:00:00
1001593,Bus Stop,2025-01,Live,5.0,2026-04-09 04:00:00
1001593,Bus Stop,2025-02,Live,4.0,2026-04-09 04:00:00
1001593,Bus Stop,2025-03,Live,6.0,2026-04-09 04:00:00
1001593,Bus Stop,2025-04,Live,4.0,2026-04-09 04:00:00
1001593,Bus Stop,2025-05,Live,4.0,2026-04-09 04:00:00
1001593,Bus Stop,2025-06,Live,2.0,2026-04-09 04:00:00
1001593,Bus Stop,2026-03,Live,9.0,2026-04-09 04:00:00
1001593,Bus Stop,2026-04,Live,3.0,2026-04-09 04:00:00
1001594,Bus Stop,2025-04,Live,1.0,2026-04-06 04:00:00
1001594,Bus Stop,2025-05,Live,1.0,2026-04-06 04:00:00
1001594,Bus Stop,2026-03,Live,1.0,2026-04-06 04:00:00
1001594,Bus Stop,2026-04,Live,1.0,2026-04-06 04:00:00
1001595,Bus Stop,2024-12,Live,6.0,2025-06-22 04:00:00
1001595,Bus Stop,2025-01,Live,6.0,2025-06-22 04:00:00
1001595,Bus Stop,2025-02,Live,7.0,2025-06-22 04:00:00
1001595,Bus Stop,2025-03,Live,1.0,2025-06-22 04:00:00
1001595,Bus Stop,2025-04,Live,3.0,2025-06-22 04:00:00
1001595,Bus Stop,2025-05,Live,3.0,2025-06-22 04:00:00
1001595,Bus Stop,2025-06,Live,3.0,2025-06-22 04:00:00
1001596,Bus Stop,2024-12,Live,2.0,2026-04-02 04:00:00
1001596,Bus Stop,2025-01,Live,3.0,2026-04-02 04:00:00
1001596,Bus Stop,2025-02,Live,1.0,2026-04-02 04:00:00
1001596,Bus Stop,2025-04,Live,1.0,2026-04-02 04:00:00
1001596,Bus Stop,2025-05,Live,1.0,2026-04-02 04:00:00
1001596,Bus Stop,2025-06,Live,3.0,2026-04-02 04:00:00
1001596,Bus Stop,2026-02,Live,3.0,2026-04-02 04:00:00
1001596,Bus Stop,2026-03,Live,3.0,2026-04-02 04:00:00
1001596,Bus Stop,2026-04,Live,1.0,2026-04-02 04:00:00
1001602,Bus Stop,2024-12,Live,21.0,2026-04-15 04:00:00
1001602,Bus Stop,2025-01,Live,7.0,2026-04-15 04:00:00
1001602,Bus Stop,2025-02,Live,2.0,2026-04-15 04:00:00
1001602,Bus Stop,2025-03,Live,4.0,2026-04-15 04:00:00
1001602,Bus Stop,2025-04,Live,10.0,2026-04-15 04:00:00
1001602,Bus Stop,2025-05,Live,15.0,2026-04-15 04:00:00
1001602,Bus Stop,2025-06,Live,11.0,2026-04-15 04:00:00
1001602,Bus Stop,2025-11,Live,5.0,2026-04-15 04:00:00
1001602,Bus Stop,2025-12,Live,20.0,2026-04-15 04:00:00
1001602,Bus Stop,2026-01,Live,26.0,2026-04-15 04:00:00
1001602,Bus Stop,2026-02,Live,33.0,2026-04-15 04:00:00
1001602,Bus Stop,2026-03,Live,27.0,2026-04-15 04:00:00
1001602,Bus Stop,2026-04,Live,18.0,2026-04-15 04:00:00
1001606,Bus Stop,2024-12,Live,49.0,2025-06-25 04:00:00
1001606,Bus Stop,2025-01,Live,38.0,2025-06-25 04:00:00
1001606,Bus Stop,2025-02,Live,37.0,2025-06-25 04:00:00
1001606,Bus Stop,2025-03,Live,87.0,2025-06-25 04:00:00
1001606,Bus Stop,2025-04,Live,144.0,2025-06-25 04:00:00
1001606,Bus Stop,2025-05,Live,140.0,2025-06-25 04:00:00
1001606,Bus Stop,2025-06,Live,99.0,2025-06-25 04:00:00
1001606,Bus Stop,2025-07,Idle,10.0,2025-07-21 04:00:00
1001607,Bus Stop,2024-12,Live,6.0,2025-06-25 04:00:00
1001607,Bus Stop,2025-01,Live,7.0,2025-06-25 04:00:00
1001607,Bus Stop,2025-02,Live,9.0,2025-06-25 04:00:00
1001607,Bus Stop,2025-03,Live,3.0,2025-06-25 04:00:00
1001607,Bus Stop,2025-04,Live,12.0,2025-06-25 04:00:00
1001607,Bus Stop,2025-05,Live,12.0,2025-06-25 04:00:00
1001607,Bus Stop,2025-06,Live,8.0,2025-06-25 04:00:00
1001610,Bus Stop,2025-04,Live,1.0,2025-06-24 04:00:00
1001610,Bus Stop,2025-06,Live,3.0,2025-06-24 04:00:00
1001613,Bus Stop,2025-01,Live,1.0,2025-06-10 04:00:00
1001613,Bus Stop,2025-05,Live,1.0,2025-06-10 04:00:00
1001613,Bus Stop,2025-06,Live,3.0,2025-06-10 04:00:00
1001618,Bus Stop,2024-12,Live,8.0,2025-06-25 04:00:00
1001618,Bus Stop,2025-01,Live,17.0,2025-06-25 04:00:00
1001618,Bus Stop,2025-02,Live,26.0,2025-06-25 04:00:00
1001618,Bus Stop,2025-03,Live,40.0,2025-06-25 04:00:00
1001618,Bus Stop,2025-04,Live,26.0,2025-06-25 04:00:00
1001618,Bus Stop,2025-05,Live,21.0,2025-06-25 04:00:00
1001618,Bus Stop,2025-06,Live,26.0,2025-06-25 04:00:00
1001620,Bus Stop,2025-06,Live,1.0,2025-06-24 04:00:00
1001625,Bus Stop,2024-12,Live,1.0,2025-03-12 04:00:00
1001625,Bus Stop,2025-01,Live,2.0,2025-03-12 04:00:00
1001625,Bus Stop,2025-03,Live,1.0,2025-03-12 04:00:00
1001626,Bus Stop,2024-12,Live,8.0,2025-06-22 04:00:00
1001626,Bus Stop,2025-01,Live,11.0,2025-06-22 04:00:00
1001626,Bus Stop,2025-02,Live,7.0,2025-06-22 04:00:00
1001626,Bus Stop,2025-03,Live,8.0,2025-06-22 04:00:00
1001626,Bus Stop,2025-04,Live,8.0,2025-06-22 04:00:00
1001626,Bus Stop,2025-05,Live,11.0,2025-06-22 04:00:00
1001626,Bus Stop,2025-06,Live,12.0,2025-06-22 04:00:00
1001626,Bus Stop,2026-03,Idle,13.0,2026-04-14 04:00:00
1001626,Bus Stop,2026-04,Idle,7.0,2026-04-14 04:00:00
1001629,Bus Stop,2024-12,Live,2.0,2026-04-15 04:00:00
1001629,Bus Stop,2025-01,Live,2.0,2026-04-15 04:00:00
1001629,Bus Stop,2025-02,Live,1.0,2026-04-15 04:00:00
1001629,Bus Stop,2025-03,Live,1.0,2026-04-15 04:00:00
1001629,Bus Stop,2025-04,Live,2.0,2026-04-15 04:00:00
1001629,Bus Stop,2025-06,Live,2.0,2026-04-15 04:00:00
1001629,Bus Stop,2026-02,Live,5.0,2026-04-15 04:00:00
1001629,Bus Stop,2026-03,Live,1.0,2026-04-15 04:00:00
1001629,Bus Stop,2026-04,Live,2.0,2026-04-15 04:00:00
1001631,Bus Stop,2024-12,Live,3.0,2026-04-13 04:00:00
1001631,Bus Stop,2025-01,Live,5.0,2026-04-13 04:00:00
1001631,Bus Stop,2025-02,Live,2.0,2026-04-13 04:00:00
1001631,Bus Stop,2025-03,Live,3.0,2026-04-13 04:00:00
1001631,Bus Stop,2025-04,Live,2.0,2026-04-13 04:00:00
1001631,Bus Stop,2025-05,Live,1.0,2026-04-13 04:00:00
1001631,Bus Stop,2025-06,Live,3.0,2026-04-13 04:00:00
1001631,Bus Stop,2025-11,Live,1.0,2026-04-13 04:00:00
1001631,Bus Stop,2025-12,Live,2.0,2026-04-13 04:00:00
1001631,Bus Stop,2026-01,Live,2.0,2026-04-13 04:00:00
1001631,Bus Stop,2026-02,Live,6.0,2026-04-13 04:00:00
1001631,Bus Stop,2026-03,Live,1.0,2026-04-13 04:00:00
1001631,Bus Stop,2026-04,Live,3.0,2026-04-13 04:00:00
1001632,Bus Stop,2024-12,Live,2.0,2026-04-15 04:00:00
1001632,Bus Stop,2025-01,Live,2.0,2026-04-15 04:00:00
1001632,Bus Stop,2025-02,Live,1.0,2026-04-15 04:00:00
1001632,Bus Stop,2025-03,Live,2.0,2026-04-15 04:00:00
1001632,Bus Stop,2025-04,Live,3.0,2026-04-15 04:00:00
1001632,Bus Stop,2025-05,Live,1.0,2026-04-15 04:00:00
1001632,Bus Stop,2025-06,Live,2.0,2026-04-15 04:00:00
1001632,Bus Stop,2025-07,Idle,1.0,2025-07-21 04:00:00
1001632,Bus Stop,2025-12,Live,3.0,2026-04-15 04:00:00
1001632,Bus Stop,2026-01,Live,3.0,2026-04-15 04:00:00
1001632,Bus Stop,2026-02,Live,11.0,2026-04-15 04:00:00
1001632,Bus Stop,2026-03,Live,10.0,2026-04-15 04:00:00
1001632,Bus Stop,2026-04,Live,5.0,2026-04-15 04:00:00
1001637,Bus Stop,2025-01,Live,1.0,2025-06-24 04:00:00
1001637,Bus Stop,2025-03,Live,2.0,2025-06-24 04:00:00
1001637,Bus Stop,2025-06,Live,2.0,2025-06-24 04:00:00
1001639,Bus Stop,2024-12,Live,3.0,2026-03-04 05:00:00
1001639,Bus Stop,2025-01,Live,6.0,2026-03-04 05:00:00
1001639,Bus Stop,2025-02,Live,1.0,2026-03-04 05:00:00
1001639,Bus Stop,2025-03,Live,1.0,2026-03-04 05:00:00
1001639,Bus Stop,2025-04,Live,2.0,2026-03-04 05:00:00
1001639,Bus Stop,2025-05,Live,7.0,2026-03-04 05:00:00
1001639,Bus Stop,2025-06,Live,4.0,2026-03-04 05:00:00
1001639,Bus Stop,2026-01,Live,3.0,2026-03-04 05:00:00
1001639,Bus Stop,2026-02,Live,4.0,2026-03-04 05:00:00
1001639,Bus Stop,2026-03,Live,1.0,2026-03-04 05:00:00
1001640,Bus Stop,2024-12,Live,1.0,2026-04-12 04:00:00
1001640,Bus Stop,2025-05,Live,1.0,2026-04-12 04:00:00
1001640,Bus Stop,2025-06,Live,3.0,2026-04-12 04:00:00
1001640,Bus Stop,2026-01,Live,1.0,2026-04-12 04:00:00
1001640,Bus Stop,2026-04,Live,3.0,2026-04-12 04:00:00
1001644,Bus Stop,2025-03,Live,1.0,2025-03-27 04:00:00
1001645,Bus Stop,2024-12,Live,7.0,2026-04-13 04:00:00
1001645,Bus Stop,2025-01,Live,5.0,2026-04-13 04:00:00
1001645,Bus Stop,2025-02,Live,1.0,2026-04-13 04:00:00
1001645,Bus Stop,2025-03,Live,7.0,2026-04-13 04:00:00
1001645,Bus Stop,2025-04,Live,12.0,2026-04-13 04:00:00
1001645,Bus Stop,2025-05,Live,6.0,2026-04-13 04:00:00
1001645,Bus Stop,2025-06,Live,9.0,2026-04-13 04:00:00
1001645,Bus Stop,2026-04,Live,1.0,2026-04-13 04:00:00
1001653,Bus Stop,2025-01,Live,1.0,2026-04-08 04:00:00
1001653,Bus Stop,2025-03,Live,1.0,2026-04-08 04:00:00
1001653,Bus Stop,2025-05,Live,1.0,2026-04-08 04:00:00
1001653,Bus Stop,2025-07,Idle,1.0,2025-07-21 04:00:00
1001653,Bus Stop,2025-12,Live,1.0,2026-04-08 04:00:00
1001653,Bus Stop,2026-02,Live,3.0,2026-04-08 04:00:00
1001653,Bus Stop,2026-03,Live,4.0,2026-04-08 04:00:00
1001653,Bus Stop,2026-04,Live,1.0,2026-04-08 04:00:00
1001655,Bus Stop,2024-12,Live,26.0,2026-04-15 04:00:00
1001655,Bus Stop,2025-01,Live,35.0,2026-04-15 04:00:00
1001655,Bus Stop,2025-02,Live,24.0,2026-04-15 04:00:00
1001655,Bus Stop,2025-03,Live,15.0,2026-04-15 04:00:00
1001655,Bus Stop,2025-04,Live,20.0,2026-04-15 04:00:00
1001655,Bus Stop,2025-05,Live,19.0,2026-04-15 04:00:00
1001655,Bus Stop,2025-06,Live,41.0,2026-04-15 04:00:00
1001655,Bus Stop,2025-12,Live,25.0,2026-04-15 04:00:00
1001655,Bus Stop,2026-01,Live,46.0,2026-04-15 04:00:00
1001655,Bus Stop,2026-02,Live,69.0,2026-04-15 04:00:00
1001655,Bus Stop,2026-03,Live,57.0,2026-04-15 04:00:00
1001655,Bus Stop,2026-04,Live,18.0,2026-04-15 04:00:00
1001656,Bus Stop,2024-12,Live,15.0,2025-06-23 04:00:00
1001656,Bus Stop,2025-01,Live,4.0,2025-06-23 04:00:00
1001656,Bus Stop,2025-02,Live,3.0,2025-06-23 04:00:00
1001656,Bus Stop,2025-03,Live,11.0,2025-06-23 04:00:00
1001656,Bus Stop,2025-04,Live,7.0,2025-06-23 04:00:00
1001656,Bus Stop,2025-05,Live,32.0,2025-06-23 04:00:00
1001656,Bus Stop,2025-06,Live,16.0,2025-06-23 04:00:00
1001660,Bus Stop,2025-02,Live,1.0,2025-06-11 04:00:00
1001660,Bus Stop,2025-04,Live,3.0,2025-06-11 04:00:00
1001660,Bus Stop,2025-05,Live,1.0,2025-06-11 04:00:00
1001660,Bus Stop,2025-06,Live,2.0,2025-06-11 04:00:00
1001661,Bus Stop,2025-01,Live,1.0,2025-05-23 04:00:00
1001661,Bus Stop,2025-03,Live,1.0,2025-05-23 04:00:00
1001661,Bus Stop,2025-05,Live,3.0,2025-05-23 04:00:00
1001666,Bus Stop,2024-12,Live,9.0,2026-04-12 04:00:00
1001666,Bus Stop,2025-01,Live,10.0,2026-04-12 04:00:00
1001666,Bus Stop,2025-02,Live,2.0,2026-04-12 04:00:00
1001666,Bus Stop,2025-03,Live,11.0,2026-04-12 04:00:00
1001666,Bus Stop,2025-04,Live,2.0,2026-04-12 04:00:00
1001666,Bus Stop,2025-05,Live,3.0,2026-04-12 04:00:00
1001666,Bus Stop,2025-06,Live,6.0,2026-04-12 04:00:00
1001666,Bus Stop,2026-03,Live,5.0,2026-04-12 04:00:00
1001666,Bus Stop,2026-04,Live,2.0,2026-04-12 04:00:00
1001672,Bus Stop,2024-12,Live,18.0,2025-06-24 04:00:00
1001672,Bus Stop,2025-01,Live,25.0,2025-06-24 04:00:00
1001672,Bus Stop,2025-02,Live,14.0,2025-06-24 04:00:00
1001672,Bus Stop,2025-03,Live,17.0,2025-06-24 04:00:00
1001672,Bus Stop,2025-04,Live,14.0,2025-06-24 04:00:00
1001672,Bus Stop,2025-05,Live,11.0,2025-06-24 04:00:00
1001672,Bus Stop,2025-06,Live,11.0,2025-06-24 04:00:00
1001673,Bus Stop,2025-01,Live,6.0,2025-06-23 04:00:00
1001673,Bus Stop,2025-02,Live,7.0,2025-06-23 04:00:00
1001673,Bus Stop,2025-03,Live,2.0,2025-06-23 04:00:00
1001673,Bus Stop,2025-04,Live,5.0,2025-06-23 04:00:00
1001673,Bus Stop,2025-05,Live,2.0,2025-06-23 04:00:00
1001673,Bus Stop,2025-06,Live,6.0,2025-06-23 04:00:00
1001673,Bus Stop,2025-12,Idle,21.0,2026-04-14 04:00:00
1001673,Bus Stop,2026-01,Idle,18.0,2026-04-14 04:00:00
1001673,Bus Stop,2026-02,Idle,19.0,2026-04-14 04:00:00
1001673,Bus Stop,2026-03,Idle,17.0,2026-04-14 04:00:00
1001673,Bus Stop,2026-04,Idle,10.0,2026-04-14 04:00:00
1001674,Bus Stop,2024-12,Live,2.0,2025-06-23 04:00:00
1001674,Bus Stop,2025-01,Live,3.0,2025-06-23 04:00:00
1001674,Bus Stop,2025-03,Live,2.0,2025-06-23 04:00:00
1001674,Bus Stop,2025-04,Live,2.0,2025-06-23 04:00:00
1001674,Bus Stop,2025-05,Live,6.0,2025-06-23 04:00:00
1001674,Bus Stop,2025-06,Live,2.0,2025-06-23 04:00:00
1001675,Bus Stop,2024-12,Live,36.0,2025-06-25 04:00:00
1001675,Bus Stop,2025-01,Live,33.0,2025-06-25 04:00:00
1001675,Bus Stop,2025-02,Live,44.0,2025-06-25 04:00:00
1001675,Bus Stop,2025-03,Live,28.0,2025-06-25 04:00:00
1001675,Bus Stop,2025-04,Live,23.0,2025-06-25 04:00:00
1001675,Bus Stop,2025-05,Live,19.0,2025-06-25 04:00:00
1001675,Bus Stop,2025-06,Live,33.0,2025-06-25 04:00:00
1001676,Bus Stop,2025-05,Live,1.0,2026-02-10 05:00:00
1001676,Bus Stop,2026-02,Live,2.0,2026-02-10 05:00:00
1001677,Bus Stop,2024-12,Live,1.0,2026-04-12 04:00:00
1001677,Bus Stop,2026-01,Live,3.0,2026-04-12 04:00:00
1001677,Bus Stop,2026-02,Live,6.0,2026-04-12 04:00:00
1001677,Bus Stop,2026-03,Live,3.0,2026-04-12 04:00:00
1001677,Bus Stop,2026-04,Live,5.0,2026-04-12 04:00:00
1001678,Bus Stop,2024-12,Live,6.0,2025-06-20 04:00:00
1001678,Bus Stop,2025-01,Live,3.0,2025-06-20 04:00:00
1001678,Bus Stop,2025-02,Live,2.0,2025-06-20 04:00:00
1001678,Bus Stop,2025-03,Live,5.0,2025-06-20 04:00:00
1001678,Bus Stop,2025-04,Live,4.0,2025-06-20 04:00:00
1001678,Bus Stop,2025-05,Live,7.0,2025-06-20 04:00:00
1001678,Bus Stop,2025-06,Live,12.0,2025-06-20 04:00:00
1001680,Bus Stop,2024-12,Live,1.0,2025-06-23 04:00:00
1001680,Bus Stop,2025-01,Live,3.0,2025-06-23 04:00:00
1001680,Bus Stop,2025-04,Live,2.0,2025-06-23 04:00:00
1001680,Bus Stop,2025-06,Live,3.0,2025-06-23 04:00:00
1001683,Bus Stop,2024-12,Live,15.0,2025-06-24 04:00:00
1001683,Bus Stop,2025-01,Live,21.0,2025-06-24 04:00:00
1001683,Bus Stop,2025-02,Live,20.0,2025-06-24 04:00:00
1001683,Bus Stop,2025-03,Live,24.0,2025-06-24 04:00:00
1001683,Bus Stop,2025-04,Live,24.0,2025-06-24 04:00:00
1001683,Bus Stop,2025-05,Live,26.0,2025-06-24 04:00:00
1001683,Bus Stop,2025-06,Live,17.0,2025-06-24 04:00:00
1001684,Bus Stop,2024-12,Live,22.0,2026-04-15 04:00:00
1001684,Bus Stop,2025-01,Live,23.0,2026-04-15 04:00:00
1001684,Bus Stop,2025-02,Live,14.0,2026-04-15 04:00:00
1001684,Bus Stop,2025-03,Live,7.0,2026-04-15 04:00:00
1001684,Bus Stop,2025-04,Live,13.0,2026-04-15 04:00:00
1001684,Bus Stop,2025-05,Live,17.0,2026-04-15 04:00:00
1001684,Bus Stop,2025-06,Live,16.0,2026-04-15 04:00:00
1001684,Bus Stop,2025-12,Live,15.0,2026-04-15 04:00:00
1001684,Bus Stop,2026-01,Live,29.0,2026-04-15 04:00:00
1001684,Bus Stop,2026-02,Live,46.0,2026-04-15 04:00:00
1001684,Bus Stop,2026-03,Live,32.0,2026-04-15 04:00:00
1001684,Bus Stop,2026-04,Live,22.0,2026-04-15 04:00:00
1001685,Bus Stop,2024-12,Live,2.0,2025-06-22 04:00:00
1001685,Bus Stop,2025-03,Live,3.0,2025-06-22 04:00:00
1001685,Bus Stop,2025-04,Live,1.0,2025-06-22 04:00:00
1001685,Bus Stop,2025-05,Live,2.0,2025-06-22 04:00:00
1001685,Bus Stop,2025-06,Live,2.0,2025-06-22 04:00:00
1001687,Bus Stop,2024-12,Live,31.0,2025-06-25 04:00:00
1001687,Bus Stop,2025-01,Live,21.0,2025-06-25 04:00:00
1001687,Bus Stop,2025-02,Live,14.0,2025-06-25 04:00:00
1001687,Bus Stop,2025-03,Live,28.0,2025-06-25 04:00:00
1001687,Bus Stop,2025-04,Live,34.0,2025-06-25 04:00:00
1001687,Bus Stop,2025-05,Live,44.0,2025-06-25 04:00:00
1001687,Bus Stop,2025-06,Live,26.0,2025-06-25 04:00:00
1001688,Bus Stop,2024-12,Live,19.0,2026-04-07 04:00:00
1001688,Bus Stop,2025-01,Live,15.0,2026-04-07 04:00:00
1001688,Bus Stop,2025-02,Live,8.0,2026-04-07 04:00:00
1001688,Bus Stop,2025-03,Live,13.0,2026-04-07 04:00:00
1001688,Bus Stop,2025-04,Live,13.0,2026-04-07 04:00:00
1001688,Bus Stop,2025-05,Live,14.0,2026-04-07 04:00:00
1001688,Bus Stop,2025-06,Live,16.0,2026-04-07 04:00:00
1001688,Bus Stop,2025-12,Live,3.0,2026-04-07 04:00:00
1001688,Bus Stop,2026-01,Live,11.0,2026-04-07 04:00:00
1001688,Bus Stop,2026-02,Live,18.0,2026-04-07 04:00:00
1001688,Bus Stop,2026-03,Live,13.0,2026-04-07 04:00:00
1001688,Bus Stop,2026-04,Live,2.0,2026-04-07 04:00:00
1001689,Bus Stop,2025-01,Live,1.0,2026-04-13 04:00:00
1001689,Bus Stop,2025-03,Live,2.0,2026-04-13 04:00:00
1001689,Bus Stop,2026-02,Live,2.0,2026-04-13 04:00:00
1001689,Bus Stop,2026-03,Live,3.0,2026-04-13 04:00:00
1001689,Bus Stop,2026-04,Live,2.0,2026-04-13 04:00:00
1001690,Bus Stop,2024-12,Live,16.0,2025-06-24 04:00:00
1001690,Bus Stop,2025-01,Live,16.0,2025-06-24 04:00:00
1001690,Bus Stop,2025-02,Live,10.0,2025-06-24 04:00:00
1001690,Bus Stop,2025-03,Live,15.0,2025-06-24 04:00:00
1001690,Bus Stop,2025-04,Live,11.0,2025-06-24 04:00:00
1001690,Bus Stop,2025-05,Live,5.0,2025-06-24 04:00:00
1001690,Bus Stop,2025-06,Live,12.0,2025-06-24 04:00:00
1001691,Bus Stop,2024-12,Live,11.0,2026-04-14 04:00:00
1001691,Bus Stop,2025-01,Live,9.0,2026-04-14 04:00:00
1001691,Bus Stop,2025-02,Live,5.0,2026-04-14 04:00:00
1001691,Bus Stop,2025-03,Live,12.0,2026-04-14 04:00:00
1001691,Bus Stop,2025-04,Live,4.0,2026-04-14 04:00:00
1001691,Bus Stop,2025-05,Live,18.0,2026-04-14 04:00:00
1001691,Bus Stop,2025-06,Live,16.0,2026-04-14 04:00:00
1001691,Bus Stop,2025-12,Live,10.0,2026-04-14 04:00:00
1001691,Bus Stop,2026-01,Live,19.0,2026-04-14 04:00:00
1001691,Bus Stop,2026-02,Live,36.0,2026-04-14 04:00:00
1001691,Bus Stop,2026-03,Live,32.0,2026-04-14 04:00:00
1001691,Bus Stop,2026-04,Live,16.0,2026-04-14 04:00:00
1001696,Bus Stop,2025-03,Live,2.0,2026-03-19 04:00:00
1001696,Bus Stop,2025-04,Live,2.0,2026-03-19 04:00:00
1001696,Bus Stop,2025-06,Live,2.0,2026-03-19 04:00:00
1001696,Bus Stop,2025-12,Live,2.0,2026-03-19 04:00:00
1001696,Bus Stop,2026-01,Live,1.0,2026-03-19 04:00:00
1001696,Bus Stop,2026-02,Live,2.0,2026-03-19 04:00:00
1001696,Bus Stop,2026-03,Live,2.0,2026-03-19 04:00:00
1001699,Bus Stop,2024-12,Live,5.0,2025-06-15 04:00:00
1001699,Bus Stop,2025-02,Live,2.0,2025-06-15 04:00:00
1001699,Bus Stop,2025-03,Live,7.0,2025-06-15 04:00:00
1001699,Bus Stop,2025-04,Live,4.0,2025-06-15 04:00:00
1001699,Bus Stop,2025-05,Live,4.0,2025-06-15 04:00:00
1001699,Bus Stop,2025-06,Live,3.0,2025-06-15 04:00:00
1001702,Bus Stop,2024-12,Live,1.0,2026-04-05 04:00:00
1001702,Bus Stop,2025-01,Live,2.0,2026-04-05 04:00:00
1001702,Bus Stop,2025-02,Live,1.0,2026-04-05 04:00:00
1001702,Bus Stop,2025-03,Live,3.0,2026-04-05 04:00:00
1001702,Bus Stop,2025-04,Live,3.0,2026-04-05 04:00:00
1001702,Bus Stop,2025-05,Live,6.0,2026-04-05 04:00:00
1001702,Bus Stop,2025-06,Live,4.0,2026-04-05 04:00:00
1001702,Bus Stop,2025-11,Live,3.0,2026-04-05 04:00:00
1001702,Bus Stop,2025-12,Live,4.0,2026-04-05 04:00:00
1001702,Bus Stop,2026-01,Live,2.0,2026-04-05 04:00:00
1001702,Bus Stop,2026-02,Live,1.0,2026-04-05 04:00:00
1001702,Bus Stop,2026-03,Live,5.0,2026-04-05 04:00:00
1001702,Bus Stop,2026-04,Live,5.0,2026-04-05 04:00:00
1001705,Bus Stop,2024-12,Live,1.0,2025-02-06 05:00:00
1001705,Bus Stop,2025-01,Live,4.0,2025-02-06 05:00:00
1001705,Bus Stop,2025-02,Live,2.0,2025-02-06 05:00:00
1001706,Bus Stop,2024-12,Live,4.0,2025-06-24 04:00:00
1001706,Bus Stop,2025-01,Live,12.0,2025-06-24 04:00:00
1001706,Bus Stop,2025-02,Live,9.0,2025-06-24 04:00:00
1001706,Bus Stop,2025-03,Live,15.0,2025-06-24 04:00:00
1001706,Bus Stop,2025-04,Live,13.0,2025-06-24 04:00:00
1001706,Bus Stop,2025-05,Live,18.0,2025-06-24 04:00:00
1001706,Bus Stop,2025-06,Live,13.0,2025-06-24 04:00:00
1001708,Bus Stop,2024-12,Live,12.0,2026-04-13 04:00:00
1001708,Bus Stop,2025-01,Live,5.0,2026-04-13 04:00:00
1001708,Bus Stop,2025-02,Live,9.0,2026-04-13 04:00:00
1001708,Bus Stop,2025-03,Live,6.0,2026-04-13 04:00:00
1001708,Bus Stop,2025-04,Live,5.0,2026-04-13 04:00:00
1001708,Bus Stop,2025-05,Live,5.0,2026-04-13 04:00:00
1001708,Bus Stop,2025-06,Live,10.0,2026-04-13 04:00:00
1001708,Bus Stop,2025-12,Live,6.0,2026-04-13 04:00:00
1001708,Bus Stop,2026-01,Live,17.0,2026-04-13 04:00:00
1001708,Bus Stop,2026-02,Live,50.0,2026-04-13 04:00:00
1001708,Bus Stop,2026-03,Live,11.0,2026-04-13 04:00:00
1001708,Bus Stop,2026-04,Live,6.0,2026-04-13 04:00:00
1001711,Bus Stop,2024-12,Live,15.0,2025-06-23 04:00:00
1001711,Bus Stop,2025-01,Live,18.0,2025-06-23 04:00:00
1001711,Bus Stop,2025-02,Live,12.0,2025-06-23 04:00:00
1001711,Bus Stop,2025-03,Live,20.0,2025-06-23 04:00:00
1001711,Bus Stop,2025-04,Live,11.0,2025-06-23 04:00:00
1001711,Bus Stop,2025-05,Live,13.0,2025-06-23 04:00:00
1001711,Bus Stop,2025-06,Live,9.0,2025-06-23 04:00:00
1001712,Bus Stop,2025-06,Live,2.0,2025-06-21 04:00:00
1001715,Bus Stop,2025-02,Live,1.0,2025-05-08 04:00:00
1001715,Bus Stop,2025-05,Live,1.0,2025-05-08 04:00:00
1001721,Bus Stop,2024-12,Live,1.0,2025-06-21 04:00:00
1001721,Bus Stop,2025-01,Live,1.0,2025-06-21 04:00:00
1001721,Bus Stop,2025-02,Live,1.0,2025-06-21 04:00:00
1001721,Bus Stop,2025-04,Live,2.0,2025-06-21 04:00:00
1001721,Bus Stop,2025-05,Live,1.0,2025-06-21 04:00:00
1001721,Bus Stop,2025-06,Live,5.0,2025-06-21 04:00:00
1001723,Bus Stop,2024-12,Live,4.0,2025-06-21 04:00:00
1001723,Bus Stop,2025-05,Live,8.0,2025-06-21 04:00:00
1001723,Bus Stop,2025-06,Live,4.0,2025-06-21 04:00:00
1001730,Bus Stop,2025-05,Live,1.0,2025-06-06 04:00:00
1001730,Bus Stop,2025-06,Live,1.0,2025-06-06 04:00:00
1001736,Bus Stop,2024-12,Live,1.0,2026-04-15 04:00:00
1001736,Bus Stop,2025-04,Live,1.0,2026-04-15 04:00:00
1001736,Bus Stop,2025-05,Live,8.0,2026-04-15 04:00:00
1001736,Bus Stop,2025-06,Live,3.0,2026-04-15 04:00:00
1001736,Bus Stop,2026-03,Live,7.0,2026-04-15 04:00:00
1001736,Bus Stop,2026-04,Live,8.0,2026-04-15 04:00:00
1001739,Bus Stop,2025-03,Live,1.0,2025-04-06 04:00:00
1001739,Bus Stop,2025-04,Live,1.0,2025-04-06 04:00:00
1001746,Bus Stop,2025-01,Live,2.0,2026-03-24 04:00:00
1001746,Bus Stop,2025-03,Live,1.0,2026-03-24 04:00:00
1001746,Bus Stop,2025-04,Live,2.0,2026-03-24 04:00:00
1001746,Bus Stop,2025-05,Live,1.0,2026-03-24 04:00:00
1001746,Bus Stop,2025-06,Live,2.0,2026-03-24 04:00:00
1001746,Bus Stop,2025-11,Live,5.0,2026-03-24 04:00:00
1001746,Bus Stop,2025-12,Live,2.0,2026-03-24 04:00:00
1001746,Bus Stop,2026-01,Live,2.0,2026-03-24 04:00:00
1001746,Bus Stop,2026-02,Live,8.0,2026-03-24 04:00:00
1001746,Bus Stop,2026-03,Live,5.0,2026-03-24 04:00:00
1001751,Bus Stop,2024-12,Live,37.0,2025-06-25 04:00:00
1001751,Bus Stop,2025-01,Live,74.0,2025-06-25 04:00:00
1001751,Bus Stop,2025-02,Live,64.0,2025-06-25 04:00:00
1001751,Bus Stop,2025-03,Live,58.0,2025-06-25 04:00:00
1001751,Bus Stop,2025-04,Live,49.0,2025-06-25 04:00:00
1001751,Bus Stop,2025-05,Live,58.0,2025-06-25 04:00:00
1001751,Bus Stop,2025-06,Live,31.0,2025-06-25 04:00:00
1001751,Bus Stop,2025-07,Idle,7.0,2025-07-22 04:00:00
1001755,Bus Stop,2024-12,Live,30.0,2026-04-15 04:00:00
1001755,Bus Stop,2025-01,Live,51.0,2026-04-15 04:00:00
1001755,Bus Stop,2025-02,Live,21.0,2026-04-15 04:00:00
1001755,Bus Stop,2025-03,Live,19.0,2026-04-15 04:00:00
1001755,Bus Stop,2025-04,Live,29.0,2026-04-15 04:00:00
1001755,Bus Stop,2025-05,Live,34.0,2026-04-15 04:00:00
1001755,Bus Stop,2025-06,Live,14.0,2026-04-15 04:00:00
1001755,Bus Stop,2025-07,Idle,2.0,2025-07-21 04:00:00
1001755,Bus Stop,2026-03,Live,83.0,2026-04-15 04:00:00
1001755,Bus Stop,2026-04,Live,64.0,2026-04-15 04:00:00
1001757,Bus Stop,2024-12,Live,2.0,2026-04-04 04:00:00
1001757,Bus Stop,2025-01,Live,1.0,2026-04-04 04:00:00
1001757,Bus Stop,2025-02,Live,2.0,2026-04-04 04:00:00
1001757,Bus Stop,2025-04,Live,3.0,2026-04-04 04:00:00
1001757,Bus Stop,2025-05,Live,2.0,2026-04-04 04:00:00
1001757,Bus Stop,2025-06,Live,3.0,2026-04-04 04:00:00
1001757,Bus Stop,2025-12,Live,5.0,2026-04-04 04:00:00
1001757,Bus Stop,2026-01,Live,5.0,2026-04-04 04:00:00
1001757,Bus Stop,2026-02,Live,4.0,2026-04-04 04:00:00
1001757,Bus Stop,2026-03,Live,7.0,2026-04-04 04:00:00
1001757,Bus Stop,2026-04,Live,2.0,2026-04-04 04:00:00
1001763,Bus Stop,2024-12,Idle,40.0,2025-06-25 04:00:00
1001763,Bus Stop,2025-01,Idle,42.0,2025-06-25 04:00:00
1001763,Bus Stop,2025-02,Idle,20.0,2025-06-25 04:00:00
1001763,Bus Stop,2025-03,Idle,30.0,2025-06-25 04:00:00
1001763,Bus Stop,2025-04,Idle,18.0,2025-06-25 04:00:00
1001763,Bus Stop,2025-05,Idle,50.0,2025-06-25 04:00:00
1001763,Bus Stop,2025-06,Idle,27.0,2025-06-25 04:00:00
1001766,Bus Stop,2024-12,Live,3.0,2025-06-21 04:00:00
1001766,Bus Stop,2025-03,Live,1.0,2025-06-21 04:00:00
1001766,Bus Stop,2025-04,Live,1.0,2025-06-21 04:00:00
1001766,Bus Stop,2025-05,Live,7.0,2025-06-21 04:00:00
1001766,Bus Stop,2025-06,Live,5.0,2025-06-21 04:00:00
1001766,Bus Stop,2025-07,Idle,1.0,2025-07-21 04:00:00
1001774,Bus Stop,2025-04,Live,1.0,2025-04-17 04:00:00
1001777,Bus Stop,2025-02,Live,2.0,2025-05-20 04:00:00
1001777,Bus Stop,2025-03,Live,1.0,2025-05-20 04:00:00
1001777,Bus Stop,2025-04,Live,1.0,2025-05-20 04:00:00
1001777,Bus Stop,2025-05,Live,1.0,2025-05-20 04:00:00
1001781,Bus Stop,2025-01,Live,2.0,2025-06-22 04:00:00
1001781,Bus Stop,2025-02,Live,2.0,2025-06-22 04:00:00
1001781,Bus Stop,2025-03,Live,5.0,2025-06-22 04:00:00
1001781,Bus Stop,2025-04,Live,2.0,2025-06-22 04:00:00
1001781,Bus Stop,2025-05,Live,6.0,2025-06-22 04:00:00
1001781,Bus Stop,2025-06,Live,7.0,2025-06-22 04:00:00
1001782,Bus Stop,2024-12,Live,26.0,2026-04-15 04:00:00
1001782,Bus Stop,2025-01,Live,43.0,2026-04-15 04:00:00
1001782,Bus Stop,2025-02,Live,60.0,2026-04-15 04:00:00
1001782,Bus Stop,2025-03,Live,74.0,2026-04-15 04:00:00
1001782,Bus Stop,2025-04,Live,64.0,2026-04-15 04:00:00
1001782,Bus Stop,2025-05,Live,63.0,2026-04-15 04:00:00
1001782,Bus Stop,2025-06,Live,55.0,2026-04-15 04:00:00
1001782,Bus Stop,2025-07,Idle,2.0,2025-07-21 04:00:00
1001782,Bus Stop,2025-11,Live,55.0,2026-04-15 04:00:00
1001782,Bus Stop,2025-12,Live,62.0,2026-04-15 04:00:00
1001782,Bus Stop,2026-01,Live,43.0,2026-04-15 04:00:00
1001782,Bus Stop,2026-02,Live,55.0,2026-04-15 04:00:00
1001782,Bus Stop,2026-03,Live,80.0,2026-04-15 04:00:00
1001782,Bus Stop,2026-04,Live,34.0,2026-04-15 04:00:00
1001786,Bus Stop,2024-12,Live,3.0,2025-06-05 04:00:00
1001786,Bus Stop,2025-02,Live,1.0,2025-06-05 04:00:00
1001786,Bus Stop,2025-03,Live,1.0,2025-06-05 04:00:00
1001786,Bus Stop,2025-04,Live,3.0,2025-06-05 04:00:00
1001786,Bus Stop,2025-05,Live,1.0,2025-06-05 04:00:00
1001786,Bus Stop,2025-06,Live,1.0,2025-06-05 04:00:00
1001787,Bus Stop,2024-12,Live,36.0,2026-04-13 04:00:00
1001787,Bus Stop,2025-01,Live,55.0,2026-04-13 04:00:00
1001787,Bus Stop,2025-02,Live,43.0,2026-04-13 04:00:00
1001787,Bus Stop,2025-03,Live,72.0,2026-04-13 04:00:00
1001787,Bus Stop,2025-04,Live,70.0,2026-04-13 04:00:00
1001787,Bus Stop,2025-05,Live,76.0,2026-04-13 04:00:00
1001787,Bus Stop,2025-06,Live,62.0,2026-04-13 04:00:00
1001787,Bus Stop,2025-07,Idle,3.0,2025-07-21 04:00:00
1001787,Bus Stop,2025-11,Live,40.0,2026-04-13 04:00:00
1001787,Bus Stop,2025-12,Live,53.0,2026-04-13 04:00:00
1001787,Bus Stop,2026-01,Live,31.0,2026-04-13 04:00:00
1001787,Bus Stop,2026-02,Live,29.0,2026-04-13 04:00:00
1001787,Bus Stop,2026-03,Live,60.0,2026-04-13 04:00:00
1001787,Bus Stop,2026-04,Live,14.0,2026-04-13 04:00:00
1001790,Bus Stop,2025-01,Live,1.0,2025-06-08 04:00:00
1001790,Bus Stop,2025-02,Live,1.0,2025-06-08 04:00:00
1001790,Bus Stop,2025-04,Live,2.0,2025-06-08 04:00:00
1001790,Bus Stop,2025-05,Live,1.0,2025-06-08 04:00:00
1001790,Bus Stop,2025-06,Live,2.0,2025-06-08 04:00:00
1001791,Bus Stop,2024-12,Live,1.0,2026-04-15 04:00:00
1001791,Bus Stop,2025-01,Live,6.0,2026-04-15 04:00:00
1001791,Bus Stop,2025-02,Live,2.0,2026-04-15 04:00:00
1001791,Bus Stop,2025-03,Live,8.0,2026-04-15 04:00:00
1001791,Bus Stop,2025-04,Live,12.0,2026-04-15 04:00:00
1001791,Bus Stop,2025-05,Live,36.0,2026-04-15 04:00:00
1001791,Bus Stop,2025-06,Live,28.0,2026-04-15 04:00:00
1001791,Bus Stop,2025-07,Idle,2.0,2025-07-21 04:00:00
1001791,Bus Stop,2026-02,Live,12.0,2026-04-15 04:00:00
1001791,Bus Stop,2026-03,Live,55.0,2026-04-15 04:00:00
1001791,Bus Stop,2026-04,Live,22.0,2026-04-15 04:00:00
1001792,Bus Stop,2024-12,Live,1.0,2026-04-10 04:00:00
1001792,Bus Stop,2025-01,Live,1.0,2026-04-10 04:00:00
1001792,Bus Stop,2025-02,Live,1.0,2026-04-10 04:00:00
1001792,Bus Stop,2025-03,Live,1.0,2026-04-10 04:00:00
1001792,Bus Stop,2025-04,Live,1.0,2026-04-10 04:00:00
1001792,Bus Stop,2025-05,Live,7.0,2026-04-10 04:00:00
1001792,Bus Stop,2025-06,Live,8.0,2026-04-10 04:00:00
1001792,Bus Stop,2025-11,Live,3.0,2026-04-10 04:00:00
1001792,Bus Stop,2025-12,Live,7.0,2026-04-10 04:00:00
1001792,Bus Stop,2026-01,Live,11.0,2026-04-10 04:00:00
1001792,Bus Stop,2026-02,Live,12.0,2026-04-10 04:00:00
1001792,Bus Stop,2026-03,Live,7.0,2026-04-10 04:00:00
1001792,Bus Stop,2026-04,Live,2.0,2026-04-10 04:00:00
1001803,Bus Stop,2024-12,Live,8.0,2026-04-14 04:00:00
1001803,Bus Stop,2025-01,Live,10.0,2026-04-14 04:00:00
1001803,Bus Stop,2025-02,Live,13.0,2026-04-14 04:00:00
1001803,Bus Stop,2025-03,Live,11.0,2026-04-14 04:00:00
1001803,Bus Stop,2025-04,Live,28.0,2026-04-14 04:00:00
1001803,Bus Stop,2025-05,Live,21.0,2026-04-14 04:00:00
1001803,Bus Stop,2025-06,Live,8.0,2026-04-14 04:00:00
1001803,Bus Stop,2025-11,Live,2.0,2026-04-14 04:00:00
1001803,Bus Stop,2025-12,Live,6.0,2026-04-14 04:00:00
1001803,Bus Stop,2026-01,Live,17.0,2026-04-14 04:00:00
1001803,Bus Stop,2026-02,Live,26.0,2026-04-14 04:00:00
1001803,Bus Stop,2026-03,Live,34.0,2026-04-14 04:00:00
1001803,Bus Stop,2026-04,Live,11.0,2026-04-14 04:00:00
1001805,Bus Stop,2024-12,Live,36.0,2026-04-15 04:00:00
1001805,Bus Stop,2025-01,Live,62.0,2026-04-15 04:00:00
1001805,Bus Stop,2025-02,Live,47.0,2026-04-15 04:00:00
1001805,Bus Stop,2025-03,Live,63.0,2026-04-15 04:00:00
1001805,Bus Stop,2025-04,Live,93.0,2026-04-15 04:00:00
1001805,Bus Stop,2025-05,Live,83.0,2026-04-15 04:00:00
1001805,Bus Stop,2025-06,Live,57.0,2026-04-15 04:00:00
1001805,Bus Stop,2025-07,Idle,5.0,2025-07-22 04:00:00
1001805,Bus Stop,2026-03,Live,85.0,2026-04-15 04:00:00
1001805,Bus Stop,2026-04,Live,53.0,2026-04-15 04:00:00
1001806,Bus Stop,2024-12,Live,16.0,2025-06-25 04:00:00
1001806,Bus Stop,2025-01,Live,14.0,2025-06-25 04:00:00
1001806,Bus Stop,2025-02,Live,20.0,2025-06-25 04:00:00
1001806,Bus Stop,2025-03,Live,20.0,2025-06-25 04:00:00
1001806,Bus Stop,2025-04,Live,15.0,2025-06-25 04:00:00
1001806,Bus Stop,2025-05,Live,51.0,2025-06-25 04:00:00
1001806,Bus Stop,2025-06,Live,34.0,2025-06-25 04:00:00
1001807,Bus Stop,2024-12,Live,18.0,2026-04-15 04:00:00
1001807,Bus Stop,2025-01,Live,14.0,2026-04-15 04:00:00
1001807,Bus Stop,2025-02,Live,13.0,2026-04-15 04:00:00
1001807,Bus Stop,2025-03,Live,12.0,2026-04-15 04:00:00
1001807,Bus Stop,2025-04,Live,13.0,2026-04-15 04:00:00
1001807,Bus Stop,2025-05,Live,21.0,2026-04-15 04:00:00
1001807,Bus Stop,2025-06,Live,23.0,2026-04-15 04:00:00
1001807,Bus Stop,2025-11,Live,7.0,2026-04-15 04:00:00
1001807,Bus Stop,2025-12,Live,13.0,2026-04-15 04:00:00
1001807,Bus Stop,2026-01,Live,18.0,2026-04-15 04:00:00
1001807,Bus Stop,2026-02,Live,12.0,2026-04-15 04:00:00
1001807,Bus Stop,2026-03,Live,27.0,2026-04-15 04:00:00
1001807,Bus Stop,2026-04,Live,6.0,2026-04-15 04:00:00
1001808,Bus Stop,2024-12,Live,6.0,2026-04-15 04:00:00
1001808,Bus Stop,2025-01,Live,9.0,2026-04-15 04:00:00
1001808,Bus Stop,2025-02,Live,5.0,2026-04-15 04:00:00
1001808,Bus Stop,2025-03,Live,8.0,2026-04-15 04:00:00
1001808,Bus Stop,2025-04,Live,2.0,2026-04-15 04:00:00
1001808,Bus Stop,2025-05,Live,1.0,2026-04-15 04:00:00
1001808,Bus Stop,2025-06,Live,7.0,2026-04-15 04:00:00
1001808,Bus Stop,2025-12,Live,2.0,2026-04-15 04:00:00
1001808,Bus Stop,2026-01,Live,20.0,2026-04-15 04:00:00
1001808,Bus Stop,2026-02,Live,14.0,2026-04-15 04:00:00
1001808,Bus Stop,2026-03,Live,14.0,2026-04-15 04:00:00
1001808,Bus Stop,2026-04,Live,14.0,2026-04-15 04:00:00
1001809,Bus Stop,2025-02,Live,1.0,2025-04-18 04:00:00
1001809,Bus Stop,2025-04,Live,2.0,2025-04-18 04:00:00
1001810,Bus Stop,2024-12,Live,1.0,2025-06-10 04:00:00
1001810,Bus Stop,2025-01,Live,1.0,2025-06-10 04:00:00
1001810,Bus Stop,2025-03,Live,1.0,2025-06-10 04:00:00
1001810,Bus Stop,2025-04,Live,2.0,2025-06-10 04:00:00
1001810,Bus Stop,2025-06,Live,1.0,2025-06-10 04:00:00
1001813,Bus Stop,2025-02,Live,1.0,2025-06-08 04:00:00
1001813,Bus Stop,2025-03,Live,2.0,2025-06-08 04:00:00
1001813,Bus Stop,2025-05,Live,7.0,2025-06-08 04:00:00
1001813,Bus Stop,2025-06,Live,3.0,2025-06-08 04:00:00
1001820,Bus Stop,2024-12,Live,2.0,2026-04-14 04:00:00
1001820,Bus Stop,2025-01,Live,3.0,2026-04-14 04:00:00
1001820,Bus Stop,2025-02,Live,3.0,2026-04-14 04:00:00
1001820,Bus Stop,2025-03,Live,3.0,2026-04-14 04:00:00
1001820,Bus Stop,2025-04,Live,5.0,2026-04-14 04:00:00
1001820,Bus Stop,2025-05,Live,20.0,2026-04-14 04:00:00
1001820,Bus Stop,2025-06,Live,3.0,2026-04-14 04:00:00
1001820,Bus Stop,2025-12,Live,3.0,2026-04-14 04:00:00
1001820,Bus Stop,2026-01,Live,3.0,2026-04-14 04:00:00
1001820,Bus Stop,2026-02,Live,11.0,2026-04-14 04:00:00
1001820,Bus Stop,2026-03,Live,5.0,2026-04-14 04:00:00
1001820,Bus Stop,2026-04,Live,7.0,2026-04-14 04:00:00
1001827,Bus Stop,2024-12,Live,9.0,2026-04-15 04:00:00
1001827,Bus Stop,2025-01,Live,31.0,2026-04-15 04:00:00
1001827,Bus Stop,2025-02,Live,21.0,2026-04-15 04:00:00
1001827,Bus Stop,2025-03,Live,20.0,2026-04-15 04:00:00
1001827,Bus Stop,2025-04,Live,24.0,2026-04-15 04:00:00
1001827,Bus Stop,2025-05,Live,11.0,2026-04-15 04:00:00
1001827,Bus Stop,2025-06,Live,15.0,2026-04-15 04:00:00
1001827,Bus Stop,2025-07,Idle,1.0,2025-07-21 04:00:00
1001827,Bus Stop,2025-12,Live,6.0,2026-04-15 04:00:00
1001827,Bus Stop,2026-01,Live,9.0,2026-04-15 04:00:00
1001827,Bus Stop,2026-02,Live,8.0,2026-04-15 04:00:00
1001827,Bus Stop,2026-03,Live,20.0,2026-04-15 04:00:00
1001827,Bus Stop,2026-04,Live,9.0,2026-04-15 04:00:00
1001829,Bus Stop,2025-01,Live,1.0,2025-04-29 04:00:00
1001829,Bus Stop,2025-04,Live,2.0,2025-04-29 04:00:00
1001832,Bus Stop,2024-12,Live,1.0,2025-06-24 04:00:00
1001832,Bus Stop,2025-01,Live,2.0,2025-06-24 04:00:00
1001832,Bus Stop,2025-02,Live,2.0,2025-06-24 04:00:00
1001832,Bus Stop,2025-03,Live,5.0,2025-06-24 04:00:00
1001832,Bus Stop,2025-04,Live,2.0,2025-06-24 04:00:00
1001832,Bus Stop,2025-05,Live,1.0,2025-06-24 04:00:00
1001832,Bus Stop,2025-06,Live,9.0,2025-06-24 04:00:00
1001843,Bus Stop,2024-12,Live,4.0,2026-04-11 04:00:00
1001843,Bus Stop,2025-01,Live,3.0,2026-04-11 04:00:00
1001843,Bus Stop,2025-02,Live,5.0,2026-04-11 04:00:00
1001843,Bus Stop,2025-03,Live,14.0,2026-04-11 04:00:00
1001843,Bus Stop,2025-04,Live,14.0,2026-04-11 04:00:00
1001843,Bus Stop,2025-05,Live,20.0,2026-04-11 04:00:00
1001843,Bus Stop,2025-06,Live,15.0,2026-04-11 04:00:00
1001843,Bus Stop,2025-07,Idle,1.0,2025-07-21 04:00:00
1001843,Bus Stop,2025-12,Live,2.0,2026-04-11 04:00:00
1001843,Bus Stop,2026-01,Live,7.0,2026-04-11 04:00:00
1001843,Bus Stop,2026-02,Live,2.0,2026-04-11 04:00:00
1001843,Bus Stop,2026-03,Live,8.0,2026-04-11 04:00:00
1001843,Bus Stop,2026-04,Live,5.0,2026-04-11 04:00:00
1001848,Bus Stop,2024-12,Live,3.0,2025-06-24 04:00:00
1001848,Bus Stop,2025-02,Live,1.0,2025-06-24 04:00:00
1001848,Bus Stop,2025-05,Live,5.0,2025-06-24 04:00:00
1001848,Bus Stop,2025-06,Live,3.0,2025-06-24 04:00:00
1001848,Bus Stop,2025-07,Idle,2.0,2025-07-21 04:00:00
1001852,Bus Stop,2025-05,Live,2.0,2025-05-10 04:00:00
1001858,Bus Stop,2024-12,Live,11.0,2025-06-21 04:00:00
1001858,Bus Stop,2025-01,Live,4.0,2025-06-21 04:00:00
1001858,Bus Stop,2025-02,Live,14.0,2025-06-21 04:00:00
1001858,Bus Stop,2025-03,Live,13.0,2025-06-21 04:00:00
1001858,Bus Stop,2025-04,Live,18.0,2025-06-21 04:00:00
1001858,Bus Stop,2025-05,Live,14.0,2025-06-21 04:00:00
1001858,Bus Stop,2025-06,Live,13.0,2025-06-21 04:00:00
1001860,Bus Stop,2024-12,Live,1.0,2026-04-15 04:00:00
1001860,Bus Stop,2025-01,Live,6.0,2026-04-15 04:00:00
1001860,Bus Stop,2025-02,Live,16.0,2026-04-15 04:00:00
1001860,Bus Stop,2025-03,Live,53.0,2026-04-15 04:00:00
1001860,Bus Stop,2025-04,Live,63.0,2026-04-15 04:00:00
1001860,Bus Stop,2025-05,Live,44.0,2026-04-15 04:00:00
1001860,Bus Stop,2025-06,Live,12.0,2026-04-15 04:00:00
1001860,Bus Stop,2025-07,Idle,2.0,2025-07-21 04:00:00
1001860,Bus Stop,2025-11,Live,6.0,2026-04-15 04:00:00
1001860,Bus Stop,2025-12,Live,58.0,2026-04-15 04:00:00
1001860,Bus Stop,2026-01,Live,71.0,2026-04-15 04:00:00
1001860,Bus Stop,2026-02,Live,96.0,2026-04-15 04:00:00
1001860,Bus Stop,2026-03,Live,82.0,2026-04-15 04:00:00
1001860,Bus Stop,2026-04,Live,40.0,2026-04-15 04:00:00
1001862,Bus Stop,2024-12,Live,9.0,2024-12-11 05:00:00
1001869,Bus Stop,2024-12,Live,16.0,2025-06-25 04:00:00
1001869,Bus Stop,2025-01,Live,5.0,2025-06-25 04:00:00
1001869,Bus Stop,2025-02,Live,13.0,2025-06-25 04:00:00
1001869,Bus Stop,2025-03,Live,19.0,2025-06-25 04:00:00
1001869,Bus Stop,2025-04,Live,24.0,2025-06-25 04:00:00
1001869,Bus Stop,2025-05,Live,17.0,2025-06-25 04:00:00
1001869,Bus Stop,2025-06,Live,21.0,2025-06-25 04:00:00
1001869,Bus Stop,2025-07,Idle,1.0,2025-07-21 04:00:00
1001871,Bus Stop,2024-12,Live,12.0,2026-04-15 04:00:00
1001871,Bus Stop,2025-01,Live,15.0,2026-04-15 04:00:00
1001871,Bus Stop,2025-02,Live,24.0,2026-04-15 04:00:00
1001871,Bus Stop,2025-03,Live,15.0,2026-04-15 04:00:00
1001871,Bus Stop,2025-04,Live,16.0,2026-04-15 04:00:00
1001871,Bus Stop,2025-05,Live,25.0,2026-04-15 04:00:00
1001871,Bus Stop,2025-06,Live,8.0,2026-04-15 04:00:00
1001871,Bus Stop,2025-07,Idle,2.0,2025-07-21 04:00:00
1001871,Bus Stop,2025-12,Live,19.0,2026-04-15 04:00:00
1001871,Bus Stop,2026-01,Live,26.0,2026-04-15 04:00:00
1001871,Bus Stop,2026-02,Live,39.0,2026-04-15 04:00:00
1001871,Bus Stop,2026-03,Live,35.0,2026-04-15 04:00:00
1001871,Bus Stop,2026-04,Live,19.0,2026-04-15 04:00:00
1001872,Bus Stop,2024-12,Live,4.0,2025-05-28 04:00:00
1001872,Bus Stop,2025-01,Live,1.0,2025-05-28 04:00:00
1001872,Bus Stop,2025-05,Live,2.0,2025-05-28 04:00:00
1001874,Bus Stop,2024-12,Live,10.0,2026-04-11 04:00:00
1001874,Bus Stop,2025-01,Live,1.0,2026-04-11 04:00:00
1001874,Bus Stop,2025-03,Live,4.0,2026-04-11 04:00:00
1001874,Bus Stop,2025-04,Live,2.0,2026-04-11 04:00:00
1001874,Bus Stop,2025-05,Live,3.0,2026-04-11 04:00:00
1001874,Bus Stop,2025-06,Live,1.0,2026-04-11 04:00:00
1001874,Bus Stop,2025-07,Idle,2.0,2025-07-22 04:00:00
1001874,Bus Stop,2026-03,Live,2.0,2026-04-11 04:00:00
1001874,Bus Stop,2026-04,Live,4.0,2026-04-11 04:00:00
1001875,Bus Stop,2025-03,Live,2.0,2025-05-27 04:00:00
1001875,Bus Stop,2025-04,Live,2.0,2025-05-27 04:00:00
1001875,Bus Stop,2025-05,Live,3.0,2025-05-27 04:00:00
1001887,Bus Stop,2024-12,Live,2.0,2025-06-01 04:00:00
1001887,Bus Stop,2025-02,Live,1.0,2025-06-01 04:00:00
1001887,Bus Stop,2025-04,Live,1.0,2025-06-01 04:00:00
1001887,Bus Stop,2025-05,Live,1.0,2025-06-01 04:00:00
1001887,Bus Stop,2025-06,Live,1.0,2025-06-01 04:00:00
1001890,Bus Stop,2024-12,Live,24.0,2026-04-15 04:00:00
1001890,Bus Stop,2025-01,Live,23.0,2026-04-15 04:00:00
1001890,Bus Stop,2025-02,Live,18.0,2026-04-15 04:00:00
1001890,Bus Stop,2025-03,Live,22.0,2026-04-15 04:00:00
1001890,Bus Stop,2025-04,Live,33.0,2026-04-15 04:00:00
1001890,Bus Stop,2025-05,Live,41.0,2026-04-15 04:00:00
1001890,Bus Stop,2025-06,Live,20.0,2026-04-15 04:00:00
1001890,Bus Stop,2026-02,Live,7.0,2026-04-15 04:00:00
1001890,Bus Stop,2026-03,Live,22.0,2026-04-15 04:00:00
1001890,Bus Stop,2026-04,Live,16.0,2026-04-15 04:00:00
1001892,Bus Stop,2024-12,Live,1.0,2026-04-09 04:00:00
1001892,Bus Stop,2025-02,Live,1.0,2026-04-09 04:00:00
1001892,Bus Stop,2025-03,Live,1.0,2026-04-09 04:00:00
1001892,Bus Stop,2025-04,Live,3.0,2026-04-09 04:00:00
1001892,Bus Stop,2025-05,Live,2.0,2026-04-09 04:00:00
1001892,Bus Stop,2025-06,Live,2.0,2026-04-09 04:00:00
1001892,Bus Stop,2025-11,Live,5.0,2026-04-09 04:00:00
1001892,Bus Stop,2025-12,Live,4.0,2026-04-09 04:00:00
1001892,Bus Stop,2026-01,Live,1.0,2026-04-09 04:00:00
1001892,Bus Stop,2026-02,Live,3.0,2026-04-09 04:00:00
1001892,Bus Stop,2026-03,Live,1.0,2026-04-09 04:00:00
1001892,Bus Stop,2026-04,Live,4.0,2026-04-09 04:00:00
1001913,Bus Stop,2024-12,Live,5.0,2026-04-15 04:00:00
1001913,Bus Stop,2025-01,Live,3.0,2026-04-15 04:00:00
1001913,Bus Stop,2025-02,Live,2.0,2026-04-15 04:00:00
1001913,Bus Stop,2025-03,Live,11.0,2026-04-15 04:00:00
1001913,Bus Stop,2025-04,Live,15.0,2026-04-15 04:00:00
1001913,Bus Stop,2025-05,Live,14.0,2026-04-15 04:00:00
1001913,Bus Stop,2025-06,Live,4.0,2026-04-15 04:00:00
1001913,Bus Stop,2026-02,Live,2.0,2026-04-15 04:00:00
1001913,Bus Stop,2026-03,Live,2.0,2026-04-15 04:00:00
1001913,Bus Stop,2026-04,Live,8.0,2026-04-15 04:00:00
1001922,Bus Stop,2024-12,Live,3.0,2025-06-22 04:00:00
1001922,Bus Stop,2025-01,Live,3.0,2025-06-22 04:00:00
1001922,Bus Stop,2025-02,Live,4.0,2025-06-22 04:00:00
1001922,Bus Stop,2025-03,Live,5.0,2025-06-22 04:00:00
1001922,Bus Stop,2025-05,Live,9.0,2025-06-22 04:00:00
1001922,Bus Stop,2025-06,Live,4.0,2025-06-22 04:00:00
1001938,Bus Stop,2025-05,Live,5.0,2025-05-18 04:00:00
1001939,Bus Stop,2024-12,Live,3.0,2025-06-22 04:00:00
1001939,Bus Stop,2025-01,Live,12.0,2025-06-22 04:00:00
1001939,Bus Stop,2025-02,Live,6.0,2025-06-22 04:00:00
1001939,Bus Stop,2025-03,Live,13.0,2025-06-22 04:00:00
1001939,Bus Stop,2025-04,Live,26.0,2025-06-22 04:00:00
1001939,Bus Stop,2025-05,Live,20.0,2025-06-22 04:00:00
1001939,Bus Stop,2025-06,Live,4.0,2025-06-22 04:00:00
1001945,Bus Stop,2025-02,Live,3.0,2025-06-23 04:00:00
1001945,Bus Stop,2025-03,Live,2.0,2025-06-23 04:00:00
1001945,Bus Stop,2025-04,Live,1.0,2025-06-23 04:00:00
1001945,Bus Stop,2025-05,Live,1.0,2025-06-23 04:00:00
1001945,Bus Stop,2025-06,Live,2.0,2025-06-23 04:00:00
1001947,Bus Stop,2025-04,Live,1.0,2025-04-19 04:00:00
1001956,Bus Stop,2024-12,Live,4.0,2025-06-22 04:00:00
1001956,Bus Stop,2025-01,Live,1.0,2025-06-22 04:00:00
1001956,Bus Stop,2025-02,Live,2.0,2025-06-22 04:00:00
1001956,Bus Stop,2025-03,Live,4.0,2025-06-22 04:00:00
1001956,Bus Stop,2025-04,Live,3.0,2025-06-22 04:00:00
1001956,Bus Stop,2025-05,Live,3.0,2025-06-22 04:00:00
1001956,Bus Stop,2025-06,Live,7.0,2025-06-22 04:00:00
1001961,Bus Stop,2024-12,Live,4.0,2025-06-22 04:00:00
1001961,Bus Stop,2025-01,Live,1.0,2025-06-22 04:00:00
1001961,Bus Stop,2025-02,Live,1.0,2025-06-22 04:00:00
1001961,Bus Stop,2025-03,Live,6.0,2025-06-22 04:00:00
1001961,Bus Stop,2025-04,Live,8.0,2025-06-22 04:00:00
1001961,Bus Stop,2025-05,Live,8.0,2025-06-22 04:00:00
1001961,Bus Stop,2025-06,Live,10.0,2025-06-22 04:00:00
1001962,Bus Stop,2025-03,Live,1.0,2025-06-04 04:00:00
1001962,Bus Stop,2025-06,Live,1.0,2025-06-04 04:00:00
1001970,Bus Stop,2025-02,Live,2.0,2025-02-26 05:00:00
1001973,Bus Stop,2024-12,Live,3.0,2025-06-22 04:00:00
1001973,Bus Stop,2025-01,Live,2.0,2025-06-22 04:00:00
1001973,Bus Stop,2025-02,Live,2.0,2025-06-22 04:00:00
1001973,Bus Stop,2025-03,Live,1.0,2025-06-22 04:00:00
1001973,Bus Stop,2025-04,Live,15.0,2025-06-22 04:00:00
1001973,Bus Stop,2025-05,Live,15.0,2025-06-22 04:00:00
1001973,Bus Stop,2025-06,Live,15.0,2025-06-22 04:00:00
1001976,Bus Stop,2024-12,Live,3.0,2025-06-10 04:00:00
1001976,Bus Stop,2025-01,Live,7.0,2025-06-10 04:00:00
1001976,Bus Stop,2025-02,Live,4.0,2025-06-10 04:00:00
1001976,Bus Stop,2025-03,Live,4.0,2025-06-10 04:00:00
1001976,Bus Stop,2025-04,Live,11.0,2025-06-10 04:00:00
1001976,Bus Stop,2025-05,Live,6.0,2025-06-10 04:00:00
1001976,Bus Stop,2025-06,Live,4.0,2025-06-10 04:00:00
1001976,Bus Stop,2025-07,Idle,1.0,2025-07-21 04:00:00
1001977,Bus Stop,2024-12,Live,4.0,2025-06-22 04:00:00
1001977,Bus Stop,2025-01,Live,8.0,2025-06-22 04:00:00
1001977,Bus Stop,2025-02,Live,6.0,2025-06-22 04:00:00
1001977,Bus Stop,2025-03,Live,8.0,2025-06-22 04:00:00
1001977,Bus Stop,2025-04,Live,2.0,2025-06-22 04:00:00
1001977,Bus Stop,2025-05,Live,13.0,2025-06-22 04:00:00
1001977,Bus Stop,2025-06,Live,19.0,2025-06-22 04:00:00
1001979,Bus Stop,2024-12,Live,14.0,2025-06-23 04:00:00
1001979,Bus Stop,2025-01,Live,9.0,2025-06-23 04:00:00
1001979,Bus Stop,2025-02,Live,14.0,2025-06-23 04:00:00
1001979,Bus Stop,2025-03,Live,30.0,2025-06-23 04:00:00
1001979,Bus Stop,2025-04,Live,35.0,2025-06-23 04:00:00
1001979,Bus Stop,2025-05,Live,30.0,2025-06-23 04:00:00
1001979,Bus Stop,2025-06,Live,19.0,2025-06-23 04:00:00
1001979,Bus Stop,2026-04,Idle,3.0,2026-04-15 04:00:00
1001986,Bus Stop,2024-12,Live,27.0,2026-04-15 04:00:00
1001986,Bus Stop,2025-01,Live,28.0,2026-04-15 04:00:00
1001986,Bus Stop,2025-02,Live,27.0,2026-04-15 04:00:00
1001986,Bus Stop,2025-03,Live,18.0,2026-04-15 04:00:00
1001986,Bus Stop,2025-04,Live,24.0,2026-04-15 04:00:00
1001986,Bus Stop,2025-05,Live,35.0,2026-04-15 04:00:00
1001986,Bus Stop,2025-06,Live,22.0,2026-04-15 04:00:00
1001986,Bus Stop,2025-07,Idle,2.0,2025-07-21 04:00:00
1001986,Bus Stop,2025-12,Live,20.0,2026-04-15 04:00:00
1001986,Bus Stop,2026-01,Live,46.0,2026-04-15 04:00:00
1001986,Bus Stop,2026-02,Live,57.0,2026-04-15 04:00:00
1001986,Bus Stop,2026-03,Live,33.0,2026-04-15 04:00:00
1001986,Bus Stop,2026-04,Live,16.0,2026-04-15 04:00:00
1001988,Bus Stop,2024-12,Live,7.0,2025-06-25 04:00:00
1001988,Bus Stop,2025-02,Live,4.0,2025-06-25 04:00:00
1001988,Bus Stop,2025-03,Live,2.0,2025-06-25 04:00:00
1001988,Bus Stop,2025-04,Live,3.0,2025-06-25 04:00:00
1001988,Bus Stop,2025-05,Live,24.0,2025-06-25 04:00:00
1001988,Bus Stop,2025-06,Live,23.0,2025-06-25 04:00:00
1001988,Bus Stop,2025-07,Idle,1.0,2025-07-21 04:00:00
1001989,Bus Stop,2024-12,Live,15.0,2025-06-25 04:00:00
1001989,Bus Stop,2025-01,Live,7.0,2025-06-25 04:00:00
1001989,Bus Stop,2025-02,Live,12.0,2025-06-25 04:00:00
1001989,Bus Stop,2025-03,Live,14.0,2025-06-25 04:00:00
1001989,Bus Stop,2025-04,Live,17.0,2025-06-25 04:00:00
1001989,Bus Stop,2025-05,Live,18.0,2025-06-25 04:00:00
1001989,Bus Stop,2025-06,Live,14.0,2025-06-25 04:00:00
1001993,Bus Stop,2024-12,Live,78.0,2026-04-15 04:00:00
1001993,Bus Stop,2025-01,Live,76.0,2026-04-15 04:00:00
1001993,Bus Stop,2025-02,Live,86.0,2026-04-15 04:00:00
1001993,Bus Stop,2025-03,Live,87.0,2026-04-15 04:00:00
1001993,Bus Stop,2025-04,Live,114.0,2026-04-15 04:00:00
1001993,Bus Stop,2025-05,Live,137.0,2026-04-15 04:00:00
1001993,Bus Stop,2025-06,Live,95.0,2026-04-15 04:00:00
1001993,Bus Stop,2025-07,Idle,2.0,2025-07-21 04:00:00
1001993,Bus Stop,2026-03,Live,117.0,2026-04-15 04:00:00
1001993,Bus Stop,2026-04,Live,51.0,2026-04-15 04:00:00
1001996,Bus Stop,2025-07,Idle,12.0,2025-07-21 04:00:00
1002001,Bus Stop,2025-01,Live,1.0,2025-06-09 04:00:00
1002001,Bus Stop,2025-05,Live,1.0,2025-06-09 04:00:00
1002001,Bus Stop,2025-06,Live,2.0,2025-06-09 04:00:00
1002005,Bus Stop,2024-12,Live,62.0,2026-04-15 04:00:00
1002005,Bus Stop,2025-01,Live,71.0,2026-04-15 04:00:00
1002005,Bus Stop,2025-02,Live,50.0,2026-04-15 04:00:00
1002005,Bus Stop,2025-03,Live,65.0,2026-04-15 04:00:00
1002005,Bus Stop,2025-04,Live,70.0,2026-04-15 04:00:00
1002005,Bus Stop,2025-05,Live,86.0,2026-04-15 04:00:00
1002005,Bus Stop,2025-06,Live,69.0,2026-04-15 04:00:00
1002005,Bus Stop,2025-07,Idle,4.0,2025-07-21 04:00:00
1002005,Bus Stop,2026-03,Live,96.0,2026-04-15 04:00:00
1002005,Bus Stop,2026-04,Live,62.0,2026-04-15 04:00:00
1002006,Bus Stop,2024-12,Live,75.0,2026-04-14 04:00:00
1002006,Bus Stop,2025-01,Live,78.0,2026-04-14 04:00:00
1002006,Bus Stop,2025-02,Live,78.0,2026-04-14 04:00:00
1002006,Bus Stop,2025-03,Live,86.0,2026-04-14 04:00:00
1002006,Bus Stop,2025-04,Live,95.0,2026-04-14 04:00:00
1002006,Bus Stop,2025-05,Live,107.0,2026-04-14 04:00:00
1002006,Bus Stop,2025-06,Live,88.0,2026-04-14 04:00:00
1002006,Bus Stop,2025-07,Idle,1.0,2025-07-21 04:00:00
1002006,Bus Stop,2025-11,Live,26.0,2026-04-14 04:00:00
1002006,Bus Stop,2025-12,Live,95.0,2026-04-14 04:00:00
1002006,Bus Stop,2026-01,Live,92.0,2026-04-14 04:00:00
1002006,Bus Stop,2026-02,Live,94.0,2026-04-14 04:00:00
1002006,Bus Stop,2026-03,Live,96.0,2026-04-14 04:00:00
1002006,Bus Stop,2026-04,Live,38.0,2026-04-14 04:00:00
1002023,Bus Stop,2024-12,Live,46.0,2026-04-15 04:00:00
1002023,Bus Stop,2025-01,Live,45.0,2026-04-15 04:00:00
1002023,Bus Stop,2025-02,Live,50.0,2026-04-15 04:00:00
1002023,Bus Stop,2025-03,Live,63.0,2026-04-15 04:00:00
1002023,Bus Stop,2025-04,Live,63.0,2026-04-15 04:00:00
1002023,Bus Stop,2025-05,Live,66.0,2026-04-15 04:00:00
1002023,Bus Stop,2025-06,Live,30.0,2026-04-15 04:00:00
1002023,Bus Stop,2025-07,Idle,2.0,2025-07-21 04:00:00
1002023,Bus Stop,2025-12,Live,20.0,2026-04-15 04:00:00
1002023,Bus Stop,2026-01,Live,45.0,2026-04-15 04:00:00
1002023,Bus Stop,2026-02,Live,93.0,2026-04-15 04:00:00
1002023,Bus Stop,2026-03,Live,129.0,2026-04-15 04:00:00
1002023,Bus Stop,2026-04,Live,50.0,2026-04-15 04:00:00
1002024,Bus Stop,2024-12,Live,2.0,2025-06-22 04:00:00
1002024,Bus Stop,2025-01,Live,2.0,2025-06-22 04:00:00
1002024,Bus Stop,2025-03,Live,1.0,2025-06-22 04:00:00
1002024,Bus Stop,2025-04,Live,1.0,2025-06-22 04:00:00
1002024,Bus Stop,2025-05,Live,4.0,2025-06-22 04:00:00
1002024,Bus Stop,2025-06,Live,3.0,2025-06-22 04:00:00
1002026,Bus Stop,2024-12,Live,42.0,2026-04-15 04:00:00
1002026,Bus Stop,2025-01,Live,37.0,2026-04-15 04:00:00
1002026,Bus Stop,2025-02,Live,39.0,2026-04-15 04:00:00
1002026,Bus Stop,2025-03,Live,53.0,2026-04-15 04:00:00
1002026,Bus Stop,2025-04,Live,55.0,2026-04-15 04:00:00
1002026,Bus Stop,2025-05,Live,62.0,2026-04-15 04:00:00
1002026,Bus Stop,2025-06,Live,24.0,2026-04-15 04:00:00
1002026,Bus Stop,2026-03,Live,31.0,2026-04-15 04:00:00
1002026,Bus Stop,2026-04,Live,31.0,2026-04-15 04:00:00
1002029,Bus Stop,2025-02,Live,1.0,2025-06-25 04:00:00
1002029,Bus Stop,2025-03,Live,2.0,2025-06-25 04:00:00
1002029,Bus Stop,2025-05,Live,2.0,2025-06-25 04:00:00
1002029,Bus Stop,2025-06,Live,4.0,2025-06-25 04:00:00
1002037,Bus Stop,2024-12,Live,2.0,2025-06-25 04:00:00
1002037,Bus Stop,2025-01,Live,1.0,2025-06-25 04:00:00
1002037,Bus Stop,2025-03,Live,2.0,2025-06-25 04:00:00
1002037,Bus Stop,2025-04,Live,4.0,2025-06-25 04:00:00
1002037,Bus Stop,2025-05,Live,2.0,2025-06-25 04:00:00
1002037,Bus Stop,2025-06,Live,3.0,2025-06-25 04:00:00
1002037,Bus Stop,2025-07,Idle,3.0,2025-07-21 04:00:00
1002038,Bus Stop,2024-12,Live,14.0,2026-04-15 04:00:00
1002038,Bus Stop,2025-01,Live,10.0,2026-04-15 04:00:00
1002038,Bus Stop,2025-02,Live,11.0,2026-04-15 04:00:00
1002038,Bus Stop,2025-03,Live,40.0,2026-04-15 04:00:00
1002038,Bus Stop,2025-04,Live,86.0,2026-04-15 04:00:00
1002038,Bus Stop,2025-05,Live,55.0,2026-04-15 04:00:00
1002038,Bus Stop,2025-06,Live,39.0,2026-04-15 04:00:00
1002038,Bus Stop,2025-07,Idle,3.0,2025-07-21 04:00:00
1002038,Bus Stop,2026-02,Live,3.0,2026-04-15 04:00:00
1002038,Bus Stop,2026-03,Live,31.0,2026-04-15 04:00:00
1002038,Bus Stop,2026-04,Live,43.0,2026-04-15 04:00:00
1002042,Bus Stop,2024-12,Live,101.0,2026-04-15 04:00:00
1002042,Bus Stop,2025-01,Live,70.0,2026-04-15 04:00:00
1002042,Bus Stop,2025-02,Live,69.0,2026-04-15 04:00:00
1002042,Bus Stop,2025-03,Live,81.0,2026-04-15 04:00:00
1002042,Bus Stop,2025-04,Live,103.0,2026-04-15 04:00:00
1002042,Bus Stop,2025-05,Live,149.0,2026-04-15 04:00:00
1002042,Bus Stop,2025-06,Live,108.0,2026-04-15 04:00:00
1002042,Bus Stop,2026-03,Live,97.0,2026-04-15 04:00:00
1002042,Bus Stop,2026-04,Live,53.0,2026-04-15 04:00:00
1002044,Bus Stop,2025-01,Live,1.0,2025-06-22 04:00:00
1002044,Bus Stop,2025-04,Live,2.0,2025-06-22 04:00:00
1002044,Bus Stop,2025-05,Live,1.0,2025-06-22 04:00:00
1002044,Bus Stop,2025-06,Live,3.0,2025-06-22 04:00:00
1002051,Bus Stop,2024-12,Live,54.0,2025-06-24 04:00:00
1002051,Bus Stop,2025-01,Live,40.0,2025-06-24 04:00:00
1002051,Bus Stop,2025-02,Live,44.0,2025-06-24 04:00:00
1002051,Bus Stop,2025-03,Live,63.0,2025-06-24 04:00:00
1002051,Bus Stop,2025-04,Live,106.0,2025-06-24 04:00:00
1002051,Bus Stop,2025-05,Live,104.0,2025-06-24 04:00:00
1002051,Bus Stop,2025-06,Live,66.0,2025-06-24 04:00:00
1002051,Bus Stop,2025-07,Idle,3.0,2026-04-15 04:00:00
1002051,Bus Stop,2026-02,Idle,10.0,2026-04-15 04:00:00
1002051,Bus Stop,2026-03,Idle,111.0,2026-04-15 04:00:00
1002051,Bus Stop,2026-04,Idle,94.0,2026-04-15 04:00:00
1002052,Bus Stop,2025-04,Live,2.0,2025-04-04 04:00:00
1002060,Bus Stop,2024-12,Live,26.0,2025-06-25 04:00:00
1002060,Bus Stop,2025-01,Live,19.0,2025-06-25 04:00:00
1002060,Bus Stop,2025-02,Live,77.0,2025-06-25 04:00:00
1002060,Bus Stop,2025-03,Live,112.0,2025-06-25 04:00:00
1002060,Bus Stop,2025-04,Live,96.0,2025-06-25 04:00:00
1002060,Bus Stop,2025-05,Live,85.0,2025-06-25 04:00:00
1002060,Bus Stop,2025-06,Live,119.0,2025-06-25 04:00:00
1002060,Bus Stop,2025-07,Idle,6.0,2025-07-21 04:00:00
1002066,Bus Stop,2024-12,Live,49.0,2026-04-15 04:00:00
1002066,Bus Stop,2025-01,Live,32.0,2026-04-15 04:00:00
1002066,Bus Stop,2025-02,Live,24.0,2026-04-15 04:00:00
1002066,Bus Stop,2025-03,Live,25.0,2026-04-15 04:00:00
1002066,Bus Stop,2025-04,Live,37.0,2026-04-15 04:00:00
1002066,Bus Stop,2025-05,Live,49.0,2026-04-15 04:00:00
1002066,Bus Stop,2025-06,Live,43.0,2026-04-15 04:00:00
1002066,Bus Stop,2026-03,Live,32.0,2026-04-15 04:00:00
1002066,Bus Stop,2026-04,Live,22.0,2026-04-15 04:00:00
1002068,Bus Stop,2024-12,Live,36.0,2025-06-25 04:00:00
1002068,Bus Stop,2025-01,Live,24.0,2025-06-25 04:00:00
1002068,Bus Stop,2025-02,Live,32.0,2025-06-25 04:00:00
1002068,Bus Stop,2025-03,Live,38.0,2025-06-25 04:00:00
1002068,Bus Stop,2025-04,Live,34.0,2025-06-25 04:00:00
1002068,Bus Stop,2025-05,Live,42.0,2025-06-25 04:00:00
1002068,Bus Stop,2025-06,Live,29.0,2025-06-25 04:00:00
1002068,Bus Stop,2025-07,Idle,1.0,2025-07-21 04:00:00
1002070,Bus Stop,2024-12,Live,2.0,2026-04-13 04:00:00
1002070,Bus Stop,2025-02,Live,2.0,2026-04-13 04:00:00
1002070,Bus Stop,2025-04,Live,1.0,2026-04-13 04:00:00
1002070,Bus Stop,2025-06,Live,1.0,2026-04-13 04:00:00
1002070,Bus Stop,2026-03,Live,3.0,2026-04-13 04:00:00
1002070,Bus Stop,2026-04,Live,3.0,2026-04-13 04:00:00
1002072,Bus Stop,2024-12,Live,4.0,2025-06-25 04:00:00
1002072,Bus Stop,2025-01,Live,1.0,2025-06-25 04:00:00
1002072,Bus Stop,2025-02,Live,2.0,2025-06-25 04:00:00
1002072,Bus Stop,2025-04,Live,7.0,2025-06-25 04:00:00
1002072,Bus Stop,2025-05,Live,4.0,2025-06-25 04:00:00
1002072,Bus Stop,2025-06,Live,3.0,2025-06-25 04:00:00
1002076,Bus Stop,2024-12,Live,167.0,2026-04-15 04:00:00
1002076,Bus Stop,2025-01,Live,140.0,2026-04-15 04:00:00
1002076,Bus Stop,2025-02,Live,143.0,2026-04-15 04:00:00
1002076,Bus Stop,2025-03,Live,182.0,2026-04-15 04:00:00
1002076,Bus Stop,2025-04,Live,171.0,2026-04-15 04:00:00
1002076,Bus Stop,2025-05,Live,188.0,2026-04-15 04:00:00
1002076,Bus Stop,2025-06,Live,111.0,2026-04-15 04:00:00
1002076,Bus Stop,2025-07,Idle,10.0,2025-07-22 04:00:00
1002076,Bus Stop,2025-12,Live,154.0,2026-04-15 04:00:00
1002076,Bus Stop,2026-01,Live,172.0,2026-04-15 04:00:00
1002076,Bus Stop,2026-02,Live,212.0,2026-04-15 04:00:00
1002076,Bus Stop,2026-03,Live,242.0,2026-04-15 04:00:00
1002076,Bus Stop,2026-04,Live,121.0,2026-04-15 04:00:00
1002077,Bus Stop,2024-12,Live,14.0,2026-04-05 04:00:00
1002077,Bus Stop,2025-01,Live,15.0,2026-04-05 04:00:00
1002077,Bus Stop,2025-02,Live,7.0,2026-04-05 04:00:00
1002077,Bus Stop,2025-03,Live,7.0,2026-04-05 04:00:00
1002077,Bus Stop,2025-04,Live,7.0,2026-04-05 04:00:00
1002077,Bus Stop,2025-05,Live,7.0,2026-04-05 04:00:00
1002077,Bus Stop,2025-06,Live,9.0,2026-04-05 04:00:00
1002077,Bus Stop,2025-10,Live,6.0,2026-04-05 04:00:00
1002077,Bus Stop,2025-11,Live,4.0,2026-04-05 04:00:00
1002077,Bus Stop,2025-12,Live,4.0,2026-04-05 04:00:00
1002077,Bus Stop,2026-02,Live,3.0,2026-04-05 04:00:00
1002077,Bus Stop,2026-03,Live,8.0,2026-04-05 04:00:00
1002077,Bus Stop,2026-04,Live,3.0,2026-04-05 04:00:00
1002079,Bus Stop,2024-12,Live,35.0,2026-04-15 04:00:00
1002079,Bus Stop,2025-01,Live,44.0,2026-04-15 04:00:00
1002079,Bus Stop,2025-02,Live,44.0,2026-04-15 04:00:00
1002079,Bus Stop,2025-03,Live,92.0,2026-04-15 04:00:00
1002079,Bus Stop,2025-04,Live,109.0,2026-04-15 04:00:00
1002079,Bus Stop,2025-05,Live,100.0,2026-04-15 04:00:00
1002079,Bus Stop,2025-06,Live,54.0,2026-04-15 04:00:00
1002079,Bus Stop,2025-07,Idle,3.0,2025-07-21 04:00:00
1002079,Bus Stop,2026-04,Live,11.0,2026-04-15 04:00:00
1002080,Bus Stop,2024-12,Live,9.0,2025-06-24 04:00:00
1002080,Bus Stop,2025-01,Live,12.0,2025-06-24 04:00:00
1002080,Bus Stop,2025-02,Live,12.0,2025-06-24 04:00:00
1002080,Bus Stop,2025-03,Live,32.0,2025-06-24 04:00:00
1002080,Bus Stop,2025-04,Live,52.0,2025-06-24 04:00:00
1002080,Bus Stop,2025-05,Live,34.0,2025-06-24 04:00:00
1002080,Bus Stop,2025-06,Live,17.0,2025-06-24 04:00:00
1002080,Bus Stop,2025-07,Idle,2.0,2025-07-21 04:00:00
1002087,Bus Stop,2025-04,Live,1.0,2025-04-01 04:00:00
1002093,Bus Stop,2024-12,Live,1.0,2025-06-24 04:00:00
1002093,Bus Stop,2025-01,Live,2.0,2025-06-24 04:00:00
1002093,Bus Stop,2025-02,Live,5.0,2025-06-24 04:00:00
1002093,Bus Stop,2025-03,Live,6.0,2025-06-24 04:00:00
1002093,Bus Stop,2025-04,Live,4.0,2025-06-24 04:00:00
1002093,Bus Stop,2025-05,Live,10.0,2025-06-24 04:00:00
1002093,Bus Stop,2025-06,Live,3.0,2025-06-24 04:00:00
1002100,Bus Stop,2024-12,Live,13.0,2025-06-24 04:00:00
1002100,Bus Stop,2025-01,Live,18.0,2025-06-24 04:00:00
1002100,Bus Stop,2025-02,Live,14.0,2025-06-24 04:00:00
1002100,Bus Stop,2025-03,Live,14.0,2025-06-24 04:00:00
1002100,Bus Stop,2025-04,Live,10.0,2025-06-24 04:00:00
1002100,Bus Stop,2025-05,Live,17.0,2025-06-24 04:00:00
1002100,Bus Stop,2025-06,Live,3.0,2025-06-24 04:00:00
1002100,Bus Stop,2025-07,Idle,2.0,2025-07-21 04:00:00
1002122,Bus Stop,2024-12,Live,67.0,2026-04-15 04:00:00
1002122,Bus Stop,2025-01,Live,78.0,2026-04-15 04:00:00
1002122,Bus Stop,2025-02,Live,70.0,2026-04-15 04:00:00
1002122,Bus Stop,2025-03,Live,96.0,2026-04-15 04:00:00
1002122,Bus Stop,2025-04,Live,90.0,2026-04-15 04:00:00
1002122,Bus Stop,2025-05,Live,98.0,2026-04-15 04:00:00
1002122,Bus Stop,2025-06,Live,65.0,2026-04-15 04:00:00
1002122,Bus Stop,2025-07,Idle,5.0,2025-07-22 04:00:00
1002122,Bus Stop,2025-12,Live,66.0,2026-04-15 04:00:00
1002122,Bus Stop,2026-01,Live,78.0,2026-04-15 04:00:00
1002122,Bus Stop,2026-02,Live,95.0,2026-04-15 04:00:00
1002122,Bus Stop,2026-03,Live,104.0,2026-04-15 04:00:00
1002122,Bus Stop,2026-04,Live,51.0,2026-04-15 04:00:00
1002126,Bus Stop,2024-12,Live,53.0,2026-04-15 04:00:00
1002126,Bus Stop,2025-01,Live,67.0,2026-04-15 04:00:00
1002126,Bus Stop,2025-02,Live,36.0,2026-04-15 04:00:00
1002126,Bus Stop,2025-03,Live,71.0,2026-04-15 04:00:00
1002126,Bus Stop,2025-04,Live,64.0,2026-04-15 04:00:00
1002126,Bus Stop,2025-05,Live,79.0,2026-04-15 04:00:00
1002126,Bus Stop,2025-06,Live,54.0,2026-04-15 04:00:00
1002126,Bus Stop,2025-07,Idle,1.0,2025-07-21 04:00:00
1002126,Bus Stop,2025-11,Live,8.0,2026-04-15 04:00:00
1002126,Bus Stop,2025-12,Live,59.0,2026-04-15 04:00:00
1002126,Bus Stop,2026-01,Live,48.0,2026-04-15 04:00:00
1002126,Bus Stop,2026-02,Live,73.0,2026-04-15 04:00:00
1002126,Bus Stop,2026-03,Live,51.0,2026-04-15 04:00:00
1002126,Bus Stop,2026-04,Live,21.0,2026-04-15 04:00:00
1002133,Bus Stop,2024-12,Live,19.0,2025-06-24 04:00:00
1002133,Bus Stop,2025-01,Live,20.0,2025-06-24 04:00:00
1002133,Bus Stop,2025-02,Live,29.0,2025-06-24 04:00:00
1002133,Bus Stop,2025-03,Live,47.0,2025-06-24 04:00:00
1002133,Bus Stop,2025-04,Live,47.0,2025-06-24 04:00:00
1002133,Bus Stop,2025-05,Live,51.0,2025-06-24 04:00:00
1002133,Bus Stop,2025-06,Live,44.0,2025-06-24 04:00:00
1002133,Bus Stop,2025-07,Idle,8.0,2025-07-21 04:00:00
1002152,Bus Stop,2024-12,Live,16.0,2025-06-21 04:00:00
1002152,Bus Stop,2025-01,Live,14.0,2025-06-21 04:00:00
1002152,Bus Stop,2025-02,Live,12.0,2025-06-21 04:00:00
1002152,Bus Stop,2025-03,Live,8.0,2025-06-21 04:00:00
1002152,Bus Stop,2025-04,Live,7.0,2025-06-21 04:00:00
1002152,Bus Stop,2025-05,Live,10.0,2025-06-21 04:00:00
1002152,Bus Stop,2025-06,Live,10.0,2025-06-21 04:00:00
1002152,Bus Stop,2025-07,Idle,1.0,2025-07-21 04:00:00
1002162,Bus Stop,2024-12,Live,5.0,2025-05-29 04:00:00
1002162,Bus Stop,2025-01,Live,6.0,2025-05-29 04:00:00
1002162,Bus Stop,2025-02,Live,18.0,2025-05-29 04:00:00
1002162,Bus Stop,2025-03,Live,9.0,2025-05-29 04:00:00
1002162,Bus Stop,2025-04,Live,5.0,2025-05-29 04:00:00
1002162,Bus Stop,2025-05,Live,5.0,2025-05-29 04:00:00
1002166,Bus Stop,2024-12,Live,33.0,2026-04-14 04:00:00
1002166,Bus Stop,2025-01,Live,36.0,2026-04-14 04:00:00
1002166,Bus Stop,2025-02,Live,35.0,2026-04-14 04:00:00
1002166,Bus Stop,2025-03,Live,29.0,2026-04-14 04:00:00
1002166,Bus Stop,2025-04,Live,44.0,2026-04-14 04:00:00
1002166,Bus Stop,2025-05,Live,43.0,2026-04-14 04:00:00
1002166,Bus Stop,2025-06,Live,32.0,2026-04-14 04:00:00
1002166,Bus Stop,2025-07,Idle,2.0,2025-07-21 04:00:00
1002166,Bus Stop,2025-11,Live,52.0,2026-04-14 04:00:00
1002166,Bus Stop,2025-12,Live,34.0,2026-04-14 04:00:00
1002166,Bus Stop,2026-01,Live,30.0,2026-04-14 04:00:00
1002166,Bus Stop,2026-02,Live,25.0,2026-04-14 04:00:00
1002166,Bus Stop,2026-03,Live,50.0,2026-04-14 04:00:00
1002166,Bus Stop,2026-04,Live,22.0,2026-04-14 04:00:00
1002168,Bus Stop,2024-12,Live,4.0,2026-04-15 04:00:00
1002168,Bus Stop,2025-01,Live,5.0,2026-04-15 04:00:00
1002168,Bus Stop,2025-02,Live,5.0,2026-04-15 04:00:00
1002168,Bus Stop,2025-03,Live,5.0,2026-04-15 04:00:00
1002168,Bus Stop,2025-04,Live,4.0,2026-04-15 04:00:00
1002168,Bus Stop,2025-05,Live,9.0,2026-04-15 04:00:00
1002168,Bus Stop,2025-06,Live,1.0,2026-04-15 04:00:00
1002168,Bus Stop,2026-02,Live,1.0,2026-04-15 04:00:00
1002168,Bus Stop,2026-03,Live,5.0,2026-04-15 04:00:00
1002168,Bus Stop,2026-04,Live,2.0,2026-04-15 04:00:00
1002169,Bus Stop,2024-12,Live,3.0,2026-04-15 04:00:00
1002169,Bus Stop,2025-01,Live,2.0,2026-04-15 04:00:00
1002169,Bus Stop,2025-02,Live,1.0,2026-04-15 04:00:00
1002169,Bus Stop,2025-03,Live,2.0,2026-04-15 04:00:00
1002169,Bus Stop,2025-04,Live,3.0,2026-04-15 04:00:00
1002169,Bus Stop,2025-05,Live,1.0,2026-04-15 04:00:00
1002169,Bus Stop,2025-12,Live,1.0,2026-04-15 04:00:00
1002169,Bus Stop,2026-01,Live,5.0,2026-04-15 04:00:00
1002169,Bus Stop,2026-02,Live,8.0,2026-04-15 04:00:00
1002169,Bus Stop,2026-03,Live,8.0,2026-04-15 04:00:00
1002169,Bus Stop,2026-04,Live,6.0,2026-04-15 04:00:00
1002179,Bus Stop,2024-12,Live,9.0,2026-04-15 04:00:00
1002179,Bus Stop,2025-01,Live,4.0,2026-04-15 04:00:00
1002179,Bus Stop,2025-02,Live,6.0,2026-04-15 04:00:00
1002179,Bus Stop,2025-03,Live,5.0,2026-04-15 04:00:00
1002179,Bus Stop,2025-04,Live,14.0,2026-04-15 04:00:00
1002179,Bus Stop,2025-05,Live,18.0,2026-04-15 04:00:00
1002179,Bus Stop,2025-06,Live,9.0,2026-04-15 04:00:00
1002179,Bus Stop,2025-07,Idle,2.0,2025-07-22 04:00:00
1002179,Bus Stop,2025-12,Live,4.0,2026-04-15 04:00:00
1002179,Bus Stop,2026-01,Live,4.0,2026-04-15 04:00:00
1002179,Bus Stop,2026-02,Live,5.0,2026-04-15 04:00:00
1002179,Bus Stop,2026-03,Live,4.0,2026-04-15 04:00:00
1002179,Bus Stop,2026-04,Live,4.0,2026-04-15 04:00:00
1002183,Bus Stop,2024-12,Live,3.0,2025-12-18 05:00:00
1002183,Bus Stop,2025-05,Live,1.0,2025-12-18 05:00:00
1002183,Bus Stop,2025-06,Live,2.0,2025-12-18 05:00:00
1002183,Bus Stop,2025-10,Live,1.0,2025-12-18 05:00:00
1002183,Bus Stop,2025-11,Live,3.0,2025-12-18 05:00:00
1002183,Bus Stop,2025-12,Live,1.0,2025-12-18 05:00:00
1002202,Bus Stop,2024-12,Live,20.0,2026-04-15 04:00:00
1002202,Bus Stop,2025-01,Live,33.0,2026-04-15 04:00:00
1002202,Bus Stop,2025-02,Live,26.0,2026-04-15 04:00:00
1002202,Bus Stop,2025-03,Live,30.0,2026-04-15 04:00:00
1002202,Bus Stop,2025-04,Live,26.0,2026-04-15 04:00:00
1002202,Bus Stop,2025-05,Live,28.0,2026-04-15 04:00:00
1002202,Bus Stop,2025-06,Live,26.0,2026-04-15 04:00:00
1002202,Bus Stop,2025-11,Live,26.0,2026-04-15 04:00:00
1002202,Bus Stop,2025-12,Live,30.0,2026-04-15 04:00:00
1002202,Bus Stop,2026-01,Live,19.0,2026-04-15 04:00:00
1002202,Bus Stop,2026-02,Live,24.0,2026-04-15 04:00:00
1002202,Bus Stop,2026-03,Live,40.0,2026-04-15 04:00:00
1002202,Bus Stop,2026-04,Live,15.0,2026-04-15 04:00:00
1002210,Bus Stop,2024-12,Live,8.0,2025-06-25 04:00:00
1002210,Bus Stop,2025-01,Live,10.0,2025-06-25 04:00:00
1002210,Bus Stop,2025-02,Live,10.0,2025-06-25 04:00:00
1002210,Bus Stop,2025-03,Live,25.0,2025-06-25 04:00:00
1002210,Bus Stop,2025-04,Live,26.0,2025-06-25 04:00:00
1002210,Bus Stop,2025-05,Live,28.0,2025-06-25 04:00:00
1002210,Bus Stop,2025-06,Live,16.0,2025-06-25 04:00:00
1002210,Bus Stop,2025-07,Idle,1.0,2025-07-21 04:00:00
1002214,Bus Stop,2025-04,Live,1.0,2025-05-29 04:00:00
1002214,Bus Stop,2025-05,Live,1.0,2025-05-29 04:00:00
1002221,Bus Stop,2024-12,Live,41.0,2025-06-25 04:00:00
1002221,Bus Stop,2025-01,Live,47.0,2025-06-25 04:00:00
1002221,Bus Stop,2025-02,Live,63.0,2025-06-25 04:00:00
1002221,Bus Stop,2025-03,Live,67.0,2025-06-25 04:00:00
1002221,Bus Stop,2025-04,Live,91.0,2025-06-25 04:00:00
1002221,Bus Stop,2025-05,Live,118.0,2025-06-25 04:00:00
1002221,Bus Stop,2025-06,Live,81.0,2025-06-25 04:00:00
1002221,Bus Stop,2025-07,Idle,5.0,2025-07-21 04:00:00
1002227,Bus Stop,2025-01,Live,1.0,2025-04-17 04:00:00
1002227,Bus Stop,2025-02,Live,1.0,2025-04-17 04:00:00
1002227,Bus Stop,2025-04,Live,2.0,2025-04-17 04:00:00
1002230,Bus Stop,2024-12,Live,21.0,2026-04-14 04:00:00
1002230,Bus Stop,2025-01,Live,16.0,2026-04-14 04:00:00
1002230,Bus Stop,2025-02,Live,11.0,2026-04-14 04:00:00
1002230,Bus Stop,2025-03,Live,16.0,2026-04-14 04:00:00
1002230,Bus Stop,2025-04,Live,17.0,2026-04-14 04:00:00
1002230,Bus Stop,2025-05,Live,21.0,2026-04-14 04:00:00
1002230,Bus Stop,2025-06,Live,22.0,2026-04-14 04:00:00
1002230,Bus Stop,2025-11,Live,23.0,2026-04-14 04:00:00
1002230,Bus Stop,2025-12,Live,18.0,2026-04-14 04:00:00
1002230,Bus Stop,2026-01,Live,18.0,2026-04-14 04:00:00
1002230,Bus Stop,2026-02,Live,9.0,2026-04-14 04:00:00
1002230,Bus Stop,2026-03,Live,28.0,2026-04-14 04:00:00
1002230,Bus Stop,2026-04,Live,13.0,2026-04-14 04:00:00
1002235,Bus Stop,2024-12,Live,4.0,2025-06-23 04:00:00
1002235,Bus Stop,2025-01,Live,4.0,2025-06-23 04:00:00
1002235,Bus Stop,2025-03,Live,1.0,2025-06-23 04:00:00
1002235,Bus Stop,2025-04,Live,3.0,2025-06-23 04:00:00
1002235,Bus Stop,2025-06,Live,2.0,2025-06-23 04:00:00
1002240,Bus Stop,2024-12,Live,1.0,2025-05-20 04:00:00
1002240,Bus Stop,2025-05,Live,1.0,2025-05-20 04:00:00
1002241,Bus Stop,2024-12,Live,1.0,2024-12-31 05:00:00
1002251,Bus Stop,2024-12,Live,37.0,2026-04-15 04:00:00
1002251,Bus Stop,2025-01,Live,28.0,2026-04-15 04:00:00
1002251,Bus Stop,2025-02,Live,50.0,2026-04-15 04:00:00
1002251,Bus Stop,2025-03,Live,56.0,2026-04-15 04:00:00
1002251,Bus Stop,2025-04,Live,56.0,2026-04-15 04:00:00
1002251,Bus Stop,2025-05,Live,59.0,2026-04-15 04:00:00
1002251,Bus Stop,2025-06,Live,59.0,2026-04-15 04:00:00
1002251,Bus Stop,2025-11,Live,86.0,2026-04-15 04:00:00
1002251,Bus Stop,2025-12,Live,83.0,2026-04-15 04:00:00
1002251,Bus Stop,2026-01,Live,68.0,2026-04-15 04:00:00
1002251,Bus Stop,2026-02,Live,108.0,2026-04-15 04:00:00
1002251,Bus Stop,2026-03,Live,94.0,2026-04-15 04:00:00
1002251,Bus Stop,2026-04,Live,41.0,2026-04-15 04:00:00
1002260,Bus Stop,2025-01,Live,2.0,2025-05-20 04:00:00
1002260,Bus Stop,2025-02,Live,1.0,2025-05-20 04:00:00
1002260,Bus Stop,2025-03,Live,1.0,2025-05-20 04:00:00
1002260,Bus Stop,2025-04,Live,1.0,2025-05-20 04:00:00
1002260,Bus Stop,2025-05,Live,2.0,2025-05-20 04:00:00
1002271,Bus Stop,2024-12,Live,2.0,2026-04-13 04:00:00
1002271,Bus Stop,2025-01,Live,4.0,2026-04-13 04:00:00
1002271,Bus Stop,2025-02,Live,2.0,2026-04-13 04:00:00
1002271,Bus Stop,2025-03,Live,1.0,2026-04-13 04:00:00
1002271,Bus Stop,2025-04,Live,7.0,2026-04-13 04:00:00
1002271,Bus Stop,2025-05,Live,7.0,2026-04-13 04:00:00
1002271,Bus Stop,2025-06,Live,4.0,2026-04-13 04:00:00
1002271,Bus Stop,2026-03,Live,4.0,2026-04-13 04:00:00
1002271,Bus Stop,2026-04,Live,4.0,2026-04-13 04:00:00
1002276,Bus Stop,2024-12,Live,11.0,2026-04-13 04:00:00
1002276,Bus Stop,2025-01,Live,13.0,2026-04-13 04:00:00
1002276,Bus Stop,2025-02,Live,9.0,2026-04-13 04:00:00
1002276,Bus Stop,2025-03,Live,16.0,2026-04-13 04:00:00
1002276,Bus Stop,2025-04,Live,14.0,2026-04-13 04:00:00
1002276,Bus Stop,2025-05,Live,11.0,2026-04-13 04:00:00
1002276,Bus Stop,2025-06,Live,9.0,2026-04-13 04:00:00
1002276,Bus Stop,2026-03,Live,12.0,2026-04-13 04:00:00
1002276,Bus Stop,2026-04,Live,9.0,2026-04-13 04:00:00
1002282,Bus Stop,2024-12,Live,2.0,2026-04-14 04:00:00
1002282,Bus Stop,2025-01,Live,2.0,2026-04-14 04:00:00
1002282,Bus Stop,2025-02,Live,11.0,2026-04-14 04:00:00
1002282,Bus Stop,2025-03,Live,21.0,2026-04-14 04:00:00
1002282,Bus Stop,2025-04,Live,23.0,2026-04-14 04:00:00
1002282,Bus Stop,2025-05,Live,29.0,2026-04-14 04:00:00
1002282,Bus Stop,2025-06,Live,29.0,2026-04-14 04:00:00
1002282,Bus Stop,2025-11,Live,29.0,2026-04-14 04:00:00
1002282,Bus Stop,2025-12,Live,30.0,2026-04-14 04:00:00
1002282,Bus Stop,2026-01,Live,24.0,2026-04-14 04:00:00
1002282,Bus Stop,2026-02,Live,30.0,2026-04-14 04:00:00
1002282,Bus Stop,2026-03,Live,56.0,2026-04-14 04:00:00
1002282,Bus Stop,2026-04,Live,24.0,2026-04-14 04:00:00
1002283,Bus Stop,2025-04,Live,2.0,2025-05-28 04:00:00
1002283,Bus Stop,2025-05,Live,1.0,2025-05-28 04:00:00
1002283,Bus Stop,2025-07,Idle,1.0,2025-07-21 04:00:00
1002285,Bus Stop,2024-12,Live,9.0,2025-06-25 04:00:00
1002285,Bus Stop,2025-01,Live,9.0,2025-06-25 04:00:00
1002285,Bus Stop,2025-02,Live,6.0,2025-06-25 04:00:00
1002285,Bus Stop,2025-03,Live,6.0,2025-06-25 04:00:00
1002285,Bus Stop,2025-04,Live,8.0,2025-06-25 04:00:00
1002285,Bus Stop,2025-05,Live,6.0,2025-06-25 04:00:00
1002285,Bus Stop,2025-06,Live,7.0,2025-06-25 04:00:00
1002285,Bus Stop,2025-07,Idle,1.0,2025-07-21 04:00:00
1002290,Bus Stop,2024-12,Live,4.0,2025-06-18 04:00:00
1002290,Bus Stop,2025-01,Live,4.0,2025-06-18 04:00:00
1002290,Bus Stop,2025-02,Live,5.0,2025-06-18 04:00:00
1002290,Bus Stop,2025-03,Live,2.0,2025-06-18 04:00:00
1002290,Bus Stop,2025-04,Live,5.0,2025-06-18 04:00:00
1002290,Bus Stop,2025-05,Live,3.0,2025-06-18 04:00:00
1002290,Bus Stop,2025-06,Live,3.0,2025-06-18 04:00:00
1002294,Bus Stop,2024-12,Live,57.0,2026-04-15 04:00:00
1002294,Bus Stop,2025-01,Live,80.0,2026-04-15 04:00:00
1002294,Bus Stop,2025-02,Live,74.0,2026-04-15 04:00:00
1002294,Bus Stop,2025-03,Live,88.0,2026-04-15 04:00:00
1002294,Bus Stop,2025-04,Live,111.0,2026-04-15 04:00:00
1002294,Bus Stop,2025-05,Live,120.0,2026-04-15 04:00:00
1002294,Bus Stop,2025-06,Live,78.0,2026-04-15 04:00:00
1002294,Bus Stop,2025-07,Idle,5.0,2025-07-21 04:00:00
1002294,Bus Stop,2025-11,Live,23.0,2026-04-15 04:00:00
1002294,Bus Stop,2025-12,Live,67.0,2026-04-15 04:00:00
1002294,Bus Stop,2026-01,Live,61.0,2026-04-15 04:00:00
1002294,Bus Stop,2026-02,Live,107.0,2026-04-15 04:00:00
1002294,Bus Stop,2026-03,Live,131.0,2026-04-15 04:00:00
1002294,Bus Stop,2026-04,Live,62.0,2026-04-15 04:00:00
1002295,Bus Stop,2024-12,Live,58.0,2025-06-25 04:00:00
1002295,Bus Stop,2025-01,Live,105.0,2025-06-25 04:00:00
1002295,Bus Stop,2025-02,Live,44.0,2025-06-25 04:00:00
1002295,Bus Stop,2025-03,Live,72.0,2025-06-25 04:00:00
1002295,Bus Stop,2025-04,Live,104.0,2025-06-25 04:00:00
1002295,Bus Stop,2025-05,Live,126.0,2025-06-25 04:00:00
1002295,Bus Stop,2025-06,Live,86.0,2025-06-25 04:00:00
1002296,Bus Stop,2024-12,Live,1.0,2025-05-18 04:00:00
1002296,Bus Stop,2025-02,Live,3.0,2025-05-18 04:00:00
1002296,Bus Stop,2025-04,Live,1.0,2025-05-18 04:00:00
1002296,Bus Stop,2025-05,Live,3.0,2025-05-18 04:00:00
1002297,Bus Stop,2025-02,Live,1.0,2025-06-21 04:00:00
1002297,Bus Stop,2025-03,Live,1.0,2025-06-21 04:00:00
1002297,Bus Stop,2025-04,Live,2.0,2025-06-21 04:00:00
1002297,Bus Stop,2025-05,Live,1.0,2025-06-21 04:00:00
1002297,Bus Stop,2025-06,Live,2.0,2025-06-21 04:00:00
1002297,Bus Stop,2025-07,Idle,1.0,2025-07-21 04:00:00
1002302,Bus Stop,2025-12,Live,1.0,2025-12-22 05:00:00
1002303,Bus Stop,2024-12,Live,7.0,2025-06-20 04:00:00
1002303,Bus Stop,2025-01,Live,5.0,2025-06-20 04:00:00
1002303,Bus Stop,2025-02,Live,6.0,2025-06-20 04:00:00
1002303,Bus Stop,2025-03,Live,13.0,2025-06-20 04:00:00
1002303,Bus Stop,2025-04,Live,8.0,2025-06-20 04:00:00
1002303,Bus Stop,2025-05,Live,8.0,2025-06-20 04:00:00
1002303,Bus Stop,2025-06,Live,13.0,2025-06-20 04:00:00
1002305,Bus Stop,2025-05,Live,1.0,2025-06-08 04:00:00
1002305,Bus Stop,2025-06,Live,1.0,2025-06-08 04:00:00
1002307,Bus Stop,2024-12,Live,6.0,2026-04-14 04:00:00
1002307,Bus Stop,2025-01,Live,2.0,2026-04-14 04:00:00
1002307,Bus Stop,2025-02,Live,5.0,2026-04-14 04:00:00
1002307,Bus Stop,2025-03,Live,4.0,2026-04-14 04:00:00
1002307,Bus Stop,2025-04,Live,4.0,2026-04-14 04:00:00
1002307,Bus Stop,2025-05,Live,3.0,2026-04-14 04:00:00
1002307,Bus Stop,2025-06,Live,3.0,2026-04-14 04:00:00
1002307,Bus Stop,2025-12,Live,5.0,2026-04-14 04:00:00
1002307,Bus Stop,2026-01,Live,12.0,2026-04-14 04:00:00
1002307,Bus Stop,2026-02,Live,4.0,2026-04-14 04:00:00
1002307,Bus Stop,2026-03,Live,4.0,2026-04-14 04:00:00
1002307,Bus Stop,2026-04,Live,4.0,2026-04-14 04:00:00
1002310,Bus Stop,2025-06,Live,2.0,2026-02-14 05:00:00
1002310,Bus Stop,2026-02,Live,1.0,2026-02-14 05:00:00
1002312,Bus Stop,2024-12,Live,2.0,2026-04-03 04:00:00
1002312,Bus Stop,2025-01,Live,3.0,2026-04-03 04:00:00
1002312,Bus Stop,2025-03,Live,2.0,2026-04-03 04:00:00
1002312,Bus Stop,2025-04,Live,2.0,2026-04-03 04:00:00
1002312,Bus Stop,2025-05,Live,1.0,2026-04-03 04:00:00
1002312,Bus Stop,2025-06,Live,6.0,2026-04-03 04:00:00
1002312,Bus Stop,2026-03,Live,2.0,2026-04-03 04:00:00
1002312,Bus Stop,2026-04,Live,1.0,2026-04-03 04:00:00
1002323,Bus Stop,2025-02,Live,1.0,2025-02-25 05:00:00
1002331,Bus Stop,2024-12,Live,2.0,2025-05-21 04:00:00
1002331,Bus Stop,2025-02,Live,1.0,2025-05-21 04:00:00
1002331,Bus Stop,2025-04,Live,3.0,2025-05-21 04:00:00
1002331,Bus Stop,2025-05,Live,1.0,2025-05-21 04:00:00
1002333,Bus Stop,2024-12,Live,12.0,2026-04-14 04:00:00
1002333,Bus Stop,2025-01,Live,10.0,2026-04-14 04:00:00
1002333,Bus Stop,2025-02,Live,15.0,2026-04-14 04:00:00
1002333,Bus Stop,2025-03,Live,18.0,2026-04-14 04:00:00
1002333,Bus Stop,2025-04,Live,10.0,2026-04-14 04:00:00
1002333,Bus Stop,2025-05,Live,15.0,2026-04-14 04:00:00
1002333,Bus Stop,2025-06,Live,11.0,2026-04-14 04:00:00
1002333,Bus Stop,2025-07,Idle,2.0,2025-07-21 04:00:00
1002333,Bus Stop,2025-11,Live,13.0,2026-04-14 04:00:00
1002333,Bus Stop,2025-12,Live,18.0,2026-04-14 04:00:00
1002333,Bus Stop,2026-01,Live,8.0,2026-04-14 04:00:00
1002333,Bus Stop,2026-02,Live,26.0,2026-04-14 04:00:00
1002333,Bus Stop,2026-03,Live,33.0,2026-04-14 04:00:00
1002333,Bus Stop,2026-04,Live,9.0,2026-04-14 04:00:00
1002335,Bus Stop,2024-12,Live,2.0,2026-03-17 04:00:00
1002335,Bus Stop,2025-01,Live,2.0,2026-03-17 04:00:00
1002335,Bus Stop,2025-03,Live,11.0,2026-03-17 04:00:00
1002335,Bus Stop,2025-04,Live,5.0,2026-03-17 04:00:00
1002335,Bus Stop,2025-05,Live,8.0,2026-03-17 04:00:00
1002335,Bus Stop,2025-06,Live,7.0,2026-03-17 04:00:00
1002335,Bus Stop,2025-12,Live,1.0,2026-03-17 04:00:00
1002335,Bus Stop,2026-02,Live,1.0,2026-03-17 04:00:00
1002335,Bus Stop,2026-03,Live,1.0,2026-03-17 04:00:00
1002337,Bus Stop,2024-12,Live,30.0,2025-06-23 04:00:00
1002337,Bus Stop,2025-01,Live,39.0,2025-06-23 04:00:00
1002337,Bus Stop,2025-02,Live,31.0,2025-06-23 04:00:00
1002337,Bus Stop,2025-03,Live,41.0,2025-06-23 04:00:00
1002337,Bus Stop,2025-04,Live,23.0,2025-06-23 04:00:00
1002337,Bus Stop,2025-05,Live,37.0,2025-06-23 04:00:00
1002337,Bus Stop,2025-06,Live,17.0,2025-06-23 04:00:00
1002337,Bus Stop,2025-07,Idle,1.0,2025-07-22 04:00:00
1002338,Bus Stop,2024-12,Live,5.0,2026-04-13 04:00:00
1002338,Bus Stop,2025-01,Live,5.0,2026-04-13 04:00:00
1002338,Bus Stop,2025-02,Live,4.0,2026-04-13 04:00:00
1002338,Bus Stop,2025-03,Live,4.0,2026-04-13 04:00:00
1002338,Bus Stop,2025-04,Live,8.0,2026-04-13 04:00:00
1002338,Bus Stop,2025-05,Live,8.0,2026-04-13 04:00:00
1002338,Bus Stop,2025-06,Live,2.0,2026-04-13 04:00:00
1002338,Bus Stop,2025-07,Idle,1.0,2025-07-22 04:00:00
1002338,Bus Stop,2025-11,Live,3.0,2026-04-13 04:00:00
1002338,Bus Stop,2025-12,Live,5.0,2026-04-13 04:00:00
1002338,Bus Stop,2026-01,Live,3.0,2026-04-13 04:00:00
1002338,Bus Stop,2026-02,Live,4.0,2026-04-13 04:00:00
1002338,Bus Stop,2026-03,Live,5.0,2026-04-13 04:00:00
1002338,Bus Stop,2026-04,Live,4.0,2026-04-13 04:00:00
1002339,Bus Stop,2024-12,Live,1.0,2025-05-20 04:00:00
1002339,Bus Stop,2025-03,Live,1.0,2025-05-20 04:00:00
1002339,Bus Stop,2025-04,Live,1.0,2025-05-20 04:00:00
1002339,Bus Stop,2025-05,Live,1.0,2025-05-20 04:00:00
1002341,Bus Stop,2025-05,Live,2.0,2025-05-02 04:00:00
1002362,Bus Stop,2025-06,Live,1.0,2025-06-24 04:00:00
1002369,Bus Stop,2025-01,Live,1.0,2025-03-08 05:00:00
1002369,Bus Stop,2025-03,Live,1.0,2025-03-08 05:00:00
1002372,Bus Stop,2024-12,Live,1.0,2026-03-31 04:00:00
1002372,Bus Stop,2025-01,Live,3.0,2026-03-31 04:00:00
1002372,Bus Stop,2025-02,Live,2.0,2026-03-31 04:00:00
1002372,Bus Stop,2025-03,Live,5.0,2026-03-31 04:00:00
1002372,Bus Stop,2025-04,Live,3.0,2026-03-31 04:00:00
1002372,Bus Stop,2025-05,Live,3.0,2026-03-31 04:00:00
1002372,Bus Stop,2025-06,Live,3.0,2026-03-31 04:00:00
1002372,Bus Stop,2026-03,Live,2.0,2026-03-31 04:00:00
1002385,Bus Stop,2025-01,Live,1.0,2025-04-07 04:00:00
1002385,Bus Stop,2025-04,Live,1.0,2025-04-07 04:00:00
1002389,Bus Stop,2024-12,Live,109.0,2026-04-15 04:00:00
1002389,Bus Stop,2025-01,Live,95.0,2026-04-15 04:00:00
1002389,Bus Stop,2025-02,Live,81.0,2026-04-15 04:00:00
1002389,Bus Stop,2025-03,Live,84.0,2026-04-15 04:00:00
1002389,Bus Stop,2025-04,Live,111.0,2026-04-15 04:00:00
1002389,Bus Stop,2025-05,Live,165.0,2026-04-15 04:00:00
1002389,Bus Stop,2025-06,Live,120.0,2026-04-15 04:00:00
1002389,Bus Stop,2025-07,Idle,7.0,2025-07-22 04:00:00
1002389,Bus Stop,2026-01,Live,48.0,2026-04-15 04:00:00
1002389,Bus Stop,2026-02,Live,198.0,2026-04-15 04:00:00
1002389,Bus Stop,2026-03,Live,266.0,2026-04-15 04:00:00
1002389,Bus Stop,2026-04,Live,155.0,2026-04-15 04:00:00
1002393,Bus Stop,2024-12,Live,7.0,2026-04-10 04:00:00
1002393,Bus Stop,2025-01,Live,8.0,2026-04-10 04:00:00
1002393,Bus Stop,2025-02,Live,5.0,2026-04-10 04:00:00
1002393,Bus Stop,2025-03,Live,6.0,2026-04-10 04:00:00
1002393,Bus Stop,2025-04,Live,3.0,2026-04-10 04:00:00
1002393,Bus Stop,2025-05,Live,7.0,2026-04-10 04:00:00
1002393,Bus Stop,2025-06,Live,4.0,2026-04-10 04:00:00
1002393,Bus Stop,2025-12,Live,10.0,2026-04-10 04:00:00
1002393,Bus Stop,2026-01,Live,14.0,2026-04-10 04:00:00
1002393,Bus Stop,2026-02,Live,12.0,2026-04-10 04:00:00
1002393,Bus Stop,2026-03,Live,20.0,2026-04-10 04:00:00
1002393,Bus Stop,2026-04,Live,8.0,2026-04-10 04:00:00
1002401,Bus Stop,2024-12,Live,5.0,2026-04-09 04:00:00
1002401,Bus Stop,2025-01,Live,4.0,2026-04-09 04:00:00
1002401,Bus Stop,2025-02,Live,6.0,2026-04-09 04:00:00
1002401,Bus Stop,2025-03,Live,9.0,2026-04-09 04:00:00
1002401,Bus Stop,2025-04,Live,5.0,2026-04-09 04:00:00
1002401,Bus Stop,2025-05,Live,6.0,2026-04-09 04:00:00
1002401,Bus Stop,2025-06,Live,5.0,2026-04-09 04:00:00
1002401,Bus Stop,2026-01,Live,5.0,2026-04-09 04:00:00
1002401,Bus Stop,2026-02,Live,9.0,2026-04-09 04:00:00
1002401,Bus Stop,2026-03,Live,13.0,2026-04-09 04:00:00
1002401,Bus Stop,2026-04,Live,1.0,2026-04-09 04:00:00
1002404,Bus Stop,2024-12,Live,1.0,2025-06-06 04:00:00
1002404,Bus Stop,2025-01,Live,2.0,2025-06-06 04:00:00
1002404,Bus Stop,2025-03,Live,2.0,2025-06-06 04:00:00
1002404,Bus Stop,2025-04,Live,2.0,2025-06-06 04:00:00
1002404,Bus Stop,2025-05,Live,4.0,2025-06-06 04:00:00
1002404,Bus Stop,2025-06,Live,2.0,2025-06-06 04:00:00
1002405,Bus Stop,2024-12,Live,1.0,2026-04-05 04:00:00
1002405,Bus Stop,2025-01,Live,1.0,2026-04-05 04:00:00
1002405,Bus Stop,2025-02,Live,4.0,2026-04-05 04:00:00
1002405,Bus Stop,2025-03,Live,1.0,2026-04-05 04:00:00
1002405,Bus Stop,2025-04,Live,5.0,2026-04-05 04:00:00
1002405,Bus Stop,2025-05,Live,4.0,2026-04-05 04:00:00
1002405,Bus Stop,2025-11,Live,4.0,2026-04-05 04:00:00
1002405,Bus Stop,2025-12,Live,4.0,2026-04-05 04:00:00
1002405,Bus Stop,2026-01,Live,4.0,2026-04-05 04:00:00
1002405,Bus Stop,2026-02,Live,3.0,2026-04-05 04:00:00
1002405,Bus Stop,2026-03,Live,8.0,2026-04-05 04:00:00
1002405,Bus Stop,2026-04,Live,1.0,2026-04-05 04:00:00
1002407,Bus Stop,2025-02,Live,3.0,2025-05-02 04:00:00
1002407,Bus Stop,2025-03,Live,3.0,2025-05-02 04:00:00
1002407,Bus Stop,2025-04,Live,1.0,2025-05-02 04:00:00
1002407,Bus Stop,2025-05,Live,1.0,2025-05-02 04:00:00
1002408,Bus Stop,2024-12,Live,13.0,2025-06-25 04:00:00
1002408,Bus Stop,2025-01,Live,5.0,2025-06-25 04:00:00
1002408,Bus Stop,2025-02,Live,10.0,2025-06-25 04:00:00
1002408,Bus Stop,2025-03,Live,18.0,2025-06-25 04:00:00
1002408,Bus Stop,2025-04,Live,22.0,2025-06-25 04:00:00
1002408,Bus Stop,2025-05,Live,23.0,2025-06-25 04:00:00
1002408,Bus Stop,2025-06,Live,18.0,2025-06-25 04:00:00
1002411,Bus Stop,2025-06,Live,1.0,2025-06-25 04:00:00
1002415,Bus Stop,2024-12,Live,27.0,2026-04-15 04:00:00
1002415,Bus Stop,2025-01,Live,22.0,2026-04-15 04:00:00
1002415,Bus Stop,2025-02,Live,23.0,2026-04-15 04:00:00
1002415,Bus Stop,2025-03,Live,13.0,2026-04-15 04:00:00
1002415,Bus Stop,2025-04,Live,32.0,2026-04-15 04:00:00
1002415,Bus Stop,2025-05,Live,30.0,2026-04-15 04:00:00
1002415,Bus Stop,2025-06,Live,27.0,2026-04-15 04:00:00
1002415,Bus Stop,2025-07,Idle,3.0,2025-07-21 04:00:00
1002415,Bus Stop,2026-02,Live,9.0,2026-04-15 04:00:00
1002415,Bus Stop,2026-03,Live,54.0,2026-04-15 04:00:00
1002415,Bus Stop,2026-04,Live,48.0,2026-04-15 04:00:00
1002416,Bus Stop,2024-12,Live,33.0,2025-06-25 04:00:00
1002416,Bus Stop,2025-01,Live,39.0,2025-06-25 04:00:00
1002416,Bus Stop,2025-02,Live,34.0,2025-06-25 04:00:00
1002416,Bus Stop,2025-03,Live,53.0,2025-06-25 04:00:00
1002416,Bus Stop,2025-04,Live,36.0,2025-06-25 04:00:00
1002416,Bus Stop,2025-05,Live,47.0,2025-06-25 04:00:00
1002416,Bus Stop,2025-06,Live,38.0,2025-06-25 04:00:00
1002416,Bus Stop,2025-07,Idle,2.0,2025-07-21 04:00:00
1002427,Bus Stop,2024-12,Live,2.0,2026-04-10 04:00:00
1002427,Bus Stop,2025-02,Live,1.0,2026-04-10 04:00:00
1002427,Bus Stop,2025-04,Live,2.0,2026-04-10 04:00:00
1002427,Bus Stop,2025-05,Live,3.0,2026-04-10 04:00:00
1002427,Bus Stop,2025-06,Live,1.0,2026-04-10 04:00:00
1002427,Bus Stop,2026-02,Live,4.0,2026-04-10 04:00:00
1002427,Bus Stop,2026-03,Live,1.0,2026-04-10 04:00:00
1002427,Bus Stop,2026-04,Live,1.0,2026-04-10 04:00:00
1002429,Bus Stop,2024-12,Live,14.0,2025-06-24 04:00:00
1002429,Bus Stop,2025-01,Live,22.0,2025-06-24 04:00:00
1002429,Bus Stop,2025-02,Live,12.0,2025-06-24 04:00:00
1002429,Bus Stop,2025-03,Live,26.0,2025-06-24 04:00:00
1002429,Bus Stop,2025-04,Live,21.0,2025-06-24 04:00:00
1002429,Bus Stop,2025-05,Live,19.0,2025-06-24 04:00:00
1002429,Bus Stop,2025-06,Live,33.0,2025-06-24 04:00:00
1002431,Bus Stop,2024-12,Live,3.0,2026-04-11 04:00:00
1002431,Bus Stop,2025-01,Live,3.0,2026-04-11 04:00:00
1002431,Bus Stop,2025-02,Live,3.0,2026-04-11 04:00:00
1002431,Bus Stop,2025-03,Live,2.0,2026-04-11 04:00:00
1002431,Bus Stop,2025-04,Live,3.0,2026-04-11 04:00:00
1002431,Bus Stop,2025-05,Live,1.0,2026-04-11 04:00:00
1002431,Bus Stop,2025-06,Live,2.0,2026-04-11 04:00:00
1002431,Bus Stop,2025-11,Live,1.0,2026-04-11 04:00:00
1002431,Bus Stop,2025-12,Live,2.0,2026-04-11 04:00:00
1002431,Bus Stop,2026-01,Live,4.0,2026-04-11 04:00:00
1002431,Bus Stop,2026-02,Live,7.0,2026-04-11 04:00:00
1002431,Bus Stop,2026-03,Live,3.0,2026-04-11 04:00:00
1002431,Bus Stop,2026-04,Live,1.0,2026-04-11 04:00:00
1002432,Bus Stop,2025-01,Live,2.0,2025-03-26 04:00:00
1002432,Bus Stop,2025-03,Live,1.0,2025-03-26 04:00:00
1002436,Bus Stop,2024-12,Live,4.0,2025-06-08 04:00:00
1002436,Bus Stop,2025-01,Live,2.0,2025-06-08 04:00:00
1002436,Bus Stop,2025-03,Live,1.0,2025-06-08 04:00:00
1002436,Bus Stop,2025-04,Live,3.0,2025-06-08 04:00:00
1002436,Bus Stop,2025-05,Live,1.0,2025-06-08 04:00:00
1002436,Bus Stop,2025-06,Live,3.0,2025-06-08 04:00:00
1002438,Bus Stop,2024-12,Live,1.0,2025-05-19 04:00:00
1002438,Bus Stop,2025-05,Live,1.0,2025-05-19 04:00:00
1002442,Bus Stop,2025-04,Live,1.0,2025-04-11 04:00:00
1002443,Bus Stop,2025-03,Live,1.0,2025-03-17 04:00:00
1002453,Bus Stop,2024-12,Live,5.0,2025-06-15 04:00:00
1002453,Bus Stop,2025-01,Live,4.0,2025-06-15 04:00:00
1002453,Bus Stop,2025-02,Live,6.0,2025-06-15 04:00:00
1002453,Bus Stop,2025-04,Live,6.0,2025-06-15 04:00:00
1002453,Bus Stop,2025-05,Live,4.0,2025-06-15 04:00:00
1002453,Bus Stop,2025-06,Live,3.0,2025-06-15 04:00:00
1002463,Bus Stop,2024-12,Live,26.0,2026-04-13 04:00:00
1002463,Bus Stop,2025-01,Live,17.0,2026-04-13 04:00:00
1002463,Bus Stop,2025-02,Live,53.0,2026-04-13 04:00:00
1002463,Bus Stop,2025-03,Live,63.0,2026-04-13 04:00:00
1002463,Bus Stop,2025-04,Live,80.0,2026-04-13 04:00:00
1002463,Bus Stop,2025-05,Live,72.0,2026-04-13 04:00:00
1002463,Bus Stop,2025-06,Live,59.0,2026-04-13 04:00:00
1002463,Bus Stop,2025-11,Live,9.0,2026-04-13 04:00:00
1002463,Bus Stop,2025-12,Live,35.0,2026-04-13 04:00:00
1002463,Bus Stop,2026-01,Live,31.0,2026-04-13 04:00:00
1002463,Bus Stop,2026-02,Live,41.0,2026-04-13 04:00:00
1002463,Bus Stop,2026-03,Live,41.0,2026-04-13 04:00:00
1002463,Bus Stop,2026-04,Live,13.0,2026-04-13 04:00:00
1002465,Bus Stop,2024-12,Live,1.0,2025-03-12 04:00:00
1002465,Bus Stop,2025-01,Live,2.0,2025-03-12 04:00:00
1002465,Bus Stop,2025-02,Live,1.0,2025-03-12 04:00:00
1002465,Bus Stop,2025-03,Live,1.0,2025-03-12 04:00:00
1002468,Bus Stop,2024-12,Live,5.0,2025-06-24 04:00:00
1002468,Bus Stop,2025-01,Live,6.0,2025-06-24 04:00:00
1002468,Bus Stop,2025-02,Live,4.0,2025-06-24 04:00:00
1002468,Bus Stop,2025-03,Live,3.0,2025-06-24 04:00:00
1002468,Bus Stop,2025-04,Live,5.0,2025-06-24 04:00:00
1002468,Bus Stop,2025-05,Live,6.0,2025-06-24 04:00:00
1002468,Bus Stop,2025-06,Live,7.0,2025-06-24 04:00:00
1002468,Bus Stop,2025-07,Idle,1.0,2025-07-21 04:00:00
1002473,Bus Stop,2025-01,Live,1.0,2025-05-20 04:00:00
1002473,Bus Stop,2025-02,Live,3.0,2025-05-20 04:00:00
1002473,Bus Stop,2025-03,Live,9.0,2025-05-20 04:00:00
1002473,Bus Stop,2025-05,Live,3.0,2025-05-20 04:00:00
1002477,Bus Stop,2024-12,Live,9.0,2026-02-28 05:00:00
1002477,Bus Stop,2025-01,Live,12.0,2026-02-28 05:00:00
1002477,Bus Stop,2025-02,Live,8.0,2026-02-28 05:00:00
1002477,Bus Stop,2025-03,Live,11.0,2026-02-28 05:00:00
1002477,Bus Stop,2025-04,Live,10.0,2026-02-28 05:00:00
1002477,Bus Stop,2025-05,Live,15.0,2026-02-28 05:00:00
1002477,Bus Stop,2025-06,Live,14.0,2026-02-28 05:00:00
1002477,Bus Stop,2025-07,Idle,1.0,2025-07-21 04:00:00
1002477,Bus Stop,2026-02,Live,2.0,2026-02-28 05:00:00
1002478,Bus Stop,2024-12,Live,9.0,2026-04-14 04:00:00
1002478,Bus Stop,2025-01,Live,9.0,2026-04-14 04:00:00
1002478,Bus Stop,2025-02,Live,6.0,2026-04-14 04:00:00
1002478,Bus Stop,2025-03,Live,6.0,2026-04-14 04:00:00
1002478,Bus Stop,2025-04,Live,7.0,2026-04-14 04:00:00
1002478,Bus Stop,2025-05,Live,4.0,2026-04-14 04:00:00
1002478,Bus Stop,2025-06,Live,7.0,2026-04-14 04:00:00
1002478,Bus Stop,2026-03,Live,16.0,2026-04-14 04:00:00
1002478,Bus Stop,2026-04,Live,6.0,2026-04-14 04:00:00
1002480,Bus Stop,2025-02,Live,1.0,2025-06-25 04:00:00
1002480,Bus Stop,2025-06,Live,1.0,2025-06-25 04:00:00
1002485,Bus Stop,2025-04,Live,1.0,2025-06-10 04:00:00
1002485,Bus Stop,2025-05,Live,1.0,2025-06-10 04:00:00
1002485,Bus Stop,2025-06,Live,1.0,2025-06-10 04:00:00
1002486,Bus Stop,2024-12,Live,25.0,2026-04-15 04:00:00
1002486,Bus Stop,2025-01,Live,12.0,2026-04-15 04:00:00
1002486,Bus Stop,2025-02,Live,22.0,2026-04-15 04:00:00
1002486,Bus Stop,2025-03,Live,42.0,2026-04-15 04:00:00
1002486,Bus Stop,2025-04,Live,43.0,2026-04-15 04:00:00
1002486,Bus Stop,2025-05,Live,39.0,2026-04-15 04:00:00
1002486,Bus Stop,2025-06,Live,15.0,2026-04-15 04:00:00
1002486,Bus Stop,2025-07,Idle,2.0,2025-07-21 04:00:00
1002486,Bus Stop,2025-11,Live,36.0,2026-04-15 04:00:00
1002486,Bus Stop,2025-12,Live,39.0,2026-04-15 04:00:00
1002486,Bus Stop,2026-01,Live,24.0,2026-04-15 04:00:00
1002486,Bus Stop,2026-02,Live,36.0,2026-04-15 04:00:00
1002486,Bus Stop,2026-03,Live,64.0,2026-04-15 04:00:00
1002486,Bus Stop,2026-04,Live,32.0,2026-04-15 04:00:00
1002490,Bus Stop,2024-12,Live,5.0,2025-05-30 04:00:00
1002490,Bus Stop,2025-01,Live,3.0,2025-05-30 04:00:00
1002490,Bus Stop,2025-02,Live,5.0,2025-05-30 04:00:00
1002490,Bus Stop,2025-03,Live,2.0,2025-05-30 04:00:00
1002490,Bus Stop,2025-04,Live,7.0,2025-05-30 04:00:00
1002490,Bus Stop,2025-05,Live,5.0,2025-05-30 04:00:00
1002495,Bus Stop,2024-12,Live,10.0,2026-04-12 04:00:00
1002495,Bus Stop,2025-01,Live,5.0,2026-04-12 04:00:00
1002495,Bus Stop,2025-02,Live,7.0,2026-04-12 04:00:00
1002495,Bus Stop,2025-03,Live,2.0,2026-04-12 04:00:00
1002495,Bus Stop,2025-04,Live,5.0,2026-04-12 04:00:00
1002495,Bus Stop,2025-05,Live,8.0,2026-04-12 04:00:00
1002495,Bus Stop,2025-06,Live,5.0,2026-04-12 04:00:00
1002495,Bus Stop,2025-07,Idle,1.0,2025-07-21 04:00:00
1002495,Bus Stop,2025-12,Live,6.0,2026-04-12 04:00:00
1002495,Bus Stop,2026-01,Live,8.0,2026-04-12 04:00:00
1002495,Bus Stop,2026-02,Live,14.0,2026-04-12 04:00:00
1002495,Bus Stop,2026-03,Live,12.0,2026-04-12 04:00:00
1002495,Bus Stop,2026-04,Live,7.0,2026-04-12 04:00:00
1002496,Bus Stop,2025-02,Live,1.0,2025-06-05 04:00:00
1002496,Bus Stop,2025-06,Live,1.0,2025-06-05 04:00:00
1002500,Bus Stop,2024-12,Live,126.0,2025-06-25 04:00:00
1002500,Bus Stop,2025-01,Live,151.0,2025-06-25 04:00:00
1002500,Bus Stop,2025-02,Live,109.0,2025-06-25 04:00:00
1002500,Bus Stop,2025-03,Live,96.0,2025-06-25 04:00:00
1002500,Bus Stop,2025-04,Live,100.0,2025-06-25 04:00:00
1002500,Bus Stop,2025-05,Live,92.0,2025-06-25 04:00:00
1002500,Bus Stop,2025-06,Live,61.0,2025-06-25 04:00:00
1002501,Bus Stop,2024-12,Live,24.0,2025-06-24 04:00:00
1002501,Bus Stop,2025-01,Live,15.0,2025-06-24 04:00:00
1002501,Bus Stop,2025-02,Live,22.0,2025-06-24 04:00:00
1002501,Bus Stop,2025-03,Live,34.0,2025-06-24 04:00:00
1002501,Bus Stop,2025-04,Live,31.0,2025-06-24 04:00:00
1002501,Bus Stop,2025-05,Live,35.0,2025-06-24 04:00:00
1002501,Bus Stop,2025-06,Live,21.0,2025-06-24 04:00:00
1002502,Bus Stop,2024-12,Live,1.0,2025-06-21 04:00:00
1002502,Bus Stop,2025-01,Live,2.0,2025-06-21 04:00:00
1002502,Bus Stop,2025-02,Live,2.0,2025-06-21 04:00:00
1002502,Bus Stop,2025-03,Live,2.0,2025-06-21 04:00:00
1002502,Bus Stop,2025-05,Live,1.0,2025-06-21 04:00:00
1002502,Bus Stop,2025-06,Live,1.0,2025-06-21 04:00:00
1002504,Bus Stop,2024-12,Live,2.0,2026-04-14 04:00:00
1002504,Bus Stop,2025-01,Live,9.0,2026-04-14 04:00:00
1002504,Bus Stop,2025-02,Live,3.0,2026-04-14 04:00:00
1002504,Bus Stop,2025-03,Live,2.0,2026-04-14 04:00:00
1002504,Bus Stop,2025-04,Live,1.0,2026-04-14 04:00:00
1002504,Bus Stop,2025-05,Live,2.0,2026-04-14 04:00:00
1002504,Bus Stop,2025-06,Live,1.0,2026-04-14 04:00:00
1002504,Bus Stop,2025-07,Idle,1.0,2025-07-21 04:00:00
1002504,Bus Stop,2025-11,Live,5.0,2026-04-14 04:00:00
1002504,Bus Stop,2025-12,Live,9.0,2026-04-14 04:00:00
1002504,Bus Stop,2026-01,Live,5.0,2026-04-14 04:00:00
1002504,Bus Stop,2026-02,Live,14.0,2026-04-14 04:00:00
1002504,Bus Stop,2026-03,Live,9.0,2026-04-14 04:00:00
1002504,Bus Stop,2026-04,Live,4.0,2026-04-14 04:00:00
1002506,Bus Stop,2024-12,Live,7.0,2026-04-15 04:00:00
1002506,Bus Stop,2025-01,Live,2.0,2026-04-15 04:00:00
1002506,Bus Stop,2025-02,Live,6.0,2026-04-15 04:00:00
1002506,Bus Stop,2025-03,Live,4.0,2026-04-15 04:00:00
1002506,Bus Stop,2025-04,Live,4.0,2026-04-15 04:00:00
1002506,Bus Stop,2025-05,Live,12.0,2026-04-15 04:00:00
1002506,Bus Stop,2025-06,Live,7.0,2026-04-15 04:00:00
1002506,Bus Stop,2025-12,Live,1.0,2026-04-15 04:00:00
1002506,Bus Stop,2026-01,Live,4.0,2026-04-15 04:00:00
1002506,Bus Stop,2026-02,Live,4.0,2026-04-15 04:00:00
1002506,Bus Stop,2026-03,Live,6.0,2026-04-15 04:00:00
1002506,Bus Stop,2026-04,Live,3.0,2026-04-15 04:00:00
1002509,Bus Stop,2025-04,Live,2.0,2025-06-08 04:00:00
1002509,Bus Stop,2025-05,Live,2.0,2025-06-08 04:00:00
1002509,Bus Stop,2025-06,Live,1.0,2025-06-08 04:00:00
1002514,Bus Stop,2025-01,Live,1.0,2025-01-21 05:00:00
1002517,Bus Stop,2024-12,Live,12.0,2025-06-23 04:00:00
1002517,Bus Stop,2025-01,Live,14.0,2025-06-23 04:00:00
1002517,Bus Stop,2025-02,Live,8.0,2025-06-23 04:00:00
1002517,Bus Stop,2025-03,Live,14.0,2025-06-23 04:00:00
1002517,Bus Stop,2025-04,Live,9.0,2025-06-23 04:00:00
1002517,Bus Stop,2025-05,Live,16.0,2025-06-23 04:00:00
1002517,Bus Stop,2025-06,Live,11.0,2025-06-23 04:00:00
1002524,Bus Stop,2024-12,Live,3.0,2025-06-22 04:00:00
1002524,Bus Stop,2025-01,Live,6.0,2025-06-22 04:00:00
1002524,Bus Stop,2025-02,Live,2.0,2025-06-22 04:00:00
1002524,Bus Stop,2025-03,Live,4.0,2025-06-22 04:00:00
1002524,Bus Stop,2025-04,Live,2.0,2025-06-22 04:00:00
1002524,Bus Stop,2025-05,Live,2.0,2025-06-22 04:00:00
1002524,Bus Stop,2025-06,Live,2.0,2025-06-22 04:00:00
1002528,Bus Stop,2024-12,Live,1.0,2025-04-27 04:00:00
1002528,Bus Stop,2025-01,Live,1.0,2025-04-27 04:00:00
1002528,Bus Stop,2025-02,Live,1.0,2025-04-27 04:00:00
1002528,Bus Stop,2025-04,Live,1.0,2025-04-27 04:00:00
1002529,Bus Stop,2024-12,Live,42.0,2025-06-21 04:00:00
1002529,Bus Stop,2025-01,Live,53.0,2025-06-21 04:00:00
1002529,Bus Stop,2025-02,Live,42.0,2025-06-21 04:00:00
1002529,Bus Stop,2025-03,Live,30.0,2025-06-21 04:00:00
1002529,Bus Stop,2025-04,Live,24.0,2025-06-21 04:00:00
1002529,Bus Stop,2025-05,Live,39.0,2025-06-21 04:00:00
1002529,Bus Stop,2025-06,Live,17.0,2025-06-21 04:00:00
1002529,Bus Stop,2025-07,Idle,2.0,2025-07-21 04:00:00
1002538,Bus Stop,2024-12,Live,3.0,2026-04-03 04:00:00
1002538,Bus Stop,2025-01,Live,2.0,2026-04-03 04:00:00
1002538,Bus Stop,2025-02,Live,1.0,2026-04-03 04:00:00
1002538,Bus Stop,2025-03,Live,1.0,2026-04-03 04:00:00
1002538,Bus Stop,2025-12,Live,2.0,2026-04-03 04:00:00
1002538,Bus Stop,2026-01,Live,3.0,2026-04-03 04:00:00
1002538,Bus Stop,2026-02,Live,1.0,2026-04-03 04:00:00
1002538,Bus Stop,2026-03,Live,3.0,2026-04-03 04:00:00
1002538,Bus Stop,2026-04,Live,1.0,2026-04-03 04:00:00
1002539,Bus Stop,2025-02,Live,5.0,2026-03-25 04:00:00
1002539,Bus Stop,2025-04,Live,1.0,2026-03-25 04:00:00
1002539,Bus Stop,2025-05,Live,2.0,2026-03-25 04:00:00
1002539,Bus Stop,2026-03,Live,2.0,2026-03-25 04:00:00
1002541,Bus Stop,2025-04,Live,2.0,2025-06-25 04:00:00
1002541,Bus Stop,2025-05,Live,2.0,2025-06-25 04:00:00
1002541,Bus Stop,2025-06,Live,1.0,2025-06-25 04:00:00
1002565,Bus Stop,2025-05,Live,1.0,2025-05-28 04:00:00
1002568,Bus Stop,2024-12,Live,20.0,2025-06-23 04:00:00
1002568,Bus Stop,2025-01,Live,18.0,2025-06-23 04:00:00
1002568,Bus Stop,2025-02,Live,20.0,2025-06-23 04:00:00
1002568,Bus Stop,2025-03,Live,32.0,2025-06-23 04:00:00
1002568,Bus Stop,2025-04,Live,43.0,2025-06-23 04:00:00
1002568,Bus Stop,2025-05,Live,56.0,2025-06-23 04:00:00
1002568,Bus Stop,2025-06,Live,35.0,2025-06-23 04:00:00
1002568,Bus Stop,2025-07,Idle,2.0,2025-07-22 04:00:00
1002571,Bus Stop,2025-01,Live,6.0,2025-06-10 04:00:00
1002571,Bus Stop,2025-02,Live,3.0,2025-06-10 04:00:00
1002571,Bus Stop,2025-03,Live,2.0,2025-06-10 04:00:00
1002571,Bus Stop,2025-04,Live,2.0,2025-06-10 04:00:00
1002571,Bus Stop,2025-05,Live,5.0,2025-06-10 04:00:00
1002571,Bus Stop,2025-06,Live,3.0,2025-06-10 04:00:00
1002574,Bus Stop,2024-12,Live,25.0,2025-06-24 04:00:00
1002574,Bus Stop,2025-01,Live,13.0,2025-06-24 04:00:00
1002574,Bus Stop,2025-02,Live,10.0,2025-06-24 04:00:00
1002574,Bus Stop,2025-03,Live,11.0,2025-06-24 04:00:00
1002574,Bus Stop,2025-04,Live,16.0,2025-06-24 04:00:00
1002574,Bus Stop,2025-05,Live,31.0,2025-06-24 04:00:00
1002574,Bus Stop,2025-06,Live,12.0,2025-06-24 04:00:00
1002574,Bus Stop,2025-07,Idle,3.0,2025-07-21 04:00:00
1002577,Bus Stop,2024-12,Live,2.0,2026-04-09 04:00:00
1002577,Bus Stop,2025-01,Live,1.0,2026-04-09 04:00:00
1002577,Bus Stop,2025-02,Live,2.0,2026-04-09 04:00:00
1002577,Bus Stop,2025-03,Live,4.0,2026-04-09 04:00:00
1002577,Bus Stop,2025-04,Live,3.0,2026-04-09 04:00:00
1002577,Bus Stop,2025-05,Live,7.0,2026-04-09 04:00:00
1002577,Bus Stop,2025-06,Live,3.0,2026-04-09 04:00:00
1002577,Bus Stop,2026-03,Live,6.0,2026-04-09 04:00:00
1002577,Bus Stop,2026-04,Live,1.0,2026-04-09 04:00:00
1002585,Bus Stop,2024-12,Live,3.0,2025-06-07 04:00:00
1002585,Bus Stop,2025-01,Live,2.0,2025-06-07 04:00:00
1002585,Bus Stop,2025-02,Live,6.0,2025-06-07 04:00:00
1002585,Bus Stop,2025-03,Live,6.0,2025-06-07 04:00:00
1002585,Bus Stop,2025-04,Live,8.0,2025-06-07 04:00:00
1002585,Bus Stop,2025-05,Live,11.0,2025-06-07 04:00:00
1002585,Bus Stop,2025-06,Live,1.0,2025-06-07 04:00:00
1002595,Bus Stop,2025-01,Live,1.0,2025-06-03 04:00:00
1002595,Bus Stop,2025-05,Live,1.0,2025-06-03 04:00:00
1002595,Bus Stop,2025-06,Live,1.0,2025-06-03 04:00:00
1002597,Bus Stop,2024-12,Live,54.0,2025-06-25 04:00:00
1002597,Bus Stop,2025-01,Live,54.0,2025-06-25 04:00:00
1002597,Bus Stop,2025-02,Live,53.0,2025-06-25 04:00:00
1002597,Bus Stop,2025-03,Live,65.0,2025-06-25 04:00:00
1002597,Bus Stop,2025-04,Live,58.0,2025-06-25 04:00:00
1002597,Bus Stop,2025-05,Live,81.0,2025-06-25 04:00:00
1002597,Bus Stop,2025-06,Live,74.0,2025-06-25 04:00:00
1002597,Bus Stop,2025-07,Idle,1.0,2026-04-15 04:00:00
1002597,Bus Stop,2026-02,Idle,23.0,2026-04-15 04:00:00
1002597,Bus Stop,2026-03,Idle,85.0,2026-04-15 04:00:00
1002597,Bus Stop,2026-04,Idle,45.0,2026-04-15 04:00:00
1002599,Bus Stop,2024-12,Live,11.0,2025-06-24 04:00:00
1002599,Bus Stop,2025-01,Live,16.0,2025-06-24 04:00:00
1002599,Bus Stop,2025-02,Live,21.0,2025-06-24 04:00:00
1002599,Bus Stop,2025-03,Live,27.0,2025-06-24 04:00:00
1002599,Bus Stop,2025-04,Live,43.0,2025-06-24 04:00:00
1002599,Bus Stop,2025-05,Live,18.0,2025-06-24 04:00:00
1002599,Bus Stop,2025-06,Live,13.0,2025-06-24 04:00:00
1002601,Bus Stop,2024-12,Live,10.0,2026-04-15 04:00:00
1002601,Bus Stop,2025-01,Live,10.0,2026-04-15 04:00:00
1002601,Bus Stop,2025-02,Live,6.0,2026-04-15 04:00:00
1002601,Bus Stop,2025-03,Live,8.0,2026-04-15 04:00:00
1002601,Bus Stop,2025-04,Live,1.0,2026-04-15 04:00:00
1002601,Bus Stop,2025-05,Live,9.0,2026-04-15 04:00:00
1002601,Bus Stop,2025-06,Live,3.0,2026-04-15 04:00:00
1002601,Bus Stop,2026-03,Live,1.0,2026-04-15 04:00:00
1002601,Bus Stop,2026-04,Live,5.0,2026-04-15 04:00:00
1002605,Bus Stop,2024-12,Live,2.0,2024-12-28 05:00:00
1002617,Bus Stop,2025-03,Live,3.0,2025-03-29 04:00:00
1002627,Bus Stop,2024-12,Live,8.0,2025-06-24 04:00:00
1002627,Bus Stop,2025-01,Live,12.0,2025-06-24 04:00:00
1002627,Bus Stop,2025-02,Live,8.0,2025-06-24 04:00:00
1002627,Bus Stop,2025-03,Live,6.0,2025-06-24 04:00:00
1002627,Bus Stop,2025-04,Live,9.0,2025-06-24 04:00:00
1002627,Bus Stop,2025-05,Live,10.0,2025-06-24 04:00:00
1002627,Bus Stop,2025-06,Live,10.0,2025-06-24 04:00:00
1002629,Bus Stop,2024-12,Live,4.0,2026-04-14 04:00:00
1002629,Bus Stop,2025-01,Live,4.0,2026-04-14 04:00:00
1002629,Bus Stop,2025-02,Live,11.0,2026-04-14 04:00:00
1002629,Bus Stop,2025-03,Live,15.0,2026-04-14 04:00:00
1002629,Bus Stop,2025-04,Live,15.0,2026-04-14 04:00:00
1002629,Bus Stop,2025-05,Live,7.0,2026-04-14 04:00:00
1002629,Bus Stop,2025-06,Live,11.0,2026-04-14 04:00:00
1002629,Bus Stop,2025-11,Live,7.0,2026-04-14 04:00:00
1002629,Bus Stop,2025-12,Live,9.0,2026-04-14 04:00:00
1002629,Bus Stop,2026-02,Live,2.0,2026-04-14 04:00:00
1002629,Bus Stop,2026-03,Live,4.0,2026-04-14 04:00:00
1002629,Bus Stop,2026-04,Live,2.0,2026-04-14 04:00:00
1002632,Bus Stop,2024-12,Live,4.0,2025-06-24 04:00:00
1002632,Bus Stop,2025-01,Live,5.0,2025-06-24 04:00:00
1002632,Bus Stop,2025-02,Live,10.0,2025-06-24 04:00:00
1002632,Bus Stop,2025-03,Live,5.0,2025-06-24 04:00:00
1002632,Bus Stop,2025-04,Live,4.0,2025-06-24 04:00:00
1002632,Bus Stop,2025-05,Live,10.0,2025-06-24 04:00:00
1002632,Bus Stop,2025-06,Live,8.0,2025-06-24 04:00:00
1002635,Bus Stop,2025-01,Live,1.0,2025-03-15 04:00:00
1002635,Bus Stop,2025-03,Live,1.0,2025-03-15 04:00:00
1002639,Bus Stop,2025-02,Live,1.0,2025-06-16 04:00:00
1002639,Bus Stop,2025-04,Live,1.0,2025-06-16 04:00:00
1002639,Bus Stop,2025-05,Live,1.0,2025-06-16 04:00:00
1002639,Bus Stop,2025-06,Live,2.0,2025-06-16 04:00:00
1002640,Bus Stop,2025-02,Live,1.0,2025-06-25 04:00:00
1002640,Bus Stop,2025-04,Live,4.0,2025-06-25 04:00:00
1002640,Bus Stop,2025-05,Live,4.0,2025-06-25 04:00:00
1002640,Bus Stop,2025-06,Live,7.0,2025-06-25 04:00:00
1002640,Bus Stop,2025-07,Idle,1.0,2025-07-21 04:00:00
1002645,Bus Stop,2025-03,Live,3.0,2025-06-15 04:00:00
1002645,Bus Stop,2025-04,Live,8.0,2025-06-15 04:00:00
1002645,Bus Stop,2025-05,Live,7.0,2025-06-15 04:00:00
1002645,Bus Stop,2025-06,Live,3.0,2025-06-15 04:00:00
1002646,Bus Stop,2024-12,Live,49.0,2026-04-14 04:00:00
1002646,Bus Stop,2025-01,Live,40.0,2026-04-14 04:00:00
1002646,Bus Stop,2025-02,Live,38.0,2026-04-14 04:00:00
1002646,Bus Stop,2025-03,Live,79.0,2026-04-14 04:00:00
1002646,Bus Stop,2025-04,Live,97.0,2026-04-14 04:00:00
1002646,Bus Stop,2025-05,Live,84.0,2026-04-14 04:00:00
1002646,Bus Stop,2025-06,Live,60.0,2026-04-14 04:00:00
1002646,Bus Stop,2025-07,Idle,2.0,2025-07-21 04:00:00
1002646,Bus Stop,2026-02,Live,12.0,2026-04-14 04:00:00
1002646,Bus Stop,2026-03,Live,52.0,2026-04-14 04:00:00
1002646,Bus Stop,2026-04,Live,25.0,2026-04-14 04:00:00
1002648,Bus Stop,2024-12,Live,20.0,2026-04-10 04:00:00
1002648,Bus Stop,2025-01,Live,19.0,2026-04-10 04:00:00
1002648,Bus Stop,2025-02,Live,27.0,2026-04-10 04:00:00
1002648,Bus Stop,2025-03,Live,35.0,2026-04-10 04:00:00
1002648,Bus Stop,2025-04,Live,37.0,2026-04-10 04:00:00
1002648,Bus Stop,2025-05,Live,36.0,2026-04-10 04:00:00
1002648,Bus Stop,2025-06,Live,25.0,2026-04-10 04:00:00
1002648,Bus Stop,2025-07,Idle,2.0,2025-07-21 04:00:00
1002648,Bus Stop,2026-02,Live,2.0,2026-04-10 04:00:00
1002648,Bus Stop,2026-03,Live,14.0,2026-04-10 04:00:00
1002648,Bus Stop,2026-04,Live,4.0,2026-04-10 04:00:00
1002654,Bus Stop,2024-12,Live,4.0,2026-04-09 04:00:00
1002654,Bus Stop,2025-01,Live,3.0,2026-04-09 04:00:00
1002654,Bus Stop,2025-02,Live,7.0,2026-04-09 04:00:00
1002654,Bus Stop,2025-03,Live,3.0,2026-04-09 04:00:00
1002654,Bus Stop,2025-04,Live,7.0,2026-04-09 04:00:00
1002654,Bus Stop,2025-05,Live,2.0,2026-04-09 04:00:00
1002654,Bus Stop,2025-06,Live,2.0,2026-04-09 04:00:00
1002654,Bus Stop,2025-07,Idle,1.0,2025-07-21 04:00:00
1002654,Bus Stop,2025-11,Live,2.0,2026-04-09 04:00:00
1002654,Bus Stop,2025-12,Live,1.0,2026-04-09 04:00:00
1002654,Bus Stop,2026-04,Live,1.0,2026-04-09 04:00:00
1002656,Bus Stop,2024-12,Live,1.0,2026-04-09 04:00:00
1002656,Bus Stop,2025-01,Live,2.0,2026-04-09 04:00:00
1002656,Bus Stop,2025-02,Live,2.0,2026-04-09 04:00:00
1002656,Bus Stop,2025-04,Live,2.0,2026-04-09 04:00:00
1002656,Bus Stop,2025-05,Live,2.0,2026-04-09 04:00:00
1002656,Bus Stop,2025-11,Live,1.0,2026-04-09 04:00:00
1002656,Bus Stop,2026-04,Live,1.0,2026-04-09 04:00:00
1002657,Bus Stop,2024-12,Live,8.0,2025-06-22 04:00:00
1002657,Bus Stop,2025-01,Live,15.0,2025-06-22 04:00:00
1002657,Bus Stop,2025-02,Live,9.0,2025-06-22 04:00:00
1002657,Bus Stop,2025-03,Live,8.0,2025-06-22 04:00:00
1002657,Bus Stop,2025-04,Live,1.0,2025-06-22 04:00:00
1002657,Bus Stop,2025-05,Live,6.0,2025-06-22 04:00:00
1002657,Bus Stop,2025-06,Live,4.0,2025-06-22 04:00:00
1002657,Bus Stop,2025-07,Idle,1.0,2025-07-21 04:00:00
1002659,Bus Stop,2025-01,Live,2.0,2026-04-12 04:00:00
1002659,Bus Stop,2025-03,Live,3.0,2026-04-12 04:00:00
1002659,Bus Stop,2025-04,Live,1.0,2026-04-12 04:00:00
1002659,Bus Stop,2025-06,Live,4.0,2026-04-12 04:00:00
1002659,Bus Stop,2026-03,Live,5.0,2026-04-12 04:00:00
1002659,Bus Stop,2026-04,Live,4.0,2026-04-12 04:00:00
1002666,Bus Stop,2024-12,Live,8.0,2025-06-24 04:00:00
1002666,Bus Stop,2025-01,Live,9.0,2025-06-24 04:00:00
1002666,Bus Stop,2025-02,Live,7.0,2025-06-24 04:00:00
1002666,Bus Stop,2025-03,Live,11.0,2025-06-24 04:00:00
1002666,Bus Stop,2025-04,Live,17.0,2025-06-24 04:00:00
1002666,Bus Stop,2025-05,Live,19.0,2025-06-24 04:00:00
1002666,Bus Stop,2025-06,Live,10.0,2025-06-24 04:00:00
1002667,Bus Stop,2024-12,Live,10.0,2025-06-25 04:00:00
1002667,Bus Stop,2025-01,Live,14.0,2025-06-25 04:00:00
1002667,Bus Stop,2025-02,Live,15.0,2025-06-25 04:00:00
1002667,Bus Stop,2025-03,Live,11.0,2025-06-25 04:00:00
1002667,Bus Stop,2025-04,Live,24.0,2025-06-25 04:00:00
1002667,Bus Stop,2025-05,Live,26.0,2025-06-25 04:00:00
1002667,Bus Stop,2025-06,Live,10.0,2025-06-25 04:00:00
1002672,Bus Stop,2025-02,Live,1.0,2026-03-16 04:00:00
1002672,Bus Stop,2025-03,Live,2.0,2026-03-16 04:00:00
1002672,Bus Stop,2025-04,Live,3.0,2026-03-16 04:00:00
1002672,Bus Stop,2025-06,Live,3.0,2026-03-16 04:00:00
1002672,Bus Stop,2026-03,Live,1.0,2026-03-16 04:00:00
1002685,Bus Stop,2024-12,Live,8.0,2026-04-15 04:00:00
1002685,Bus Stop,2025-01,Live,8.0,2026-04-15 04:00:00
1002685,Bus Stop,2025-02,Live,4.0,2026-04-15 04:00:00
1002685,Bus Stop,2025-03,Live,10.0,2026-04-15 04:00:00
1002685,Bus Stop,2025-04,Live,1.0,2026-04-15 04:00:00
1002685,Bus Stop,2025-05,Live,5.0,2026-04-15 04:00:00
1002685,Bus Stop,2025-06,Live,4.0,2026-04-15 04:00:00
1002685,Bus Stop,2026-03,Live,11.0,2026-04-15 04:00:00
1002685,Bus Stop,2026-04,Live,9.0,2026-04-15 04:00:00
1002686,Bus Stop,2024-12,Live,7.0,2026-04-10 04:00:00
1002686,Bus Stop,2025-01,Live,14.0,2026-04-10 04:00:00
1002686,Bus Stop,2025-02,Live,11.0,2026-04-10 04:00:00
1002686,Bus Stop,2025-03,Live,13.0,2026-04-10 04:00:00
1002686,Bus Stop,2025-04,Live,7.0,2026-04-10 04:00:00
1002686,Bus Stop,2025-05,Live,10.0,2026-04-10 04:00:00
1002686,Bus Stop,2025-06,Live,9.0,2026-04-10 04:00:00
1002686,Bus Stop,2025-11,Live,12.0,2026-04-10 04:00:00
1002686,Bus Stop,2025-12,Live,13.0,2026-04-10 04:00:00
1002686,Bus Stop,2026-02,Live,8.0,2026-04-10 04:00:00
1002686,Bus Stop,2026-03,Live,12.0,2026-04-10 04:00:00
1002686,Bus Stop,2026-04,Live,6.0,2026-04-10 04:00:00
1002687,Bus Stop,2024-12,Live,1.0,2026-04-13 04:00:00
1002687,Bus Stop,2025-01,Live,8.0,2026-04-13 04:00:00
1002687,Bus Stop,2025-02,Live,9.0,2026-04-13 04:00:00
1002687,Bus Stop,2025-03,Live,9.0,2026-04-13 04:00:00
1002687,Bus Stop,2025-04,Live,7.0,2026-04-13 04:00:00
1002687,Bus Stop,2025-05,Live,12.0,2026-04-13 04:00:00
1002687,Bus Stop,2025-06,Live,10.0,2026-04-13 04:00:00
1002687,Bus Stop,2025-11,Live,6.0,2026-04-13 04:00:00
1002687,Bus Stop,2025-12,Live,7.0,2026-04-13 04:00:00
1002687,Bus Stop,2026-01,Live,8.0,2026-04-13 04:00:00
1002687,Bus Stop,2026-02,Live,5.0,2026-04-13 04:00:00
1002687,Bus Stop,2026-03,Live,8.0,2026-04-13 04:00:00
1002687,Bus Stop,2026-04,Live,3.0,2026-04-13 04:00:00
1002691,Bus Stop,2024-12,Live,42.0,2026-04-15 04:00:00
1002691,Bus Stop,2025-01,Live,36.0,2026-04-15 04:00:00
1002691,Bus Stop,2025-02,Live,50.0,2026-04-15 04:00:00
1002691,Bus Stop,2025-03,Live,77.0,2026-04-15 04:00:00
1002691,Bus Stop,2025-04,Live,90.0,2026-04-15 04:00:00
1002691,Bus Stop,2025-05,Live,132.0,2026-04-15 04:00:00
1002691,Bus Stop,2025-06,Live,98.0,2026-04-15 04:00:00
1002691,Bus Stop,2025-07,Idle,6.0,2025-07-21 04:00:00
1002691,Bus Stop,2025-11,Live,112.0,2026-04-15 04:00:00
1002691,Bus Stop,2025-12,Live,196.0,2026-04-15 04:00:00
1002691,Bus Stop,2026-01,Live,101.0,2026-04-15 04:00:00
1002691,Bus Stop,2026-02,Live,161.0,2026-04-15 04:00:00
1002691,Bus Stop,2026-03,Live,192.0,2026-04-15 04:00:00
1002691,Bus Stop,2026-04,Live,99.0,2026-04-15 04:00:00
1002694,Bus Stop,2024-12,Live,10.0,2025-06-22 04:00:00
1002694,Bus Stop,2025-01,Live,11.0,2025-06-22 04:00:00
1002694,Bus Stop,2025-02,Live,8.0,2025-06-22 04:00:00
1002694,Bus Stop,2025-03,Live,6.0,2025-06-22 04:00:00
1002694,Bus Stop,2025-04,Live,6.0,2025-06-22 04:00:00
1002694,Bus Stop,2025-05,Live,9.0,2025-06-22 04:00:00
1002694,Bus Stop,2025-06,Live,3.0,2025-06-22 04:00:00
1002702,Bus Stop,2024-12,Live,19.0,2025-06-25 04:00:00
1002702,Bus Stop,2025-01,Live,23.0,2025-06-25 04:00:00
1002702,Bus Stop,2025-02,Live,13.0,2025-06-25 04:00:00
1002702,Bus Stop,2025-03,Live,28.0,2025-06-25 04:00:00
1002702,Bus Stop,2025-04,Live,27.0,2025-06-25 04:00:00
1002702,Bus Stop,2025-05,Live,38.0,2025-06-25 04:00:00
1002702,Bus Stop,2025-06,Live,31.0,2025-06-25 04:00:00
1002702,Bus Stop,2025-07,Idle,1.0,2025-07-21 04:00:00
1002708,Bus Stop,2024-12,Live,64.0,2025-06-25 04:00:00
1002708,Bus Stop,2025-01,Live,48.0,2025-06-25 04:00:00
1002708,Bus Stop,2025-02,Live,67.0,2025-06-25 04:00:00
1002708,Bus Stop,2025-03,Live,65.0,2025-06-25 04:00:00
1002708,Bus Stop,2025-04,Live,68.0,2025-06-25 04:00:00
1002708,Bus Stop,2025-05,Live,109.0,2025-06-25 04:00:00
1002708,Bus Stop,2025-06,Live,80.0,2025-06-25 04:00:00
1002708,Bus Stop,2025-07,Idle,1.0,2025-07-21 04:00:00
1002710,Bus Stop,2024-12,Live,1.0,2025-05-29 04:00:00
1002710,Bus Stop,2025-05,Live,2.0,2025-05-29 04:00:00
1002713,Bus Stop,2024-12,Live,2.0,2025-06-19 04:00:00
1002713,Bus Stop,2025-01,Live,6.0,2025-06-19 04:00:00
1002713,Bus Stop,2025-02,Live,6.0,2025-06-19 04:00:00
1002713,Bus Stop,2025-03,Live,2.0,2025-06-19 04:00:00
1002713,Bus Stop,2025-04,Live,3.0,2025-06-19 04:00:00
1002713,Bus Stop,2025-05,Live,4.0,2025-06-19 04:00:00
1002713,Bus Stop,2025-06,Live,2.0,2025-06-19 04:00:00
1002713,Bus Stop,2025-07,Idle,1.0,2025-07-21 04:00:00
1002714,Bus Stop,2024-12,Live,1.0,2025-06-01 04:00:00
1002714,Bus Stop,2025-01,Live,6.0,2025-06-01 04:00:00
1002714,Bus Stop,2025-02,Live,3.0,2025-06-01 04:00:00
1002714,Bus Stop,2025-03,Live,1.0,2025-06-01 04:00:00
1002714,Bus Stop,2025-04,Live,3.0,2025-06-01 04:00:00
1002714,Bus Stop,2025-05,Live,2.0,2025-06-01 04:00:00
1002714,Bus Stop,2025-06,Live,1.0,2025-06-01 04:00:00
1002715,Bus Stop,2024-12,Live,5.0,2026-04-07 04:00:00
1002715,Bus Stop,2025-01,Live,3.0,2026-04-07 04:00:00
1002715,Bus Stop,2025-02,Live,5.0,2026-04-07 04:00:00
1002715,Bus Stop,2025-03,Live,8.0,2026-04-07 04:00:00
1002715,Bus Stop,2025-04,Live,4.0,2026-04-07 04:00:00
1002715,Bus Stop,2025-05,Live,8.0,2026-04-07 04:00:00
1002715,Bus Stop,2025-06,Live,3.0,2026-04-07 04:00:00
1002715,Bus Stop,2025-07,Idle,1.0,2025-07-21 04:00:00
1002715,Bus Stop,2025-11,Live,1.0,2026-04-07 04:00:00
1002715,Bus Stop,2025-12,Live,2.0,2026-04-07 04:00:00
1002715,Bus Stop,2026-01,Live,1.0,2026-04-07 04:00:00
1002715,Bus Stop,2026-02,Live,4.0,2026-04-07 04:00:00
1002715,Bus Stop,2026-03,Live,2.0,2026-04-07 04:00:00
1002715,Bus Stop,2026-04,Live,2.0,2026-04-07 04:00:00
1002721,Bus Stop,2024-12,Live,2.0,2025-05-23 04:00:00
1002721,Bus Stop,2025-01,Live,2.0,2025-05-23 04:00:00
1002721,Bus Stop,2025-02,Live,3.0,2025-05-23 04:00:00
1002721,Bus Stop,2025-04,Live,1.0,2025-05-23 04:00:00
1002721,Bus Stop,2025-05,Live,2.0,2025-05-23 04:00:00
1002721,Bus Stop,2026-02,Idle,1.0,2026-03-29 04:00:00
1002721,Bus Stop,2026-03,Idle,5.0,2026-03-29 04:00:00
1002743,Bus Stop,2024-12,Live,13.0,2026-04-13 04:00:00
1002743,Bus Stop,2025-01,Live,10.0,2026-04-13 04:00:00
1002743,Bus Stop,2025-02,Live,7.0,2026-04-13 04:00:00
1002743,Bus Stop,2025-03,Live,10.0,2026-04-13 04:00:00
1002743,Bus Stop,2025-04,Live,6.0,2026-04-13 04:00:00
1002743,Bus Stop,2025-05,Live,8.0,2026-04-13 04:00:00
1002743,Bus Stop,2025-06,Live,10.0,2026-04-13 04:00:00
1002743,Bus Stop,2025-07,Idle,1.0,2025-07-21 04:00:00
1002743,Bus Stop,2026-03,Live,5.0,2026-04-13 04:00:00
1002743,Bus Stop,2026-04,Live,12.0,2026-04-13 04:00:00
1002745,Bus Stop,2024-12,Live,19.0,2026-04-15 04:00:00
1002745,Bus Stop,2025-01,Live,23.0,2026-04-15 04:00:00
1002745,Bus Stop,2025-02,Live,21.0,2026-04-15 04:00:00
1002745,Bus Stop,2025-03,Live,32.0,2026-04-15 04:00:00
1002745,Bus Stop,2025-04,Live,39.0,2026-04-15 04:00:00
1002745,Bus Stop,2025-05,Live,36.0,2026-04-15 04:00:00
1002745,Bus Stop,2025-06,Live,24.0,2026-04-15 04:00:00
1002745,Bus Stop,2025-12,Live,17.0,2026-04-15 04:00:00
1002745,Bus Stop,2026-01,Live,38.0,2026-04-15 04:00:00
1002745,Bus Stop,2026-02,Live,50.0,2026-04-15 04:00:00
1002745,Bus Stop,2026-03,Live,63.0,2026-04-15 04:00:00
1002745,Bus Stop,2026-04,Live,30.0,2026-04-15 04:00:00
1002748,Bus Stop,2024-12,Live,5.0,2026-04-08 04:00:00
1002748,Bus Stop,2025-01,Live,8.0,2026-04-08 04:00:00
1002748,Bus Stop,2025-02,Live,8.0,2026-04-08 04:00:00
1002748,Bus Stop,2025-03,Live,7.0,2026-04-08 04:00:00
1002748,Bus Stop,2025-04,Live,16.0,2026-04-08 04:00:00
1002748,Bus Stop,2025-05,Live,12.0,2026-04-08 04:00:00
1002748,Bus Stop,2025-06,Live,9.0,2026-04-08 04:00:00
1002748,Bus Stop,2025-07,Idle,1.0,2025-07-21 04:00:00
1002748,Bus Stop,2025-11,Live,6.0,2026-04-08 04:00:00
1002748,Bus Stop,2025-12,Live,11.0,2026-04-08 04:00:00
1002748,Bus Stop,2026-01,Live,6.0,2026-04-08 04:00:00
1002748,Bus Stop,2026-02,Live,11.0,2026-04-08 04:00:00
1002748,Bus Stop,2026-03,Live,8.0,2026-04-08 04:00:00
1002748,Bus Stop,2026-04,Live,2.0,2026-04-08 04:00:00
1002750,Bus Stop,2024-12,Live,1.0,2025-05-28 04:00:00
1002750,Bus Stop,2025-01,Live,2.0,2025-05-28 04:00:00
1002750,Bus Stop,2025-02,Live,1.0,2025-05-28 04:00:00
1002750,Bus Stop,2025-03,Live,2.0,2025-05-28 04:00:00
1002750,Bus Stop,2025-04,Live,1.0,2025-05-28 04:00:00
1002750,Bus Stop,2025-05,Live,4.0,2025-05-28 04:00:00
1002752,Bus Stop,2025-02,Live,1.0,2025-06-25 04:00:00
1002752,Bus Stop,2025-06,Live,1.0,2025-06-25 04:00:00
1002762,Bus Stop,2024-12,Live,10.0,2026-04-15 04:00:00
1002762,Bus Stop,2025-01,Live,5.0,2026-04-15 04:00:00
1002762,Bus Stop,2025-02,Live,5.0,2026-04-15 04:00:00
1002762,Bus Stop,2025-03,Live,3.0,2026-04-15 04:00:00
1002762,Bus Stop,2025-04,Live,1.0,2026-04-15 04:00:00
1002762,Bus Stop,2025-05,Live,2.0,2026-04-15 04:00:00
1002762,Bus Stop,2025-06,Live,3.0,2026-04-15 04:00:00
1002762,Bus Stop,2026-01,Live,3.0,2026-04-15 04:00:00
1002762,Bus Stop,2026-02,Live,7.0,2026-04-15 04:00:00
1002762,Bus Stop,2026-03,Live,3.0,2026-04-15 04:00:00
1002762,Bus Stop,2026-04,Live,5.0,2026-04-15 04:00:00
1002764,Bus Stop,2024-12,Live,2.0,2025-06-19 04:00:00
1002764,Bus Stop,2025-01,Live,3.0,2025-06-19 04:00:00
1002764,Bus Stop,2025-02,Live,3.0,2025-06-19 04:00:00
1002764,Bus Stop,2025-03,Live,6.0,2025-06-19 04:00:00
1002764,Bus Stop,2025-04,Live,1.0,2025-06-19 04:00:00
1002764,Bus Stop,2025-05,Live,5.0,2025-06-19 04:00:00
1002764,Bus Stop,2025-06,Live,1.0,2025-06-19 04:00:00
1002767,Bus Stop,2024-12,Live,6.0,2025-06-21 04:00:00
1002767,Bus Stop,2025-01,Live,9.0,2025-06-21 04:00:00
1002767,Bus Stop,2025-02,Live,7.0,2025-06-21 04:00:00
1002767,Bus Stop,2025-03,Live,4.0,2025-06-21 04:00:00
1002767,Bus Stop,2025-04,Live,3.0,2025-06-21 04:00:00
1002767,Bus Stop,2025-05,Live,5.0,2025-06-21 04:00:00
1002767,Bus Stop,2025-06,Live,3.0,2025-06-21 04:00:00
1002767,Bus Stop,2025-07,Idle,2.0,2025-07-21 04:00:00
1002768,Bus Stop,2024-12,Live,1.0,2025-06-23 04:00:00
1002768,Bus Stop,2025-01,Live,2.0,2025-06-23 04:00:00
1002768,Bus Stop,2025-02,Live,6.0,2025-06-23 04:00:00
1002768,Bus Stop,2025-03,Live,9.0,2025-06-23 04:00:00
1002768,Bus Stop,2025-04,Live,5.0,2025-06-23 04:00:00
1002768,Bus Stop,2025-05,Live,13.0,2025-06-23 04:00:00
1002768,Bus Stop,2025-06,Live,9.0,2025-06-23 04:00:00
1002779,Bus Stop,2025-05,Live,1.0,2025-06-03 04:00:00
1002779,Bus Stop,2025-06,Live,1.0,2025-06-03 04:00:00
1002780,Bus Stop,2025-03,Live,2.0,2025-06-19 04:00:00
1002780,Bus Stop,2025-04,Live,2.0,2025-06-19 04:00:00
1002780,Bus Stop,2025-05,Live,1.0,2025-06-19 04:00:00
1002780,Bus Stop,2025-06,Live,1.0,2025-06-19 04:00:00
1002781,Bus Stop,2024-12,Live,2.0,2026-04-13 04:00:00
1002781,Bus Stop,2025-01,Live,3.0,2026-04-13 04:00:00
1002781,Bus Stop,2025-02,Live,6.0,2026-04-13 04:00:00
1002781,Bus Stop,2025-03,Live,3.0,2026-04-13 04:00:00
1002781,Bus Stop,2025-04,Live,8.0,2026-04-13 04:00:00
1002781,Bus Stop,2025-05,Live,6.0,2026-04-13 04:00:00
1002781,Bus Stop,2025-06,Live,8.0,2026-04-13 04:00:00
1002781,Bus Stop,2025-11,Live,4.0,2026-04-13 04:00:00
1002781,Bus Stop,2025-12,Live,9.0,2026-04-13 04:00:00
1002781,Bus Stop,2026-01,Live,3.0,2026-04-13 04:00:00
1002781,Bus Stop,2026-02,Live,5.0,2026-04-13 04:00:00
1002781,Bus Stop,2026-03,Live,15.0,2026-04-13 04:00:00
1002781,Bus Stop,2026-04,Live,2.0,2026-04-13 04:00:00
1002787,Bus Stop,2024-12,Live,3.0,2026-04-12 04:00:00
1002787,Bus Stop,2025-01,Live,1.0,2026-04-12 04:00:00
1002787,Bus Stop,2025-02,Live,6.0,2026-04-12 04:00:00
1002787,Bus Stop,2025-03,Live,9.0,2026-04-12 04:00:00
1002787,Bus Stop,2025-04,Live,8.0,2026-04-12 04:00:00
1002787,Bus Stop,2025-05,Live,10.0,2026-04-12 04:00:00
1002787,Bus Stop,2025-06,Live,8.0,2026-04-12 04:00:00
1002787,Bus Stop,2026-01,Live,1.0,2026-04-12 04:00:00
1002787,Bus Stop,2026-02,Live,16.0,2026-04-12 04:00:00
1002787,Bus Stop,2026-03,Live,26.0,2026-04-12 04:00:00
1002787,Bus Stop,2026-04,Live,7.0,2026-04-12 04:00:00
1002789,Bus Stop,2024-12,Live,4.0,2025-06-23 04:00:00
1002789,Bus Stop,2025-01,Live,3.0,2025-06-23 04:00:00
1002789,Bus Stop,2025-02,Live,3.0,2025-06-23 04:00:00
1002789,Bus Stop,2025-03,Live,4.0,2025-06-23 04:00:00
1002789,Bus Stop,2025-04,Live,4.0,2025-06-23 04:00:00
1002789,Bus Stop,2025-05,Live,4.0,2025-06-23 04:00:00
1002789,Bus Stop,2025-06,Live,2.0,2025-06-23 04:00:00
1002789,Bus Stop,2025-07,Idle,1.0,2026-04-10 04:00:00
1002789,Bus Stop,2025-11,Idle,2.0,2026-04-10 04:00:00
1002789,Bus Stop,2025-12,Idle,3.0,2026-04-10 04:00:00
1002789,Bus Stop,2026-01,Idle,5.0,2026-04-10 04:00:00
1002789,Bus Stop,2026-02,Idle,8.0,2026-04-10 04:00:00
1002789,Bus Stop,2026-03,Idle,11.0,2026-04-10 04:00:00
1002789,Bus Stop,2026-04,Idle,2.0,2026-04-10 04:00:00
1002790,Bus Stop,2024-12,Live,2.0,2025-06-06 04:00:00
1002790,Bus Stop,2025-03,Live,3.0,2025-06-06 04:00:00
1002790,Bus Stop,2025-04,Live,1.0,2025-06-06 04:00:00
1002790,Bus Stop,2025-05,Live,2.0,2025-06-06 04:00:00
1002790,Bus Stop,2025-06,Live,2.0,2025-06-06 04:00:00
1002793,Bus Stop,2025-02,Live,1.0,2025-06-22 04:00:00
1002793,Bus Stop,2025-06,Live,2.0,2025-06-22 04:00:00
1002803,Bus Stop,2024-12,Live,14.0,2026-04-15 04:00:00
1002803,Bus Stop,2025-01,Live,9.0,2026-04-15 04:00:00
1002803,Bus Stop,2025-02,Live,12.0,2026-04-15 04:00:00
1002803,Bus Stop,2025-03,Live,6.0,2026-04-15 04:00:00
1002803,Bus Stop,2025-04,Live,6.0,2026-04-15 04:00:00
1002803,Bus Stop,2025-05,Live,9.0,2026-04-15 04:00:00
1002803,Bus Stop,2025-06,Live,7.0,2026-04-15 04:00:00
1002803,Bus Stop,2025-07,Idle,1.0,2025-07-22 04:00:00
1002803,Bus Stop,2025-11,Live,5.0,2026-04-15 04:00:00
1002803,Bus Stop,2025-12,Live,7.0,2026-04-15 04:00:00
1002803,Bus Stop,2026-01,Live,7.0,2026-04-15 04:00:00
1002803,Bus Stop,2026-02,Live,2.0,2026-04-15 04:00:00
1002803,Bus Stop,2026-03,Live,11.0,2026-04-15 04:00:00
1002803,Bus Stop,2026-04,Live,3.0,2026-04-15 04:00:00
1002804,Bus Stop,2024-12,Live,3.0,2026-04-10 04:00:00
1002804,Bus Stop,2025-01,Live,6.0,2026-04-10 04:00:00
1002804,Bus Stop,2025-02,Live,8.0,2026-04-10 04:00:00
1002804,Bus Stop,2025-03,Live,13.0,2026-04-10 04:00:00
1002804,Bus Stop,2025-04,Live,11.0,2026-04-10 04:00:00
1002804,Bus Stop,2025-05,Live,15.0,2026-04-10 04:00:00
1002804,Bus Stop,2025-06,Live,9.0,2026-04-10 04:00:00
1002804,Bus Stop,2025-11,Live,5.0,2026-04-10 04:00:00
1002804,Bus Stop,2025-12,Live,9.0,2026-04-10 04:00:00
1002804,Bus Stop,2026-01,Live,5.0,2026-04-10 04:00:00
1002804,Bus Stop,2026-02,Live,10.0,2026-04-10 04:00:00
1002804,Bus Stop,2026-03,Live,15.0,2026-04-10 04:00:00
1002804,Bus Stop,2026-04,Live,5.0,2026-04-10 04:00:00
1002807,Bus Stop,2024-12,Live,59.0,2025-06-25 04:00:00
1002807,Bus Stop,2025-01,Live,51.0,2025-06-25 04:00:00
1002807,Bus Stop,2025-02,Live,58.0,2025-06-25 04:00:00
1002807,Bus Stop,2025-03,Live,70.0,2025-06-25 04:00:00
1002807,Bus Stop,2025-04,Live,74.0,2025-06-25 04:00:00
1002807,Bus Stop,2025-05,Live,78.0,2025-06-25 04:00:00
1002807,Bus Stop,2025-06,Live,59.0,2025-06-25 04:00:00
1002807,Bus Stop,2025-07,Idle,2.0,2025-07-21 04:00:00
1002808,Bus Stop,2025-02,Live,1.0,2025-06-21 04:00:00
1002808,Bus Stop,2025-06,Live,1.0,2025-06-21 04:00:00
1002809,Bus Stop,2024-12,Live,41.0,2026-04-15 04:00:00
1002809,Bus Stop,2025-01,Live,54.0,2026-04-15 04:00:00
1002809,Bus Stop,2025-02,Live,44.0,2026-04-15 04:00:00
1002809,Bus Stop,2025-03,Live,40.0,2026-04-15 04:00:00
1002809,Bus Stop,2025-04,Live,52.0,2026-04-15 04:00:00
1002809,Bus Stop,2025-05,Live,62.0,2026-04-15 04:00:00
1002809,Bus Stop,2025-06,Live,59.0,2026-04-15 04:00:00
1002809,Bus Stop,2025-07,Idle,2.0,2025-07-21 04:00:00
1002809,Bus Stop,2025-11,Live,44.0,2026-04-15 04:00:00
1002809,Bus Stop,2025-12,Live,57.0,2026-04-15 04:00:00
1002809,Bus Stop,2026-01,Live,38.0,2026-04-15 04:00:00
1002809,Bus Stop,2026-02,Live,40.0,2026-04-15 04:00:00
1002809,Bus Stop,2026-03,Live,91.0,2026-04-15 04:00:00
1002809,Bus Stop,2026-04,Live,29.0,2026-04-15 04:00:00
1002810,Bus Stop,2025-05,Live,1.0,2025-06-21 04:00:00
1002810,Bus Stop,2025-06,Live,9.0,2025-06-21 04:00:00
1002817,Bus Stop,2024-12,Live,11.0,2026-04-15 04:00:00
1002817,Bus Stop,2025-01,Live,12.0,2026-04-15 04:00:00
1002817,Bus Stop,2025-02,Live,18.0,2026-04-15 04:00:00
1002817,Bus Stop,2025-03,Live,18.0,2026-04-15 04:00:00
1002817,Bus Stop,2025-04,Live,21.0,2026-04-15 04:00:00
1002817,Bus Stop,2025-05,Live,25.0,2026-04-15 04:00:00
1002817,Bus Stop,2025-06,Live,23.0,2026-04-15 04:00:00
1002817,Bus Stop,2025-12,Live,5.0,2026-04-15 04:00:00
1002817,Bus Stop,2026-01,Live,13.0,2026-04-15 04:00:00
1002817,Bus Stop,2026-02,Live,8.0,2026-04-15 04:00:00
1002817,Bus Stop,2026-03,Live,27.0,2026-04-15 04:00:00
1002817,Bus Stop,2026-04,Live,13.0,2026-04-15 04:00:00
1002821,Bus Stop,2024-12,Live,1.0,2025-06-24 04:00:00
1002821,Bus Stop,2025-01,Live,1.0,2025-06-24 04:00:00
1002821,Bus Stop,2025-02,Live,3.0,2025-06-24 04:00:00
1002821,Bus Stop,2025-03,Live,3.0,2025-06-24 04:00:00
1002821,Bus Stop,2025-04,Live,2.0,2025-06-24 04:00:00
1002821,Bus Stop,2025-05,Live,4.0,2025-06-24 04:00:00
1002821,Bus Stop,2025-06,Live,2.0,2025-06-24 04:00:00
1002821,Bus Stop,2025-07,Idle,1.0,2025-07-21 04:00:00
1002822,Bus Stop,2025-01,Live,2.0,2025-06-08 04:00:00
1002822,Bus Stop,2025-02,Live,1.0,2025-06-08 04:00:00
1002822,Bus Stop,2025-03,Live,3.0,2025-06-08 04:00:00
1002822,Bus Stop,2025-04,Live,2.0,2025-06-08 04:00:00
1002822,Bus Stop,2025-05,Live,3.0,2025-06-08 04:00:00
1002822,Bus Stop,2025-06,Live,1.0,2025-06-08 04:00:00
1002825,Bus Stop,2025-01,Live,1.0,2025-06-24 04:00:00
1002825,Bus Stop,2025-02,Live,1.0,2025-06-24 04:00:00
1002825,Bus Stop,2025-03,Live,1.0,2025-06-24 04:00:00
1002825,Bus Stop,2025-05,Live,1.0,2025-06-24 04:00:00
1002825,Bus Stop,2025-06,Live,2.0,2025-06-24 04:00:00
1002834,Bus Stop,2024-12,Live,8.0,2026-04-15 04:00:00
1002834,Bus Stop,2025-01,Live,6.0,2026-04-15 04:00:00
1002834,Bus Stop,2025-02,Live,7.0,2026-04-15 04:00:00
1002834,Bus Stop,2025-03,Live,11.0,2026-04-15 04:00:00
1002834,Bus Stop,2025-04,Live,17.0,2026-04-15 04:00:00
1002834,Bus Stop,2025-05,Live,14.0,2026-04-15 04:00:00
1002834,Bus Stop,2025-06,Live,7.0,2026-04-15 04:00:00
1002834,Bus Stop,2025-07,Idle,1.0,2025-07-21 04:00:00
1002834,Bus Stop,2025-12,Live,5.0,2026-04-15 04:00:00
1002834,Bus Stop,2026-01,Live,5.0,2026-04-15 04:00:00
1002834,Bus Stop,2026-02,Live,9.0,2026-04-15 04:00:00
1002834,Bus Stop,2026-03,Live,15.0,2026-04-15 04:00:00
1002834,Bus Stop,2026-04,Live,8.0,2026-04-15 04:00:00
1002836,Bus Stop,2024-12,Live,26.0,2025-06-25 04:00:00
1002836,Bus Stop,2025-01,Live,26.0,2025-06-25 04:00:00
1002836,Bus Stop,2025-02,Live,11.0,2025-06-25 04:00:00
1002836,Bus Stop,2025-03,Live,15.0,2025-06-25 04:00:00
1002836,Bus Stop,2025-04,Live,19.0,2025-06-25 04:00:00
1002836,Bus Stop,2025-05,Live,34.0,2025-06-25 04:00:00
1002836,Bus Stop,2025-06,Live,31.0,2025-06-25 04:00:00
1002836,Bus Stop,2025-07,Idle,1.0,2025-07-21 04:00:00
1002840,Bus Stop,2025-01,Live,1.0,2026-04-11 04:00:00
1002840,Bus Stop,2025-03,Live,1.0,2026-04-11 04:00:00
1002840,Bus Stop,2025-05,Live,6.0,2026-04-11 04:00:00
1002840,Bus Stop,2025-06,Live,8.0,2026-04-11 04:00:00
1002840,Bus Stop,2025-12,Live,2.0,2026-04-11 04:00:00
1002840,Bus Stop,2026-01,Live,1.0,2026-04-11 04:00:00
1002840,Bus Stop,2026-02,Live,3.0,2026-04-11 04:00:00
1002840,Bus Stop,2026-03,Live,2.0,2026-04-11 04:00:00
1002840,Bus Stop,2026-04,Live,3.0,2026-04-11 04:00:00
1002844,Bus Stop,2024-12,Live,8.0,2026-04-15 04:00:00
1002844,Bus Stop,2025-02,Live,5.0,2026-04-15 04:00:00
1002844,Bus Stop,2025-03,Live,9.0,2026-04-15 04:00:00
1002844,Bus Stop,2025-04,Live,14.0,2026-04-15 04:00:00
1002844,Bus Stop,2025-05,Live,13.0,2026-04-15 04:00:00
1002844,Bus Stop,2025-06,Live,9.0,2026-04-15 04:00:00
1002844,Bus Stop,2025-11,Live,1.0,2026-04-15 04:00:00
1002844,Bus Stop,2025-12,Live,7.0,2026-04-15 04:00:00
1002844,Bus Stop,2026-01,Live,5.0,2026-04-15 04:00:00
1002844,Bus Stop,2026-02,Live,8.0,2026-04-15 04:00:00
1002844,Bus Stop,2026-03,Live,10.0,2026-04-15 04:00:00
1002844,Bus Stop,2026-04,Live,3.0,2026-04-15 04:00:00
1002845,Bus Stop,2025-05,Live,1.0,2025-05-28 04:00:00
1002852,Bus Stop,2025-01,Live,2.0,2025-06-16 04:00:00
1002852,Bus Stop,2025-03,Live,1.0,2025-06-16 04:00:00
1002852,Bus Stop,2025-05,Live,1.0,2025-06-16 04:00:00
1002852,Bus Stop,2025-06,Live,1.0,2025-06-16 04:00:00
1002853,Bus Stop,2025-01,Live,2.0,2025-06-13 04:00:00
1002853,Bus Stop,2025-03,Live,2.0,2025-06-13 04:00:00
1002853,Bus Stop,2025-04,Live,3.0,2025-06-13 04:00:00
1002853,Bus Stop,2025-05,Live,4.0,2025-06-13 04:00:00
1002853,Bus Stop,2025-06,Live,5.0,2025-06-13 04:00:00
1002857,Bus Stop,2024-12,Live,18.0,2025-06-25 04:00:00
1002857,Bus Stop,2025-01,Live,26.0,2025-06-25 04:00:00
1002857,Bus Stop,2025-02,Live,30.0,2025-06-25 04:00:00
1002857,Bus Stop,2025-03,Live,23.0,2025-06-25 04:00:00
1002857,Bus Stop,2025-04,Live,31.0,2025-06-25 04:00:00
1002857,Bus Stop,2025-05,Live,31.0,2025-06-25 04:00:00
1002857,Bus Stop,2025-06,Live,21.0,2025-06-25 04:00:00
1002857,Bus Stop,2025-07,Idle,1.0,2025-07-21 04:00:00
1002862,Bus Stop,2025-06,Live,1.0,2025-06-01 04:00:00
1002864,Bus Stop,2024-12,Live,1.0,2025-05-24 04:00:00
1002864,Bus Stop,2025-01,Live,5.0,2025-05-24 04:00:00
1002864,Bus Stop,2025-03,Live,2.0,2025-05-24 04:00:00
1002864,Bus Stop,2025-04,Live,1.0,2025-05-24 04:00:00
1002864,Bus Stop,2025-05,Live,1.0,2025-05-24 04:00:00
1002867,Bus Stop,2024-12,Live,1.0,2026-04-09 04:00:00
1002867,Bus Stop,2025-02,Live,1.0,2026-04-09 04:00:00
1002867,Bus Stop,2025-04,Live,2.0,2026-04-09 04:00:00
1002867,Bus Stop,2025-06,Live,4.0,2026-04-09 04:00:00
1002867,Bus Stop,2026-03,Live,1.0,2026-04-09 04:00:00
1002867,Bus Stop,2026-04,Live,3.0,2026-04-09 04:00:00
1002868,Bus Stop,2024-12,Live,1.0,2026-04-12 04:00:00
1002868,Bus Stop,2025-01,Live,2.0,2026-04-12 04:00:00
1002868,Bus Stop,2025-03,Live,1.0,2026-04-12 04:00:00
1002868,Bus Stop,2025-04,Live,4.0,2026-04-12 04:00:00
1002868,Bus Stop,2025-05,Live,3.0,2026-04-12 04:00:00
1002868,Bus Stop,2025-06,Live,1.0,2026-04-12 04:00:00
1002868,Bus Stop,2025-10,Live,2.0,2026-04-12 04:00:00
1002868,Bus Stop,2025-11,Live,15.0,2026-04-12 04:00:00
1002868,Bus Stop,2025-12,Live,13.0,2026-04-12 04:00:00
1002868,Bus Stop,2026-01,Live,12.0,2026-04-12 04:00:00
1002868,Bus Stop,2026-02,Live,7.0,2026-04-12 04:00:00
1002868,Bus Stop,2026-03,Live,8.0,2026-04-12 04:00:00
1002868,Bus Stop,2026-04,Live,6.0,2026-04-12 04:00:00
1002869,Bus Stop,2024-12,Live,1.0,2025-05-31 04:00:00
1002869,Bus Stop,2025-01,Live,1.0,2025-05-31 04:00:00
1002869,Bus Stop,2025-02,Live,1.0,2025-05-31 04:00:00
1002869,Bus Stop,2025-03,Live,2.0,2025-05-31 04:00:00
1002869,Bus Stop,2025-04,Live,1.0,2025-05-31 04:00:00
1002869,Bus Stop,2025-05,Live,2.0,2025-05-31 04:00:00
1002870,Bus Stop,2024-12,Live,1.0,2026-03-29 04:00:00
1002870,Bus Stop,2025-01,Live,3.0,2026-03-29 04:00:00
1002870,Bus Stop,2025-03,Live,6.0,2026-03-29 04:00:00
1002870,Bus Stop,2025-04,Live,5.0,2026-03-29 04:00:00
1002870,Bus Stop,2025-05,Live,3.0,2026-03-29 04:00:00
1002870,Bus Stop,2025-06,Live,3.0,2026-03-29 04:00:00
1002870,Bus Stop,2025-10,Live,1.0,2026-03-29 04:00:00
1002870,Bus Stop,2025-11,Live,3.0,2026-03-29 04:00:00
1002870,Bus Stop,2025-12,Live,2.0,2026-03-29 04:00:00
1002870,Bus Stop,2026-01,Live,3.0,2026-03-29 04:00:00
1002870,Bus Stop,2026-02,Live,3.0,2026-03-29 04:00:00
1002870,Bus Stop,2026-03,Live,3.0,2026-03-29 04:00:00
1002872,Bus Stop,2025-03,Live,1.0,2026-02-07 05:00:00
1002872,Bus Stop,2025-04,Live,1.0,2026-02-07 05:00:00
1002872,Bus Stop,2025-12,Live,1.0,2026-02-07 05:00:00
1002872,Bus Stop,2026-01,Live,1.0,2026-02-07 05:00:00
1002872,Bus Stop,2026-02,Live,1.0,2026-02-07 05:00:00
1002873,Bus Stop,2024-12,Live,1.0,2025-06-03 04:00:00
1002873,Bus Stop,2025-03,Live,1.0,2025-06-03 04:00:00
1002873,Bus Stop,2025-06,Live,1.0,2025-06-03 04:00:00
1002874,Bus Stop,2024-12,Live,3.0,2026-04-09 04:00:00
1002874,Bus Stop,2025-01,Live,10.0,2026-04-09 04:00:00
1002874,Bus Stop,2025-02,Live,4.0,2026-04-09 04:00:00
1002874,Bus Stop,2025-03,Live,10.0,2026-04-09 04:00:00
1002874,Bus Stop,2025-04,Live,11.0,2026-04-09 04:00:00
1002874,Bus Stop,2025-05,Live,12.0,2026-04-09 04:00:00
1002874,Bus Stop,2025-06,Live,2.0,2026-04-09 04:00:00
1002874,Bus Stop,2025-10,Live,9.0,2026-04-09 04:00:00
1002874,Bus Stop,2025-11,Live,7.0,2026-04-09 04:00:00
1002874,Bus Stop,2025-12,Live,5.0,2026-04-09 04:00:00
1002874,Bus Stop,2026-01,Live,9.0,2026-04-09 04:00:00
1002874,Bus Stop,2026-02,Live,6.0,2026-04-09 04:00:00
1002874,Bus Stop,2026-03,Live,8.0,2026-04-09 04:00:00
1002874,Bus Stop,2026-04,Live,1.0,2026-04-09 04:00:00
1002875,Bus Stop,2024-12,Live,1.0,2026-04-09 04:00:00
1002875,Bus Stop,2025-02,Live,3.0,2026-04-09 04:00:00
1002875,Bus Stop,2025-03,Live,8.0,2026-04-09 04:00:00
1002875,Bus Stop,2025-04,Live,7.0,2026-04-09 04:00:00
1002875,Bus Stop,2025-05,Live,4.0,2026-04-09 04:00:00
1002875,Bus Stop,2025-06,Live,7.0,2026-04-09 04:00:00
1002875,Bus Stop,2025-10,Live,2.0,2026-04-09 04:00:00
1002875,Bus Stop,2025-11,Live,1.0,2026-04-09 04:00:00
1002875,Bus Stop,2026-02,Live,1.0,2026-04-09 04:00:00
1002875,Bus Stop,2026-03,Live,1.0,2026-04-09 04:00:00
1002875,Bus Stop,2026-04,Live,1.0,2026-04-09 04:00:00
1002876,Bus Stop,2024-12,Live,2.0,2025-03-20 04:00:00
1002876,Bus Stop,2025-01,Live,3.0,2025-03-20 04:00:00
1002876,Bus Stop,2025-03,Live,1.0,2025-03-20 04:00:00
1002877,Bus Stop,2025-03,Live,1.0,2025-05-01 04:00:00
1002877,Bus Stop,2025-04,Live,1.0,2025-05-01 04:00:00
1002877,Bus Stop,2025-05,Live,1.0,2025-05-01 04:00:00
1002879,Bus Stop,2024-12,Live,2.0,2025-06-21 04:00:00
1002879,Bus Stop,2025-03,Live,2.0,2025-06-21 04:00:00
1002879,Bus Stop,2025-04,Live,2.0,2025-06-21 04:00:00
1002879,Bus Stop,2025-05,Live,1.0,2025-06-21 04:00:00
1002879,Bus Stop,2025-06,Live,1.0,2025-06-21 04:00:00
1002880,Bus Stop,2024-12,Live,19.0,2026-04-09 04:00:00
1002880,Bus Stop,2025-01,Live,11.0,2026-04-09 04:00:00
1002880,Bus Stop,2025-02,Live,15.0,2026-04-09 04:00:00
1002880,Bus Stop,2025-03,Live,18.0,2026-04-09 04:00:00
1002880,Bus Stop,2025-04,Live,19.0,2026-04-09 04:00:00
1002880,Bus Stop,2025-05,Live,20.0,2026-04-09 04:00:00
1002880,Bus Stop,2025-06,Live,19.0,2026-04-09 04:00:00
1002880,Bus Stop,2025-07,Idle,1.0,2025-07-22 04:00:00
1002880,Bus Stop,2025-10,Live,29.0,2026-04-09 04:00:00
1002880,Bus Stop,2025-11,Live,37.0,2026-04-09 04:00:00
1002880,Bus Stop,2025-12,Live,17.0,2026-04-09 04:00:00
1002880,Bus Stop,2026-01,Live,1.0,2026-04-09 04:00:00
1002880,Bus Stop,2026-02,Live,13.0,2026-04-09 04:00:00
1002880,Bus Stop,2026-03,Live,22.0,2026-04-09 04:00:00
1002880,Bus Stop,2026-04,Live,4.0,2026-04-09 04:00:00
1002881,Bus Stop,2024-12,Live,6.0,2026-04-13 04:00:00
1002881,Bus Stop,2025-01,Live,7.0,2026-04-13 04:00:00
1002881,Bus Stop,2025-02,Live,10.0,2026-04-13 04:00:00
1002881,Bus Stop,2025-03,Live,7.0,2026-04-13 04:00:00
1002881,Bus Stop,2025-04,Live,12.0,2026-04-13 04:00:00
1002881,Bus Stop,2025-05,Live,13.0,2026-04-13 04:00:00
1002881,Bus Stop,2025-06,Live,11.0,2026-04-13 04:00:00
1002881,Bus Stop,2025-10,Live,9.0,2026-04-13 04:00:00
1002881,Bus Stop,2025-11,Live,8.0,2026-04-13 04:00:00
1002881,Bus Stop,2025-12,Live,3.0,2026-04-13 04:00:00
1002881,Bus Stop,2026-01,Live,5.0,2026-04-13 04:00:00
1002881,Bus Stop,2026-02,Live,5.0,2026-04-13 04:00:00
1002881,Bus Stop,2026-03,Live,4.0,2026-04-13 04:00:00
1002881,Bus Stop,2026-04,Live,5.0,2026-04-13 04:00:00
1002883,Bus Stop,2024-12,Live,6.0,2025-06-23 04:00:00
1002883,Bus Stop,2025-02,Live,4.0,2025-06-23 04:00:00
1002883,Bus Stop,2025-03,Live,5.0,2025-06-23 04:00:00
1002883,Bus Stop,2025-04,Live,8.0,2025-06-23 04:00:00
1002883,Bus Stop,2025-05,Live,7.0,2025-06-23 04:00:00
1002883,Bus Stop,2025-06,Live,10.0,2025-06-23 04:00:00
1002884,Bus Stop,2024-12,Live,1.0,2025-05-11 04:00:00
1002884,Bus Stop,2025-02,Live,1.0,2025-05-11 04:00:00
1002884,Bus Stop,2025-04,Live,1.0,2025-05-11 04:00:00
1002884,Bus Stop,2025-05,Live,1.0,2025-05-11 04:00:00
1002885,Bus Stop,2025-02,Live,1.0,2025-06-23 04:00:00
1002885,Bus Stop,2025-03,Live,1.0,2025-06-23 04:00:00
1002885,Bus Stop,2025-04,Live,2.0,2025-06-23 04:00:00
1002885,Bus Stop,2025-05,Live,1.0,2025-06-23 04:00:00
1002885,Bus Stop,2025-06,Live,2.0,2025-06-23 04:00:00
1002886,Bus Stop,2024-12,Live,3.0,2026-04-12 04:00:00
1002886,Bus Stop,2025-01,Live,3.0,2026-04-12 04:00:00
1002886,Bus Stop,2025-02,Live,2.0,2026-04-12 04:00:00
1002886,Bus Stop,2025-03,Live,10.0,2026-04-12 04:00:00
1002886,Bus Stop,2025-04,Live,13.0,2026-04-12 04:00:00
1002886,Bus Stop,2025-05,Live,13.0,2026-04-12 04:00:00
1002886,Bus Stop,2025-06,Live,9.0,2026-04-12 04:00:00
1002886,Bus Stop,2025-07,Idle,1.0,2025-07-21 04:00:00
1002886,Bus Stop,2025-10,Live,3.0,2026-04-12 04:00:00
1002886,Bus Stop,2025-11,Live,6.0,2026-04-12 04:00:00
1002886,Bus Stop,2025-12,Live,17.0,2026-04-12 04:00:00
1002886,Bus Stop,2026-01,Live,5.0,2026-04-12 04:00:00
1002886,Bus Stop,2026-02,Live,3.0,2026-04-12 04:00:00
1002886,Bus Stop,2026-03,Live,13.0,2026-04-12 04:00:00
1002886,Bus Stop,2026-04,Live,10.0,2026-04-12 04:00:00
1002887,Bus Stop,2024-12,Live,15.0,2025-06-25 04:00:00
1002887,Bus Stop,2025-01,Live,10.0,2025-06-25 04:00:00
1002887,Bus Stop,2025-02,Live,17.0,2025-06-25 04:00:00
1002887,Bus Stop,2025-03,Live,43.0,2025-06-25 04:00:00
1002887,Bus Stop,2025-04,Live,39.0,2025-06-25 04:00:00
1002887,Bus Stop,2025-05,Live,36.0,2025-06-25 04:00:00
1002887,Bus Stop,2025-06,Live,11.0,2025-06-25 04:00:00
1002887,Bus Stop,2025-07,Idle,2.0,2025-07-21 04:00:00
1002888,Bus Stop,2025-02,Live,1.0,2025-06-21 04:00:00
1002888,Bus Stop,2025-06,Live,1.0,2025-06-21 04:00:00
1002889,Bus Stop,2025-01,Live,1.0,2025-06-03 04:00:00
1002889,Bus Stop,2025-03,Live,1.0,2025-06-03 04:00:00
1002889,Bus Stop,2025-05,Live,2.0,2025-06-03 04:00:00
1002889,Bus Stop,2025-06,Live,1.0,2025-06-03 04:00:00
1002889,Bus Stop,2025-07,Idle,1.0,2025-07-21 04:00:00
1002890,Bus Stop,2025-05,Live,1.0,2025-05-17 04:00:00
1002891,Bus Stop,2025-02,Live,1.0,2025-05-23 04:00:00
1002891,Bus Stop,2025-04,Live,2.0,2025-05-23 04:00:00
1002891,Bus Stop,2025-05,Live,1.0,2025-05-23 04:00:00
1002892,Bus Stop,2025-02,Live,1.0,2025-06-03 04:00:00
1002892,Bus Stop,2025-04,Live,1.0,2025-06-03 04:00:00
1002892,Bus Stop,2025-06,Live,1.0,2025-06-03 04:00:00
1002893,Bus Stop,2025-02,Live,1.0,2025-06-10 04:00:00
1002893,Bus Stop,2025-04,Live,1.0,2025-06-10 04:00:00
1002893,Bus Stop,2025-05,Live,2.0,2025-06-10 04:00:00
1002893,Bus Stop,2025-06,Live,2.0,2025-06-10 04:00:00
1002894,Bus Stop,2025-03,Live,1.0,2025-05-18 04:00:00
1002894,Bus Stop,2025-05,Live,1.0,2025-05-18 04:00:00
1002894,Bus Stop,2025-07,Idle,1.0,2025-07-22 04:00:00
1002897,Bus Stop,2025-01,Live,1.0,2025-05-10 04:00:00
1002897,Bus Stop,2025-02,Live,1.0,2025-05-10 04:00:00
1002897,Bus Stop,2025-03,Live,1.0,2025-05-10 04:00:00
1002897,Bus Stop,2025-05,Live,1.0,2025-05-10 04:00:00
1002898,Bus Stop,2024-12,Live,1.0,2025-05-24 04:00:00
1002898,Bus Stop,2025-05,Live,3.0,2025-05-24 04:00:00
1002899,Bus Stop,2025-01,Live,1.0,2025-05-27 04:00:00
1002899,Bus Stop,2025-05,Live,1.0,2025-05-27 04:00:00
1002902,Bus Stop,2025-05,Live,1.0,2025-05-03 04:00:00
1002903,Bus Stop,2025-04,Live,1.0,2025-06-24 04:00:00
1002903,Bus Stop,2025-05,Live,1.0,2025-06-24 04:00:00
1002903,Bus Stop,2025-06,Live,2.0,2025-06-24 04:00:00
1002907,Bus Stop,2025-03,Live,1.0,2025-06-01 04:00:00
1002907,Bus Stop,2025-06,Live,3.0,2025-06-01 04:00:00
1002913,Bus Stop,2024-12,Live,4.0,2026-04-13 04:00:00
1002913,Bus Stop,2025-01,Live,7.0,2026-04-13 04:00:00
1002913,Bus Stop,2025-02,Live,5.0,2026-04-13 04:00:00
1002913,Bus Stop,2025-03,Live,3.0,2026-04-13 04:00:00
1002913,Bus Stop,2025-04,Live,5.0,2026-04-13 04:00:00
1002913,Bus Stop,2025-06,Live,4.0,2026-04-13 04:00:00
1002913,Bus Stop,2025-10,Live,8.0,2026-04-13 04:00:00
1002913,Bus Stop,2025-11,Live,14.0,2026-04-13 04:00:00
1002913,Bus Stop,2025-12,Live,8.0,2026-04-13 04:00:00
1002913,Bus Stop,2026-01,Live,9.0,2026-04-13 04:00:00
1002913,Bus Stop,2026-02,Live,13.0,2026-04-13 04:00:00
1002913,Bus Stop,2026-03,Live,12.0,2026-04-13 04:00:00
1002913,Bus Stop,2026-04,Live,12.0,2026-04-13 04:00:00
1002914,Bus Stop,2024-12,Live,1.0,2025-05-27 04:00:00
1002914,Bus Stop,2025-01,Live,1.0,2025-05-27 04:00:00
1002914,Bus Stop,2025-03,Live,2.0,2025-05-27 04:00:00
1002914,Bus Stop,2025-04,Live,1.0,2025-05-27 04:00:00
1002914,Bus Stop,2025-05,Live,5.0,2025-05-27 04:00:00
1002915,Bus Stop,2025-03,Live,2.0,2025-03-27 04:00:00
1002916,Bus Stop,2024-12,Live,1.0,2025-04-13 04:00:00
1002916,Bus Stop,2025-04,Live,1.0,2025-04-13 04:00:00
1002917,Bus Stop,2025-03,Live,1.0,2025-04-05 04:00:00
1002917,Bus Stop,2025-04,Live,1.0,2025-04-05 04:00:00
1002918,Bus Stop,2025-01,Live,1.0,2025-06-04 04:00:00
1002918,Bus Stop,2025-06,Live,1.0,2025-06-04 04:00:00
1002919,Bus Stop,2024-12,Live,7.0,2025-05-11 04:00:00
1002919,Bus Stop,2025-01,Live,2.0,2025-05-11 04:00:00
1002919,Bus Stop,2025-02,Live,1.0,2025-05-11 04:00:00
1002919,Bus Stop,2025-03,Live,2.0,2025-05-11 04:00:00
1002919,Bus Stop,2025-04,Live,2.0,2025-05-11 04:00:00
1002919,Bus Stop,2025-05,Live,4.0,2025-05-11 04:00:00
1002922,Bus Stop,2025-01,Live,1.0,2025-06-25 04:00:00
1002922,Bus Stop,2025-06,Live,1.0,2025-06-25 04:00:00
1002922,Bus Stop,2025-07,Idle,1.0,2025-07-21 04:00:00
1002923,Bus Stop,2025-02,Live,1.0,2025-04-19 04:00:00
1002923,Bus Stop,2025-04,Live,1.0,2025-04-19 04:00:00
1002925,Bus Stop,2025-01,Live,1.0,2025-01-25 05:00:00
1002929,Bus Stop,2024-12,Live,1.0,2024-12-16 05:00:00
1002931,Bus Stop,2025-02,Live,2.0,2025-05-02 04:00:00
1002931,Bus Stop,2025-03,Live,3.0,2025-05-02 04:00:00
1002931,Bus Stop,2025-05,Live,1.0,2025-05-02 04:00:00
1002933,Bus Stop,2025-03,Live,1.0,2025-05-29 04:00:00
1002933,Bus Stop,2025-05,Live,2.0,2025-05-29 04:00:00
1002934,Bus Stop,2024-12,Live,6.0,2026-04-13 04:00:00
1002934,Bus Stop,2025-01,Live,8.0,2026-04-13 04:00:00
1002934,Bus Stop,2025-02,Live,7.0,2026-04-13 04:00:00
1002934,Bus Stop,2025-03,Live,8.0,2026-04-13 04:00:00
1002934,Bus Stop,2025-04,Live,7.0,2026-04-13 04:00:00
1002934,Bus Stop,2025-05,Live,7.0,2026-04-13 04:00:00
1002934,Bus Stop,2025-06,Live,6.0,2026-04-13 04:00:00
1002934,Bus Stop,2025-07,Idle,1.0,2025-07-21 04:00:00
1002934,Bus Stop,2025-10,Live,5.0,2026-04-13 04:00:00
1002934,Bus Stop,2025-11,Live,8.0,2026-04-13 04:00:00
1002934,Bus Stop,2025-12,Live,3.0,2026-04-13 04:00:00
1002934,Bus Stop,2026-01,Live,4.0,2026-04-13 04:00:00
1002934,Bus Stop,2026-02,Live,4.0,2026-04-13 04:00:00
1002934,Bus Stop,2026-03,Live,2.0,2026-04-13 04:00:00
1002934,Bus Stop,2026-04,Live,6.0,2026-04-13 04:00:00
1002938,Bus Stop,2025-03,Live,1.0,2025-03-24 04:00:00
1002948,Bus Stop,2025-06,Live,1.0,2025-06-10 04:00:00
1002965,Bus Stop,2024-12,Live,116.0,2025-06-23 04:00:00
1002965,Bus Stop,2025-01,Live,142.0,2025-06-23 04:00:00
1002965,Bus Stop,2025-02,Live,117.0,2025-06-23 04:00:00
1002965,Bus Stop,2025-03,Live,152.0,2025-06-23 04:00:00
1002965,Bus Stop,2025-04,Live,72.0,2025-06-23 04:00:00
1002965,Bus Stop,2025-05,Live,141.0,2025-06-23 04:00:00
1002965,Bus Stop,2025-06,Live,135.0,2025-06-23 04:00:00
1002965,Bus Stop,2025-07,Idle,3.0,2025-07-21 04:00:00
1002966,Bus Stop,2024-12,Live,20.0,2026-04-15 04:00:00
1002966,Bus Stop,2025-01,Live,7.0,2026-04-15 04:00:00
1002966,Bus Stop,2025-02,Live,22.0,2026-04-15 04:00:00
1002966,Bus Stop,2025-03,Live,50.0,2026-04-15 04:00:00
1002966,Bus Stop,2025-04,Live,41.0,2026-04-15 04:00:00
1002966,Bus Stop,2025-05,Live,22.0,2026-04-15 04:00:00
1002966,Bus Stop,2025-06,Live,34.0,2026-04-15 04:00:00
1002966,Bus Stop,2025-07,Idle,1.0,2025-07-21 04:00:00
1002966,Bus Stop,2025-11,Live,13.0,2026-04-15 04:00:00
1002966,Bus Stop,2025-12,Live,13.0,2026-04-15 04:00:00
1002966,Bus Stop,2026-01,Live,12.0,2026-04-15 04:00:00
1002966,Bus Stop,2026-02,Live,13.0,2026-04-15 04:00:00
1002966,Bus Stop,2026-03,Live,51.0,2026-04-15 04:00:00
1002966,Bus Stop,2026-04,Live,45.0,2026-04-15 04:00:00
1002973,Bus Stop,2024-12,Live,10.0,2025-06-25 04:00:00
1002973,Bus Stop,2025-01,Live,18.0,2025-06-25 04:00:00
1002973,Bus Stop,2025-02,Live,11.0,2025-06-25 04:00:00
1002973,Bus Stop,2025-03,Live,15.0,2025-06-25 04:00:00
1002973,Bus Stop,2025-04,Live,5.0,2025-06-25 04:00:00
1002973,Bus Stop,2025-05,Live,7.0,2025-06-25 04:00:00
1002973,Bus Stop,2025-06,Live,12.0,2025-06-25 04:00:00
1002979,Bus Stop,2024-12,Live,1.0,2024-12-28 05:00:00
1002998,Bus Stop,2024-12,Idle,18.0,2026-04-15 04:00:00
1002998,Bus Stop,2025-01,Idle,20.0,2026-04-15 04:00:00
1002998,Bus Stop,2025-02,Idle,20.0,2026-04-15 04:00:00
1002998,Bus Stop,2025-03,Idle,46.0,2026-04-15 04:00:00
1002998,Bus Stop,2025-04,Idle,20.0,2026-04-15 04:00:00
1002998,Bus Stop,2025-05,Idle,30.0,2026-04-15 04:00:00
1002998,Bus Stop,2025-06,Idle,52.0,2026-04-15 04:00:00
1002998,Bus Stop,2025-07,Idle,1.0,2026-04-15 04:00:00
1002998,Bus Stop,2026-01,Idle,5.0,2026-04-15 04:00:00
1002998,Bus Stop,2026-02,Idle,6.0,2026-04-15 04:00:00
1002998,Bus Stop,2026-03,Idle,7.0,2026-04-15 04:00:00
1002998,Bus Stop,2026-04,Idle,5.0,2026-04-15 04:00:00
1002999,Bus Stop,2024-12,Live,3.0,2026-04-06 04:00:00
1002999,Bus Stop,2025-01,Live,2.0,2026-04-06 04:00:00
1002999,Bus Stop,2025-02,Live,8.0,2026-04-06 04:00:00
1002999,Bus Stop,2025-03,Live,12.0,2026-04-06 04:00:00
1002999,Bus Stop,2025-04,Live,11.0,2026-04-06 04:00:00
1002999,Bus Stop,2025-05,Live,8.0,2026-04-06 04:00:00
1002999,Bus Stop,2025-06,Live,2.0,2026-04-06 04:00:00
1002999,Bus Stop,2026-01,Live,7.0,2026-04-06 04:00:00
1002999,Bus Stop,2026-02,Live,1.0,2026-04-06 04:00:00
1002999,Bus Stop,2026-03,Live,6.0,2026-04-06 04:00:00
1002999,Bus Stop,2026-04,Live,1.0,2026-04-06 04:00:00
1003032,Bus Stop,2025-06,Live,2.0,2026-04-14 04:00:00
1003032,Bus Stop,2025-07,Idle,2.0,2025-07-21 04:00:00
1003032,Bus Stop,2025-12,Live,7.0,2026-04-14 04:00:00
1003032,Bus Stop,2026-01,Live,7.0,2026-04-14 04:00:00
1003032,Bus Stop,2026-02,Live,11.0,2026-04-14 04:00:00
1003032,Bus Stop,2026-03,Live,17.0,2026-04-14 04:00:00
1003032,Bus Stop,2026-04,Live,33.0,2026-04-14 04:00:00
1003033,Bus Stop,2025-03,Live,2.0,2025-05-26 04:00:00
1003033,Bus Stop,2025-04,Live,1.0,2025-05-26 04:00:00
1003033,Bus Stop,2025-05,Live,3.0,2025-05-26 04:00:00
1003035,Bus Stop,2025-01,Live,2.0,2025-06-17 04:00:00
1003035,Bus Stop,2025-03,Live,5.0,2025-06-17 04:00:00
1003035,Bus Stop,2025-06,Live,1.0,2025-06-17 04:00:00
1003037,Bus Stop,2025-02,Live,1.0,2025-02-06 05:00:00
1003038,Bus Stop,2024-12,Live,3.0,2025-06-18 04:00:00
1003038,Bus Stop,2025-01,Live,1.0,2025-06-18 04:00:00
1003038,Bus Stop,2025-02,Live,1.0,2025-06-18 04:00:00
1003038,Bus Stop,2025-03,Live,1.0,2025-06-18 04:00:00
1003038,Bus Stop,2025-04,Live,2.0,2025-06-18 04:00:00
1003038,Bus Stop,2025-05,Live,1.0,2025-06-18 04:00:00
1003038,Bus Stop,2025-06,Live,1.0,2025-06-18 04:00:00
1003039,Bus Stop,2024-12,Idle,36.0,2026-04-15 04:00:00
1003039,Bus Stop,2025-01,Idle,38.0,2026-04-15 04:00:00
1003039,Bus Stop,2025-02,Idle,32.0,2026-04-15 04:00:00
1003039,Bus Stop,2025-03,Idle,44.0,2026-04-15 04:00:00
1003039,Bus Stop,2025-04,Idle,20.0,2026-04-15 04:00:00
1003039,Bus Stop,2025-05,Idle,38.0,2026-04-15 04:00:00
1003039,Bus Stop,2025-06,Idle,46.0,2026-04-15 04:00:00
1003039,Bus Stop,2025-10,Idle,10.0,2026-04-15 04:00:00
1003039,Bus Stop,2025-11,Idle,10.0,2026-04-15 04:00:00
1003039,Bus Stop,2025-12,Idle,14.0,2026-04-15 04:00:00
1003039,Bus Stop,2026-01,Idle,25.0,2026-04-15 04:00:00
1003039,Bus Stop,2026-02,Idle,11.0,2026-04-15 04:00:00
1003039,Bus Stop,2026-03,Idle,8.0,2026-04-15 04:00:00
1003039,Bus Stop,2026-04,Idle,14.0,2026-04-15 04:00:00
1003063,Bus Stop,2025-02,Live,1.0,2025-06-19 04:00:00
1003063,Bus Stop,2025-03,Live,1.0,2025-06-19 04:00:00
1003063,Bus Stop,2025-04,Live,1.0,2025-06-19 04:00:00
1003063,Bus Stop,2025-05,Live,2.0,2025-06-19 04:00:00
1003063,Bus Stop,2025-06,Live,1.0,2025-06-19 04:00:00
1003064,Bus Stop,2024-12,Live,1.0,2025-06-23 04:00:00
1003064,Bus Stop,2025-01,Live,1.0,2025-06-23 04:00:00
1003064,Bus Stop,2025-02,Live,1.0,2025-06-23 04:00:00
1003064,Bus Stop,2025-03,Live,5.0,2025-06-23 04:00:00
1003064,Bus Stop,2025-05,Live,1.0,2025-06-23 04:00:00
1003064,Bus Stop,2025-06,Live,2.0,2025-06-23 04:00:00
1003065,Bus Stop,2024-12,Idle,2.0,2025-06-20 04:00:00
1003065,Bus Stop,2025-01,Idle,2.0,2025-06-20 04:00:00
1003065,Bus Stop,2025-04,Idle,2.0,2025-06-20 04:00:00
1003065,Bus Stop,2025-05,Idle,4.0,2025-06-20 04:00:00
1003065,Bus Stop,2025-06,Idle,4.0,2025-06-20 04:00:00
1003066,Bus Stop,2025-02,Live,1.0,2025-02-27 05:00:00
1003066,Bus Stop,2025-07,Idle,1.0,2025-07-21 04:00:00
1003068,Bus Stop,2025-01,Live,1.0,2025-01-30 05:00:00
1003087,Bus Stop,2025-07,Idle,1.0,2025-07-22 04:00:00
1003092,Bus Stop,2024-12,Live,1.0,2025-06-12 04:00:00
1003092,Bus Stop,2025-01,Live,1.0,2025-06-12 04:00:00
1003092,Bus Stop,2025-02,Live,1.0,2025-06-12 04:00:00
1003092,Bus Stop,2025-03,Live,2.0,2025-06-12 04:00:00
1003092,Bus Stop,2025-04,Live,1.0,2025-06-12 04:00:00
1003092,Bus Stop,2025-06,Live,1.0,2025-06-12 04:00:00
1003124,Bus Stop,2024-12,Live,1.0,2025-05-16 04:00:00
1003124,Bus Stop,2025-02,Live,1.0,2025-05-16 04:00:00
1003124,Bus Stop,2025-05,Live,1.0,2025-05-16 04:00:00
1003132,Bus Stop,2024-12,Live,3.0,2025-06-21 04:00:00
1003132,Bus Stop,2025-01,Live,2.0,2025-06-21 04:00:00
1003132,Bus Stop,2025-02,Live,2.0,2025-06-21 04:00:00
1003132,Bus Stop,2025-03,Live,2.0,2025-06-21 04:00:00
1003132,Bus Stop,2025-04,Live,7.0,2025-06-21 04:00:00
1003132,Bus Stop,2025-05,Live,9.0,2025-06-21 04:00:00
1003132,Bus Stop,2025-06,Live,4.0,2025-06-21 04:00:00
1003147,Bus Stop,2025-06,Live,3.0,2026-04-14 04:00:00
1003147,Bus Stop,2025-12,Live,25.0,2026-04-14 04:00:00
1003147,Bus Stop,2026-01,Live,25.0,2026-04-14 04:00:00
1003147,Bus Stop,2026-02,Live,13.0,2026-04-14 04:00:00
1003147,Bus Stop,2026-03,Live,29.0,2026-04-14 04:00:00
1003147,Bus Stop,2026-04,Live,13.0,2026-04-14 04:00:00
1003148,Bus Stop,2025-06,Live,5.0,2026-04-15 04:00:00
1003148,Bus Stop,2025-10,Live,9.0,2026-04-15 04:00:00
1003148,Bus Stop,2025-11,Live,44.0,2026-04-15 04:00:00
1003148,Bus Stop,2025-12,Live,46.0,2026-04-15 04:00:00
1003148,Bus Stop,2026-01,Live,28.0,2026-04-15 04:00:00
1003148,Bus Stop,2026-02,Live,32.0,2026-04-15 04:00:00
1003148,Bus Stop,2026-03,Live,44.0,2026-04-15 04:00:00
1003148,Bus Stop,2026-04,Live,18.0,2026-04-15 04:00:00
1003152,Bus Stop,2024-12,Live,14.0,2026-04-15 04:00:00
1003152,Bus Stop,2025-01,Live,7.0,2026-04-15 04:00:00
1003152,Bus Stop,2025-02,Live,13.0,2026-04-15 04:00:00
1003152,Bus Stop,2025-03,Live,21.0,2026-04-15 04:00:00
1003152,Bus Stop,2025-04,Live,11.0,2026-04-15 04:00:00
1003152,Bus Stop,2025-05,Live,19.0,2026-04-15 04:00:00
1003152,Bus Stop,2025-06,Live,8.0,2026-04-15 04:00:00
1003152,Bus Stop,2025-10,Live,13.0,2026-04-15 04:00:00
1003152,Bus Stop,2025-11,Live,10.0,2026-04-15 04:00:00
1003152,Bus Stop,2025-12,Live,12.0,2026-04-15 04:00:00
1003152,Bus Stop,2026-01,Live,4.0,2026-04-15 04:00:00
1003152,Bus Stop,2026-02,Live,7.0,2026-04-15 04:00:00
1003152,Bus Stop,2026-03,Live,5.0,2026-04-15 04:00:00
1003152,Bus Stop,2026-04,Live,5.0,2026-04-15 04:00:00
1003163,Bus Stop,2025-04,Live,1.0,2025-04-03 04:00:00
1003164,Bus Stop,2024-12,Live,1.0,2025-03-20 04:00:00
1003164,Bus Stop,2025-03,Live,1.0,2025-03-20 04:00:00
1003166,Bus Stop,2025-04,Live,1.0,2025-05-29 04:00:00
1003166,Bus Stop,2025-05,Live,2.0,2025-05-29 04:00:00
1003168,Bus Stop,2024-12,Live,8.0,2025-06-24 04:00:00
1003168,Bus Stop,2025-01,Live,10.0,2025-06-24 04:00:00
1003168,Bus Stop,2025-02,Live,5.0,2025-06-24 04:00:00
1003168,Bus Stop,2025-03,Live,16.0,2025-06-24 04:00:00
1003168,Bus Stop,2025-04,Live,19.0,2025-06-24 04:00:00
1003168,Bus Stop,2025-05,Live,24.0,2025-06-24 04:00:00
1003168,Bus Stop,2025-06,Live,38.0,2025-06-24 04:00:00
1003168,Bus Stop,2025-07,Idle,7.0,2025-07-21 04:00:00
1003169,Bus Stop,2025-06,Live,2.0,2025-06-06 04:00:00
1003170,Bus Stop,2024-12,Live,3.0,2026-04-14 04:00:00
1003170,Bus Stop,2025-02,Live,2.0,2026-04-14 04:00:00
1003170,Bus Stop,2025-04,Live,1.0,2026-04-14 04:00:00
1003170,Bus Stop,2025-05,Live,2.0,2026-04-14 04:00:00
1003170,Bus Stop,2025-06,Live,5.0,2026-04-14 04:00:00
1003170,Bus Stop,2025-07,Idle,1.0,2025-07-22 04:00:00
1003170,Bus Stop,2025-12,Live,2.0,2026-04-14 04:00:00
1003170,Bus Stop,2026-01,Live,2.0,2026-04-14 04:00:00
1003170,Bus Stop,2026-02,Live,5.0,2026-04-14 04:00:00
1003170,Bus Stop,2026-03,Live,7.0,2026-04-14 04:00:00
1003170,Bus Stop,2026-04,Live,4.0,2026-04-14 04:00:00
1003171,Bus Stop,2024-12,Live,1.0,2025-06-25 04:00:00
1003171,Bus Stop,2025-04,Live,4.0,2025-06-25 04:00:00
1003171,Bus Stop,2025-05,Live,4.0,2025-06-25 04:00:00
1003171,Bus Stop,2025-06,Live,4.0,2025-06-25 04:00:00
1003172,Bus Stop,2025-01,Live,1.0,2026-04-13 04:00:00
1003172,Bus Stop,2025-02,Live,1.0,2026-04-13 04:00:00
1003172,Bus Stop,2025-03,Live,2.0,2026-04-13 04:00:00
1003172,Bus Stop,2025-05,Live,2.0,2026-04-13 04:00:00
1003172,Bus Stop,2025-06,Live,2.0,2026-04-13 04:00:00
1003172,Bus Stop,2025-12,Live,1.0,2026-04-13 04:00:00
1003172,Bus Stop,2026-01,Live,2.0,2026-04-13 04:00:00
1003172,Bus Stop,2026-02,Live,5.0,2026-04-13 04:00:00
1003172,Bus Stop,2026-03,Live,5.0,2026-04-13 04:00:00
1003172,Bus Stop,2026-04,Live,1.0,2026-04-13 04:00:00
1003173,Bus Stop,2025-01,Live,2.0,2025-05-02 04:00:00
1003173,Bus Stop,2025-04,Live,2.0,2025-05-02 04:00:00
1003173,Bus Stop,2025-05,Live,1.0,2025-05-02 04:00:00
1003174,Bus Stop,2024-12,Live,1.0,2025-06-11 04:00:00
1003174,Bus Stop,2025-04,Live,1.0,2025-06-11 04:00:00
1003174,Bus Stop,2025-06,Live,2.0,2025-06-11 04:00:00
1003176,Bus Stop,2025-01,Live,1.0,2025-04-25 04:00:00
1003176,Bus Stop,2025-04,Live,1.0,2025-04-25 04:00:00
1003177,Bus Stop,2025-06,Live,1.0,2025-06-04 04:00:00
1003178,Bus Stop,2025-01,Live,1.0,2025-01-16 05:00:00
1003179,Bus Stop,2025-01,Live,1.0,2025-06-22 04:00:00
1003179,Bus Stop,2025-03,Live,2.0,2025-06-22 04:00:00
1003179,Bus Stop,2025-04,Live,2.0,2025-06-22 04:00:00
1003179,Bus Stop,2025-05,Live,2.0,2025-06-22 04:00:00
1003179,Bus Stop,2025-06,Live,4.0,2025-06-22 04:00:00
1003180,Bus Stop,2025-04,Live,2.0,2025-06-25 04:00:00
1003180,Bus Stop,2025-06,Live,1.0,2025-06-25 04:00:00
1003183,Bus Stop,2024-12,Live,20.0,2025-06-25 04:00:00
1003183,Bus Stop,2025-01,Live,23.0,2025-06-25 04:00:00
1003183,Bus Stop,2025-02,Live,15.0,2025-06-25 04:00:00
1003183,Bus Stop,2025-03,Live,40.0,2025-06-25 04:00:00
1003183,Bus Stop,2025-04,Live,34.0,2025-06-25 04:00:00
1003183,Bus Stop,2025-05,Live,27.0,2025-06-25 04:00:00
1003183,Bus Stop,2025-06,Live,31.0,2025-06-25 04:00:00
1003183,Bus Stop,2025-07,Idle,1.0,2025-07-21 04:00:00
1003185,Bus Stop,2025-03,Live,151.0,2025-06-25 04:00:00
1003185,Bus Stop,2025-04,Live,167.0,2025-06-25 04:00:00
1003185,Bus Stop,2025-05,Live,27.0,2025-06-25 04:00:00
1003185,Bus Stop,2025-06,Live,112.0,2025-06-25 04:00:00
1003185,Bus Stop,2025-07,Idle,6.0,2025-07-21 04:00:00
1003187,Bus Stop,2025-03,Live,1.0,2025-04-09 04:00:00
1003187,Bus Stop,2025-04,Live,2.0,2025-04-09 04:00:00
1003191,Bus Stop,2024-12,Live,2.0,2025-06-17 04:00:00
1003191,Bus Stop,2025-01,Live,1.0,2025-06-17 04:00:00
1003191,Bus Stop,2025-03,Live,4.0,2025-06-17 04:00:00
1003191,Bus Stop,2025-04,Live,1.0,2025-06-17 04:00:00
1003191,Bus Stop,2025-06,Live,1.0,2025-06-17 04:00:00
1003192,Bus Stop,2024-12,Live,40.0,2026-04-06 04:00:00
1003192,Bus Stop,2025-01,Live,46.0,2026-04-06 04:00:00
1003192,Bus Stop,2025-02,Live,36.0,2026-04-06 04:00:00
1003192,Bus Stop,2025-03,Live,57.0,2026-04-06 04:00:00
1003192,Bus Stop,2025-04,Live,28.0,2026-04-06 04:00:00
1003192,Bus Stop,2025-05,Live,27.0,2026-04-06 04:00:00
1003192,Bus Stop,2025-06,Live,35.0,2026-04-06 04:00:00
1003192,Bus Stop,2026-03,Live,15.0,2026-04-06 04:00:00
1003192,Bus Stop,2026-04,Live,2.0,2026-04-06 04:00:00
1003225,Bus Stop,2024-12,Live,1.0,2024-12-02 05:00:00
1003226,Bus Stop,2024-12,Live,7.0,2025-06-22 04:00:00
1003226,Bus Stop,2025-01,Live,9.0,2025-06-22 04:00:00
1003226,Bus Stop,2025-02,Live,9.0,2025-06-22 04:00:00
1003226,Bus Stop,2025-03,Live,20.0,2025-06-22 04:00:00
1003226,Bus Stop,2025-04,Live,23.0,2025-06-22 04:00:00
1003226,Bus Stop,2025-05,Live,28.0,2025-06-22 04:00:00
1003226,Bus Stop,2025-06,Live,11.0,2025-06-22 04:00:00
1003227,Bus Stop,2024-12,Live,2.0,2025-02-26 05:00:00
1003227,Bus Stop,2025-01,Live,1.0,2025-02-26 05:00:00
1003227,Bus Stop,2025-02,Live,1.0,2025-02-26 05:00:00
1003252,Bus Stop,2024-12,Live,1.0,2025-06-23 04:00:00
1003252,Bus Stop,2025-01,Live,4.0,2025-06-23 04:00:00
1003252,Bus Stop,2025-03,Live,1.0,2025-06-23 04:00:00
1003252,Bus Stop,2025-04,Live,3.0,2025-06-23 04:00:00
1003252,Bus Stop,2025-05,Live,4.0,2025-06-23 04:00:00
1003252,Bus Stop,2025-06,Live,2.0,2025-06-23 04:00:00
1003254,Bus Stop,2024-12,Live,3.0,2025-05-10 04:00:00
1003254,Bus Stop,2025-02,Live,1.0,2025-05-10 04:00:00
1003254,Bus Stop,2025-04,Live,1.0,2025-05-10 04:00:00
1003254,Bus Stop,2025-05,Live,1.0,2025-05-10 04:00:00
1003255,Bus Stop,2024-12,Live,1.0,2025-06-25 04:00:00
1003255,Bus Stop,2025-02,Live,3.0,2025-06-25 04:00:00
1003255,Bus Stop,2025-03,Live,3.0,2025-06-25 04:00:00
1003255,Bus Stop,2025-04,Live,2.0,2025-06-25 04:00:00
1003255,Bus Stop,2025-05,Live,1.0,2025-06-25 04:00:00
1003255,Bus Stop,2025-06,Live,1.0,2025-06-25 04:00:00
1003256,Bus Stop,2025-02,Live,1.0,2025-02-02 05:00:00
1003271,Bus Stop,2024-12,Live,3.0,2025-06-12 04:00:00
1003271,Bus Stop,2025-02,Live,1.0,2025-06-12 04:00:00
1003271,Bus Stop,2025-03,Live,1.0,2025-06-12 04:00:00
1003271,Bus Stop,2025-05,Live,1.0,2025-06-12 04:00:00
1003271,Bus Stop,2025-06,Live,1.0,2025-06-12 04:00:00
1003276,Bus Stop,2025-06,Live,1.0,2025-06-01 04:00:00
1003277,Bus Stop,2025-06,Live,2.0,2025-06-11 04:00:00
1003280,Bus Stop,2025-04,Live,1.0,2025-06-08 04:00:00
1003280,Bus Stop,2025-05,Live,1.0,2025-06-08 04:00:00
1003280,Bus Stop,2025-06,Live,1.0,2025-06-08 04:00:00
1003283,Bus Stop,2024-12,Live,2.0,2026-03-12 04:00:00
1003283,Bus Stop,2025-01,Live,4.0,2026-03-12 04:00:00
1003283,Bus Stop,2025-02,Live,4.0,2026-03-12 04:00:00
1003283,Bus Stop,2025-03,Live,1.0,2026-03-12 04:00:00
1003283,Bus Stop,2025-04,Live,3.0,2026-03-12 04:00:00
1003283,Bus Stop,2025-06,Live,3.0,2026-03-12 04:00:00
1003283,Bus Stop,2025-10,Live,4.0,2026-03-12 04:00:00
1003283,Bus Stop,2025-11,Live,1.0,2026-03-12 04:00:00
1003283,Bus Stop,2025-12,Live,1.0,2026-03-12 04:00:00
1003283,Bus Stop,2026-01,Live,4.0,2026-03-12 04:00:00
1003283,Bus Stop,2026-02,Live,4.0,2026-03-12 04:00:00
1003283,Bus Stop,2026-03,Live,3.0,2026-03-12 04:00:00
1003285,Bus Stop,2025-01,Live,1.0,2026-04-12 04:00:00
1003285,Bus Stop,2025-06,Live,3.0,2026-04-12 04:00:00
1003285,Bus Stop,2025-11,Live,4.0,2026-04-12 04:00:00
1003285,Bus Stop,2026-03,Live,1.0,2026-04-12 04:00:00
1003285,Bus Stop,2026-04,Live,3.0,2026-04-12 04:00:00
1003286,Bus Stop,2025-06,Live,2.0,2025-06-25 04:00:00
1003289,Bus Stop,2024-12,Live,1.0,2024-12-16 05:00:00
1003297,Bus Stop,2025-02,Live,1.0,2025-06-20 04:00:00
1003297,Bus Stop,2025-03,Live,1.0,2025-06-20 04:00:00
1003297,Bus Stop,2025-05,Live,1.0,2025-06-20 04:00:00
1003297,Bus Stop,2025-06,Live,2.0,2025-06-20 04:00:00
1003298,Bus Stop,2024-12,Live,5.0,2025-06-23 04:00:00
1003298,Bus Stop,2025-01,Live,6.0,2025-06-23 04:00:00
1003298,Bus Stop,2025-02,Live,7.0,2025-06-23 04:00:00
1003298,Bus Stop,2025-03,Live,11.0,2025-06-23 04:00:00
1003298,Bus Stop,2025-04,Live,16.0,2025-06-23 04:00:00
1003298,Bus Stop,2025-05,Live,16.0,2025-06-23 04:00:00
1003298,Bus Stop,2025-06,Live,17.0,2025-06-23 04:00:00
1003298,Bus Stop,2025-07,Idle,3.0,2026-04-15 04:00:00
1003298,Bus Stop,2025-12,Idle,17.0,2026-04-15 04:00:00
1003298,Bus Stop,2026-01,Idle,31.0,2026-04-15 04:00:00
1003298,Bus Stop,2026-02,Idle,24.0,2026-04-15 04:00:00
1003298,Bus Stop,2026-03,Idle,32.0,2026-04-15 04:00:00
1003298,Bus Stop,2026-04,Idle,6.0,2026-04-15 04:00:00
1003301,Bus Stop,2025-06,Live,2.0,2025-06-22 04:00:00
1003312,Bus Stop,2024-12,Live,1.0,2025-04-26 04:00:00
1003312,Bus Stop,2025-04,Live,1.0,2025-04-26 04:00:00
1003313,Bus Stop,2025-04,Live,1.0,2025-04-17 04:00:00
1003339,Bus Stop,2025-05,Live,2.0,2025-06-24 04:00:00
1003339,Bus Stop,2025-06,Live,8.0,2025-06-24 04:00:00
1003339,Bus Stop,2025-07,Idle,1.0,2025-07-21 04:00:00
1003354,Bus Stop,2025-05,Live,1.0,2025-06-23 04:00:00
1003354,Bus Stop,2025-06,Live,7.0,2025-06-23 04:00:00
1003355,Bus Stop,2025-06,Live,1.0,2025-06-16 04:00:00
1003378,Bus Stop,2025-06,Live,1.0,2025-06-11 04:00:00
1003379,Bus Stop,2025-06,Live,10.0,2025-06-25 04:00:00
1003380,Bus Stop,2025-06,Live,3.0,2025-06-21 04:00:00
1003391,Bus Stop,2024-12,Live,1.0,2026-04-07 04:00:00
1003391,Bus Stop,2026-04,Live,1.0,2026-04-07 04:00:00
1003398,Bus Stop,2024-12,Live,6.0,2026-04-14 04:00:00
1003398,Bus Stop,2025-01,Live,6.0,2026-04-14 04:00:00
1003398,Bus Stop,2025-02,Live,7.0,2026-04-14 04:00:00
1003398,Bus Stop,2025-03,Live,6.0,2026-04-14 04:00:00
1003398,Bus Stop,2025-04,Live,22.0,2026-04-14 04:00:00
1003398,Bus Stop,2025-05,Live,9.0,2026-04-14 04:00:00
1003398,Bus Stop,2025-06,Live,11.0,2026-04-14 04:00:00
1003398,Bus Stop,2025-10,Live,5.0,2026-04-14 04:00:00
1003398,Bus Stop,2025-11,Live,4.0,2026-04-14 04:00:00
1003398,Bus Stop,2025-12,Live,3.0,2026-04-14 04:00:00
1003398,Bus Stop,2026-01,Live,6.0,2026-04-14 04:00:00
1003398,Bus Stop,2026-02,Live,2.0,2026-04-14 04:00:00
1003398,Bus Stop,2026-03,Live,5.0,2026-04-14 04:00:00
1003398,Bus Stop,2026-04,Live,2.0,2026-04-14 04:00:00
1003407,Bus Stop,2024-12,Live,5.0,2026-04-15 04:00:00
1003407,Bus Stop,2025-01,Live,6.0,2026-04-15 04:00:00
1003407,Bus Stop,2025-02,Live,8.0,2026-04-15 04:00:00
1003407,Bus Stop,2025-03,Live,1.0,2026-04-15 04:00:00
1003407,Bus Stop,2025-04,Live,8.0,2026-04-15 04:00:00
1003407,Bus Stop,2025-05,Live,5.0,2026-04-15 04:00:00
1003407,Bus Stop,2025-06,Live,5.0,2026-04-15 04:00:00
1003407,Bus Stop,2025-07,Idle,1.0,2025-07-21 04:00:00
1003407,Bus Stop,2025-12,Live,2.0,2026-04-15 04:00:00
1003407,Bus Stop,2026-01,Live,9.0,2026-04-15 04:00:00
1003407,Bus Stop,2026-02,Live,13.0,2026-04-15 04:00:00
1003407,Bus Stop,2026-03,Live,13.0,2026-04-15 04:00:00
1003407,Bus Stop,2026-04,Live,9.0,2026-04-15 04:00:00
1003409,Bus Stop,2024-12,Idle,12.0,2025-07-21 04:00:00
1003409,Bus Stop,2025-01,Idle,2.0,2025-07-21 04:00:00
1003409,Bus Stop,2025-04,Idle,4.0,2025-07-21 04:00:00
1003409,Bus Stop,2025-05,Idle,10.0,2025-07-21 04:00:00
1003409,Bus Stop,2025-06,Idle,2.0,2025-07-21 04:00:00
1003409,Bus Stop,2025-07,Idle,2.0,2025-07-21 04:00:00
1003417,Bus Stop,2024-12,Live,34.0,2025-06-25 04:00:00
1003417,Bus Stop,2025-01,Live,40.0,2025-06-25 04:00:00
1003417,Bus Stop,2025-02,Live,34.0,2025-06-25 04:00:00
1003417,Bus Stop,2025-03,Live,56.0,2025-06-25 04:00:00
1003417,Bus Stop,2025-04,Live,64.0,2025-06-25 04:00:00
1003417,Bus Stop,2025-05,Live,90.0,2025-06-25 04:00:00
1003417,Bus Stop,2025-06,Live,63.0,2025-06-25 04:00:00
1003417,Bus Stop,2025-07,Idle,1.0,2025-07-21 04:00:00
1003418,Bus Stop,2024-12,Live,35.0,2026-04-15 04:00:00
1003418,Bus Stop,2025-01,Live,30.0,2026-04-15 04:00:00
1003418,Bus Stop,2025-02,Live,20.0,2026-04-15 04:00:00
1003418,Bus Stop,2025-03,Live,45.0,2026-04-15 04:00:00
1003418,Bus Stop,2025-04,Live,56.0,2026-04-15 04:00:00
1003418,Bus Stop,2025-05,Live,53.0,2026-04-15 04:00:00
1003418,Bus Stop,2025-06,Live,40.0,2026-04-15 04:00:00
1003418,Bus Stop,2025-07,Idle,1.0,2025-07-21 04:00:00
1003418,Bus Stop,2025-12,Live,41.0,2026-04-15 04:00:00
1003418,Bus Stop,2026-01,Live,115.0,2026-04-15 04:00:00
1003418,Bus Stop,2026-02,Live,146.0,2026-04-15 04:00:00
1003418,Bus Stop,2026-03,Live,164.0,2026-04-15 04:00:00
1003418,Bus Stop,2026-04,Live,95.0,2026-04-15 04:00:00
1003419,Bus Stop,2024-12,Live,4.0,2026-04-15 04:00:00
1003419,Bus Stop,2025-01,Live,3.0,2026-04-15 04:00:00
1003419,Bus Stop,2025-02,Live,6.0,2026-04-15 04:00:00
1003419,Bus Stop,2025-03,Live,3.0,2026-04-15 04:00:00
1003419,Bus Stop,2025-04,Live,8.0,2026-04-15 04:00:00
1003419,Bus Stop,2025-05,Live,11.0,2026-04-15 04:00:00
1003419,Bus Stop,2025-06,Live,11.0,2026-04-15 04:00:00
1003419,Bus Stop,2025-12,Live,5.0,2026-04-15 04:00:00
1003419,Bus Stop,2026-01,Live,7.0,2026-04-15 04:00:00
1003419,Bus Stop,2026-02,Live,14.0,2026-04-15 04:00:00
1003419,Bus Stop,2026-03,Live,16.0,2026-04-15 04:00:00
1003419,Bus Stop,2026-04,Live,8.0,2026-04-15 04:00:00
1003428,Bus Stop,2024-12,Live,48.0,2025-06-25 04:00:00
1003428,Bus Stop,2025-01,Live,57.0,2025-06-25 04:00:00
1003428,Bus Stop,2025-02,Live,34.0,2025-06-25 04:00:00
1003428,Bus Stop,2025-03,Live,43.0,2025-06-25 04:00:00
1003428,Bus Stop,2025-04,Live,37.0,2025-06-25 04:00:00
1003428,Bus Stop,2025-05,Live,48.0,2025-06-25 04:00:00
1003428,Bus Stop,2025-06,Live,42.0,2025-06-25 04:00:00
1003429,Bus Stop,2025-07,Idle,1.0,2025-07-22 04:00:00
1003432,Bus Stop,2025-02,Live,2.0,2025-06-25 04:00:00
1003432,Bus Stop,2025-03,Live,1.0,2025-06-25 04:00:00
1003432,Bus Stop,2025-04,Live,1.0,2025-06-25 04:00:00
1003432,Bus Stop,2025-05,Live,3.0,2025-06-25 04:00:00
1003432,Bus Stop,2025-06,Live,9.0,2025-06-25 04:00:00
1003466,Bus Stop,2024-12,Live,3.0,2025-06-01 04:00:00
1003466,Bus Stop,2025-01,Live,1.0,2025-06-01 04:00:00
1003466,Bus Stop,2025-03,Live,1.0,2025-06-01 04:00:00
1003466,Bus Stop,2025-04,Live,1.0,2025-06-01 04:00:00
1003466,Bus Stop,2025-05,Live,2.0,2025-06-01 04:00:00
1003466,Bus Stop,2025-06,Live,2.0,2025-06-01 04:00:00
1003467,Bus Stop,2024-12,Live,5.0,2025-06-01 04:00:00
1003467,Bus Stop,2025-01,Live,2.0,2025-06-01 04:00:00
1003467,Bus Stop,2025-02,Live,2.0,2025-06-01 04:00:00
1003467,Bus Stop,2025-06,Live,1.0,2025-06-01 04:00:00
1003470,Bus Stop,2024-12,Live,1.0,2025-02-17 05:00:00
1003470,Bus Stop,2025-02,Live,1.0,2025-02-17 05:00:00
1003486,Bus Stop,2025-01,Live,8.0,2025-06-23 04:00:00
1003486,Bus Stop,2025-02,Live,3.0,2025-06-23 04:00:00
1003486,Bus Stop,2025-03,Live,4.0,2025-06-23 04:00:00
1003486,Bus Stop,2025-04,Live,5.0,2025-06-23 04:00:00
1003486,Bus Stop,2025-05,Live,5.0,2025-06-23 04:00:00
1003486,Bus Stop,2025-06,Live,3.0,2025-06-23 04:00:00
1003486,Bus Stop,2025-07,Idle,2.0,2025-07-21 04:00:00
1003488,Bus Stop,2025-01,Live,1.0,2025-06-24 04:00:00
1003488,Bus Stop,2025-03,Live,3.0,2025-06-24 04:00:00
1003488,Bus Stop,2025-04,Live,1.0,2025-06-24 04:00:00
1003488,Bus Stop,2025-06,Live,3.0,2025-06-24 04:00:00
1003537,Bus Stop,2024-12,Live,1.0,2025-06-02 04:00:00
1003537,Bus Stop,2025-03,Live,1.0,2025-06-02 04:00:00
1003537,Bus Stop,2025-06,Live,1.0,2025-06-02 04:00:00
1003599,Bus Stop,2024-12,Live,9.0,2026-04-15 04:00:00
1003599,Bus Stop,2025-01,Live,15.0,2026-04-15 04:00:00
1003599,Bus Stop,2025-02,Live,12.0,2026-04-15 04:00:00
1003599,Bus Stop,2025-03,Live,35.0,2026-04-15 04:00:00
1003599,Bus Stop,2025-04,Live,47.0,2026-04-15 04:00:00
1003599,Bus Stop,2025-05,Live,47.0,2026-04-15 04:00:00
1003599,Bus Stop,2025-06,Live,42.0,2026-04-15 04:00:00
1003599,Bus Stop,2025-07,Idle,2.0,2025-07-21 04:00:00
1003599,Bus Stop,2025-10,Live,8.0,2026-04-15 04:00:00
1003599,Bus Stop,2025-11,Live,38.0,2026-04-15 04:00:00
1003599,Bus Stop,2025-12,Live,29.0,2026-04-15 04:00:00
1003599,Bus Stop,2026-01,Live,29.0,2026-04-15 04:00:00
1003599,Bus Stop,2026-02,Live,30.0,2026-04-15 04:00:00
1003599,Bus Stop,2026-03,Live,64.0,2026-04-15 04:00:00
1003599,Bus Stop,2026-04,Live,41.0,2026-04-15 04:00:00
1003613,Bus Stop,2024-12,Live,23.0,2025-06-24 04:00:00
1003613,Bus Stop,2025-01,Live,21.0,2025-06-24 04:00:00
1003613,Bus Stop,2025-02,Live,17.0,2025-06-24 04:00:00
1003613,Bus Stop,2025-03,Live,27.0,2025-06-24 04:00:00
1003613,Bus Stop,2025-04,Live,26.0,2025-06-24 04:00:00
1003613,Bus Stop,2025-05,Live,41.0,2025-06-24 04:00:00
1003613,Bus Stop,2025-06,Live,20.0,2025-06-24 04:00:00
1003613,Bus Stop,2025-12,Idle,7.0,2026-04-15 04:00:00
1003613,Bus Stop,2026-01,Idle,23.0,2026-04-15 04:00:00
1003613,Bus Stop,2026-02,Idle,34.0,2026-04-15 04:00:00
1003613,Bus Stop,2026-03,Idle,27.0,2026-04-15 04:00:00
1003613,Bus Stop,2026-04,Idle,19.0,2026-04-15 04:00:00
1003614,Bus Stop,2024-12,Live,1.0,2025-06-04 04:00:00
1003614,Bus Stop,2025-01,Live,1.0,2025-06-04 04:00:00
1003614,Bus Stop,2025-06,Live,1.0,2025-06-04 04:00:00
1003646,Bus Stop,2025-01,Live,1.0,2026-02-09 05:00:00
1003646,Bus Stop,2025-04,Live,2.0,2026-02-09 05:00:00
1003646,Bus Stop,2025-06,Live,3.0,2026-02-09 05:00:00
1003646,Bus Stop,2025-12,Live,2.0,2026-02-09 05:00:00
1003646,Bus Stop,2026-01,Live,1.0,2026-02-09 05:00:00
1003646,Bus Stop,2026-02,Live,1.0,2026-02-09 05:00:00
1003651,Bus Stop,2025-06,Live,1.0,2025-06-03 04:00:00
1003656,Bus Stop,2024-12,Live,56.0,2025-06-25 04:00:00
1003656,Bus Stop,2025-01,Live,37.0,2025-06-25 04:00:00
1003656,Bus Stop,2025-02,Live,48.0,2025-06-25 04:00:00
1003656,Bus Stop,2025-03,Live,55.0,2025-06-25 04:00:00
1003656,Bus Stop,2025-04,Live,68.0,2025-06-25 04:00:00
1003656,Bus Stop,2025-05,Live,117.0,2025-06-25 04:00:00
1003656,Bus Stop,2025-06,Live,95.0,2025-06-25 04:00:00
1003656,Bus Stop,2025-07,Idle,3.0,2025-07-22 04:00:00
1003663,Bus Stop,2024-12,Live,8.0,2025-06-23 04:00:00
1003663,Bus Stop,2025-01,Live,7.0,2025-06-23 04:00:00
1003663,Bus Stop,2025-02,Live,12.0,2025-06-23 04:00:00
1003663,Bus Stop,2025-03,Live,15.0,2025-06-23 04:00:00
1003663,Bus Stop,2025-04,Live,13.0,2025-06-23 04:00:00
1003663,Bus Stop,2025-05,Live,15.0,2025-06-23 04:00:00
1003663,Bus Stop,2025-06,Live,14.0,2025-06-23 04:00:00
1003665,Bus Stop,2025-06,Live,1.0,2026-04-08 04:00:00
1003665,Bus Stop,2025-11,Live,8.0,2026-04-08 04:00:00
1003665,Bus Stop,2025-12,Live,5.0,2026-04-08 04:00:00
1003665,Bus Stop,2026-02,Live,11.0,2026-04-08 04:00:00
1003665,Bus Stop,2026-03,Live,6.0,2026-04-08 04:00:00
1003665,Bus Stop,2026-04,Live,1.0,2026-04-08 04:00:00
1003672,Bus Stop,2024-12,Live,6.0,2025-06-24 04:00:00
1003672,Bus Stop,2025-01,Live,5.0,2025-06-24 04:00:00
1003672,Bus Stop,2025-02,Live,7.0,2025-06-24 04:00:00
1003672,Bus Stop,2025-03,Live,7.0,2025-06-24 04:00:00
1003672,Bus Stop,2025-04,Live,14.0,2025-06-24 04:00:00
1003672,Bus Stop,2025-05,Live,17.0,2025-06-24 04:00:00
1003672,Bus Stop,2025-06,Live,18.0,2025-06-24 04:00:00
1003674,Bus Stop,2025-03,Live,1.0,2025-06-24 04:00:00
1003674,Bus Stop,2025-05,Live,3.0,2025-06-24 04:00:00
1003674,Bus Stop,2025-06,Live,8.0,2025-06-24 04:00:00
1003676,Bus Stop,2025-01,Live,1.0,2025-05-11 04:00:00
1003676,Bus Stop,2025-04,Live,1.0,2025-05-11 04:00:00
1003676,Bus Stop,2025-05,Live,1.0,2025-05-11 04:00:00
1003678,Bus Stop,2024-12,Live,10.0,2026-04-15 04:00:00
1003678,Bus Stop,2025-01,Live,6.0,2026-04-15 04:00:00
1003678,Bus Stop,2025-02,Live,7.0,2026-04-15 04:00:00
1003678,Bus Stop,2025-03,Live,13.0,2026-04-15 04:00:00
1003678,Bus Stop,2025-04,Live,7.0,2026-04-15 04:00:00
1003678,Bus Stop,2025-05,Live,7.0,2026-04-15 04:00:00
1003678,Bus Stop,2025-06,Live,7.0,2026-04-15 04:00:00
1003678,Bus Stop,2025-12,Live,4.0,2026-04-15 04:00:00
1003678,Bus Stop,2026-01,Live,3.0,2026-04-15 04:00:00
1003678,Bus Stop,2026-02,Live,4.0,2026-04-15 04:00:00
1003678,Bus Stop,2026-03,Live,8.0,2026-04-15 04:00:00
1003678,Bus Stop,2026-04,Live,6.0,2026-04-15 04:00:00
1003680,Bus Stop,2024-12,Live,178.0,2025-06-25 04:00:00
1003680,Bus Stop,2025-01,Live,160.0,2025-06-25 04:00:00
1003680,Bus Stop,2025-02,Live,151.0,2025-06-25 04:00:00
1003680,Bus Stop,2025-03,Live,191.0,2025-06-25 04:00:00
1003680,Bus Stop,2025-04,Live,261.0,2025-06-25 04:00:00
1003680,Bus Stop,2025-05,Live,299.0,2025-06-25 04:00:00
1003680,Bus Stop,2025-06,Live,191.0,2025-06-25 04:00:00
1003680,Bus Stop,2025-07,Idle,8.0,2025-07-22 04:00:00
1003683,Bus Stop,2024-12,Live,7.0,2026-04-11 04:00:00
1003683,Bus Stop,2025-01,Live,2.0,2026-04-11 04:00:00
1003683,Bus Stop,2025-02,Live,4.0,2026-04-11 04:00:00
1003683,Bus Stop,2025-03,Live,6.0,2026-04-11 04:00:00
1003683,Bus Stop,2025-04,Live,4.0,2026-04-11 04:00:00
1003683,Bus Stop,2025-05,Live,6.0,2026-04-11 04:00:00
1003683,Bus Stop,2025-06,Live,6.0,2026-04-11 04:00:00
1003683,Bus Stop,2025-07,Idle,1.0,2025-07-22 04:00:00
1003683,Bus Stop,2025-12,Live,21.0,2026-04-11 04:00:00
1003683,Bus Stop,2026-01,Live,26.0,2026-04-11 04:00:00
1003683,Bus Stop,2026-02,Live,17.0,2026-04-11 04:00:00
1003683,Bus Stop,2026-03,Live,21.0,2026-04-11 04:00:00
1003683,Bus Stop,2026-04,Live,5.0,2026-04-11 04:00:00
1003690,Bus Stop,2025-05,Live,1.0,2026-04-15 04:00:00
1003690,Bus Stop,2025-06,Live,2.0,2026-04-15 04:00:00
1003690,Bus Stop,2025-11,Live,5.0,2026-04-15 04:00:00
1003690,Bus Stop,2025-12,Live,1.0,2026-04-15 04:00:00
1003690,Bus Stop,2026-01,Live,3.0,2026-04-15 04:00:00
1003690,Bus Stop,2026-02,Live,6.0,2026-04-15 04:00:00
1003690,Bus Stop,2026-03,Live,2.0,2026-04-15 04:00:00
1003690,Bus Stop,2026-04,Live,7.0,2026-04-15 04:00:00
1003695,Bus Stop,2024-12,Live,11.0,2025-06-24 04:00:00
1003695,Bus Stop,2025-01,Live,10.0,2025-06-24 04:00:00
1003695,Bus Stop,2025-02,Live,14.0,2025-06-24 04:00:00
1003695,Bus Stop,2025-03,Live,14.0,2025-06-24 04:00:00
1003695,Bus Stop,2025-04,Live,24.0,2025-06-24 04:00:00
1003695,Bus Stop,2025-05,Live,17.0,2025-06-24 04:00:00
1003695,Bus Stop,2025-06,Live,16.0,2025-06-24 04:00:00
1003702,Bus Stop,2024-12,Live,4.0,2025-06-25 04:00:00
1003702,Bus Stop,2025-01,Live,4.0,2025-06-25 04:00:00
1003702,Bus Stop,2025-02,Live,4.0,2025-06-25 04:00:00
1003702,Bus Stop,2025-03,Live,17.0,2025-06-25 04:00:00
1003702,Bus Stop,2025-04,Live,53.0,2025-06-25 04:00:00
1003702,Bus Stop,2025-05,Live,46.0,2025-06-25 04:00:00
1003702,Bus Stop,2025-06,Live,44.0,2025-06-25 04:00:00
1003702,Bus Stop,2025-07,Idle,7.0,2025-07-22 04:00:00
1003703,Bus Stop,2025-04,Live,2.0,2025-04-09 04:00:00
1003704,Bus Stop,2025-03,Live,3.0,2025-06-24 04:00:00
1003704,Bus Stop,2025-04,Live,1.0,2025-06-24 04:00:00
1003704,Bus Stop,2025-05,Live,8.0,2025-06-24 04:00:00
1003704,Bus Stop,2025-06,Live,21.0,2025-06-24 04:00:00
1003720,Bus Stop,2024-12,Live,27.0,2025-06-25 04:00:00
1003720,Bus Stop,2025-01,Live,29.0,2025-06-25 04:00:00
1003720,Bus Stop,2025-02,Live,17.0,2025-06-25 04:00:00
1003720,Bus Stop,2025-03,Live,24.0,2025-06-25 04:00:00
1003720,Bus Stop,2025-04,Live,26.0,2025-06-25 04:00:00
1003720,Bus Stop,2025-05,Live,35.0,2025-06-25 04:00:00
1003720,Bus Stop,2025-06,Live,26.0,2025-06-25 04:00:00
1003721,Bus Stop,2024-12,Live,1.0,2025-06-24 04:00:00
1003721,Bus Stop,2025-02,Live,2.0,2025-06-24 04:00:00
1003721,Bus Stop,2025-03,Live,2.0,2025-06-24 04:00:00
1003721,Bus Stop,2025-04,Live,1.0,2025-06-24 04:00:00
1003721,Bus Stop,2025-05,Live,3.0,2025-06-24 04:00:00
1003721,Bus Stop,2025-06,Live,2.0,2025-06-24 04:00:00
1003755,Bus Stop,2024-12,Live,3.0,2025-06-25 04:00:00
1003755,Bus Stop,2025-01,Live,5.0,2025-06-25 04:00:00
1003755,Bus Stop,2025-02,Live,7.0,2025-06-25 04:00:00
1003755,Bus Stop,2025-03,Live,10.0,2025-06-25 04:00:00
1003755,Bus Stop,2025-04,Live,28.0,2025-06-25 04:00:00
1003755,Bus Stop,2025-05,Live,39.0,2025-06-25 04:00:00
1003755,Bus Stop,2025-06,Live,41.0,2025-06-25 04:00:00
1003755,Bus Stop,2025-07,Idle,1.0,2026-04-07 04:00:00
1003755,Bus Stop,2026-01,Idle,20.0,2026-04-07 04:00:00
1003755,Bus Stop,2026-02,Idle,34.0,2026-04-07 04:00:00
1003755,Bus Stop,2026-03,Idle,109.0,2026-04-07 04:00:00
1003755,Bus Stop,2026-04,Idle,14.0,2026-04-07 04:00:00
1003759,Bus Stop,2025-06,Live,11.0,2026-04-14 04:00:00
1003759,Bus Stop,2025-10,Live,5.0,2026-04-14 04:00:00
1003759,Bus Stop,2025-11,Live,25.0,2026-04-14 04:00:00
1003759,Bus Stop,2025-12,Live,34.0,2026-04-14 04:00:00
1003759,Bus Stop,2026-01,Live,31.0,2026-04-14 04:00:00
1003759,Bus Stop,2026-02,Live,37.0,2026-04-14 04:00:00
1003759,Bus Stop,2026-03,Live,62.0,2026-04-14 04:00:00
1003759,Bus Stop,2026-04,Live,37.0,2026-04-14 04:00:00
1003760,Bus Stop,2024-12,Live,36.0,2025-06-25 04:00:00
1003760,Bus Stop,2025-01,Live,35.0,2025-06-25 04:00:00
1003760,Bus Stop,2025-02,Live,31.0,2025-06-25 04:00:00
1003760,Bus Stop,2025-03,Live,31.0,2025-06-25 04:00:00
1003760,Bus Stop,2025-04,Live,32.0,2025-06-25 04:00:00
1003760,Bus Stop,2025-05,Live,34.0,2025-06-25 04:00:00
1003760,Bus Stop,2025-06,Live,24.0,2025-06-25 04:00:00
1003760,Bus Stop,2025-07,Idle,1.0,2026-04-15 04:00:00
1003760,Bus Stop,2025-12,Idle,25.0,2026-04-15 04:00:00
1003760,Bus Stop,2026-01,Idle,42.0,2026-04-15 04:00:00
1003760,Bus Stop,2026-02,Idle,83.0,2026-04-15 04:00:00
1003760,Bus Stop,2026-03,Idle,64.0,2026-04-15 04:00:00
1003760,Bus Stop,2026-04,Idle,32.0,2026-04-15 04:00:00
1003763,Bus Stop,2024-12,Live,28.0,2025-06-25 04:00:00
1003763,Bus Stop,2025-01,Live,39.0,2025-06-25 04:00:00
1003763,Bus Stop,2025-02,Live,37.0,2025-06-25 04:00:00
1003763,Bus Stop,2025-03,Live,44.0,2025-06-25 04:00:00
1003763,Bus Stop,2025-04,Live,54.0,2025-06-25 04:00:00
1003763,Bus Stop,2025-05,Live,30.0,2025-06-25 04:00:00
1003763,Bus Stop,2025-06,Live,22.0,2025-06-25 04:00:00
1003771,Bus Stop,2024-12,Live,20.0,2026-04-10 04:00:00
1003771,Bus Stop,2025-01,Live,15.0,2026-04-10 04:00:00
1003771,Bus Stop,2025-02,Live,10.0,2026-04-10 04:00:00
1003771,Bus Stop,2025-03,Live,27.0,2026-04-10 04:00:00
1003771,Bus Stop,2025-04,Live,2.0,2026-04-10 04:00:00
1003771,Bus Stop,2025-05,Live,10.0,2026-04-10 04:00:00
1003771,Bus Stop,2025-06,Live,9.0,2026-04-10 04:00:00
1003771,Bus Stop,2025-11,Live,27.0,2026-04-10 04:00:00
1003771,Bus Stop,2025-12,Live,17.0,2026-04-10 04:00:00
1003771,Bus Stop,2026-01,Live,10.0,2026-04-10 04:00:00
1003771,Bus Stop,2026-02,Live,5.0,2026-04-10 04:00:00
1003771,Bus Stop,2026-03,Live,11.0,2026-04-10 04:00:00
1003771,Bus Stop,2026-04,Live,4.0,2026-04-10 04:00:00
1003774,Bus Stop,2024-12,Live,226.0,2025-06-25 04:00:00
1003774,Bus Stop,2025-01,Live,202.0,2025-06-25 04:00:00
1003774,Bus Stop,2025-02,Live,261.0,2025-06-25 04:00:00
1003774,Bus Stop,2025-03,Live,265.0,2025-06-25 04:00:00
1003774,Bus Stop,2025-04,Live,271.0,2025-06-25 04:00:00
1003774,Bus Stop,2025-05,Live,298.0,2025-06-25 04:00:00
1003774,Bus Stop,2025-06,Live,175.0,2025-06-25 04:00:00
1003774,Bus Stop,2025-07,Idle,11.0,2025-07-21 04:00:00
1003781,Bus Stop,2025-06,Live,1.0,2025-06-10 04:00:00
1003782,Bus Stop,2025-04,Idle,2.0,2025-04-24 04:00:00
1003786,Bus Stop,2024-12,Live,11.0,2025-06-25 04:00:00
1003786,Bus Stop,2025-01,Live,7.0,2025-06-25 04:00:00
1003786,Bus Stop,2025-02,Live,8.0,2025-06-25 04:00:00
1003786,Bus Stop,2025-03,Live,13.0,2025-06-25 04:00:00
1003786,Bus Stop,2025-04,Live,22.0,2025-06-25 04:00:00
1003786,Bus Stop,2025-05,Live,8.0,2025-06-25 04:00:00
1003786,Bus Stop,2025-06,Live,13.0,2025-06-25 04:00:00
1003796,Bus Stop,2025-02,Idle,2.0,2025-02-03 05:00:00
1003797,Bus Stop,2024-12,Live,2.0,2025-06-24 04:00:00
1003797,Bus Stop,2025-04,Live,3.0,2025-06-24 04:00:00
1003797,Bus Stop,2025-05,Live,1.0,2025-06-24 04:00:00
1003797,Bus Stop,2025-06,Live,1.0,2025-06-24 04:00:00
1003798,Bus Stop,2024-12,Live,1.0,2025-04-15 04:00:00
1003798,Bus Stop,2025-01,Live,1.0,2025-04-15 04:00:00
1003798,Bus Stop,2025-04,Live,1.0,2025-04-15 04:00:00
1003800,Bus Stop,2024-12,Live,11.0,2025-06-25 04:00:00
1003800,Bus Stop,2025-01,Live,4.0,2025-06-25 04:00:00
1003800,Bus Stop,2025-02,Live,6.0,2025-06-25 04:00:00
1003800,Bus Stop,2025-03,Live,4.0,2025-06-25 04:00:00
1003800,Bus Stop,2025-04,Live,14.0,2025-06-25 04:00:00
1003800,Bus Stop,2025-05,Live,11.0,2025-06-25 04:00:00
1003800,Bus Stop,2025-06,Live,8.0,2025-06-25 04:00:00
1003808,Bus Stop,2024-12,Live,2.0,2026-04-08 04:00:00
1003808,Bus Stop,2025-01,Live,9.0,2026-04-08 04:00:00
1003808,Bus Stop,2025-02,Live,6.0,2026-04-08 04:00:00
1003808,Bus Stop,2025-03,Live,3.0,2026-04-08 04:00:00
1003808,Bus Stop,2025-04,Live,7.0,2026-04-08 04:00:00
1003808,Bus Stop,2025-05,Live,4.0,2026-04-08 04:00:00
1003808,Bus Stop,2025-06,Live,5.0,2026-04-08 04:00:00
1003808,Bus Stop,2026-02,Live,1.0,2026-04-08 04:00:00
1003808,Bus Stop,2026-03,Live,12.0,2026-04-08 04:00:00
1003808,Bus Stop,2026-04,Live,3.0,2026-04-08 04:00:00
1003835,Bus Stop,2024-12,Live,48.0,2026-04-14 04:00:00
1003835,Bus Stop,2025-01,Live,24.0,2026-04-14 04:00:00
1003835,Bus Stop,2025-02,Live,39.0,2026-04-14 04:00:00
1003835,Bus Stop,2025-03,Live,43.0,2026-04-14 04:00:00
1003835,Bus Stop,2025-04,Live,49.0,2026-04-14 04:00:00
1003835,Bus Stop,2025-05,Live,86.0,2026-04-14 04:00:00
1003835,Bus Stop,2025-06,Live,44.0,2026-04-14 04:00:00
1003835,Bus Stop,2025-07,Idle,4.0,2025-07-21 04:00:00
1003835,Bus Stop,2025-12,Live,34.0,2026-04-14 04:00:00
1003835,Bus Stop,2026-01,Live,59.0,2026-04-14 04:00:00
1003835,Bus Stop,2026-02,Live,54.0,2026-04-14 04:00:00
1003835,Bus Stop,2026-03,Live,59.0,2026-04-14 04:00:00
1003835,Bus Stop,2026-04,Live,30.0,2026-04-14 04:00:00
1003841,Bus Stop,2024-12,Live,1.0,2025-05-15 04:00:00
1003841,Bus Stop,2025-01,Live,1.0,2025-05-15 04:00:00
1003841,Bus Stop,2025-04,Live,2.0,2025-05-15 04:00:00
1003841,Bus Stop,2025-05,Live,3.0,2025-05-15 04:00:00
1003868,Bus Stop,2024-12,Live,83.0,2026-04-15 04:00:00
1003868,Bus Stop,2025-01,Live,45.0,2026-04-15 04:00:00
1003868,Bus Stop,2025-02,Live,50.0,2026-04-15 04:00:00
1003868,Bus Stop,2025-03,Live,65.0,2026-04-15 04:00:00
1003868,Bus Stop,2025-04,Live,77.0,2026-04-15 04:00:00
1003868,Bus Stop,2025-05,Live,115.0,2026-04-15 04:00:00
1003868,Bus Stop,2025-06,Live,102.0,2026-04-15 04:00:00
1003868,Bus Stop,2025-07,Idle,5.0,2025-07-21 04:00:00
1003868,Bus Stop,2025-12,Live,9.0,2026-04-15 04:00:00
1003868,Bus Stop,2026-01,Live,10.0,2026-04-15 04:00:00
1003868,Bus Stop,2026-02,Live,14.0,2026-04-15 04:00:00
1003868,Bus Stop,2026-03,Live,21.0,2026-04-15 04:00:00
1003868,Bus Stop,2026-04,Live,17.0,2026-04-15 04:00:00
1003869,Bus Stop,2025-01,Live,1.0,2025-06-18 04:00:00
1003869,Bus Stop,2025-05,Live,1.0,2025-06-18 04:00:00
1003869,Bus Stop,2025-06,Live,2.0,2025-06-18 04:00:00
1003875,Bus Stop,2025-12,Live,1.0,2026-03-21 04:00:00
1003875,Bus Stop,2026-01,Live,3.0,2026-03-21 04:00:00
1003875,Bus Stop,2026-02,Live,1.0,2026-03-21 04:00:00
1003875,Bus Stop,2026-03,Live,2.0,2026-03-21 04:00:00
1003880,Bus Stop,2025-05,Live,2.0,2025-06-04 04:00:00
1003880,Bus Stop,2025-06,Live,1.0,2025-06-04 04:00:00
1003881,Bus Stop,2024-12,Live,8.0,2026-04-15 04:00:00
1003881,Bus Stop,2025-01,Live,6.0,2026-04-15 04:00:00
1003881,Bus Stop,2025-02,Live,4.0,2026-04-15 04:00:00
1003881,Bus Stop,2025-03,Live,5.0,2026-04-15 04:00:00
1003881,Bus Stop,2025-04,Live,5.0,2026-04-15 04:00:00
1003881,Bus Stop,2025-05,Live,19.0,2026-04-15 04:00:00
1003881,Bus Stop,2025-06,Live,14.0,2026-04-15 04:00:00
1003881,Bus Stop,2025-12,Live,5.0,2026-04-15 04:00:00
1003881,Bus Stop,2026-01,Live,7.0,2026-04-15 04:00:00
1003881,Bus Stop,2026-02,Live,12.0,2026-04-15 04:00:00
1003881,Bus Stop,2026-03,Live,16.0,2026-04-15 04:00:00
1003881,Bus Stop,2026-04,Live,16.0,2026-04-15 04:00:00
1003901,Bus Stop,2024-12,Live,10.0,2026-04-15 04:00:00
1003901,Bus Stop,2025-01,Live,3.0,2026-04-15 04:00:00
1003901,Bus Stop,2025-02,Live,5.0,2026-04-15 04:00:00
1003901,Bus Stop,2025-03,Live,5.0,2026-04-15 04:00:00
1003901,Bus Stop,2025-04,Live,4.0,2026-04-15 04:00:00
1003901,Bus Stop,2025-05,Live,15.0,2026-04-15 04:00:00
1003901,Bus Stop,2025-06,Live,13.0,2026-04-15 04:00:00
1003901,Bus Stop,2025-12,Live,6.0,2026-04-15 04:00:00
1003901,Bus Stop,2026-01,Live,10.0,2026-04-15 04:00:00
1003901,Bus Stop,2026-02,Live,14.0,2026-04-15 04:00:00
1003901,Bus Stop,2026-03,Live,19.0,2026-04-15 04:00:00
1003901,Bus Stop,2026-04,Live,5.0,2026-04-15 04:00:00
1003903,Bus Stop,2024-12,Live,9.0,2025-06-25 04:00:00
1003903,Bus Stop,2025-01,Live,8.0,2025-06-25 04:00:00
1003903,Bus Stop,2025-02,Live,4.0,2025-06-25 04:00:00
1003903,Bus Stop,2025-03,Live,16.0,2025-06-25 04:00:00
1003903,Bus Stop,2025-04,Live,9.0,2025-06-25 04:00:00
1003903,Bus Stop,2025-05,Live,3.0,2025-06-25 04:00:00
1003903,Bus Stop,2025-06,Live,7.0,2025-06-25 04:00:00
1003903,Bus Stop,2025-11,Idle,24.0,2026-04-14 04:00:00
1003903,Bus Stop,2025-12,Idle,31.0,2026-04-14 04:00:00
1003903,Bus Stop,2026-01,Idle,21.0,2026-04-14 04:00:00
1003903,Bus Stop,2026-02,Idle,30.0,2026-04-14 04:00:00
1003903,Bus Stop,2026-03,Idle,62.0,2026-04-14 04:00:00
1003903,Bus Stop,2026-04,Idle,26.0,2026-04-14 04:00:00
1003905,Bus Stop,2024-12,Live,246.0,2026-04-15 04:00:00
1003905,Bus Stop,2025-01,Live,200.0,2026-04-15 04:00:00
1003905,Bus Stop,2025-02,Live,231.0,2026-04-15 04:00:00
1003905,Bus Stop,2025-03,Live,284.0,2026-04-15 04:00:00
1003905,Bus Stop,2025-04,Live,313.0,2026-04-15 04:00:00
1003905,Bus Stop,2025-05,Live,312.0,2026-04-15 04:00:00
1003905,Bus Stop,2025-06,Live,214.0,2026-04-15 04:00:00
1003905,Bus Stop,2025-07,Idle,10.0,2025-07-22 04:00:00
1003905,Bus Stop,2025-11,Live,254.0,2026-04-15 04:00:00
1003905,Bus Stop,2025-12,Live,269.0,2026-04-15 04:00:00
1003905,Bus Stop,2026-01,Live,227.0,2026-04-15 04:00:00
1003905,Bus Stop,2026-02,Live,206.0,2026-04-15 04:00:00
1003905,Bus Stop,2026-03,Live,369.0,2026-04-15 04:00:00
1003905,Bus Stop,2026-04,Live,168.0,2026-04-15 04:00:00
1003906,Bus Stop,2024-12,Live,33.0,2026-04-14 04:00:00
1003906,Bus Stop,2025-01,Live,36.0,2026-04-14 04:00:00
1003906,Bus Stop,2025-02,Live,35.0,2026-04-14 04:00:00
1003906,Bus Stop,2025-03,Live,71.0,2026-04-14 04:00:00
1003906,Bus Stop,2025-04,Live,85.0,2026-04-14 04:00:00
1003906,Bus Stop,2025-05,Live,96.0,2026-04-14 04:00:00
1003906,Bus Stop,2025-06,Live,60.0,2026-04-14 04:00:00
1003906,Bus Stop,2025-07,Idle,2.0,2025-07-21 04:00:00
1003906,Bus Stop,2026-03,Live,76.0,2026-04-14 04:00:00
1003906,Bus Stop,2026-04,Live,60.0,2026-04-14 04:00:00
1003908,Bus Stop,2025-03,Live,1.0,2026-04-09 04:00:00
1003908,Bus Stop,2025-04,Live,2.0,2026-04-09 04:00:00
1003908,Bus Stop,2025-06,Live,1.0,2026-04-09 04:00:00
1003908,Bus Stop,2025-07,Idle,1.0,2025-07-21 04:00:00
1003908,Bus Stop,2025-11,Live,5.0,2026-04-09 04:00:00
1003908,Bus Stop,2025-12,Live,6.0,2026-04-09 04:00:00
1003908,Bus Stop,2026-01,Live,3.0,2026-04-09 04:00:00
1003908,Bus Stop,2026-02,Live,4.0,2026-04-09 04:00:00
1003908,Bus Stop,2026-03,Live,9.0,2026-04-09 04:00:00
1003908,Bus Stop,2026-04,Live,4.0,2026-04-09 04:00:00
1003916,Bus Stop,2024-12,Live,1.0,2025-06-21 04:00:00
1003916,Bus Stop,2025-06,Live,1.0,2025-06-21 04:00:00
1003924,Bus Stop,2025-06,Live,1.0,2025-06-24 04:00:00
1003929,Bus Stop,2025-06,Live,2.0,2025-06-11 04:00:00
1003929,Bus Stop,2025-07,Idle,1.0,2025-07-21 04:00:00
1003932,Bus Stop,2024-12,Live,22.0,2026-04-14 04:00:00
1003932,Bus Stop,2025-01,Live,32.0,2026-04-14 04:00:00
1003932,Bus Stop,2025-02,Live,35.0,2026-04-14 04:00:00
1003932,Bus Stop,2025-03,Live,44.0,2026-04-14 04:00:00
1003932,Bus Stop,2025-04,Live,41.0,2026-04-14 04:00:00
1003932,Bus Stop,2025-05,Live,74.0,2026-04-14 04:00:00
1003932,Bus Stop,2025-06,Live,49.0,2026-04-14 04:00:00
1003932,Bus Stop,2025-07,Idle,4.0,2025-07-21 04:00:00
1003932,Bus Stop,2025-11,Live,20.0,2026-04-14 04:00:00
1003932,Bus Stop,2025-12,Live,28.0,2026-04-14 04:00:00
1003932,Bus Stop,2026-01,Live,27.0,2026-04-14 04:00:00
1003932,Bus Stop,2026-02,Live,15.0,2026-04-14 04:00:00
1003932,Bus Stop,2026-03,Live,32.0,2026-04-14 04:00:00
1003932,Bus Stop,2026-04,Live,20.0,2026-04-14 04:00:00
1003933,Bus Stop,2024-12,Live,1.0,2026-03-09 04:00:00
1003933,Bus Stop,2025-01,Live,1.0,2026-03-09 04:00:00
1003933,Bus Stop,2025-02,Live,1.0,2026-03-09 04:00:00
1003933,Bus Stop,2025-04,Live,1.0,2026-03-09 04:00:00
1003933,Bus Stop,2025-06,Live,1.0,2026-03-09 04:00:00
1003933,Bus Stop,2025-11,Live,2.0,2026-03-09 04:00:00
1003933,Bus Stop,2025-12,Live,1.0,2026-03-09 04:00:00
1003933,Bus Stop,2026-01,Live,1.0,2026-03-09 04:00:00
1003933,Bus Stop,2026-02,Live,1.0,2026-03-09 04:00:00
1003933,Bus Stop,2026-03,Live,1.0,2026-03-09 04:00:00
1003934,Bus Stop,2024-12,Live,22.0,2026-04-15 04:00:00
1003934,Bus Stop,2025-01,Live,17.0,2026-04-15 04:00:00
1003934,Bus Stop,2025-02,Live,30.0,2026-04-15 04:00:00
1003934,Bus Stop,2025-03,Live,36.0,2026-04-15 04:00:00
1003934,Bus Stop,2025-04,Live,36.0,2026-04-15 04:00:00
1003934,Bus Stop,2025-05,Live,44.0,2026-04-15 04:00:00
1003934,Bus Stop,2025-06,Live,18.0,2026-04-15 04:00:00
1003934,Bus Stop,2025-07,Idle,1.0,2025-07-22 04:00:00
1003934,Bus Stop,2025-12,Live,20.0,2026-04-15 04:00:00
1003934,Bus Stop,2026-01,Live,21.0,2026-04-15 04:00:00
1003934,Bus Stop,2026-02,Live,49.0,2026-04-15 04:00:00
1003934,Bus Stop,2026-03,Live,35.0,2026-04-15 04:00:00
1003934,Bus Stop,2026-04,Live,18.0,2026-04-15 04:00:00
1003940,Bus Stop,2025-01,Live,5.0,2025-04-19 04:00:00
1003940,Bus Stop,2025-03,Live,10.0,2025-04-19 04:00:00
1003940,Bus Stop,2025-04,Live,2.0,2025-04-19 04:00:00
1003947,Bus Stop,2025-04,Live,1.0,2025-04-08 04:00:00
1003948,Bus Stop,2024-12,Live,3.0,2026-04-10 04:00:00
1003948,Bus Stop,2025-01,Live,1.0,2026-04-10 04:00:00
1003948,Bus Stop,2025-02,Live,1.0,2026-04-10 04:00:00
1003948,Bus Stop,2025-03,Live,1.0,2026-04-10 04:00:00
1003948,Bus Stop,2025-04,Live,1.0,2026-04-10 04:00:00
1003948,Bus Stop,2025-05,Live,3.0,2026-04-10 04:00:00
1003948,Bus Stop,2025-06,Live,3.0,2026-04-10 04:00:00
1003948,Bus Stop,2026-03,Live,3.0,2026-04-10 04:00:00
1003948,Bus Stop,2026-04,Live,2.0,2026-04-10 04:00:00
1003949,Bus Stop,2024-12,Live,24.0,2025-06-24 04:00:00
1003949,Bus Stop,2025-01,Live,15.0,2025-06-24 04:00:00
1003949,Bus Stop,2025-02,Live,22.0,2025-06-24 04:00:00
1003949,Bus Stop,2025-03,Live,19.0,2025-06-24 04:00:00
1003949,Bus Stop,2025-04,Live,15.0,2025-06-24 04:00:00
1003949,Bus Stop,2025-05,Live,34.0,2025-06-24 04:00:00
1003949,Bus Stop,2025-06,Live,14.0,2025-06-24 04:00:00
1003950,Bus Stop,2024-12,Live,1.0,2025-06-25 04:00:00
1003950,Bus Stop,2025-05,Live,2.0,2025-06-25 04:00:00
1003950,Bus Stop,2025-06,Live,1.0,2025-06-25 04:00:00
1003959,Bus Stop,2024-12,Live,27.0,2025-06-25 04:00:00
1003959,Bus Stop,2025-01,Live,38.0,2025-06-25 04:00:00
1003959,Bus Stop,2025-02,Live,30.0,2025-06-25 04:00:00
1003959,Bus Stop,2025-03,Live,52.0,2025-06-25 04:00:00
1003959,Bus Stop,2025-04,Live,77.0,2025-06-25 04:00:00
1003959,Bus Stop,2025-05,Live,50.0,2025-06-25 04:00:00
1003959,Bus Stop,2025-06,Live,35.0,2025-06-25 04:00:00
1003962,Bus Stop,2025-04,Live,1.0,2025-04-30 04:00:00
1003964,Bus Stop,2025-01,Live,3.0,2025-06-25 04:00:00
1003964,Bus Stop,2025-02,Live,4.0,2025-06-25 04:00:00
1003964,Bus Stop,2025-03,Live,8.0,2025-06-25 04:00:00
1003964,Bus Stop,2025-04,Live,5.0,2025-06-25 04:00:00
1003964,Bus Stop,2025-05,Live,13.0,2025-06-25 04:00:00
1003964,Bus Stop,2025-06,Live,16.0,2025-06-25 04:00:00
1003964,Bus Stop,2025-07,Idle,2.0,2025-07-21 04:00:00
1003965,Bus Stop,2025-06,Live,1.0,2025-06-17 04:00:00
1003966,Bus Stop,2025-01,Live,1.0,2025-06-24 04:00:00
1003966,Bus Stop,2025-04,Live,1.0,2025-06-24 04:00:00
1003966,Bus Stop,2025-06,Live,5.0,2025-06-24 04:00:00
1003966,Bus Stop,2025-07,Idle,3.0,2025-07-21 04:00:00
1003969,Bus Stop,2025-10,Live,31.0,2026-04-15 04:00:00
1003969,Bus Stop,2025-11,Live,168.0,2026-04-15 04:00:00
1003969,Bus Stop,2025-12,Live,149.0,2026-04-15 04:00:00
1003969,Bus Stop,2026-01,Live,113.0,2026-04-15 04:00:00
1003969,Bus Stop,2026-02,Live,150.0,2026-04-15 04:00:00
1003969,Bus Stop,2026-03,Live,162.0,2026-04-15 04:00:00
1003969,Bus Stop,2026-04,Live,75.0,2026-04-15 04:00:00
1003970,Bus Stop,2025-03,Live,1.0,2026-04-15 04:00:00
1003970,Bus Stop,2025-04,Live,2.0,2026-04-15 04:00:00
1003970,Bus Stop,2025-06,Live,1.0,2026-04-15 04:00:00
1003970,Bus Stop,2025-11,Live,18.0,2026-04-15 04:00:00
1003970,Bus Stop,2025-12,Live,18.0,2026-04-15 04:00:00
1003970,Bus Stop,2026-01,Live,22.0,2026-04-15 04:00:00
1003970,Bus Stop,2026-02,Live,18.0,2026-04-15 04:00:00
1003970,Bus Stop,2026-03,Live,25.0,2026-04-15 04:00:00
1003970,Bus Stop,2026-04,Live,15.0,2026-04-15 04:00:00
1003971,Bus Stop,2024-12,Live,1.0,2025-06-25 04:00:00
1003971,Bus Stop,2025-01,Live,4.0,2025-06-25 04:00:00
1003971,Bus Stop,2025-02,Live,11.0,2025-06-25 04:00:00
1003971,Bus Stop,2025-03,Live,8.0,2025-06-25 04:00:00
1003971,Bus Stop,2025-04,Live,10.0,2025-06-25 04:00:00
1003971,Bus Stop,2025-05,Live,21.0,2025-06-25 04:00:00
1003971,Bus Stop,2025-06,Live,66.0,2025-06-25 04:00:00
1003971,Bus Stop,2025-07,Idle,2.0,2025-07-21 04:00:00
1003975,Bus Stop,2024-12,Idle,24.0,2026-04-15 04:00:00
1003975,Bus Stop,2025-01,Idle,12.0,2026-04-15 04:00:00
1003975,Bus Stop,2025-02,Idle,22.0,2026-04-15 04:00:00
1003975,Bus Stop,2025-03,Idle,62.0,2026-04-15 04:00:00
1003975,Bus Stop,2025-04,Idle,42.0,2026-04-15 04:00:00
1003975,Bus Stop,2025-05,Idle,40.0,2026-04-15 04:00:00
1003975,Bus Stop,2025-06,Idle,35.0,2026-04-15 04:00:00
1003975,Bus Stop,2025-07,Idle,11.0,2026-04-15 04:00:00
1003975,Bus Stop,2025-09,Idle,4.0,2026-04-15 04:00:00
1003975,Bus Stop,2025-10,Idle,55.0,2026-04-15 04:00:00
1003975,Bus Stop,2025-11,Idle,50.0,2026-04-15 04:00:00
1003975,Bus Stop,2025-12,Idle,60.0,2026-04-15 04:00:00
1003975,Bus Stop,2026-01,Idle,54.0,2026-04-15 04:00:00
1003975,Bus Stop,2026-02,Idle,96.0,2026-04-15 04:00:00
1003975,Bus Stop,2026-03,Idle,80.0,2026-04-15 04:00:00
1003975,Bus Stop,2026-04,Idle,37.0,2026-04-15 04:00:00
1003976,Bus Stop,2024-12,Live,205.0,2026-04-15 04:00:00
1003976,Bus Stop,2025-01,Live,195.0,2026-04-15 04:00:00
1003976,Bus Stop,2025-02,Live,131.0,2026-04-15 04:00:00
1003976,Bus Stop,2025-03,Live,206.0,2026-04-15 04:00:00
1003976,Bus Stop,2025-04,Live,170.0,2026-04-15 04:00:00
1003976,Bus Stop,2025-05,Live,130.0,2026-04-15 04:00:00
1003976,Bus Stop,2025-06,Live,140.0,2026-04-15 04:00:00
1003976,Bus Stop,2025-07,Idle,6.0,2025-07-22 04:00:00
1003976,Bus Stop,2025-09,Live,4.0,2026-04-15 04:00:00
1003976,Bus Stop,2025-10,Live,67.0,2026-04-15 04:00:00
1003976,Bus Stop,2025-11,Live,69.0,2026-04-15 04:00:00
1003976,Bus Stop,2025-12,Live,116.0,2026-04-15 04:00:00
1003976,Bus Stop,2026-01,Live,83.0,2026-04-15 04:00:00
1003976,Bus Stop,2026-02,Live,121.0,2026-04-15 04:00:00
1003976,Bus Stop,2026-03,Live,195.0,2026-04-15 04:00:00
1003976,Bus Stop,2026-04,Live,58.0,2026-04-15 04:00:00
1003984,Bus Stop,2025-03,Idle,18.0,2026-04-13 04:00:00
1003984,Bus Stop,2025-04,Idle,36.0,2026-04-13 04:00:00
1003984,Bus Stop,2025-05,Idle,42.0,2026-04-13 04:00:00
1003984,Bus Stop,2025-06,Idle,34.0,2026-04-13 04:00:00
1003984,Bus Stop,2025-12,Idle,11.0,2026-04-13 04:00:00
1003984,Bus Stop,2026-01,Idle,18.0,2026-04-13 04:00:00
1003984,Bus Stop,2026-02,Idle,21.0,2026-04-13 04:00:00
1003984,Bus Stop,2026-03,Idle,17.0,2026-04-13 04:00:00
1003984,Bus Stop,2026-04,Idle,14.0,2026-04-13 04:00:00
1003994,Bus Stop,2025-01,Idle,8.0,2026-04-15 04:00:00
1003994,Bus Stop,2025-03,Idle,18.0,2026-04-15 04:00:00
1003994,Bus Stop,2025-04,Idle,26.0,2026-04-15 04:00:00
1003994,Bus Stop,2025-05,Idle,54.0,2026-04-15 04:00:00
1003994,Bus Stop,2025-06,Idle,79.0,2026-04-15 04:00:00
1003994,Bus Stop,2025-07,Idle,9.0,2026-04-15 04:00:00
1003994,Bus Stop,2026-02,Idle,52.0,2026-04-15 04:00:00
1003994,Bus Stop,2026-03,Idle,116.0,2026-04-15 04:00:00
1003994,Bus Stop,2026-04,Idle,64.0,2026-04-15 04:00:00
2000005,Bus Stop,2025-06,Live,1.0,2025-06-25 04:00:00
2000006,Bus Stop,2024-12,Live,1.0,2025-06-09 04:00:00
2000006,Bus Stop,2025-01,Live,2.0,2025-06-09 04:00:00
2000006,Bus Stop,2025-02,Live,1.0,2025-06-09 04:00:00
2000006,Bus Stop,2025-05,Live,1.0,2025-06-09 04:00:00
2000006,Bus Stop,2025-06,Live,1.0,2025-06-09 04:00:00
ATE 0008,Speed,2024-12,Live,1570.0,2026-09-09 04:00:00
ATE 0008,Speed,2025-01,Live,1244.0,2026-09-09 04:00:00
ATE 0008,Speed,2025-02,Live,1484.0,2026-09-09 04:00:00
ATE 0008,Speed,2025-03,Live,1579.0,2026-09-09 04:00:00
ATE 0008,Speed,2025-04,Live,1530.0,2026-09-09 04:00:00
ATE 0008,Speed,2025-05,Live,1462.0,2026-09-09 04:00:00
ATE 0008,Speed,2025-06,Live,1438.0,2026-09-09 04:00:00
ATE 0008,Speed,2025-07,Live,1461.0,2026-09-09 04:00:00
ATE 0008,Speed,2025-08,Live,1252.0,2026-09-09 04:00:00
ATE 0008,Speed,2025-09,Live,989.0,2026-09-09 04:00:00
ATE 0008,Speed,2025-10,Live,1225.0,2026-09-09 04:00:00
ATE 0008,Speed,2025-11,Live,1071.0,2026-09-09 04:00:00
ATE 0008,Speed,2025-12,Live,1014.0,2026-09-09 04:00:00
ATE 0008,Speed,2026-01,Live,862.0,2026-09-09 04:00:00
ATE 0008,Speed,2026-02,Live,749.0,2026-09-09 04:00:00
ATE 0008,Speed,2026-03,Live,1162.0,2026-09-09 04:00:00
ATE 0008,Speed,2026-04,Live,1132.0,2026-09-09 04:00:00
ATE 0008,Speed,2026-05,Live,1035.0,2026-09-09 04:00:00
ATE 0008,Speed,2026-06,Live,684.0,2026-09-09 04:00:00
ATE 0008,Speed,2026-07,Live,862.0,2026-09-09 04:00:00
ATE 0008,Speed,2026-08,Live,1187.0,2026-09-09 04:00:00
ATE 0008,Speed,2026-09,Live,405.0,2026-09-09 04:00:00
ATE 0012,Speed,2024-12,Live,356.0,2026-09-10 04:00:00
ATE 0012,Speed,2025-01,Live,260.0,2026-09-10 04:00:00
ATE 0012,Speed,2025-02,Live,229.0,2026-09-10 04:00:00
ATE 0012,Speed,2025-03,Live,325.0,2026-09-10 04:00:00
ATE 0012,Speed,2025-04,Live,278.0,2026-09-10 04:00:00
ATE 0012,Speed,2025-05,Live,289.0,2026-09-10 04:00:00
ATE 0012,Speed,2025-06,Live,288.0,2026-09-10 04:00:00
ATE 0012,Speed,2025-07,Live,326.0,2026-09-10 04:00:00
ATE 0012,Speed,2025-08,Live,240.0,2026-09-10 04:00:00
ATE 0012,Speed,2025-09,Live,226.0,2026-09-10 04:00:00
ATE 0012,Speed,2025-10,Live,211.0,2026-09-10 04:00:00
ATE 0012,Speed,2025-11,Live,231.0,2026-09-10 04:00:00
ATE 0012,Speed,2025-12,Live,250.0,2026-09-10 04:00:00
ATE 0012,Speed,2026-01,Live,185.0,2026-09-10 04:00:00
ATE 0012,Speed,2026-02,Live,183.0,2026-09-10 04:00:00
ATE 0012,Speed,2026-03,Live,244.0,2026-09-10 04:00:00
ATE 0012,Speed,2026-04,Live,193.0,2026-09-10 04:00:00
ATE 0012,Speed,2026-05,Live,192.0,2026-09-10 04:00:00
ATE 0012,Speed,2026-06,Live,125.0,2026-09-10 04:00:00
ATE 0012,Speed,2026-07,Live,151.0,2026-09-10 04:00:00
ATE 0012,Speed,2026-08,Live,165.0,2026-09-10 04:00:00
ATE 0012,Speed,2026-09,Live,55.0,2026-09-10 04:00:00
ATE 0021,Speed,2024-12,Live,139.0,2025-08-01 04:00:00
ATE 0021,Speed,2025-01,Live,87.0,2025-08-01 04:00:00
ATE 0021,Speed,2025-02,Live,68.0,2025-08-01 04:00:00
ATE 0021,Speed,2025-03,Live,106.0,2025-08-01 04:00:00
ATE 0021,Speed,2025-04,Live,74.0,2025-08-01 04:00:00
ATE 0021,Speed,2025-05,Live,42.0,2025-08-01 04:00:00
ATE 0021,Speed,2025-06,Live,30.0,2025-08-01 04:00:00
ATE 0021,Speed,2025-07,Live,58.0,2025-08-01 04:00:00
ATE 0021,Speed,2025-08,Live,3.0,2025-08-01 04:00:00
ATE 0022,Speed,2024-12,Live,2670.0,2026-09-10 04:00:00
ATE 0022,Speed,2025-01,Live,1419.0,2026-09-10 04:00:00
ATE 0022,Speed,2025-02,Live,1918.0,2026-09-10 04:00:00
ATE 0022,Speed,2025-03,Live,1958.0,2026-09-10 04:00:00
ATE 0022,Speed,2025-04,Live,1862.0,2026-09-10 04:00:00
ATE 0022,Speed,2025-05,Live,1847.0,2026-09-10 04:00:00
ATE 0022,Speed,2025-06,Live,1922.0,2026-09-10 04:00:00
ATE 0022,Speed,2025-07,Live,1998.0,2026-09-10 04:00:00
ATE 0022,Speed,2025-08,Live,1655.0,2026-09-10 04:00:00
ATE 0022,Speed,2025-09,Live,1657.0,2026-09-10 04:00:00
ATE 0022,Speed,2025-10,Live,1521.0,2026-09-10 04:00:00
ATE 0022,Speed,2025-11,Live,1496.0,2026-09-10 04:00:00
ATE 0022,Speed,2025-12,Live,1713.0,2026-09-10 04:00:00
ATE 0022,Speed,2026-01,Live,1349.0,2026-09-10 04:00:00
ATE 0022,Speed,2026-02,Live,1300.0,2026-09-10 04:00:00
ATE 0022,Speed,2026-03,Live,1395.0,2026-09-10 04:00:00
ATE 0022,Speed,2026-04,Live,808.0,2026-09-10 04:00:00
ATE 0022,Speed,2026-05,Live,1173.0,2026-09-10 04:00:00
ATE 0022,Speed,2026-06,Live,953.0,2026-09-10 04:00:00
ATE 0022,Speed,2026-07,Live,831.0,2026-09-10 04:00:00
ATE 0022,Speed,2026-08,Live,880.0,2026-09-10 04:00:00
ATE 0022,Speed,2026-09,Live,328.0,2026-09-10 04:00:00
ATE 0026,Speed,2024-12,Live,226.0,2025-12-20 05:00:00
ATE 0026,Speed,2025-01,Live,237.0,2025-12-20 05:00:00
ATE 0026,Speed,2025-02,Live,249.0,2025-12-20 05:00:00
ATE 0026,Speed,2025-03,Live,277.0,2025-12-20 05:00:00
ATE 0026,Speed,2025-04,Live,229.0,2025-12-20 05:00:00
ATE 0026,Speed,2025-05,Live,187.0,2025-12-20 05:00:00
ATE 0026,Speed,2025-07,Live,31.0,2025-12-20 05:00:00
ATE 0026,Speed,2025-08,Live,62.0,2025-12-20 05:00:00
ATE 0026,Speed,2025-09,Live,35.0,2025-12-20 05:00:00
ATE 0026,Speed,2025-10,Live,46.0,2025-12-20 05:00:00
ATE 0026,Speed,2025-11,Live,45.0,2025-12-20 05:00:00
ATE 0026,Speed,2025-12,Idle,15.0,2026-02-08 05:00:00
ATE 0026,Speed,2025-12,Live,25.0,2025-12-20 05:00:00
ATE 0026,Speed,2026-01,Idle,37.0,2026-02-08 05:00:00
ATE 0026,Speed,2026-02,Idle,12.0,2026-02-08 05:00:00
ATE 0034,Red Light,2024-12,Live,702.0,2026-09-03 04:00:00
ATE 0034,Red Light,2025-01,Live,475.0,2026-09-03 04:00:00
ATE 0034,Red Light,2025-02,Live,425.0,2026-09-03 04:00:00
ATE 0034,Red Light,2025-03,Live,700.0,2026-09-03 04:00:00
ATE 0034,Red Light,2025-04,Live,690.0,2026-09-03 04:00:00
ATE 0034,Red Light,2025-05,Live,757.0,2026-09-03 04:00:00
ATE 0034,Red Light,2025-06,Live,586.0,2026-09-03 04:00:00
ATE 0034,Red Light,2025-07,Live,596.0,2026-09-03 04:00:00
ATE 0034,Red Light,2025-08,Live,521.0,2026-09-03 04:00:00
ATE 0034,Red Light,2025-09,Live,513.0,2026-09-03 04:00:00
ATE 0034,Red Light,2025-10,Live,630.0,2026-09-03 04:00:00
ATE 0034,Red Light,2025-11,Live,411.0,2026-09-03 04:00:00
ATE 0034,Red Light,2025-12,Live,465.0,2026-09-03 04:00:00
ATE 0034,Red Light,2026-01,Live,367.0,2026-09-03 04:00:00
ATE 0034,Red Light,2026-02,Live,455.0,2026-09-03 04:00:00
ATE 0034,Red Light,2026-03,Live,578.0,2026-09-03 04:00:00
ATE 0034,Red Light,2026-04,Live,615.0,2026-09-03 04:00:00
ATE 0034,Red Light,2026-05,Live,544.0,2026-09-03 04:00:00
ATE 0034,Red Light,2026-06,Live,507.0,2026-09-03 04:00:00
ATE 0034,Red Light,2026-07,Live,611.0,2026-09-03 04:00:00
ATE 0034,Red Light,2026-08,Live,449.0,2026-09-03 04:00:00
ATE 0034,Red Light,2026-09,Live,57.0,2026-09-03 04:00:00
ATE 0035,Stop Sign,2024-12,Live,501.0,2026-09-07 04:00:00
ATE 0035,Stop Sign,2025-01,Live,538.0,2026-09-07 04:00:00
ATE 0035,Stop Sign,2025-02,Live,583.0,2026-09-07 04:00:00
ATE 0035,Stop Sign,2025-03,Live,677.0,2026-09-07 04:00:00
ATE 0035,Stop Sign,2025-04,Live,581.0,2026-09-07 04:00:00
ATE 0035,Stop Sign,2025-05,Live,651.0,2026-09-07 04:00:00
ATE 0035,Stop Sign,2025-06,Live,706.0,2026-09-07 04:00:00
ATE 0035,Stop Sign,2025-07,Live,819.0,2026-09-07 04:00:00
ATE 0035,Stop Sign,2025-08,Live,704.0,2026-09-07 04:00:00
ATE 0035,Stop Sign,2025-09,Live,537.0,2026-09-07 04:00:00
ATE 0035,Stop Sign,2025-10,Live,597.0,2026-09-07 04:00:00
ATE 0035,Stop Sign,2025-11,Live,533.0,2026-09-07 04:00:00
ATE 0035,Stop Sign,2025-12,Live,559.0,2026-09-07 04:00:00
ATE 0035,Stop Sign,2026-01,Live,573.0,2026-09-07 04:00:00
ATE 0035,Stop Sign,2026-02,Live,619.0,2026-09-07 04:00:00
ATE 0035,Stop Sign,2026-03,Live,472.0,2026-09-07 04:00:00
ATE 0035,Stop Sign,2026-04,Live,504.0,2026-09-07 04:00:00
ATE 0035,Stop Sign,2026-05,Live,575.0,2026-09-07 04:00:00
ATE 0035,Stop Sign,2026-06,Live,516.0,2026-09-07 04:00:00
ATE 0035,Stop Sign,2026-07,Live,545.0,2026-09-07 04:00:00
ATE 0035,Stop Sign,2026-08,Live,476.0,2026-09-07 04:00:00
ATE 0035,Stop Sign,2026-09,Live,100.0,2026-09-07 04:00:00
ATE 0037,Speed,2024-12,Live,393.0,2026-09-10 04:00:00
ATE 0037,Speed,2025-01,Live,266.0,2026-09-10 04:00:00
ATE 0037,Speed,2025-02,Live,233.0,2026-09-10 04:00:00
ATE 0037,Speed,2025-03,Live,391.0,2026-09-10 04:00:00
ATE 0037,Speed,2025-04,Live,323.0,2026-09-10 04:00:00
ATE 0037,Speed,2025-05,Live,381.0,2026-09-10 04:00:00
ATE 0037,Speed,2025-06,Live,425.0,2026-09-10 04:00:00
ATE 0037,Speed,2025-07,Live,363.0,2026-09-10 04:00:00
ATE 0037,Speed,2025-08,Live,284.0,2026-09-10 04:00:00
ATE 0037,Speed,2025-09,Live,283.0,2026-09-10 04:00:00
ATE 0037,Speed,2025-10,Live,343.0,2026-09-10 04:00:00
ATE 0037,Speed,2025-11,Live,310.0,2026-09-10 04:00:00
ATE 0037,Speed,2025-12,Live,428.0,2026-09-10 04:00:00
ATE 0037,Speed,2026-01,Live,304.0,2026-09-10 04:00:00
ATE 0037,Speed,2026-02,Live,225.0,2026-09-10 04:00:00
ATE 0037,Speed,2026-03,Live,304.0,2026-09-10 04:00:00
ATE 0037,Speed,2026-04,Live,274.0,2026-09-10 04:00:00
ATE 0037,Speed,2026-05,Live,178.0,2026-09-10 04:00:00
ATE 0037,Speed,2026-06,Live,210.0,2026-09-10 04:00:00
ATE 0037,Speed,2026-07,Live,231.0,2026-09-10 04:00:00
ATE 0037,Speed,2026-08,Live,351.0,2026-09-10 04:00:00
ATE 0037,Speed,2026-09,Live,126.0,2026-09-10 04:00:00
ATE 0038,Speed,2024-12,Live,686.0,2026-09-02 04:00:00
ATE 0038,Speed,2025-01,Live,646.0,2026-09-02 04:00:00
ATE 0038,Speed,2025-02,Live,579.0,2026-09-02 04:00:00
ATE 0038,Speed,2025-03,Live,837.0,2026-09-02 04:00:00
ATE 0038,Speed,2025-04,Live,618.0,2026-09-02 04:00:00
ATE 0038,Speed,2025-05,Live,641.0,2026-09-02 04:00:00
ATE 0038,Speed,2025-06,Live,712.0,2026-09-02 04:00:00
ATE 0038,Speed,2025-07,Live,735.0,2026-09-02 04:00:00
ATE 0038,Speed,2025-08,Live,633.0,2026-09-02 04:00:00
ATE 0038,Speed,2025-09,Live,538.0,2026-09-02 04:00:00
ATE 0038,Speed,2025-10,Live,472.0,2026-09-02 04:00:00
ATE 0038,Speed,2025-11,Live,513.0,2026-09-02 04:00:00
ATE 0038,Speed,2025-12,Live,641.0,2026-09-02 04:00:00
ATE 0038,Speed,2026-01,Live,497.0,2026-09-02 04:00:00
ATE 0038,Speed,2026-02,Live,386.0,2026-09-02 04:00:00
ATE 0038,Speed,2026-03,Live,669.0,2026-09-02 04:00:00
ATE 0038,Speed,2026-04,Live,622.0,2026-09-02 04:00:00
ATE 0038,Speed,2026-05,Live,585.0,2026-09-02 04:00:00
ATE 0038,Speed,2026-06,Live,409.0,2026-09-02 04:00:00
ATE 0038,Speed,2026-07,Live,343.0,2026-09-02 04:00:00
ATE 0038,Speed,2026-08,Live,619.0,2026-09-02 04:00:00
ATE 0038,Speed,2026-09,Live,34.0,2026-09-02 04:00:00
ATE 0040,Speed,2024-12,Live,314.0,2026-09-09 04:00:00
ATE 0040,Speed,2025-01,Live,324.0,2026-09-09 04:00:00
ATE 0040,Speed,2025-02,Live,616.0,2026-09-09 04:00:00
ATE 0040,Speed,2025-03,Live,588.0,2026-09-09 04:00:00
ATE 0040,Speed,2025-04,Live,583.0,2026-09-09 04:00:00
ATE 0040,Speed,2025-05,Live,565.0,2026-09-09 04:00:00
ATE 0040,Speed,2025-06,Live,610.0,2026-09-09 04:00:00
ATE 0040,Speed,2025-07,Live,584.0,2026-09-09 04:00:00
ATE 0040,Speed,2025-08,Live,496.0,2026-09-09 04:00:00
ATE 0040,Speed,2025-09,Live,397.0,2026-09-09 04:00:00
ATE 0040,Speed,2025-10,Live,491.0,2026-09-09 04:00:00
ATE 0040,Speed,2025-11,Live,432.0,2026-09-09 04:00:00
ATE 0040,Speed,2025-12,Live,434.0,2026-09-09 04:00:00
ATE 0040,Speed,2026-01,Live,369.0,2026-09-09 04:00:00
ATE 0040,Speed,2026-02,Live,316.0,2026-09-09 04:00:00
ATE 0040,Speed,2026-03,Live,460.0,2026-09-09 04:00:00
ATE 0040,Speed,2026-04,Live,458.0,2026-09-09 04:00:00
ATE 0040,Speed,2026-05,Live,458.0,2026-09-09 04:00:00
ATE 0040,Speed,2026-06,Live,382.0,2026-09-09 04:00:00
ATE 0040,Speed,2026-07,Live,442.0,2026-09-09 04:00:00
ATE 0040,Speed,2026-08,Live,487.0,2026-09-09 04:00:00
ATE 0040,Speed,2026-09,Live,192.0,2026-09-09 04:00:00
ATE 0042,Speed,2024-12,Live,346.0,2026-09-02 04:00:00
ATE 0042,Speed,2025-01,Live,282.0,2026-09-02 04:00:00
ATE 0042,Speed,2025-02,Live,311.0,2026-09-02 04:00:00
ATE 0042,Speed,2025-03,Live,325.0,2026-09-02 04:00:00
ATE 0042,Speed,2025-04,Live,313.0,2026-09-02 04:00:00
ATE 0042,Speed,2025-05,Live,290.0,2026-09-02 04:00:00
ATE 0042,Speed,2025-06,Live,282.0,2026-09-02 04:00:00
ATE 0042,Speed,2025-07,Live,227.0,2026-09-02 04:00:00
ATE 0042,Speed,2025-08,Live,235.0,2026-09-02 04:00:00
ATE 0042,Speed,2025-09,Live,189.0,2026-09-02 04:00:00
ATE 0042,Speed,2025-10,Live,175.0,2026-09-02 04:00:00
ATE 0042,Speed,2025-11,Live,225.0,2026-09-02 04:00:00
ATE 0042,Speed,2025-12,Live,214.0,2026-09-02 04:00:00
ATE 0042,Speed,2026-01,Live,205.0,2026-09-02 04:00:00
ATE 0042,Speed,2026-02,Live,156.0,2026-09-02 04:00:00
ATE 0042,Speed,2026-03,Live,170.0,2026-09-02 04:00:00
ATE 0042,Speed,2026-04,Live,197.0,2026-09-02 04:00:00
ATE 0042,Speed,2026-05,Live,169.0,2026-09-02 04:00:00
ATE 0042,Speed,2026-06,Live,116.0,2026-09-02 04:00:00
ATE 0042,Speed,2026-07,Live,126.0,2026-09-02 04:00:00
ATE 0042,Speed,2026-08,Live,137.0,2026-09-02 04:00:00
ATE 0042,Speed,2026-09,Live,6.0,2026-09-02 04:00:00
ATE 0043,Speed,2024-12,Live,239.0,2025-02-26 05:00:00
ATE 0043,Speed,2025-01,Live,171.0,2025-02-26 05:00:00
ATE 0043,Speed,2025-02,Live,176.0,2025-02-26 05:00:00
ATE 0043,Speed,2025-02,Idle,4.0,2025-03-10 04:00:00
ATE 0043,Speed,2025-03,Idle,48.0,2025-03-10 04:00:00
ATE 0044,Speed,2024-12,Live,277.0,2026-09-03 04:00:00
ATE 0044,Speed,2025-01,Live,196.0,2026-09-03 04:00:00
ATE 0044,Speed,2025-02,Live,160.0,2026-09-03 04:00:00
ATE 0044,Speed,2025-03,Live,762.0,2026-09-03 04:00:00
ATE 0044,Speed,2025-04,Live,2034.0,2026-09-03 04:00:00
ATE 0044,Speed,2025-05,Live,2009.0,2026-09-03 04:00:00
ATE 0044,Speed,2025-06,Live,1861.0,2026-09-03 04:00:00
ATE 0044,Speed,2025-07,Live,1792.0,2026-09-03 04:00:00
ATE 0044,Speed,2025-08,Live,1519.0,2026-09-03 04:00:00
ATE 0044,Speed,2025-09,Live,1291.0,2026-09-03 04:00:00
ATE 0044,Speed,2025-10,Live,1411.0,2026-09-03 04:00:00
ATE 0044,Speed,2025-11,Live,1306.0,2026-09-03 04:00:00
ATE 0044,Speed,2025-12,Live,1163.0,2026-09-03 04:00:00
ATE 0044,Speed,2026-01,Live,851.0,2026-09-03 04:00:00
ATE 0044,Speed,2026-02,Live,740.0,2026-09-03 04:00:00
ATE 0044,Speed,2026-03,Live,961.0,2026-09-03 04:00:00
ATE 0044,Speed,2026-04,Live,1125.0,2026-09-03 04:00:00
ATE 0044,Speed,2026-05,Live,1006.0,2026-09-03 04:00:00
ATE 0044,Speed,2026-06,Live,546.0,2026-09-03 04:00:00
ATE 0044,Speed,2026-07,Live,444.0,2026-09-03 04:00:00
ATE 0044,Speed,2026-08,Live,710.0,2026-09-03 04:00:00
ATE 0044,Speed,2026-09,Live,39.0,2026-09-03 04:00:00
ATE 0045,Speed,2024-12,Live,437.0,2026-09-02 04:00:00
ATE 0045,Speed,2025-01,Live,289.0,2026-09-02 04:00:00
ATE 0045,Speed,2025-02,Live,291.0,2026-09-02 04:00:00
ATE 0045,Speed,2025-03,Live,1143.0,2026-09-02 04:00:00
ATE 0045,Speed,2025-04,Live,2504.0,2026-09-02 04:00:00
ATE 0045,Speed,2025-05,Live,2425.0,2026-09-02 04:00:00
ATE 0045,Speed,2025-06,Live,2170.0,2026-09-02 04:00:00
ATE 0045,Speed,2025-07,Live,2089.0,2026-09-02 04:00:00
ATE 0045,Speed,2025-08,Live,1766.0,2026-09-02 04:00:00
ATE 0045,Speed,2025-09,Live,1591.0,2026-09-02 04:00:00
ATE 0045,Speed,2025-10,Live,1537.0,2026-09-02 04:00:00
ATE 0045,Speed,2025-11,Live,1401.0,2026-09-02 04:00:00
ATE 0045,Speed,2025-12,Live,1215.0,2026-09-02 04:00:00
ATE 0045,Speed,2026-01,Live,1083.0,2026-09-02 04:00:00
ATE 0045,Speed,2026-02,Live,989.0,2026-09-02 04:00:00
ATE 0045,Speed,2026-03,Live,1260.0,2026-09-02 04:00:00
ATE 0045,Speed,2026-04,Live,1299.0,2026-09-02 04:00:00
ATE 0045,Speed,2026-05,Live,816.0,2026-09-02 04:00:00
ATE 0045,Speed,2026-06,Live,708.0,2026-09-02 04:00:00
ATE 0045,Speed,2026-07,Live,624.0,2026-09-02 04:00:00
ATE 0045,Speed,2026-08,Live,719.0,2026-09-02 04:00:00
ATE 0045,Speed,2026-09,Live,40.0,2026-09-02 04:00:00
ATE 0048,Stop Sign,2024-12,Live,1150.0,2026-08-06 04:00:00
ATE 0048,Stop Sign,2025-01,Live,1078.0,2026-08-06 04:00:00
ATE 0048,Stop Sign,2025-02,Live,1043.0,2026-08-06 04:00:00
ATE 0048,Stop Sign,2025-03,Live,1450.0,2026-08-06 04:00:00
ATE 0048,Stop Sign,2025-04,Live,1437.0,2026-08-06 04:00:00
ATE 0048,Stop Sign,2025-05,Live,1285.0,2026-08-06 04:00:00
ATE 0048,Stop Sign,2025-06,Live,1215.0,2026-08-06 04:00:00
ATE 0048,Stop Sign,2025-07,Live,1319.0,2026-08-06 04:00:00
ATE 0048,Stop Sign,2025-08,Live,1208.0,2026-08-06 04:00:00
ATE 0048,Stop Sign,2025-09,Live,1100.0,2026-08-06 04:00:00
ATE 0048,Stop Sign,2025-10,Live,1262.0,2026-08-06 04:00:00
ATE 0048,Stop Sign,2025-11,Live,909.0,2026-08-06 04:00:00
ATE 0048,Stop Sign,2025-12,Live,1200.0,2026-08-06 04:00:00
ATE 0048,Stop Sign,2026-01,Live,957.0,2026-08-06 04:00:00
ATE 0048,Stop Sign,2026-02,Live,1137.0,2026-08-06 04:00:00
ATE 0048,Stop Sign,2026-03,Live,1040.0,2026-08-06 04:00:00
ATE 0048,Stop Sign,2026-04,Live,1005.0,2026-08-06 04:00:00
ATE 0048,Stop Sign,2026-05,Live,1106.0,2026-08-06 04:00:00
ATE 0048,Stop Sign,2026-06,Live,1031.0,2026-08-06 04:00:00
ATE 0048,Stop Sign,2026-07,Live,739.0,2026-08-06 04:00:00
ATE 0048,Stop Sign,2026-08,Live,68.0,2026-08-06 04:00:00
ATE 0048,Stop Sign,2026-08,Idle,317.0,2026-08-20 04:00:00
ATE 0049,Stop Sign,2024-12,Live,791.0,2026-09-07 04:00:00
ATE 0049,Stop Sign,2025-01,Live,950.0,2026-09-07 04:00:00
ATE 0049,Stop Sign,2025-02,Live,902.0,2026-09-07 04:00:00
ATE 0049,Stop Sign,2025-03,Live,1110.0,2026-09-07 04:00:00
ATE 0049,Stop Sign,2025-04,Live,1093.0,2026-09-07 04:00:00
ATE 0049,Stop Sign,2025-05,Live,854.0,2026-09-07 04:00:00
ATE 0049,Stop Sign,2025-06,Live,710.0,2026-09-07 04:00:00
ATE 0049,Stop Sign,2025-07,Live,622.0,2026-09-07 04:00:00
ATE 0049,Stop Sign,2025-08,Live,510.0,2026-09-07 04:00:00
ATE 0049,Stop Sign,2025-09,Live,619.0,2026-09-07 04:00:00
ATE 0049,Stop Sign,2025-10,Live,781.0,2026-09-07 04:00:00
ATE 0049,Stop Sign,2025-11,Live,516.0,2026-09-07 04:00:00
ATE 0049,Stop Sign,2025-12,Live,587.0,2026-09-07 04:00:00
ATE 0049,Stop Sign,2026-01,Live,557.0,2026-09-07 04:00:00
ATE 0049,Stop Sign,2026-02,Live,701.0,2026-09-07 04:00:00
ATE 0049,Stop Sign,2026-03,Live,643.0,2026-09-07 04:00:00
ATE 0049,Stop Sign,2026-04,Live,698.0,2026-09-07 04:00:00
ATE 0049,Stop Sign,2026-05,Live,791.0,2026-09-07 04:00:00
ATE 0049,Stop Sign,2026-06,Live,845.0,2026-09-07 04:00:00
ATE 0049,Stop Sign,2026-07,Live,919.0,2026-09-07 04:00:00
ATE 0049,Stop Sign,2026-08,Live,852.0,2026-09-07 04:00:00
ATE 0049,Stop Sign,2026-09,Live,180.0,2026-09-07 04:00:00
ATE 0050,Stop Sign,2024-12,Live,661.0,2026-09-07 04:00:00
ATE 0050,Stop Sign,2025-01,Live,795.0,2026-09-07 04:00:00
ATE 0050,Stop Sign,2025-02,Live,738.0,2026-09-07 04:00:00
ATE 0050,Stop Sign,2025-03,Live,1400.0,2026-09-07 04:00:00
ATE 0050,Stop Sign,2025-04,Live,1331.0,2026-09-07 04:00:00
ATE 0050,Stop Sign,2025-05,Live,1200.0,2026-09-07 04:00:00
ATE 0050,Stop Sign,2025-06,Live,958.0,2026-09-07 04:00:00
ATE 0050,Stop Sign,2025-07,Live,1097.0,2026-09-07 04:00:00
ATE 0050,Stop Sign,2025-08,Live,773.0,2026-09-07 04:00:00
ATE 0050,Stop Sign,2025-09,Live,772.0,2026-09-07 04:00:00
ATE 0050,Stop Sign,2025-10,Live,747.0,2026-09-07 04:00:00
ATE 0050,Stop Sign,2025-11,Live,760.0,2026-09-07 04:00:00
ATE 0050,Stop Sign,2025-12,Live,880.0,2026-09-07 04:00:00
ATE 0050,Stop Sign,2026-01,Live,901.0,2026-09-07 04:00:00
ATE 0050,Stop Sign,2026-02,Live,975.0,2026-09-07 04:00:00
ATE 0050,Stop Sign,2026-03,Live,731.0,2026-09-07 04:00:00
ATE 0050,Stop Sign,2026-04,Live,650.0,2026-09-07 04:00:00
ATE 0050,Stop Sign,2026-05,Live,720.0,2026-09-07 04:00:00
ATE 0050,Stop Sign,2026-06,Live,695.0,2026-09-07 04:00:00
ATE 0050,Stop Sign,2026-07,Live,694.0,2026-09-07 04:00:00
ATE 0050,Stop Sign,2026-08,Live,689.0,2026-09-07 04:00:00
ATE 0050,Stop Sign,2026-09,Live,134.0,2026-09-07 04:00:00
ATE 0052,Stop Sign,2024-12,Live,246.0,2026-09-07 04:00:00
ATE 0052,Stop Sign,2025-01,Live,332.0,2026-09-07 04:00:00
ATE 0052,Stop Sign,2025-02,Live,290.0,2026-09-07 04:00:00
ATE 0052,Stop Sign,2025-03,Live,349.0,2026-09-07 04:00:00
ATE 0052,Stop Sign,2025-04,Live,335.0,2026-09-07 04:00:00
ATE 0052,Stop Sign,2025-05,Live,341.0,2026-09-07 04:00:00
ATE 0052,Stop Sign,2025-06,Live,307.0,2026-09-07 04:00:00
ATE 0052,Stop Sign,2025-07,Live,329.0,2026-09-07 04:00:00
ATE 0052,Stop Sign,2025-08,Live,270.0,2026-09-07 04:00:00
ATE 0052,Stop Sign,2025-09,Live,250.0,2026-09-07 04:00:00
ATE 0052,Stop Sign,2025-10,Live,343.0,2026-09-07 04:00:00
ATE 0052,Stop Sign,2025-11,Live,319.0,2026-09-07 04:00:00
ATE 0052,Stop Sign,2025-12,Live,326.0,2026-09-07 04:00:00
ATE 0052,Stop Sign,2026-01,Live,312.0,2026-09-07 04:00:00
ATE 0052,Stop Sign,2026-02,Live,437.0,2026-09-07 04:00:00
ATE 0052,Stop Sign,2026-03,Live,218.0,2026-09-07 04:00:00
ATE 0052,Stop Sign,2026-04,Live,238.0,2026-09-07 04:00:00
ATE 0052,Stop Sign,2026-05,Live,203.0,2026-09-07 04:00:00
ATE 0052,Stop Sign,2026-06,Live,195.0,2026-09-07 04:00:00
ATE 0052,Stop Sign,2026-07,Live,215.0,2026-09-07 04:00:00
ATE 0052,Stop Sign,2026-08,Live,268.0,2026-09-07 04:00:00
ATE 0052,Stop Sign,2026-09,Live,58.0,2026-09-07 04:00:00
ATE 0053,Stop Sign,2024-12,Live,789.0,2026-09-07 04:00:00
ATE 0053,Stop Sign,2025-01,Live,1033.0,2026-09-07 04:00:00
ATE 0053,Stop Sign,2025-02,Live,897.0,2026-09-07 04:00:00
ATE 0053,Stop Sign,2025-03,Live,1570.0,2026-09-07 04:00:00
ATE 0053,Stop Sign,2025-04,Live,1556.0,2026-09-07 04:00:00
ATE 0053,Stop Sign,2025-05,Live,1767.0,2026-09-07 04:00:00
ATE 0053,Stop Sign,2025-06,Live,1481.0,2026-09-07 04:00:00
ATE 0053,Stop Sign,2025-07,Live,1514.0,2026-09-07 04:00:00
ATE 0053,Stop Sign,2025-08,Live,1303.0,2026-09-07 04:00:00
ATE 0053,Stop Sign,2025-09,Live,1234.0,2026-09-07 04:00:00
ATE 0053,Stop Sign,2025-10,Live,1211.0,2026-09-07 04:00:00
ATE 0053,Stop Sign,2025-11,Live,1036.0,2026-09-07 04:00:00
ATE 0053,Stop Sign,2025-12,Live,1156.0,2026-09-07 04:00:00
ATE 0053,Stop Sign,2026-01,Live,1128.0,2026-09-07 04:00:00
ATE 0053,Stop Sign,2026-02,Live,1090.0,2026-09-07 04:00:00
ATE 0053,Stop Sign,2026-03,Live,1028.0,2026-09-07 04:00:00
ATE 0053,Stop Sign,2026-04,Live,947.0,2026-09-07 04:00:00
ATE 0053,Stop Sign,2026-05,Live,1130.0,2026-09-07 04:00:00
ATE 0053,Stop Sign,2026-06,Live,1167.0,2026-09-07 04:00:00
ATE 0053,Stop Sign,2026-07,Live,1130.0,2026-09-07 04:00:00
ATE 0053,Stop Sign,2026-08,Live,957.0,2026-09-07 04:00:00
ATE 0053,Stop Sign,2026-09,Live,112.0,2026-09-07 04:00:00
ATE 0054,Speed,2024-12,Live,5649.0,2026-09-09 04:00:00
ATE 0054,Speed,2025-01,Live,4173.0,2026-09-09 04:00:00
ATE 0054,Speed,2025-02,Live,3940.0,2026-09-09 04:00:00
ATE 0054,Speed,2025-03,Live,4371.0,2026-09-09 04:00:00
ATE 0054,Speed,2025-04,Live,4639.0,2026-09-09 04:00:00
ATE 0054,Speed,2025-05,Live,4648.0,2026-09-09 04:00:00
ATE 0054,Speed,2025-06,Live,4306.0,2026-09-09 04:00:00
ATE 0054,Speed,2025-07,Live,3639.0,2026-09-09 04:00:00
ATE 0054,Speed,2025-08,Live,3686.0,2026-09-09 04:00:00
ATE 0054,Speed,2025-09,Live,3115.0,2026-09-09 04:00:00
ATE 0054,Speed,2025-10,Live,3037.0,2026-09-09 04:00:00
ATE 0054,Speed,2025-11,Live,1081.0,2026-09-09 04:00:00
ATE 0054,Speed,2025-12,Live,2853.0,2026-09-09 04:00:00
ATE 0054,Speed,2026-01,Live,2091.0,2026-09-09 04:00:00
ATE 0054,Speed,2026-02,Live,2406.0,2026-09-09 04:00:00
ATE 0054,Speed,2026-03,Live,2749.0,2026-09-09 04:00:00
ATE 0054,Speed,2026-04,Live,2372.0,2026-09-09 04:00:00
ATE 0054,Speed,2026-05,Live,1728.0,2026-09-09 04:00:00
ATE 0054,Speed,2026-06,Live,2003.0,2026-09-09 04:00:00
ATE 0054,Speed,2026-07,Live,2306.0,2026-09-09 04:00:00
ATE 0054,Speed,2026-08,Live,2640.0,2026-09-09 04:00:00
ATE 0054,Speed,2026-09,Live,912.0,2026-09-09 04:00:00
ATE 0057,Speed,2024-12,Live,4312.0,2026-09-10 04:00:00
ATE 0057,Speed,2025-01,Live,2916.0,2026-09-10 04:00:00
ATE 0057,Speed,2025-02,Live,3405.0,2026-09-10 04:00:00
ATE 0057,Speed,2025-03,Live,4242.0,2026-09-10 04:00:00
ATE 0057,Speed,2025-04,Live,4178.0,2026-09-10 04:00:00
ATE 0057,Speed,2025-05,Live,4240.0,2026-09-10 04:00:00
ATE 0057,Speed,2025-06,Live,3909.0,2026-09-10 04:00:00
ATE 0057,Speed,2025-07,Live,3092.0,2026-09-10 04:00:00
ATE 0057,Speed,2025-08,Live,3786.0,2026-09-10 04:00:00
ATE 0057,Speed,2025-09,Live,3191.0,2026-09-10 04:00:00
ATE 0057,Speed,2025-10,Live,2772.0,2026-09-10 04:00:00
ATE 0057,Speed,2025-11,Live,2046.0,2026-09-10 04:00:00
ATE 0057,Speed,2025-12,Live,2081.0,2026-09-10 04:00:00
ATE 0057,Speed,2026-01,Live,1782.0,2026-09-10 04:00:00
ATE 0057,Speed,2026-02,Live,1510.0,2026-09-10 04:00:00
ATE 0057,Speed,2026-03,Live,2441.0,2026-09-10 04:00:00
ATE 0057,Speed,2026-08,Live,1262.0,2026-09-10 04:00:00
ATE 0057,Speed,2026-09,Live,492.0,2026-09-10 04:00:00
ATE 0058,Speed,2024-12,Live,58.0,2025-10-22 04:00:00
ATE 0058,Speed,2025-01,Live,55.0,2025-10-22 04:00:00
ATE 0058,Speed,2025-02,Live,96.0,2025-10-22 04:00:00
ATE 0058,Speed,2025-03,Live,84.0,2025-10-22 04:00:00
ATE 0058,Speed,2025-04,Live,62.0,2025-10-22 04:00:00
ATE 0058,Speed,2025-05,Live,60.0,2025-10-22 04:00:00
ATE 0058,Speed,2025-06,Live,62.0,2025-10-22 04:00:00
ATE 0058,Speed,2025-07,Live,77.0,2025-10-22 04:00:00
ATE 0058,Speed,2025-08,Live,39.0,2025-10-22 04:00:00
ATE 0058,Speed,2025-09,Live,31.0,2025-10-22 04:00:00
ATE 0058,Speed,2025-10,Live,18.0,2025-10-22 04:00:00
ATE 0060,Speed,2024-12,Live,5.0,2025-11-30 05:00:00
ATE 0060,Speed,2025-01,Live,642.0,2025-11-30 05:00:00
ATE 0060,Speed,2025-02,Live,560.0,2025-11-30 05:00:00
ATE 0060,Speed,2025-03,Live,453.0,2025-11-30 05:00:00
ATE 0060,Speed,2025-04,Live,395.0,2025-11-30 05:00:00
ATE 0060,Speed,2025-05,Live,597.0,2025-11-30 05:00:00
ATE 0060,Speed,2025-06,Live,463.0,2025-11-30 05:00:00
ATE 0060,Speed,2025-07,Live,432.0,2025-11-30 05:00:00
ATE 0060,Speed,2025-08,Live,402.0,2025-11-30 05:00:00
ATE 0060,Speed,2025-09,Live,74.0,2025-11-30 05:00:00
ATE 0060,Speed,2025-10,Live,75.0,2025-11-30 05:00:00
ATE 0060,Speed,2025-11,Live,100.0,2025-11-30 05:00:00
ATE 0064,Speed,2024-12,Live,1545.0,2026-09-10 04:00:00
ATE 0064,Speed,2025-01,Live,1250.0,2026-09-10 04:00:00
ATE 0064,Speed,2025-02,Live,1116.0,2026-09-10 04:00:00
ATE 0064,Speed,2025-03,Live,1408.0,2026-09-10 04:00:00
ATE 0064,Speed,2025-04,Live,1513.0,2026-09-10 04:00:00
ATE 0064,Speed,2025-05,Live,1896.0,2026-09-10 04:00:00
ATE 0064,Speed,2025-06,Live,1772.0,2026-09-10 04:00:00
ATE 0064,Speed,2025-07,Live,1849.0,2026-09-10 04:00:00
ATE 0064,Speed,2025-08,Live,1943.0,2026-09-10 04:00:00
ATE 0064,Speed,2025-09,Live,1608.0,2026-09-10 04:00:00
ATE 0064,Speed,2025-10,Live,1557.0,2026-09-10 04:00:00
ATE 0064,Speed,2025-11,Live,1259.0,2026-09-10 04:00:00
ATE 0064,Speed,2025-12,Live,1188.0,2026-09-10 04:00:00
ATE 0064,Speed,2026-01,Live,848.0,2026-09-10 04:00:00
ATE 0064,Speed,2026-02,Live,976.0,2026-09-10 04:00:00
ATE 0064,Speed,2026-03,Live,1240.0,2026-09-10 04:00:00
ATE 0064,Speed,2026-04,Live,1459.0,2026-09-10 04:00:00
ATE 0064,Speed,2026-05,Live,1488.0,2026-09-10 04:00:00
ATE 0064,Speed,2026-06,Live,1249.0,2026-09-10 04:00:00
ATE 0064,Speed,2026-07,Live,1393.0,2026-09-10 04:00:00
ATE 0064,Speed,2026-08,Live,1418.0,2026-09-10 04:00:00
ATE 0064,Speed,2026-09,Live,514.0,2026-09-10 04:00:00
ATE 0065,Speed,2024-12,Live,260.0,2026-09-09 04:00:00
ATE 0065,Speed,2025-01,Live,142.0,2026-09-09 04:00:00
ATE 0065,Speed,2025-02,Live,147.0,2026-09-09 04:00:00
ATE 0065,Speed,2025-03,Live,154.0,2026-09-09 04:00:00
ATE 0065,Speed,2025-04,Live,97.0,2026-09-09 04:00:00
ATE 0065,Speed,2025-05,Live,110.0,2026-09-09 04:00:00
ATE 0065,Speed,2025-06,Live,105.0,2026-09-09 04:00:00
ATE 0065,Speed,2025-07,Live,105.0,2026-09-09 04:00:00
ATE 0065,Speed,2025-08,Live,86.0,2026-09-09 04:00:00
ATE 0065,Speed,2025-09,Live,77.0,2026-09-09 04:00:00
ATE 0065,Speed,2025-10,Live,88.0,2026-09-09 04:00:00
ATE 0065,Speed,2025-11,Live,95.0,2026-09-09 04:00:00
ATE 0065,Speed,2025-12,Live,88.0,2026-09-09 04:00:00
ATE 0065,Speed,2026-01,Live,65.0,2026-09-09 04:00:00
ATE 0065,Speed,2026-02,Live,68.0,2026-09-09 04:00:00
ATE 0065,Speed,2026-03,Live,115.0,2026-09-09 04:00:00
ATE 0065,Speed,2026-04,Live,82.0,2026-09-09 04:00:00
ATE 0065,Speed,2026-05,Live,83.0,2026-09-09 04:00:00
ATE 0065,Speed,2026-06,Live,58.0,2026-09-09 04:00:00
ATE 0065,Speed,2026-07,Live,69.0,2026-09-09 04:00:00
ATE 0065,Speed,2026-08,Live,80.0,2026-09-09 04:00:00
ATE 0065,Speed,2026-09,Live,21.0,2026-09-09 04:00:00
ATE 0067,Stop Sign,2024-12,Live,1034.0,2026-09-07 04:00:00
ATE 0067,Stop Sign,2025-01,Live,1502.0,2026-09-07 04:00:00
ATE 0067,Stop Sign,2025-02,Live,1440.0,2026-09-07 04:00:00
ATE 0067,Stop Sign,2025-03,Live,2158.0,2026-09-07 04:00:00
ATE 0067,Stop Sign,2025-04,Live,1986.0,2026-09-07 04:00:00
ATE 0067,Stop Sign,2025-05,Live,2224.0,2026-09-07 04:00:00
ATE 0067,Stop Sign,2025-06,Live,2064.0,2026-09-07 04:00:00
ATE 0067,Stop Sign,2025-07,Live,2245.0,2026-09-07 04:00:00
ATE 0067,Stop Sign,2025-08,Live,1886.0,2026-09-07 04:00:00
ATE 0067,Stop Sign,2025-09,Live,1770.0,2026-09-07 04:00:00
ATE 0067,Stop Sign,2025-10,Live,2058.0,2026-09-07 04:00:00
ATE 0067,Stop Sign,2025-11,Live,1641.0,2026-09-07 04:00:00
ATE 0067,Stop Sign,2025-12,Live,1865.0,2026-09-07 04:00:00
ATE 0067,Stop Sign,2026-01,Live,1597.0,2026-09-07 04:00:00
ATE 0067,Stop Sign,2026-02,Live,1545.0,2026-09-07 04:00:00
ATE 0067,Stop Sign,2026-03,Live,1517.0,2026-09-07 04:00:00
ATE 0067,Stop Sign,2026-04,Live,1488.0,2026-09-07 04:00:00
ATE 0067,Stop Sign,2026-05,Live,1743.0,2026-09-07 04:00:00
ATE 0067,Stop Sign,2026-06,Live,1679.0,2026-09-07 04:00:00
ATE 0067,Stop Sign,2026-07,Live,1604.0,2026-09-07 04:00:00
ATE 0067,Stop Sign,2026-08,Live,1427.0,2026-09-07 04:00:00
ATE 0067,Stop Sign,2026-09,Live,126.0,2026-09-07 04:00:00
ATE 0070,Stop Sign,2024-12,Live,146.0,2026-09-06 04:00:00
ATE 0070,Stop Sign,2025-01,Live,169.0,2026-09-06 04:00:00
ATE 0070,Stop Sign,2025-02,Live,128.0,2026-09-06 04:00:00
ATE 0070,Stop Sign,2025-03,Live,167.0,2026-09-06 04:00:00
ATE 0070,Stop Sign,2025-04,Live,163.0,2026-09-06 04:00:00
ATE 0070,Stop Sign,2025-05,Live,157.0,2026-09-06 04:00:00
ATE 0070,Stop Sign,2025-06,Live,143.0,2026-09-06 04:00:00
ATE 0070,Stop Sign,2025-07,Live,132.0,2026-09-06 04:00:00
ATE 0070,Stop Sign,2025-08,Live,109.0,2026-09-06 04:00:00
ATE 0070,Stop Sign,2025-09,Live,116.0,2026-09-06 04:00:00
ATE 0070,Stop Sign,2025-10,Live,98.0,2026-09-06 04:00:00
ATE 0070,Stop Sign,2025-11,Live,78.0,2026-09-06 04:00:00
ATE 0070,Stop Sign,2025-12,Live,118.0,2026-09-06 04:00:00
ATE 0070,Stop Sign,2026-01,Live,99.0,2026-09-06 04:00:00
ATE 0070,Stop Sign,2026-02,Live,115.0,2026-09-06 04:00:00
ATE 0070,Stop Sign,2026-03,Live,101.0,2026-09-06 04:00:00
ATE 0070,Stop Sign,2026-04,Live,98.0,2026-09-06 04:00:00
ATE 0070,Stop Sign,2026-05,Live,119.0,2026-09-06 04:00:00
ATE 0070,Stop Sign,2026-06,Live,92.0,2026-09-06 04:00:00
ATE 0070,Stop Sign,2026-07,Live,86.0,2026-09-06 04:00:00
ATE 0070,Stop Sign,2026-08,Live,94.0,2026-09-06 04:00:00
ATE 0070,Stop Sign,2026-09,Live,18.0,2026-09-06 04:00:00
ATE 0079,Speed,2024-12,Live,126.0,2026-09-09 04:00:00
ATE 0079,Speed,2025-01,Live,113.0,2026-09-09 04:00:00
ATE 0079,Speed,2025-02,Live,82.0,2026-09-09 04:00:00
ATE 0079,Speed,2025-03,Live,129.0,2026-09-09 04:00:00
ATE 0079,Speed,2025-04,Live,220.0,2026-09-09 04:00:00
ATE 0079,Speed,2025-05,Live,242.0,2026-09-09 04:00:00
ATE 0079,Speed,2025-06,Live,184.0,2026-09-09 04:00:00
ATE 0079,Speed,2025-07,Live,100.0,2026-09-09 04:00:00
ATE 0079,Speed,2025-08,Live,139.0,2026-09-09 04:00:00
ATE 0079,Speed,2025-09,Live,138.0,2026-09-09 04:00:00
ATE 0079,Speed,2025-10,Live,148.0,2026-09-09 04:00:00
ATE 0079,Speed,2025-11,Live,157.0,2026-09-09 04:00:00
ATE 0079,Speed,2025-12,Live,115.0,2026-09-09 04:00:00
ATE 0079,Speed,2026-01,Live,85.0,2026-09-09 04:00:00
ATE 0079,Speed,2026-02,Live,78.0,2026-09-09 04:00:00
ATE 0079,Speed,2026-03,Live,160.0,2026-09-09 04:00:00
ATE 0079,Speed,2026-04,Live,132.0,2026-09-09 04:00:00
ATE 0079,Speed,2026-05,Live,133.0,2026-09-09 04:00:00
ATE 0079,Speed,2026-06,Live,58.0,2026-09-09 04:00:00
ATE 0079,Speed,2026-07,Live,92.0,2026-09-09 04:00:00
ATE 0079,Speed,2026-08,Live,110.0,2026-09-09 04:00:00
ATE 0079,Speed,2026-09,Live,45.0,2026-09-09 04:00:00
ATE 0082,Speed,2024-12,Live,512.0,2026-09-09 04:00:00
ATE 0082,Speed,2025-01,Live,433.0,2026-09-09 04:00:00
ATE 0082,Speed,2025-02,Live,404.0,2026-09-09 04:00:00
ATE 0082,Speed,2025-03,Live,448.0,2026-09-09 04:00:00
ATE 0082,Speed,2025-04,Live,467.0,2026-09-09 04:00:00
ATE 0082,Speed,2025-05,Live,452.0,2026-09-09 04:00:00
ATE 0082,Speed,2025-06,Live,419.0,2026-09-09 04:00:00
ATE 0082,Speed,2025-07,Live,446.0,2026-09-09 04:00:00
ATE 0082,Speed,2025-08,Live,307.0,2026-09-09 04:00:00
ATE 0082,Speed,2025-09,Live,283.0,2026-09-09 04:00:00
ATE 0082,Speed,2025-10,Live,291.0,2026-09-09 04:00:00
ATE 0082,Speed,2025-11,Live,283.0,2026-09-09 04:00:00
ATE 0082,Speed,2025-12,Live,249.0,2026-09-09 04:00:00
ATE 0082,Speed,2026-01,Live,183.0,2026-09-09 04:00:00
ATE 0082,Speed,2026-02,Live,149.0,2026-09-09 04:00:00
ATE 0082,Speed,2026-03,Live,207.0,2026-09-09 04:00:00
ATE 0082,Speed,2026-04,Live,188.0,2026-09-09 04:00:00
ATE 0082,Speed,2026-05,Live,201.0,2026-09-09 04:00:00
ATE 0082,Speed,2026-06,Live,255.0,2026-09-09 04:00:00
ATE 0082,Speed,2026-07,Live,247.0,2026-09-09 04:00:00
ATE 0082,Speed,2026-08,Live,239.0,2026-09-09 04:00:00
ATE 0082,Speed,2026-09,Live,72.0,2026-09-09 04:00:00
ATE 0083,Speed,2024-12,Live,152.0,2026-09-09 04:00:00
ATE 0083,Speed,2025-01,Live,120.0,2026-09-09 04:00:00
ATE 0083,Speed,2025-02,Live,97.0,2026-09-09 04:00:00
ATE 0083,Speed,2025-03,Live,138.0,2026-09-09 04:00:00
ATE 0083,Speed,2025-04,Live,86.0,2026-09-09 04:00:00
ATE 0083,Speed,2025-05,Live,153.0,2026-09-09 04:00:00
ATE 0083,Speed,2025-06,Live,99.0,2026-09-09 04:00:00
ATE 0083,Speed,2025-07,Live,138.0,2026-09-09 04:00:00
ATE 0083,Speed,2025-08,Live,128.0,2026-09-09 04:00:00
ATE 0083,Speed,2025-09,Live,90.0,2026-09-09 04:00:00
ATE 0083,Speed,2025-10,Live,163.0,2026-09-09 04:00:00
ATE 0083,Speed,2025-11,Live,166.0,2026-09-09 04:00:00
ATE 0083,Speed,2025-12,Live,151.0,2026-09-09 04:00:00
ATE 0083,Speed,2026-01,Live,130.0,2026-09-09 04:00:00
ATE 0083,Speed,2026-02,Live,123.0,2026-09-09 04:00:00
ATE 0083,Speed,2026-03,Live,163.0,2026-09-09 04:00:00
ATE 0083,Speed,2026-04,Live,145.0,2026-09-09 04:00:00
ATE 0083,Speed,2026-05,Live,79.0,2026-09-09 04:00:00
ATE 0083,Speed,2026-06,Live,69.0,2026-09-09 04:00:00
ATE 0083,Speed,2026-07,Live,97.0,2026-09-09 04:00:00
ATE 0083,Speed,2026-08,Live,146.0,2026-09-09 04:00:00
ATE 0083,Speed,2026-09,Live,72.0,2026-09-09 04:00:00
ATE 0087,Red Light,2024-12,Live,268.0,2026-09-07 04:00:00
ATE 0087,Red Light,2025-01,Live,264.0,2026-09-07 04:00:00
ATE 0087,Red Light,2025-02,Live,239.0,2026-09-07 04:00:00
ATE 0087,Red Light,2025-03,Live,311.0,2026-09-07 04:00:00
ATE 0087,Red Light,2025-04,Live,272.0,2026-09-07 04:00:00
ATE 0087,Red Light,2025-05,Live,285.0,2026-09-07 04:00:00
ATE 0087,Red Light,2025-06,Live,252.0,2026-09-07 04:00:00
ATE 0087,Red Light,2025-07,Live,275.0,2026-09-07 04:00:00
ATE 0087,Red Light,2025-08,Live,312.0,2026-09-07 04:00:00
ATE 0087,Red Light,2025-09,Live,280.0,2026-09-07 04:00:00
ATE 0087,Red Light,2025-10,Live,322.0,2026-09-07 04:00:00
ATE 0087,Red Light,2025-11,Live,257.0,2026-09-07 04:00:00
ATE 0087,Red Light,2025-12,Live,261.0,2026-09-07 04:00:00
ATE 0087,Red Light,2026-01,Live,190.0,2026-09-07 04:00:00
ATE 0087,Red Light,2026-02,Live,244.0,2026-09-07 04:00:00
ATE 0087,Red Light,2026-03,Live,277.0,2026-09-07 04:00:00
ATE 0087,Red Light,2026-04,Live,261.0,2026-09-07 04:00:00
ATE 0087,Red Light,2026-05,Live,349.0,2026-09-07 04:00:00
ATE 0087,Red Light,2026-06,Live,330.0,2026-09-07 04:00:00
ATE 0087,Red Light,2026-07,Live,276.0,2026-09-07 04:00:00
ATE 0087,Red Light,2026-08,Live,265.0,2026-09-07 04:00:00
ATE 0087,Red Light,2026-09,Live,62.0,2026-09-07 04:00:00
ATE 0089,Speed,2024-12,Live,1329.0,2026-09-10 04:00:00
ATE 0089,Speed,2025-01,Live,2079.0,2026-09-10 04:00:00
ATE 0089,Speed,2025-02,Live,1599.0,2026-09-10 04:00:00
ATE 0089,Speed,2025-03,Live,1636.0,2026-09-10 04:00:00
ATE 0089,Speed,2025-04,Live,1799.0,2026-09-10 04:00:00
ATE 0089,Speed,2025-05,Live,1451.0,2026-09-10 04:00:00
ATE 0089,Speed,2025-06,Live,1095.0,2026-09-10 04:00:00
ATE 0089,Speed,2025-07,Live,1410.0,2026-09-10 04:00:00
ATE 0089,Speed,2025-08,Live,1718.0,2026-09-10 04:00:00
ATE 0089,Speed,2025-09,Live,1491.0,2026-09-10 04:00:00
ATE 0089,Speed,2025-10,Live,1528.0,2026-09-10 04:00:00
ATE 0089,Speed,2025-11,Live,1476.0,2026-09-10 04:00:00
ATE 0089,Speed,2025-12,Live,1356.0,2026-09-10 04:00:00
ATE 0089,Speed,2026-01,Live,1099.0,2026-09-10 04:00:00
ATE 0089,Speed,2026-02,Live,1132.0,2026-09-10 04:00:00
ATE 0089,Speed,2026-03,Live,1385.0,2026-09-10 04:00:00
ATE 0089,Speed,2026-04,Live,1476.0,2026-09-10 04:00:00
ATE 0089,Speed,2026-05,Live,1160.0,2026-09-10 04:00:00
ATE 0089,Speed,2026-06,Live,853.0,2026-09-10 04:00:00
ATE 0089,Speed,2026-07,Live,899.0,2026-09-10 04:00:00
ATE 0089,Speed,2026-08,Live,1126.0,2026-09-10 04:00:00
ATE 0089,Speed,2026-09,Live,408.0,2026-09-10 04:00:00
ATE 0094,Speed,2024-12,Live,1008.0,2026-09-10 04:00:00
ATE 0094,Speed,2025-01,Live,979.0,2026-09-10 04:00:00
ATE 0094,Speed,2025-02,Live,1060.0,2026-09-10 04:00:00
ATE 0094,Speed,2025-03,Live,1397.0,2026-09-10 04:00:00
ATE 0094,Speed,2025-04,Live,1425.0,2026-09-10 04:00:00
ATE 0094,Speed,2025-05,Live,1276.0,2026-09-10 04:00:00
ATE 0094,Speed,2025-06,Live,234.0,2026-09-10 04:00:00
ATE 0094,Speed,2025-07,Live,796.0,2026-09-10 04:00:00
ATE 0094,Speed,2025-08,Live,843.0,2026-09-10 04:00:00
ATE 0094,Speed,2025-09,Live,917.0,2026-09-10 04:00:00
ATE 0094,Speed,2025-10,Live,1091.0,2026-09-10 04:00:00
ATE 0094,Speed,2025-11,Live,1142.0,2026-09-10 04:00:00
ATE 0094,Speed,2025-12,Live,1275.0,2026-09-10 04:00:00
ATE 0094,Speed,2026-01,Live,973.0,2026-09-10 04:00:00
ATE 0094,Speed,2026-02,Live,858.0,2026-09-10 04:00:00
ATE 0094,Speed,2026-03,Live,782.0,2026-09-10 04:00:00
ATE 0094,Speed,2026-04,Live,674.0,2026-09-10 04:00:00
ATE 0094,Speed,2026-05,Live,966.0,2026-09-10 04:00:00
ATE 0094,Speed,2026-06,Live,685.0,2026-09-10 04:00:00
ATE 0094,Speed,2026-07,Live,667.0,2026-09-10 04:00:00
ATE 0094,Speed,2026-08,Live,910.0,2026-09-10 04:00:00
ATE 0094,Speed,2026-09,Live,344.0,2026-09-10 04:00:00
ATE 0098,Speed,2024-12,Live,392.0,2025-06-13 04:00:00
ATE 0098,Speed,2025-01,Live,329.0,2025-06-13 04:00:00
ATE 0098,Speed,2025-02,Live,327.0,2025-06-13 04:00:00
ATE 0098,Speed,2025-03,Live,406.0,2025-06-13 04:00:00
ATE 0098,Speed,2025-04,Live,357.0,2025-06-13 04:00:00
ATE 0098,Speed,2025-05,Live,419.0,2025-06-13 04:00:00
ATE 0098,Speed,2025-06,Idle,104.0,2025-06-29 04:00:00
ATE 0098,Speed,2025-06,Live,99.0,2025-06-13 04:00:00
ATE 0100,Speed,2024-12,Live,876.0,2026-06-29 04:00:00
ATE 0100,Speed,2025-01,Live,907.0,2026-06-29 04:00:00
ATE 0100,Speed,2025-02,Live,826.0,2026-06-29 04:00:00
ATE 0100,Speed,2025-03,Live,1058.0,2026-06-29 04:00:00
ATE 0100,Speed,2025-04,Live,966.0,2026-06-29 04:00:00
ATE 0100,Speed,2025-05,Live,961.0,2026-06-29 04:00:00
ATE 0100,Speed,2025-06,Live,1054.0,2026-06-29 04:00:00
ATE 0100,Speed,2025-07,Live,766.0,2026-06-29 04:00:00
ATE 0100,Speed,2025-08,Live,746.0,2026-06-29 04:00:00
ATE 0100,Speed,2025-09,Live,352.0,2026-06-29 04:00:00
ATE 0100,Speed,2025-10,Live,218.0,2026-06-29 04:00:00
ATE 0100,Speed,2025-11,Live,410.0,2026-06-29 04:00:00
ATE 0100,Speed,2025-12,Live,352.0,2026-06-29 04:00:00
ATE 0100,Speed,2026-01,Live,216.0,2026-06-29 04:00:00
ATE 0100,Speed,2026-02,Live,138.0,2026-06-29 04:00:00
ATE 0100,Speed,2026-03,Live,161.0,2026-06-29 04:00:00
ATE 0100,Speed,2026-04,Live,152.0,2026-06-29 04:00:00
ATE 0100,Speed,2026-05,Live,130.0,2026-06-29 04:00:00
ATE 0100,Speed,2026-06,Live,68.0,2026-06-29 04:00:00
ATE 0106,Speed,2024-12,Live,2114.0,2026-09-10 04:00:00
ATE 0106,Speed,2025-01,Live,1864.0,2026-09-10 04:00:00
ATE 0106,Speed,2025-02,Live,1900.0,2026-09-10 04:00:00
ATE 0106,Speed,2025-03,Live,2505.0,2026-09-10 04:00:00
ATE 0106,Speed,2025-04,Live,2365.0,2026-09-10 04:00:00
ATE 0106,Speed,2025-05,Live,2371.0,2026-09-10 04:00:00
ATE 0106,Speed,2025-06,Live,1768.0,2026-09-10 04:00:00
ATE 0106,Speed,2025-07,Live,2663.0,2026-09-10 04:00:00
ATE 0106,Speed,2025-08,Live,2414.0,2026-09-10 04:00:00
ATE 0106,Speed,2025-09,Live,1895.0,2026-09-10 04:00:00
ATE 0106,Speed,2025-10,Live,1932.0,2026-09-10 04:00:00
ATE 0106,Speed,2025-11,Live,1874.0,2026-09-10 04:00:00
ATE 0106,Speed,2025-12,Live,1906.0,2026-09-10 04:00:00
ATE 0106,Speed,2026-01,Live,1473.0,2026-09-10 04:00:00
ATE 0106,Speed,2026-02,Live,1632.0,2026-09-10 04:00:00
ATE 0106,Speed,2026-03,Live,2317.0,2026-09-10 04:00:00
ATE 0106,Speed,2026-04,Live,1815.0,2026-09-10 04:00:00
ATE 0106,Speed,2026-05,Live,1788.0,2026-09-10 04:00:00
ATE 0106,Speed,2026-06,Live,1793.0,2026-09-10 04:00:00
ATE 0106,Speed,2026-07,Live,1764.0,2026-09-10 04:00:00
ATE 0106,Speed,2026-08,Live,1806.0,2026-09-10 04:00:00
ATE 0106,Speed,2026-09,Live,681.0,2026-09-10 04:00:00
ATE 0111,Speed,2024-12,Live,5728.0,2026-09-09 04:00:00
ATE 0111,Speed,2025-01,Live,3742.0,2026-09-09 04:00:00
ATE 0111,Speed,2025-02,Live,4583.0,2026-09-09 04:00:00
ATE 0111,Speed,2025-03,Live,6096.0,2026-09-09 04:00:00
ATE 0111,Speed,2025-04,Live,6641.0,2026-09-09 04:00:00
ATE 0111,Speed,2025-05,Live,6648.0,2026-09-09 04:00:00
ATE 0111,Speed,2025-06,Live,5348.0,2026-09-09 04:00:00
ATE 0111,Speed,2025-07,Live,5466.0,2026-09-09 04:00:00
ATE 0111,Speed,2025-08,Live,4979.0,2026-09-09 04:00:00
ATE 0111,Speed,2025-09,Live,3209.0,2026-09-09 04:00:00
ATE 0111,Speed,2025-10,Live,3716.0,2026-09-09 04:00:00
ATE 0111,Speed,2025-11,Live,3259.0,2026-09-09 04:00:00
ATE 0111,Speed,2025-12,Live,3370.0,2026-09-09 04:00:00
ATE 0111,Speed,2026-01,Live,2035.0,2026-09-09 04:00:00
ATE 0111,Speed,2026-02,Live,1730.0,2026-09-09 04:00:00
ATE 0111,Speed,2026-03,Live,3986.0,2026-09-09 04:00:00
ATE 0111,Speed,2026-04,Live,3844.0,2026-09-09 04:00:00
ATE 0111,Speed,2026-05,Live,3309.0,2026-09-09 04:00:00
ATE 0111,Speed,2026-06,Live,2187.0,2026-09-09 04:00:00
ATE 0111,Speed,2026-07,Live,3026.0,2026-09-09 04:00:00
ATE 0111,Speed,2026-08,Live,2990.0,2026-09-09 04:00:00
ATE 0111,Speed,2026-09,Live,897.0,2026-09-09 04:00:00
ATE 0113,Speed,2024-12,Live,886.0,2026-09-10 04:00:00
ATE 0113,Speed,2025-01,Live,714.0,2026-09-10 04:00:00
ATE 0113,Speed,2025-02,Live,728.0,2026-09-10 04:00:00
ATE 0113,Speed,2025-03,Live,924.0,2026-09-10 04:00:00
ATE 0113,Speed,2025-04,Live,1103.0,2026-09-10 04:00:00
ATE 0113,Speed,2025-05,Live,1371.0,2026-09-10 04:00:00
ATE 0113,Speed,2025-06,Live,1396.0,2026-09-10 04:00:00
ATE 0113,Speed,2025-07,Live,1403.0,2026-09-10 04:00:00
ATE 0113,Speed,2025-08,Live,1417.0,2026-09-10 04:00:00
ATE 0113,Speed,2025-09,Live,984.0,2026-09-10 04:00:00
ATE 0113,Speed,2025-10,Live,1005.0,2026-09-10 04:00:00
ATE 0113,Speed,2025-11,Live,654.0,2026-09-10 04:00:00
ATE 0113,Speed,2025-12,Live,764.0,2026-09-10 04:00:00
ATE 0113,Speed,2026-01,Live,554.0,2026-09-10 04:00:00
ATE 0113,Speed,2026-02,Live,564.0,2026-09-10 04:00:00
ATE 0113,Speed,2026-03,Live,844.0,2026-09-10 04:00:00
ATE 0113,Speed,2026-04,Live,914.0,2026-09-10 04:00:00
ATE 0113,Speed,2026-05,Live,1093.0,2026-09-10 04:00:00
ATE 0113,Speed,2026-06,Live,910.0,2026-09-10 04:00:00
ATE 0113,Speed,2026-07,Live,849.0,2026-09-10 04:00:00
ATE 0113,Speed,2026-08,Live,972.0,2026-09-10 04:00:00
ATE 0113,Speed,2026-09,Live,315.0,2026-09-10 04:00:00
ATE 0116,Stop Sign,2024-12,Live,182.0,2026-09-07 04:00:00
ATE 0116,Stop Sign,2025-01,Live,377.0,2026-09-07 04:00:00
ATE 0116,Stop Sign,2025-02,Live,593.0,2026-09-07 04:00:00
ATE 0116,Stop Sign,2025-03,Live,675.0,2026-09-07 04:00:00
ATE 0116,Stop Sign,2025-04,Live,718.0,2026-09-07 04:00:00
ATE 0116,Stop Sign,2025-05,Live,715.0,2026-09-07 04:00:00
ATE 0116,Stop Sign,2025-06,Live,529.0,2026-09-07 04:00:00
ATE 0116,Stop Sign,2025-07,Live,584.0,2026-09-07 04:00:00
ATE 0116,Stop Sign,2025-08,Live,561.0,2026-09-07 04:00:00
ATE 0116,Stop Sign,2025-09,Live,560.0,2026-09-07 04:00:00
ATE 0116,Stop Sign,2025-10,Live,602.0,2026-09-07 04:00:00
ATE 0116,Stop Sign,2025-11,Live,516.0,2026-09-07 04:00:00
ATE 0116,Stop Sign,2025-12,Live,631.0,2026-09-07 04:00:00
ATE 0116,Stop Sign,2026-01,Live,509.0,2026-09-07 04:00:00
ATE 0116,Stop Sign,2026-02,Live,510.0,2026-09-07 04:00:00
ATE 0116,Stop Sign,2026-03,Live,557.0,2026-09-07 04:00:00
ATE 0116,Stop Sign,2026-04,Live,575.0,2026-09-07 04:00:00
ATE 0116,Stop Sign,2026-05,Live,679.0,2026-09-07 04:00:00
ATE 0116,Stop Sign,2026-06,Live,650.0,2026-09-07 04:00:00
ATE 0116,Stop Sign,2026-07,Live,569.0,2026-09-07 04:00:00
ATE 0116,Stop Sign,2026-08,Live,567.0,2026-09-07 04:00:00
ATE 0116,Stop Sign,2026-09,Live,111.0,2026-09-07 04:00:00
ATE 0117,Stop Sign,2024-12,Live,960.0,2026-09-07 04:00:00
ATE 0117,Stop Sign,2025-01,Live,1914.0,2026-09-07 04:00:00
ATE 0117,Stop Sign,2025-02,Live,1893.0,2026-09-07 04:00:00
ATE 0117,Stop Sign,2025-03,Live,2336.0,2026-09-07 04:00:00
ATE 0117,Stop Sign,2025-04,Live,1946.0,2026-09-07 04:00:00
ATE 0117,Stop Sign,2025-05,Live,1558.0,2026-09-07 04:00:00
ATE 0117,Stop Sign,2025-06,Live,2427.0,2026-09-07 04:00:00
ATE 0117,Stop Sign,2025-07,Live,2671.0,2026-09-07 04:00:00
ATE 0117,Stop Sign,2025-08,Live,2566.0,2026-09-07 04:00:00
ATE 0117,Stop Sign,2025-09,Live,2048.0,2026-09-07 04:00:00
ATE 0117,Stop Sign,2025-10,Live,2048.0,2026-09-07 04:00:00
ATE 0117,Stop Sign,2025-11,Live,2082.0,2026-09-07 04:00:00
ATE 0117,Stop Sign,2025-12,Live,2242.0,2026-09-07 04:00:00
ATE 0117,Stop Sign,2026-01,Live,2110.0,2026-09-07 04:00:00
ATE 0117,Stop Sign,2026-02,Live,1328.0,2026-09-07 04:00:00
ATE 0117,Stop Sign,2026-03,Live,1470.0,2026-09-07 04:00:00
ATE 0117,Stop Sign,2026-04,Live,1481.0,2026-09-07 04:00:00
ATE 0117,Stop Sign,2026-05,Live,2081.0,2026-09-07 04:00:00
ATE 0117,Stop Sign,2026-06,Live,1975.0,2026-09-07 04:00:00
ATE 0117,Stop Sign,2026-07,Live,2178.0,2026-09-07 04:00:00
ATE 0117,Stop Sign,2026-08,Live,1826.0,2026-09-07 04:00:00
ATE 0117,Stop Sign,2026-09,Live,204.0,2026-09-07 04:00:00
ATE 0121,Speed,2024-12,Live,1677.0,2026-09-10 04:00:00
ATE 0121,Speed,2025-01,Live,2901.0,2026-09-10 04:00:00
ATE 0121,Speed,2025-02,Live,2472.0,2026-09-10 04:00:00
ATE 0121,Speed,2025-03,Live,2775.0,2026-09-10 04:00:00
ATE 0121,Speed,2025-04,Live,2437.0,2026-09-10 04:00:00
ATE 0121,Speed,2025-05,Live,2364.0,2026-09-10 04:00:00
ATE 0121,Speed,2025-06,Live,2617.0,2026-09-10 04:00:00
ATE 0121,Speed,2025-07,Live,2049.0,2026-09-10 04:00:00
ATE 0121,Speed,2025-08,Live,2894.0,2026-09-10 04:00:00
ATE 0121,Speed,2025-09,Live,1913.0,2026-09-10 04:00:00
ATE 0121,Speed,2025-10,Live,2428.0,2026-09-10 04:00:00
ATE 0121,Speed,2025-11,Live,1847.0,2026-09-10 04:00:00
ATE 0121,Speed,2025-12,Live,2078.0,2026-09-10 04:00:00
ATE 0121,Speed,2026-01,Live,1482.0,2026-09-10 04:00:00
ATE 0121,Speed,2026-02,Live,1339.0,2026-09-10 04:00:00
ATE 0121,Speed,2026-03,Live,1566.0,2026-09-10 04:00:00
ATE 0121,Speed,2026-04,Live,1284.0,2026-09-10 04:00:00
ATE 0121,Speed,2026-05,Live,1342.0,2026-09-10 04:00:00
ATE 0121,Speed,2026-06,Live,1027.0,2026-09-10 04:00:00
ATE 0121,Speed,2026-07,Live,1441.0,2026-09-10 04:00:00
ATE 0121,Speed,2026-08,Live,2229.0,2026-09-10 04:00:00
ATE 0121,Speed,2026-09,Live,1134.0,2026-09-10 04:00:00
ATE 0124,Speed,2024-12,Live,2733.0,2026-09-10 04:00:00
ATE 0124,Speed,2025-01,Live,2701.0,2026-09-10 04:00:00
ATE 0124,Speed,2025-02,Live,2664.0,2026-09-10 04:00:00
ATE 0124,Speed,2025-03,Live,3007.0,2026-09-10 04:00:00
ATE 0124,Speed,2025-04,Live,3016.0,2026-09-10 04:00:00
ATE 0124,Speed,2025-05,Live,2626.0,2026-09-10 04:00:00
ATE 0124,Speed,2025-06,Live,2515.0,2026-09-10 04:00:00
ATE 0124,Speed,2025-07,Live,2552.0,2026-09-10 04:00:00
ATE 0124,Speed,2025-08,Live,2065.0,2026-09-10 04:00:00
ATE 0124,Speed,2025-09,Live,2417.0,2026-09-10 04:00:00
ATE 0124,Speed,2025-10,Live,3139.0,2026-09-10 04:00:00
ATE 0124,Speed,2025-11,Live,3122.0,2026-09-10 04:00:00
ATE 0124,Speed,2025-12,Live,3481.0,2026-09-10 04:00:00
ATE 0124,Speed,2026-01,Live,2917.0,2026-09-10 04:00:00
ATE 0124,Speed,2026-02,Live,2549.0,2026-09-10 04:00:00
ATE 0124,Speed,2026-03,Live,2963.0,2026-09-10 04:00:00
ATE 0124,Speed,2026-04,Live,2777.0,2026-09-10 04:00:00
ATE 0124,Speed,2026-05,Live,2597.0,2026-09-10 04:00:00
ATE 0124,Speed,2026-06,Live,1899.0,2026-09-10 04:00:00
ATE 0124,Speed,2026-07,Live,1879.0,2026-09-10 04:00:00
ATE 0124,Speed,2026-08,Live,2399.0,2026-09-10 04:00:00
ATE 0124,Speed,2026-09,Live,865.0,2026-09-10 04:00:00
ATE 0125,Speed,2024-12,Live,531.0,2026-09-09 04:00:00
ATE 0125,Speed,2025-01,Live,460.0,2026-09-09 04:00:00
ATE 0125,Speed,2025-02,Live,348.0,2026-09-09 04:00:00
ATE 0125,Speed,2025-03,Live,369.0,2026-09-09 04:00:00
ATE 0125,Speed,2025-04,Live,338.0,2026-09-09 04:00:00
ATE 0125,Speed,2025-05,Live,342.0,2026-09-09 04:00:00
ATE 0125,Speed,2025-06,Live,347.0,2026-09-09 04:00:00
ATE 0125,Speed,2025-07,Live,322.0,2026-09-09 04:00:00
ATE 0125,Speed,2025-08,Live,284.0,2026-09-09 04:00:00
ATE 0125,Speed,2025-09,Live,302.0,2026-09-09 04:00:00
ATE 0125,Speed,2025-10,Live,298.0,2026-09-09 04:00:00
ATE 0125,Speed,2025-11,Live,267.0,2026-09-09 04:00:00
ATE 0125,Speed,2025-12,Live,318.0,2026-09-09 04:00:00
ATE 0125,Speed,2026-01,Live,242.0,2026-09-09 04:00:00
ATE 0125,Speed,2026-02,Live,164.0,2026-09-09 04:00:00
ATE 0125,Speed,2026-03,Live,236.0,2026-09-09 04:00:00
ATE 0125,Speed,2026-04,Live,270.0,2026-09-09 04:00:00
ATE 0125,Speed,2026-05,Live,270.0,2026-09-09 04:00:00
ATE 0125,Speed,2026-06,Live,155.0,2026-09-09 04:00:00
ATE 0125,Speed,2026-07,Live,183.0,2026-09-09 04:00:00
ATE 0125,Speed,2026-08,Live,204.0,2026-09-09 04:00:00
ATE 0125,Speed,2026-09,Live,84.0,2026-09-09 04:00:00
ATE 0126,Speed,2024-12,Live,796.0,2026-09-10 04:00:00
ATE 0126,Speed,2025-01,Live,636.0,2026-09-10 04:00:00
ATE 0126,Speed,2025-02,Live,456.0,2026-09-10 04:00:00
ATE 0126,Speed,2025-03,Live,329.0,2026-09-10 04:00:00
ATE 0126,Speed,2025-04,Live,292.0,2026-09-10 04:00:00
ATE 0126,Speed,2025-05,Live,251.0,2026-09-10 04:00:00
ATE 0126,Speed,2025-06,Live,336.0,2026-09-10 04:00:00
ATE 0126,Speed,2025-07,Live,324.0,2026-09-10 04:00:00
ATE 0126,Speed,2025-08,Live,282.0,2026-09-10 04:00:00
ATE 0126,Speed,2025-09,Live,215.0,2026-09-10 04:00:00
ATE 0126,Speed,2025-10,Live,159.0,2026-09-10 04:00:00
ATE 0126,Speed,2025-11,Live,191.0,2026-09-10 04:00:00
ATE 0126,Speed,2025-12,Live,277.0,2026-09-10 04:00:00
ATE 0126,Speed,2026-01,Live,196.0,2026-09-10 04:00:00
ATE 0126,Speed,2026-02,Live,151.0,2026-09-10 04:00:00
ATE 0126,Speed,2026-03,Live,210.0,2026-09-10 04:00:00
ATE 0126,Speed,2026-04,Live,215.0,2026-09-10 04:00:00
ATE 0126,Speed,2026-05,Live,195.0,2026-09-10 04:00:00
ATE 0126,Speed,2026-06,Live,147.0,2026-09-10 04:00:00
ATE 0126,Speed,2026-07,Live,178.0,2026-09-10 04:00:00
ATE 0126,Speed,2026-08,Live,212.0,2026-09-10 04:00:00
ATE 0126,Speed,2026-09,Live,81.0,2026-09-10 04:00:00
ATE 0127,Speed,2024-12,Live,967.0,2026-09-09 04:00:00
ATE 0127,Speed,2025-01,Live,685.0,2026-09-09 04:00:00
ATE 0127,Speed,2025-02,Live,508.0,2026-09-09 04:00:00
ATE 0127,Speed,2025-03,Live,688.0,2026-09-09 04:00:00
ATE 0127,Speed,2025-04,Live,859.0,2026-09-09 04:00:00
ATE 0127,Speed,2025-05,Live,904.0,2026-09-09 04:00:00
ATE 0127,Speed,2025-06,Live,875.0,2026-09-09 04:00:00
ATE 0127,Speed,2025-07,Live,974.0,2026-09-09 04:00:00
ATE 0127,Speed,2025-08,Live,743.0,2026-09-09 04:00:00
ATE 0127,Speed,2025-09,Live,699.0,2026-09-09 04:00:00
ATE 0127,Speed,2025-10,Live,749.0,2026-09-09 04:00:00
ATE 0127,Speed,2025-11,Live,444.0,2026-09-09 04:00:00
ATE 0127,Speed,2025-12,Live,678.0,2026-09-09 04:00:00
ATE 0127,Speed,2026-01,Live,555.0,2026-09-09 04:00:00
ATE 0127,Speed,2026-02,Live,499.0,2026-09-09 04:00:00
ATE 0127,Speed,2026-03,Live,571.0,2026-09-09 04:00:00
ATE 0127,Speed,2026-04,Live,629.0,2026-09-09 04:00:00
ATE 0127,Speed,2026-05,Live,487.0,2026-09-09 04:00:00
ATE 0127,Speed,2026-06,Live,420.0,2026-09-09 04:00:00
ATE 0127,Speed,2026-07,Live,466.0,2026-09-09 04:00:00
ATE 0127,Speed,2026-08,Live,449.0,2026-09-09 04:00:00
ATE 0127,Speed,2026-09,Live,209.0,2026-09-09 04:00:00
ATE 0129,Speed,2024-12,Live,1407.0,2026-09-10 04:00:00
ATE 0129,Speed,2025-01,Live,1239.0,2026-09-10 04:00:00
ATE 0129,Speed,2025-02,Live,1147.0,2026-09-10 04:00:00
ATE 0129,Speed,2025-02,Idle,13.0,2025-02-28 05:00:00
ATE 0129,Speed,2026-03,Live,206.0,2026-09-10 04:00:00
ATE 0129,Speed,2026-04,Live,1047.0,2026-09-10 04:00:00
ATE 0129,Speed,2026-05,Live,826.0,2026-09-10 04:00:00
ATE 0129,Speed,2026-06,Live,645.0,2026-09-10 04:00:00
ATE 0129,Speed,2026-07,Live,751.0,2026-09-10 04:00:00
ATE 0129,Speed,2026-08,Live,895.0,2026-09-10 04:00:00
ATE 0129,Speed,2026-09,Live,327.0,2026-09-10 04:00:00
ATE 0133,Speed,2024-12,Live,91.0,2025-10-06 04:00:00
ATE 0133,Speed,2025-01,Live,72.0,2025-10-06 04:00:00
ATE 0133,Speed,2025-02,Live,101.0,2025-10-06 04:00:00
ATE 0133,Speed,2025-03,Live,143.0,2025-10-06 04:00:00
ATE 0133,Speed,2025-04,Live,152.0,2025-10-06 04:00:00
ATE 0133,Speed,2025-05,Live,153.0,2025-10-06 04:00:00
ATE 0133,Speed,2025-06,Live,148.0,2025-10-06 04:00:00
ATE 0133,Speed,2025-07,Live,158.0,2025-10-06 04:00:00
ATE 0133,Speed,2025-08,Live,126.0,2025-10-06 04:00:00
ATE 0133,Speed,2025-09,Live,96.0,2025-10-06 04:00:00
ATE 0133,Speed,2025-10,Live,11.0,2025-10-06 04:00:00
ATE 0137,Speed,2024-12,Live,259.0,2026-09-09 04:00:00
ATE 0137,Speed,2025-01,Live,233.0,2026-09-09 04:00:00
ATE 0137,Speed,2025-02,Live,234.0,2026-09-09 04:00:00
ATE 0137,Speed,2025-03,Live,267.0,2026-09-09 04:00:00
ATE 0137,Speed,2025-04,Live,234.0,2026-09-09 04:00:00
ATE 0137,Speed,2025-05,Live,202.0,2026-09-09 04:00:00
ATE 0137,Speed,2025-06,Live,196.0,2026-09-09 04:00:00
ATE 0137,Speed,2025-07,Live,469.0,2026-09-09 04:00:00
ATE 0137,Speed,2025-08,Live,408.0,2026-09-09 04:00:00
ATE 0137,Speed,2025-09,Live,257.0,2026-09-09 04:00:00
ATE 0137,Speed,2025-10,Live,244.0,2026-09-09 04:00:00
ATE 0137,Speed,2025-11,Live,94.0,2026-09-09 04:00:00
ATE 0137,Speed,2025-12,Live,287.0,2026-09-09 04:00:00
ATE 0137,Speed,2026-01,Live,209.0,2026-09-09 04:00:00
ATE 0137,Speed,2026-02,Live,203.0,2026-09-09 04:00:00
ATE 0137,Speed,2026-03,Live,348.0,2026-09-09 04:00:00
ATE 0137,Speed,2026-04,Live,435.0,2026-09-09 04:00:00
ATE 0137,Speed,2026-05,Live,436.0,2026-09-09 04:00:00
ATE 0137,Speed,2026-06,Live,283.0,2026-09-09 04:00:00
ATE 0137,Speed,2026-07,Live,294.0,2026-09-09 04:00:00
ATE 0137,Speed,2026-08,Live,299.0,2026-09-09 04:00:00
ATE 0137,Speed,2026-09,Live,95.0,2026-09-09 04:00:00
ATE 0138,Speed,2024-12,Live,140.0,2026-09-09 04:00:00
ATE 0138,Speed,2025-01,Live,132.0,2026-09-09 04:00:00
ATE 0138,Speed,2025-02,Live,115.0,2026-09-09 04:00:00
ATE 0138,Speed,2025-03,Live,8.0,2026-09-09 04:00:00
ATE 0138,Speed,2025-04,Live,71.0,2026-09-09 04:00:00
ATE 0138,Speed,2025-05,Live,99.0,2026-09-09 04:00:00
ATE 0138,Speed,2025-06,Live,37.0,2026-09-09 04:00:00
ATE 0138,Speed,2025-07,Live,232.0,2026-09-09 04:00:00
ATE 0138,Speed,2025-08,Live,372.0,2026-09-09 04:00:00
ATE 0138,Speed,2025-09,Live,343.0,2026-09-09 04:00:00
ATE 0138,Speed,2025-10,Live,320.0,2026-09-09 04:00:00
ATE 0138,Speed,2025-11,Live,363.0,2026-09-09 04:00:00
ATE 0138,Speed,2025-12,Live,425.0,2026-09-09 04:00:00
ATE 0138,Speed,2026-01,Live,298.0,2026-09-09 04:00:00
ATE 0138,Speed,2026-02,Live,237.0,2026-09-09 04:00:00
ATE 0138,Speed,2026-03,Live,206.0,2026-09-09 04:00:00
ATE 0138,Speed,2026-04,Live,232.0,2026-09-09 04:00:00
ATE 0138,Speed,2026-05,Live,255.0,2026-09-09 04:00:00
ATE 0138,Speed,2026-06,Live,198.0,2026-09-09 04:00:00
ATE 0138,Speed,2026-07,Live,215.0,2026-09-09 04:00:00
ATE 0138,Speed,2026-08,Live,199.0,2026-09-09 04:00:00
ATE 0138,Speed,2026-09,Live,91.0,2026-09-09 04:00:00
ATE 0140,Speed,2024-12,Live,357.0,2026-09-09 04:00:00
ATE 0140,Speed,2025-01,Live,388.0,2026-09-09 04:00:00
ATE 0140,Speed,2025-02,Live,360.0,2026-09-09 04:00:00
ATE 0140,Speed,2025-03,Live,347.0,2026-09-09 04:00:00
ATE 0140,Speed,2025-04,Live,342.0,2026-09-09 04:00:00
ATE 0140,Speed,2025-05,Live,261.0,2026-09-09 04:00:00
ATE 0140,Speed,2025-06,Live,213.0,2026-09-09 04:00:00
ATE 0140,Speed,2025-07,Live,113.0,2026-09-09 04:00:00
ATE 0140,Speed,2025-08,Live,268.0,2026-09-09 04:00:00
ATE 0140,Speed,2025-09,Live,308.0,2026-09-09 04:00:00
ATE 0140,Speed,2025-10,Live,272.0,2026-09-09 04:00:00
ATE 0140,Speed,2025-11,Live,218.0,2026-09-09 04:00:00
ATE 0140,Speed,2025-12,Live,277.0,2026-09-09 04:00:00
ATE 0140,Speed,2026-01,Live,250.0,2026-09-09 04:00:00
ATE 0140,Speed,2026-02,Live,255.0,2026-09-09 04:00:00
ATE 0140,Speed,2026-03,Live,313.0,2026-09-09 04:00:00
ATE 0140,Speed,2026-04,Live,317.0,2026-09-09 04:00:00
ATE 0140,Speed,2026-05,Live,320.0,2026-09-09 04:00:00
ATE 0140,Speed,2026-06,Live,240.0,2026-09-09 04:00:00
ATE 0140,Speed,2026-07,Live,75.0,2026-09-09 04:00:00
ATE 0140,Speed,2026-08,Live,50.0,2026-09-09 04:00:00
ATE 0140,Speed,2026-09,Live,36.0,2026-09-09 04:00:00
ATE 0141,Speed,2024-12,Live,1039.0,2026-09-10 04:00:00
ATE 0141,Speed,2025-01,Live,1218.0,2026-09-10 04:00:00
ATE 0141,Speed,2025-02,Live,1363.0,2026-09-10 04:00:00
ATE 0141,Speed,2025-03,Live,1652.0,2026-09-10 04:00:00
ATE 0141,Speed,2025-04,Live,1429.0,2026-09-10 04:00:00
ATE 0141,Speed,2025-05,Live,1459.0,2026-09-10 04:00:00
ATE 0141,Speed,2025-06,Live,1447.0,2026-09-10 04:00:00
ATE 0141,Speed,2025-07,Live,1399.0,2026-09-10 04:00:00
ATE 0141,Speed,2025-08,Live,1403.0,2026-09-10 04:00:00
ATE 0141,Speed,2025-09,Live,1273.0,2026-09-10 04:00:00
ATE 0141,Speed,2025-10,Live,1292.0,2026-09-10 04:00:00
ATE 0141,Speed,2025-11,Live,1233.0,2026-09-10 04:00:00
ATE 0141,Speed,2025-12,Live,1236.0,2026-09-10 04:00:00
ATE 0141,Speed,2026-01,Live,1045.0,2026-09-10 04:00:00
ATE 0141,Speed,2026-02,Live,859.0,2026-09-10 04:00:00
ATE 0141,Speed,2026-03,Live,1760.0,2026-09-10 04:00:00
ATE 0141,Speed,2026-04,Live,1751.0,2026-09-10 04:00:00
ATE 0141,Speed,2026-05,Live,1427.0,2026-09-10 04:00:00
ATE 0141,Speed,2026-06,Live,1038.0,2026-09-10 04:00:00
ATE 0141,Speed,2026-07,Live,856.0,2026-09-10 04:00:00
ATE 0141,Speed,2026-08,Live,1763.0,2026-09-10 04:00:00
ATE 0141,Speed,2026-09,Live,623.0,2026-09-10 04:00:00
ATE 0142,Speed,2024-12,Live,5106.0,2026-09-10 04:00:00
ATE 0142,Speed,2025-01,Live,3890.0,2026-09-10 04:00:00
ATE 0142,Speed,2025-02,Live,3747.0,2026-09-10 04:00:00
ATE 0142,Speed,2025-03,Live,4382.0,2026-09-10 04:00:00
ATE 0142,Speed,2025-04,Live,4078.0,2026-09-10 04:00:00
ATE 0142,Speed,2025-05,Live,5317.0,2026-09-10 04:00:00
ATE 0142,Speed,2025-06,Live,5472.0,2026-09-10 04:00:00
ATE 0142,Speed,2025-07,Live,5364.0,2026-09-10 04:00:00
ATE 0142,Speed,2025-08,Live,5698.0,2026-09-10 04:00:00
ATE 0142,Speed,2025-09,Live,4301.0,2026-09-10 04:00:00
ATE 0142,Speed,2025-10,Live,4287.0,2026-09-10 04:00:00
ATE 0142,Speed,2025-11,Live,4112.0,2026-09-10 04:00:00
ATE 0142,Speed,2025-12,Live,4287.0,2026-09-10 04:00:00
ATE 0142,Speed,2026-01,Live,3320.0,2026-09-10 04:00:00
ATE 0142,Speed,2026-02,Live,3233.0,2026-09-10 04:00:00
ATE 0142,Speed,2026-03,Live,3991.0,2026-09-10 04:00:00
ATE 0142,Speed,2026-04,Live,4043.0,2026-09-10 04:00:00
ATE 0142,Speed,2026-05,Live,3926.0,2026-09-10 04:00:00
ATE 0142,Speed,2026-06,Live,3291.0,2026-09-10 04:00:00
ATE 0142,Speed,2026-07,Live,3838.0,2026-09-10 04:00:00
ATE 0142,Speed,2026-08,Live,4445.0,2026-09-10 04:00:00
ATE 0142,Speed,2026-09,Live,1502.0,2026-09-10 04:00:00
ATE 0144,Speed,2024-12,Live,4097.0,2026-09-10 04:00:00
ATE 0144,Speed,2025-01,Live,3165.0,2026-09-10 04:00:00
ATE 0144,Speed,2025-02,Live,3066.0,2026-09-10 04:00:00
ATE 0144,Speed,2025-03,Live,3683.0,2026-09-10 04:00:00
ATE 0144,Speed,2025-04,Live,3954.0,2026-09-10 04:00:00
ATE 0144,Speed,2025-05,Live,4535.0,2026-09-10 04:00:00
ATE 0144,Speed,2025-06,Live,4804.0,2026-09-10 04:00:00
ATE 0144,Speed,2025-07,Live,4541.0,2026-09-10 04:00:00
ATE 0144,Speed,2025-08,Live,4199.0,2026-09-10 04:00:00
ATE 0144,Speed,2025-09,Live,2886.0,2026-09-10 04:00:00
ATE 0144,Speed,2025-10,Live,2936.0,2026-09-10 04:00:00
ATE 0144,Speed,2025-11,Live,3261.0,2026-09-10 04:00:00
ATE 0144,Speed,2025-12,Live,3522.0,2026-09-10 04:00:00
ATE 0144,Speed,2026-01,Live,3464.0,2026-09-10 04:00:00
ATE 0144,Speed,2026-02,Live,2876.0,2026-09-10 04:00:00
ATE 0144,Speed,2026-03,Live,3575.0,2026-09-10 04:00:00
ATE 0144,Speed,2026-04,Live,4154.0,2026-09-10 04:00:00
ATE 0144,Speed,2026-05,Live,3808.0,2026-09-10 04:00:00
ATE 0144,Speed,2026-06,Live,2910.0,2026-09-10 04:00:00
ATE 0144,Speed,2026-07,Live,2781.0,2026-09-10 04:00:00
ATE 0144,Speed,2026-08,Live,3285.0,2026-09-10 04:00:00
ATE 0144,Speed,2026-09,Live,1346.0,2026-09-10 04:00:00
ATE 0145,Speed,2024-12,Live,4205.0,2026-09-10 04:00:00
ATE 0145,Speed,2025-01,Live,3337.0,2026-09-10 04:00:00
ATE 0145,Speed,2025-02,Live,3621.0,2026-09-10 04:00:00
ATE 0145,Speed,2025-03,Live,4271.0,2026-09-10 04:00:00
ATE 0145,Speed,2025-04,Live,3973.0,2026-09-10 04:00:00
ATE 0145,Speed,2025-05,Live,3874.0,2026-09-10 04:00:00
ATE 0145,Speed,2025-06,Live,4629.0,2026-09-10 04:00:00
ATE 0145,Speed,2025-07,Live,4670.0,2026-09-10 04:00:00
ATE 0145,Speed,2025-08,Live,3514.0,2026-09-10 04:00:00
ATE 0145,Speed,2025-09,Live,3254.0,2026-09-10 04:00:00
ATE 0145,Speed,2025-10,Live,4186.0,2026-09-10 04:00:00
ATE 0145,Speed,2025-11,Live,3299.0,2026-09-10 04:00:00
ATE 0145,Speed,2025-12,Live,3539.0,2026-09-10 04:00:00
ATE 0145,Speed,2026-01,Live,3243.0,2026-09-10 04:00:00
ATE 0145,Speed,2026-02,Live,3631.0,2026-09-10 04:00:00
ATE 0145,Speed,2026-03,Live,3942.0,2026-09-10 04:00:00
ATE 0145,Speed,2026-04,Live,3899.0,2026-09-10 04:00:00
ATE 0145,Speed,2026-05,Live,3658.0,2026-09-10 04:00:00
ATE 0145,Speed,2026-06,Live,2937.0,2026-09-10 04:00:00
ATE 0145,Speed,2026-07,Live,3238.0,2026-09-10 04:00:00
ATE 0145,Speed,2026-08,Live,4460.0,2026-09-10 04:00:00
ATE 0145,Speed,2026-09,Live,1205.0,2026-09-10 04:00:00
ATE 0147,Speed,2024-12,Live,398.0,2026-07-05 04:00:00
ATE 0147,Speed,2025-01,Live,317.0,2026-07-05 04:00:00
ATE 0147,Speed,2025-02,Live,279.0,2026-07-05 04:00:00
ATE 0147,Speed,2025-03,Live,350.0,2026-07-05 04:00:00
ATE 0147,Speed,2025-04,Live,318.0,2026-07-05 04:00:00
ATE 0147,Speed,2025-05,Live,273.0,2026-07-05 04:00:00
ATE 0147,Speed,2025-06,Live,369.0,2026-07-05 04:00:00
ATE 0147,Speed,2025-07,Live,491.0,2026-07-05 04:00:00
ATE 0147,Speed,2025-08,Live,343.0,2026-07-05 04:00:00
ATE 0147,Speed,2025-09,Live,349.0,2026-07-05 04:00:00
ATE 0147,Speed,2025-10,Live,234.0,2026-07-05 04:00:00
ATE 0147,Speed,2025-11,Live,278.0,2026-07-05 04:00:00
ATE 0147,Speed,2025-12,Live,243.0,2026-07-05 04:00:00
ATE 0147,Speed,2026-01,Live,119.0,2026-07-05 04:00:00
ATE 0147,Speed,2026-02,Live,178.0,2026-07-05 04:00:00
ATE 0147,Speed,2026-03,Live,382.0,2026-07-05 04:00:00
ATE 0147,Speed,2026-04,Live,490.0,2026-07-05 04:00:00
ATE 0147,Speed,2026-05,Live,430.0,2026-07-05 04:00:00
ATE 0147,Speed,2026-06,Live,394.0,2026-07-05 04:00:00
ATE 0147,Speed,2026-07,Live,54.0,2026-07-05 04:00:00
ATE 0147,Speed,2026-07,Warning,1528.0,2026-09-10 04:00:00
ATE 0147,Speed,2026-08,Warning,3965.0,2026-09-10 04:00:00
ATE 0147,Speed,2026-09,Warning,1356.0,2026-09-10 04:00:00
ATE 0148,Speed,2024-12,Live,306.0,2026-09-10 04:00:00
ATE 0148,Speed,2025-01,Live,217.0,2026-09-10 04:00:00
ATE 0148,Speed,2025-02,Live,233.0,2026-09-10 04:00:00
ATE 0148,Speed,2025-03,Live,270.0,2026-09-10 04:00:00
ATE 0148,Speed,2025-04,Live,286.0,2026-09-10 04:00:00
ATE 0148,Speed,2025-05,Live,301.0,2026-09-10 04:00:00
ATE 0148,Speed,2025-06,Live,233.0,2026-09-10 04:00:00
ATE 0148,Speed,2025-07,Live,835.0,2026-09-10 04:00:00
ATE 0148,Speed,2025-08,Live,557.0,2026-09-10 04:00:00
ATE 0148,Speed,2025-09,Live,460.0,2026-09-10 04:00:00
ATE 0148,Speed,2025-10,Live,414.0,2026-09-10 04:00:00
ATE 0148,Speed,2025-11,Live,336.0,2026-09-10 04:00:00
ATE 0148,Speed,2025-12,Live,460.0,2026-09-10 04:00:00
ATE 0148,Speed,2026-01,Live,325.0,2026-09-10 04:00:00
ATE 0148,Speed,2026-02,Live,283.0,2026-09-10 04:00:00
ATE 0148,Speed,2026-03,Live,426.0,2026-09-10 04:00:00
ATE 0148,Speed,2026-04,Live,642.0,2026-09-10 04:00:00
ATE 0148,Speed,2026-05,Live,427.0,2026-09-10 04:00:00
ATE 0148,Speed,2026-06,Live,358.0,2026-09-10 04:00:00
ATE 0148,Speed,2026-07,Live,418.0,2026-09-10 04:00:00
ATE 0148,Speed,2026-08,Live,429.0,2026-09-10 04:00:00
ATE 0148,Speed,2026-09,Live,133.0,2026-09-10 04:00:00
ATE 0150,Speed,2024-12,Live,801.0,2026-09-09 04:00:00
ATE 0150,Speed,2025-01,Live,742.0,2026-09-09 04:00:00
ATE 0150,Speed,2025-02,Live,721.0,2026-09-09 04:00:00
ATE 0150,Speed,2025-03,Live,872.0,2026-09-09 04:00:00
ATE 0150,Speed,2025-04,Live,939.0,2026-09-09 04:00:00
ATE 0150,Speed,2025-05,Live,894.0,2026-09-09 04:00:00
ATE 0150,Speed,2025-06,Live,858.0,2026-09-09 04:00:00
ATE 0150,Speed,2025-07,Live,1572.0,2026-09-09 04:00:00
ATE 0150,Speed,2025-08,Live,1400.0,2026-09-09 04:00:00
ATE 0150,Speed,2025-09,Live,1075.0,2026-09-09 04:00:00
ATE 0150,Speed,2025-10,Live,1264.0,2026-09-09 04:00:00
ATE 0150,Speed,2025-11,Live,1026.0,2026-09-09 04:00:00
ATE 0150,Speed,2025-12,Live,1293.0,2026-09-09 04:00:00
ATE 0150,Speed,2026-01,Live,880.0,2026-09-09 04:00:00
ATE 0150,Speed,2026-02,Live,347.0,2026-09-09 04:00:00
ATE 0150,Speed,2026-03,Live,663.0,2026-09-09 04:00:00
ATE 0150,Speed,2026-04,Live,1065.0,2026-09-09 04:00:00
ATE 0150,Speed,2026-05,Live,804.0,2026-09-09 04:00:00
ATE 0150,Speed,2026-06,Live,463.0,2026-09-09 04:00:00
ATE 0150,Speed,2026-07,Live,80.0,2026-09-09 04:00:00
ATE 0150,Speed,2026-08,Live,108.0,2026-09-09 04:00:00
ATE 0150,Speed,2026-09,Live,31.0,2026-09-09 04:00:00
ATE 0154,Speed,2024-12,Live,52.0,2025-07-29 04:00:00
ATE 0154,Speed,2025-01,Live,57.0,2025-07-29 04:00:00
ATE 0154,Speed,2025-02,Live,51.0,2025-07-29 04:00:00
ATE 0154,Speed,2025-03,Live,71.0,2025-07-29 04:00:00
ATE 0154,Speed,2025-04,Live,38.0,2025-07-29 04:00:00
ATE 0154,Speed,2025-05,Live,63.0,2025-07-29 04:00:00
ATE 0154,Speed,2025-06,Live,60.0,2025-07-29 04:00:00
ATE 0154,Speed,2025-07,Live,43.0,2025-07-29 04:00:00
ATE 0155,Speed,2024-12,Live,1051.0,2026-09-09 04:00:00
ATE 0155,Speed,2025-01,Live,822.0,2026-09-09 04:00:00
ATE 0155,Speed,2025-02,Live,809.0,2026-09-09 04:00:00
ATE 0155,Speed,2025-03,Live,854.0,2026-09-09 04:00:00
ATE 0155,Speed,2025-04,Live,874.0,2026-09-09 04:00:00
ATE 0155,Speed,2025-05,Live,932.0,2026-09-09 04:00:00
ATE 0155,Speed,2025-06,Live,841.0,2026-09-09 04:00:00
ATE 0155,Speed,2025-07,Live,531.0,2026-09-09 04:00:00
ATE 0155,Speed,2025-08,Live,504.0,2026-09-09 04:00:00
ATE 0155,Speed,2025-09,Live,345.0,2026-09-09 04:00:00
ATE 0155,Speed,2025-10,Live,448.0,2026-09-09 04:00:00
ATE 0155,Speed,2025-11,Live,479.0,2026-09-09 04:00:00
ATE 0155,Speed,2025-12,Live,480.0,2026-09-09 04:00:00
ATE 0155,Speed,2026-01,Live,398.0,2026-09-09 04:00:00
ATE 0155,Speed,2026-02,Live,339.0,2026-09-09 04:00:00
ATE 0155,Speed,2026-03,Live,511.0,2026-09-09 04:00:00
ATE 0155,Speed,2026-04,Live,456.0,2026-09-09 04:00:00
ATE 0155,Speed,2026-05,Live,373.0,2026-09-09 04:00:00
ATE 0155,Speed,2026-06,Live,340.0,2026-09-09 04:00:00
ATE 0155,Speed,2026-07,Live,384.0,2026-09-09 04:00:00
ATE 0155,Speed,2026-08,Live,365.0,2026-09-09 04:00:00
ATE 0155,Speed,2026-09,Live,134.0,2026-09-09 04:00:00
ATE 0158,Speed,2024-12,Live,1084.0,2026-09-10 04:00:00
ATE 0158,Speed,2025-01,Live,788.0,2026-09-10 04:00:00
ATE 0158,Speed,2025-02,Live,818.0,2026-09-10 04:00:00
ATE 0158,Speed,2025-03,Live,807.0,2026-09-10 04:00:00
ATE 0158,Speed,2025-04,Live,824.0,2026-09-10 04:00:00
ATE 0158,Speed,2025-05,Live,743.0,2026-09-10 04:00:00
ATE 0158,Speed,2025-06,Live,759.0,2026-09-10 04:00:00
ATE 0158,Speed,2025-07,Live,798.0,2026-09-10 04:00:00
ATE 0158,Speed,2025-08,Live,679.0,2026-09-10 04:00:00
ATE 0158,Speed,2025-09,Live,588.0,2026-09-10 04:00:00
ATE 0158,Speed,2025-10,Live,628.0,2026-09-10 04:00:00
ATE 0158,Speed,2025-11,Live,543.0,2026-09-10 04:00:00
ATE 0158,Speed,2025-12,Live,565.0,2026-09-10 04:00:00
ATE 0158,Speed,2026-01,Live,405.0,2026-09-10 04:00:00
ATE 0158,Speed,2026-02,Live,460.0,2026-09-10 04:00:00
ATE 0158,Speed,2026-03,Live,484.0,2026-09-10 04:00:00
ATE 0158,Speed,2026-04,Live,467.0,2026-09-10 04:00:00
ATE 0158,Speed,2026-05,Live,316.0,2026-09-10 04:00:00
ATE 0158,Speed,2026-06,Live,241.0,2026-09-10 04:00:00
ATE 0158,Speed,2026-07,Live,401.0,2026-09-10 04:00:00
ATE 0158,Speed,2026-08,Live,481.0,2026-09-10 04:00:00
ATE 0158,Speed,2026-09,Live,160.0,2026-09-10 04:00:00
ATE 0159,Speed,2024-12,Live,449.0,2026-09-09 04:00:00
ATE 0159,Speed,2025-01,Live,288.0,2026-09-09 04:00:00
ATE 0159,Speed,2025-02,Live,286.0,2026-09-09 04:00:00
ATE 0159,Speed,2025-03,Live,319.0,2026-09-09 04:00:00
ATE 0159,Speed,2025-04,Live,309.0,2026-09-09 04:00:00
ATE 0159,Speed,2025-05,Live,326.0,2026-09-09 04:00:00
ATE 0159,Speed,2025-06,Live,345.0,2026-09-09 04:00:00
ATE 0159,Speed,2025-07,Live,317.0,2026-09-09 04:00:00
ATE 0159,Speed,2025-08,Live,273.0,2026-09-09 04:00:00
ATE 0159,Speed,2025-09,Live,304.0,2026-09-09 04:00:00
ATE 0159,Speed,2025-10,Live,278.0,2026-09-09 04:00:00
ATE 0159,Speed,2025-11,Live,244.0,2026-09-09 04:00:00
ATE 0159,Speed,2025-12,Live,253.0,2026-09-09 04:00:00
ATE 0159,Speed,2026-01,Live,193.0,2026-09-09 04:00:00
ATE 0159,Speed,2026-02,Live,207.0,2026-09-09 04:00:00
ATE 0159,Speed,2026-03,Live,239.0,2026-09-09 04:00:00
ATE 0159,Speed,2026-04,Live,239.0,2026-09-09 04:00:00
ATE 0159,Speed,2026-05,Live,201.0,2026-09-09 04:00:00
ATE 0159,Speed,2026-06,Live,146.0,2026-09-09 04:00:00
ATE 0159,Speed,2026-07,Live,159.0,2026-09-09 04:00:00
ATE 0159,Speed,2026-08,Live,157.0,2026-09-09 04:00:00
ATE 0159,Speed,2026-09,Live,76.0,2026-09-09 04:00:00
ATE 0160,Speed,2024-12,Live,748.0,2026-09-10 04:00:00
ATE 0160,Speed,2025-01,Live,631.0,2026-09-10 04:00:00
ATE 0160,Speed,2025-02,Live,569.0,2026-09-10 04:00:00
ATE 0160,Speed,2025-03,Live,630.0,2026-09-10 04:00:00
ATE 0160,Speed,2025-04,Live,627.0,2026-09-10 04:00:00
ATE 0160,Speed,2025-05,Live,506.0,2026-09-10 04:00:00
ATE 0160,Speed,2025-06,Live,429.0,2026-09-10 04:00:00
ATE 0160,Speed,2025-07,Live,440.0,2026-09-10 04:00:00
ATE 0160,Speed,2025-08,Live,365.0,2026-09-10 04:00:00
ATE 0160,Speed,2025-09,Live,302.0,2026-09-10 04:00:00
ATE 0160,Speed,2025-10,Live,338.0,2026-09-10 04:00:00
ATE 0160,Speed,2025-11,Live,391.0,2026-09-10 04:00:00
ATE 0160,Speed,2025-12,Live,368.0,2026-09-10 04:00:00
ATE 0160,Speed,2026-01,Live,270.0,2026-09-10 04:00:00
ATE 0160,Speed,2026-02,Live,203.0,2026-09-10 04:00:00
ATE 0160,Speed,2026-03,Live,338.0,2026-09-10 04:00:00
ATE 0160,Speed,2026-04,Live,394.0,2026-09-10 04:00:00
ATE 0160,Speed,2026-05,Live,338.0,2026-09-10 04:00:00
ATE 0160,Speed,2026-06,Live,233.0,2026-09-10 04:00:00
ATE 0160,Speed,2026-07,Live,326.0,2026-09-10 04:00:00
ATE 0160,Speed,2026-08,Live,372.0,2026-09-10 04:00:00
ATE 0160,Speed,2026-09,Live,113.0,2026-09-10 04:00:00
ATE 0161,Speed,2024-12,Live,905.0,2026-09-09 04:00:00
ATE 0161,Speed,2025-01,Live,645.0,2026-09-09 04:00:00
ATE 0161,Speed,2025-02,Live,633.0,2026-09-09 04:00:00
ATE 0161,Speed,2025-03,Live,686.0,2026-09-09 04:00:00
ATE 0161,Speed,2025-04,Live,696.0,2026-09-09 04:00:00
ATE 0161,Speed,2025-05,Live,807.0,2026-09-09 04:00:00
ATE 0161,Speed,2025-06,Live,636.0,2026-09-09 04:00:00
ATE 0161,Speed,2025-07,Live,552.0,2026-09-09 04:00:00
ATE 0161,Speed,2025-08,Live,526.0,2026-09-09 04:00:00
ATE 0161,Speed,2025-09,Live,470.0,2026-09-09 04:00:00
ATE 0161,Speed,2025-10,Live,513.0,2026-09-09 04:00:00
ATE 0161,Speed,2025-11,Live,462.0,2026-09-09 04:00:00
ATE 0161,Speed,2025-12,Live,411.0,2026-09-09 04:00:00
ATE 0161,Speed,2026-01,Live,295.0,2026-09-09 04:00:00
ATE 0161,Speed,2026-02,Live,267.0,2026-09-09 04:00:00
ATE 0161,Speed,2026-03,Live,389.0,2026-09-09 04:00:00
ATE 0161,Speed,2026-04,Live,371.0,2026-09-09 04:00:00
ATE 0161,Speed,2026-05,Live,373.0,2026-09-09 04:00:00
ATE 0161,Speed,2026-06,Live,260.0,2026-09-09 04:00:00
ATE 0161,Speed,2026-07,Live,264.0,2026-09-09 04:00:00
ATE 0161,Speed,2026-08,Live,327.0,2026-09-09 04:00:00
ATE 0161,Speed,2026-09,Live,122.0,2026-09-09 04:00:00
ATE 0162,Speed,2024-12,Live,333.0,2026-09-10 04:00:00
ATE 0162,Speed,2025-01,Live,265.0,2026-09-10 04:00:00
ATE 0162,Speed,2025-02,Live,211.0,2026-09-10 04:00:00
ATE 0162,Speed,2025-03,Live,595.0,2026-09-10 04:00:00
ATE 0162,Speed,2025-04,Live,956.0,2026-09-10 04:00:00
ATE 0162,Speed,2025-05,Live,1179.0,2026-09-10 04:00:00
ATE 0162,Speed,2025-06,Live,958.0,2026-09-10 04:00:00
ATE 0162,Speed,2025-07,Live,907.0,2026-09-10 04:00:00
ATE 0162,Speed,2025-08,Live,722.0,2026-09-10 04:00:00
ATE 0162,Speed,2025-09,Live,692.0,2026-09-10 04:00:00
ATE 0162,Speed,2025-10,Live,735.0,2026-09-10 04:00:00
ATE 0162,Speed,2025-11,Live,856.0,2026-09-10 04:00:00
ATE 0162,Speed,2025-12,Live,1097.0,2026-09-10 04:00:00
ATE 0162,Speed,2026-01,Live,726.0,2026-09-10 04:00:00
ATE 0162,Speed,2026-02,Live,601.0,2026-09-10 04:00:00
ATE 0162,Speed,2026-03,Live,714.0,2026-09-10 04:00:00
ATE 0162,Speed,2026-04,Live,334.0,2026-09-10 04:00:00
ATE 0162,Speed,2026-05,Live,1071.0,2026-09-10 04:00:00
ATE 0162,Speed,2026-06,Live,712.0,2026-09-10 04:00:00
ATE 0162,Speed,2026-07,Live,572.0,2026-09-10 04:00:00
ATE 0162,Speed,2026-08,Live,541.0,2026-09-10 04:00:00
ATE 0162,Speed,2026-09,Live,236.0,2026-09-10 04:00:00
ATE 0164,Speed,2024-12,Live,284.0,2026-08-18 04:00:00
ATE 0164,Speed,2025-01,Live,186.0,2026-08-18 04:00:00
ATE 0164,Speed,2025-02,Live,212.0,2026-08-18 04:00:00
ATE 0164,Speed,2025-03,Live,343.0,2026-08-18 04:00:00
ATE 0164,Speed,2025-04,Live,397.0,2026-08-18 04:00:00
ATE 0164,Speed,2025-05,Live,384.0,2026-08-18 04:00:00
ATE 0164,Speed,2025-06,Live,409.0,2026-08-18 04:00:00
ATE 0164,Speed,2025-07,Live,365.0,2026-08-18 04:00:00
ATE 0164,Speed,2025-08,Live,334.0,2026-08-18 04:00:00
ATE 0164,Speed,2025-09,Live,258.0,2026-08-18 04:00:00
ATE 0164,Speed,2025-10,Live,257.0,2026-08-18 04:00:00
ATE 0164,Speed,2025-11,Live,223.0,2026-08-18 04:00:00
ATE 0164,Speed,2025-12,Live,253.0,2026-08-18 04:00:00
ATE 0164,Speed,2026-01,Live,172.0,2026-08-18 04:00:00
ATE 0164,Speed,2026-02,Live,174.0,2026-08-18 04:00:00
ATE 0164,Speed,2026-03,Live,268.0,2026-08-18 04:00:00
ATE 0164,Speed,2026-04,Live,287.0,2026-08-18 04:00:00
ATE 0164,Speed,2026-05,Live,266.0,2026-08-18 04:00:00
ATE 0164,Speed,2026-06,Live,9.0,2026-08-18 04:00:00
ATE 0164,Speed,2026-08,Live,99.0,2026-08-18 04:00:00
ATE 0166,Speed,2024-12,Live,3246.0,2026-09-09 04:00:00
ATE 0166,Speed,2025-01,Live,2300.0,2026-09-09 04:00:00
ATE 0166,Speed,2025-02,Live,1887.0,2026-09-09 04:00:00
ATE 0166,Speed,2025-03,Live,3108.0,2026-09-09 04:00:00
ATE 0166,Speed,2025-04,Live,2356.0,2026-09-09 04:00:00
ATE 0166,Speed,2025-05,Live,1859.0,2026-09-09 04:00:00
ATE 0166,Speed,2025-06,Live,1876.0,2026-09-09 04:00:00
ATE 0166,Speed,2025-07,Live,2119.0,2026-09-09 04:00:00
ATE 0166,Speed,2025-08,Live,1758.0,2026-09-09 04:00:00
ATE 0166,Speed,2025-09,Live,1629.0,2026-09-09 04:00:00
ATE 0166,Speed,2025-10,Live,1437.0,2026-09-09 04:00:00
ATE 0166,Speed,2025-11,Live,1321.0,2026-09-09 04:00:00
ATE 0166,Speed,2025-12,Live,1079.0,2026-09-09 04:00:00
ATE 0166,Speed,2026-01,Live,982.0,2026-09-09 04:00:00
ATE 0166,Speed,2026-02,Live,920.0,2026-09-09 04:00:00
ATE 0166,Speed,2026-03,Live,990.0,2026-09-09 04:00:00
ATE 0166,Speed,2026-04,Live,1087.0,2026-09-09 04:00:00
ATE 0166,Speed,2026-05,Live,1054.0,2026-09-09 04:00:00
ATE 0166,Speed,2026-06,Live,702.0,2026-09-09 04:00:00
ATE 0166,Speed,2026-07,Live,985.0,2026-09-09 04:00:00
ATE 0166,Speed,2026-08,Live,1078.0,2026-09-09 04:00:00
ATE 0166,Speed,2026-09,Live,428.0,2026-09-09 04:00:00
ATE 0168,Speed,2024-12,Live,182.0,2026-09-10 04:00:00
ATE 0168,Speed,2025-01,Live,138.0,2026-09-10 04:00:00
ATE 0168,Speed,2025-02,Live,113.0,2026-09-10 04:00:00
ATE 0168,Speed,2025-03,Live,142.0,2026-09-10 04:00:00
ATE 0168,Speed,2025-04,Live,205.0,2026-09-10 04:00:00
ATE 0168,Speed,2025-05,Live,231.0,2026-09-10 04:00:00
ATE 0168,Speed,2025-06,Live,190.0,2026-09-10 04:00:00
ATE 0168,Speed,2025-07,Live,67.0,2026-09-10 04:00:00
ATE 0168,Speed,2025-08,Live,29.0,2026-09-10 04:00:00
ATE 0168,Speed,2025-09,Live,67.0,2026-09-10 04:00:00
ATE 0168,Speed,2025-10,Live,28.0,2026-09-10 04:00:00
ATE 0168,Speed,2025-12,Warning,389.0,2025-12-19 05:00:00
ATE 0168,Speed,2026-01,Live,163.0,2026-09-10 04:00:00
ATE 0168,Speed,2026-02,Live,224.0,2026-09-10 04:00:00
ATE 0168,Speed,2026-03,Live,644.0,2026-09-10 04:00:00
ATE 0168,Speed,2026-04,Live,484.0,2026-09-10 04:00:00
ATE 0168,Speed,2026-05,Live,339.0,2026-09-10 04:00:00
ATE 0168,Speed,2026-06,Live,252.0,2026-09-10 04:00:00
ATE 0168,Speed,2026-07,Live,325.0,2026-09-10 04:00:00
ATE 0168,Speed,2026-08,Live,258.0,2026-09-10 04:00:00
ATE 0168,Speed,2026-09,Live,69.0,2026-09-10 04:00:00
ATE 0169,Speed,2024-12,Live,164.0,2025-10-18 04:00:00
ATE 0169,Speed,2025-01,Live,123.0,2025-10-18 04:00:00
ATE 0169,Speed,2025-02,Live,109.0,2025-10-18 04:00:00
ATE 0169,Speed,2025-03,Live,146.0,2025-10-18 04:00:00
ATE 0169,Speed,2025-04,Live,174.0,2025-10-18 04:00:00
ATE 0169,Speed,2025-05,Live,123.0,2025-10-18 04:00:00
ATE 0169,Speed,2025-06,Live,109.0,2025-10-18 04:00:00
ATE 0169,Speed,2025-07,Live,72.0,2025-10-18 04:00:00
ATE 0169,Speed,2025-08,Live,12.0,2025-10-18 04:00:00
ATE 0169,Speed,2025-09,Live,9.0,2025-10-18 04:00:00
ATE 0169,Speed,2025-10,Live,16.0,2025-10-18 04:00:00
ATE 0169,Speed,2025-11,Warning,6.0,2025-11-20 05:00:00
ATE 0170,Speed,2024-12,Live,256.0,2026-09-10 04:00:00
ATE 0170,Speed,2025-01,Live,204.0,2026-09-10 04:00:00
ATE 0170,Speed,2025-02,Live,154.0,2026-09-10 04:00:00
ATE 0170,Speed,2025-03,Live,105.0,2026-09-10 04:00:00
ATE 0170,Speed,2025-04,Live,91.0,2026-09-10 04:00:00
ATE 0170,Speed,2025-05,Live,88.0,2026-09-10 04:00:00
ATE 0170,Speed,2025-06,Live,105.0,2026-09-10 04:00:00
ATE 0170,Speed,2025-07,Live,85.0,2026-09-10 04:00:00
ATE 0170,Speed,2025-08,Live,90.0,2026-09-10 04:00:00
ATE 0170,Speed,2025-09,Live,62.0,2026-09-10 04:00:00
ATE 0170,Speed,2025-10,Live,67.0,2026-09-10 04:00:00
ATE 0170,Speed,2025-11,Live,52.0,2026-09-10 04:00:00
ATE 0170,Speed,2025-12,Live,37.0,2026-09-10 04:00:00
ATE 0170,Speed,2026-01,Live,45.0,2026-09-10 04:00:00
ATE 0170,Speed,2026-02,Live,35.0,2026-09-10 04:00:00
ATE 0170,Speed,2026-03,Live,95.0,2026-09-10 04:00:00
ATE 0170,Speed,2026-04,Live,129.0,2026-09-10 04:00:00
ATE 0170,Speed,2026-05,Live,144.0,2026-09-10 04:00:00
ATE 0170,Speed,2026-06,Live,117.0,2026-09-10 04:00:00
ATE 0170,Speed,2026-07,Live,110.0,2026-09-10 04:00:00
ATE 0170,Speed,2026-08,Live,117.0,2026-09-10 04:00:00
ATE 0170,Speed,2026-09,Live,41.0,2026-09-10 04:00:00
ATE 0171,Speed,2024-12,Live,81.0,2026-09-10 04:00:00
ATE 0171,Speed,2025-01,Live,80.0,2026-09-10 04:00:00
ATE 0171,Speed,2025-02,Live,92.0,2026-09-10 04:00:00
ATE 0171,Speed,2025-03,Live,232.0,2026-09-10 04:00:00
ATE 0171,Speed,2025-04,Live,386.0,2026-09-10 04:00:00
ATE 0171,Speed,2025-05,Live,434.0,2026-09-10 04:00:00
ATE 0171,Speed,2025-06,Live,684.0,2026-09-10 04:00:00
ATE 0171,Speed,2025-07,Live,651.0,2026-09-10 04:00:00
ATE 0171,Speed,2025-08,Live,400.0,2026-09-10 04:00:00
ATE 0171,Speed,2025-09,Live,421.0,2026-09-10 04:00:00
ATE 0171,Speed,2025-10,Live,521.0,2026-09-10 04:00:00
ATE 0171,Speed,2025-11,Live,486.0,2026-09-10 04:00:00
ATE 0171,Speed,2025-12,Live,289.0,2026-09-10 04:00:00
ATE 0171,Speed,2026-01,Live,74.0,2026-09-10 04:00:00
ATE 0171,Speed,2026-02,Live,64.0,2026-09-10 04:00:00
ATE 0171,Speed,2026-03,Live,104.0,2026-09-10 04:00:00
ATE 0171,Speed,2026-04,Live,57.0,2026-09-10 04:00:00
ATE 0171,Speed,2026-05,Live,178.0,2026-09-10 04:00:00
ATE 0171,Speed,2026-06,Live,152.0,2026-09-10 04:00:00
ATE 0171,Speed,2026-07,Live,202.0,2026-09-10 04:00:00
ATE 0171,Speed,2026-08,Live,219.0,2026-09-10 04:00:00
ATE 0171,Speed,2026-09,Live,63.0,2026-09-10 04:00:00
ATE 0173,Speed,2024-12,Live,219.0,2026-09-09 04:00:00
ATE 0173,Speed,2025-01,Live,134.0,2026-09-09 04:00:00
ATE 0173,Speed,2025-02,Live,99.0,2026-09-09 04:00:00
ATE 0173,Speed,2025-03,Live,294.0,2026-09-09 04:00:00
ATE 0173,Speed,2025-04,Live,318.0,2026-09-09 04:00:00
ATE 0173,Speed,2025-05,Live,339.0,2026-09-09 04:00:00
ATE 0173,Speed,2025-06,Live,400.0,2026-09-09 04:00:00
ATE 0173,Speed,2025-07,Live,392.0,2026-09-09 04:00:00
ATE 0173,Speed,2025-08,Live,333.0,2026-09-09 04:00:00
ATE 0173,Speed,2025-09,Live,158.0,2026-09-09 04:00:00
ATE 0173,Speed,2025-10,Live,137.0,2026-09-09 04:00:00
ATE 0173,Speed,2025-11,Live,84.0,2026-09-09 04:00:00
ATE 0173,Speed,2025-12,Live,82.0,2026-09-09 04:00:00
ATE 0173,Speed,2026-01,Live,82.0,2026-09-09 04:00:00
ATE 0173,Speed,2026-02,Live,76.0,2026-09-09 04:00:00
ATE 0173,Speed,2026-03,Live,136.0,2026-09-09 04:00:00
ATE 0173,Speed,2026-04,Live,165.0,2026-09-09 04:00:00
ATE 0173,Speed,2026-05,Live,165.0,2026-09-09 04:00:00
ATE 0173,Speed,2026-06,Live,127.0,2026-09-09 04:00:00
ATE 0173,Speed,2026-07,Live,148.0,2026-09-09 04:00:00
ATE 0173,Speed,2026-08,Live,105.0,2026-09-09 04:00:00
ATE 0173,Speed,2026-09,Live,49.0,2026-09-09 04:00:00
ATE 0175,Speed,2024-12,Live,898.0,2026-09-10 04:00:00
ATE 0175,Speed,2025-01,Live,668.0,2026-09-10 04:00:00
ATE 0175,Speed,2025-02,Live,713.0,2026-09-10 04:00:00
ATE 0175,Speed,2025-03,Live,895.0,2026-09-10 04:00:00
ATE 0175,Speed,2025-04,Live,867.0,2026-09-10 04:00:00
ATE 0175,Speed,2025-05,Live,774.0,2026-09-10 04:00:00
ATE 0175,Speed,2025-06,Live,737.0,2026-09-10 04:00:00
ATE 0175,Speed,2025-07,Live,778.0,2026-09-10 04:00:00
ATE 0175,Speed,2025-08,Live,687.0,2026-09-10 04:00:00
ATE 0175,Speed,2025-09,Live,696.0,2026-09-10 04:00:00
ATE 0175,Speed,2025-10,Live,767.0,2026-09-10 04:00:00
ATE 0175,Speed,2025-11,Live,691.0,2026-09-10 04:00:00
ATE 0175,Speed,2025-12,Live,698.0,2026-09-10 04:00:00
ATE 0175,Speed,2026-01,Live,596.0,2026-09-10 04:00:00
ATE 0175,Speed,2026-02,Live,589.0,2026-09-10 04:00:00
ATE 0175,Speed,2026-03,Live,754.0,2026-09-10 04:00:00
ATE 0175,Speed,2026-04,Live,794.0,2026-09-10 04:00:00
ATE 0175,Speed,2026-05,Live,638.0,2026-09-10 04:00:00
ATE 0175,Speed,2026-06,Live,501.0,2026-09-10 04:00:00
ATE 0175,Speed,2026-07,Live,557.0,2026-09-10 04:00:00
ATE 0175,Speed,2026-08,Live,594.0,2026-09-10 04:00:00
ATE 0175,Speed,2026-09,Live,202.0,2026-09-10 04:00:00
ATE 0176,Speed,2024-12,Live,1639.0,2026-09-10 04:00:00
ATE 0176,Speed,2025-01,Live,1091.0,2026-09-10 04:00:00
ATE 0176,Speed,2025-02,Live,1184.0,2026-09-10 04:00:00
ATE 0176,Speed,2025-03,Live,1385.0,2026-09-10 04:00:00
ATE 0176,Speed,2025-04,Live,1322.0,2026-09-10 04:00:00
ATE 0176,Speed,2025-05,Live,1231.0,2026-09-10 04:00:00
ATE 0176,Speed,2025-06,Live,1193.0,2026-09-10 04:00:00
ATE 0176,Speed,2025-07,Live,1339.0,2026-09-10 04:00:00
ATE 0176,Speed,2025-08,Live,1133.0,2026-09-10 04:00:00
ATE 0176,Speed,2025-09,Live,1023.0,2026-09-10 04:00:00
ATE 0176,Speed,2025-10,Live,852.0,2026-09-10 04:00:00
ATE 0176,Speed,2025-11,Live,875.0,2026-09-10 04:00:00
ATE 0176,Speed,2025-12,Live,692.0,2026-09-10 04:00:00
ATE 0176,Speed,2026-01,Live,601.0,2026-09-10 04:00:00
ATE 0176,Speed,2026-02,Live,555.0,2026-09-10 04:00:00
ATE 0176,Speed,2026-03,Live,880.0,2026-09-10 04:00:00
ATE 0176,Speed,2026-04,Live,958.0,2026-09-10 04:00:00
ATE 0176,Speed,2026-05,Live,786.0,2026-09-10 04:00:00
ATE 0176,Speed,2026-06,Live,555.0,2026-09-10 04:00:00
ATE 0176,Speed,2026-07,Live,603.0,2026-09-10 04:00:00
ATE 0176,Speed,2026-08,Live,647.0,2026-09-10 04:00:00
ATE 0176,Speed,2026-09,Live,239.0,2026-09-10 04:00:00
ATE 0179,Stop Sign,2024-12,Live,840.0,2026-09-07 04:00:00
ATE 0179,Stop Sign,2025-01,Live,1642.0,2026-09-07 04:00:00
ATE 0179,Stop Sign,2025-02,Live,1498.0,2026-09-07 04:00:00
ATE 0179,Stop Sign,2025-03,Live,2140.0,2026-09-07 04:00:00
ATE 0179,Stop Sign,2025-04,Live,1843.0,2026-09-07 04:00:00
ATE 0179,Stop Sign,2025-05,Live,2299.0,2026-09-07 04:00:00
ATE 0179,Stop Sign,2025-06,Live,2172.0,2026-09-07 04:00:00
ATE 0179,Stop Sign,2025-07,Live,1984.0,2026-09-07 04:00:00
ATE 0179,Stop Sign,2025-08,Live,1748.0,2026-09-07 04:00:00
ATE 0179,Stop Sign,2025-09,Live,1675.0,2026-09-07 04:00:00
ATE 0179,Stop Sign,2025-10,Live,1680.0,2026-09-07 04:00:00
ATE 0179,Stop Sign,2025-11,Live,1234.0,2026-09-07 04:00:00
ATE 0179,Stop Sign,2025-12,Live,1469.0,2026-09-07 04:00:00
ATE 0179,Stop Sign,2026-01,Live,1383.0,2026-09-07 04:00:00
ATE 0179,Stop Sign,2026-02,Live,1414.0,2026-09-07 04:00:00
ATE 0179,Stop Sign,2026-03,Live,1187.0,2026-09-07 04:00:00
ATE 0179,Stop Sign,2026-04,Live,1297.0,2026-09-07 04:00:00
ATE 0179,Stop Sign,2026-05,Live,1619.0,2026-09-07 04:00:00
ATE 0179,Stop Sign,2026-06,Live,1745.0,2026-09-07 04:00:00
ATE 0179,Stop Sign,2026-07,Live,1651.0,2026-09-07 04:00:00
ATE 0179,Stop Sign,2026-08,Live,1369.0,2026-09-07 04:00:00
ATE 0179,Stop Sign,2026-09,Live,159.0,2026-09-07 04:00:00
ATE 0183,Speed,2024-12,Live,1640.0,2026-09-10 04:00:00
ATE 0183,Speed,2025-01,Live,1400.0,2026-09-10 04:00:00
ATE 0183,Speed,2025-02,Live,901.0,2026-09-10 04:00:00
ATE 0183,Speed,2025-03,Live,1712.0,2026-09-10 04:00:00
ATE 0183,Speed,2025-04,Live,2061.0,2026-09-10 04:00:00
ATE 0183,Speed,2025-05,Live,1456.0,2026-09-10 04:00:00
ATE 0183,Speed,2025-06,Live,1314.0,2026-09-10 04:00:00
ATE 0183,Speed,2025-07,Live,1151.0,2026-09-10 04:00:00
ATE 0183,Speed,2025-08,Live,1209.0,2026-09-10 04:00:00
ATE 0183,Speed,2025-09,Live,1062.0,2026-09-10 04:00:00
ATE 0183,Speed,2025-10,Live,1076.0,2026-09-10 04:00:00
ATE 0183,Speed,2025-11,Live,758.0,2026-09-10 04:00:00
ATE 0183,Speed,2025-12,Live,882.0,2026-09-10 04:00:00
ATE 0183,Speed,2026-01,Live,730.0,2026-09-10 04:00:00
ATE 0183,Speed,2026-02,Live,657.0,2026-09-10 04:00:00
ATE 0183,Speed,2026-03,Live,787.0,2026-09-10 04:00:00
ATE 0183,Speed,2026-04,Live,446.0,2026-09-10 04:00:00
ATE 0183,Speed,2026-05,Live,323.0,2026-09-10 04:00:00
ATE 0183,Speed,2026-06,Live,276.0,2026-09-10 04:00:00
ATE 0183,Speed,2026-07,Live,326.0,2026-09-10 04:00:00
ATE 0183,Speed,2026-08,Live,365.0,2026-09-10 04:00:00
ATE 0183,Speed,2026-09,Live,160.0,2026-09-10 04:00:00
ATE 0186,Speed,2024-12,Live,1164.0,2026-09-10 04:00:00
ATE 0186,Speed,2025-01,Live,870.0,2026-09-10 04:00:00
ATE 0186,Speed,2025-02,Live,864.0,2026-09-10 04:00:00
ATE 0186,Speed,2025-03,Live,957.0,2026-09-10 04:00:00
ATE 0186,Speed,2025-04,Live,949.0,2026-09-10 04:00:00
ATE 0186,Speed,2025-05,Live,1037.0,2026-09-10 04:00:00
ATE 0186,Speed,2025-06,Live,1055.0,2026-09-10 04:00:00
ATE 0186,Speed,2025-07,Live,1544.0,2026-09-10 04:00:00
ATE 0186,Speed,2025-08,Live,814.0,2026-09-10 04:00:00
ATE 0186,Speed,2025-09,Live,254.0,2026-09-10 04:00:00
ATE 0186,Speed,2025-10,Live,187.0,2026-09-10 04:00:00
ATE 0186,Speed,2025-11,Live,346.0,2026-09-10 04:00:00
ATE 0186,Speed,2025-12,Live,224.0,2026-09-10 04:00:00
ATE 0186,Speed,2026-01,Live,191.0,2026-09-10 04:00:00
ATE 0186,Speed,2026-02,Live,282.0,2026-09-10 04:00:00
ATE 0186,Speed,2026-03,Live,361.0,2026-09-10 04:00:00
ATE 0186,Speed,2026-04,Live,544.0,2026-09-10 04:00:00
ATE 0186,Speed,2026-05,Live,1081.0,2026-09-10 04:00:00
ATE 0186,Speed,2026-06,Live,1045.0,2026-09-10 04:00:00
ATE 0186,Speed,2026-07,Live,1246.0,2026-09-10 04:00:00
ATE 0186,Speed,2026-08,Live,1404.0,2026-09-10 04:00:00
ATE 0186,Speed,2026-09,Live,450.0,2026-09-10 04:00:00
ATE 0187,Speed,2024-12,Live,1157.0,2026-09-10 04:00:00
ATE 0187,Speed,2025-01,Live,916.0,2026-09-10 04:00:00
ATE 0187,Speed,2025-02,Live,966.0,2026-09-10 04:00:00
ATE 0187,Speed,2025-03,Live,1131.0,2026-09-10 04:00:00
ATE 0187,Speed,2025-04,Live,1078.0,2026-09-10 04:00:00
ATE 0187,Speed,2025-05,Live,1061.0,2026-09-10 04:00:00
ATE 0187,Speed,2025-06,Live,1112.0,2026-09-10 04:00:00
ATE 0187,Speed,2025-07,Live,1071.0,2026-09-10 04:00:00
ATE 0187,Speed,2025-08,Live,1049.0,2026-09-10 04:00:00
ATE 0187,Speed,2025-09,Live,818.0,2026-09-10 04:00:00
ATE 0187,Speed,2025-10,Live,717.0,2026-09-10 04:00:00
ATE 0187,Speed,2025-11,Live,739.0,2026-09-10 04:00:00
ATE 0187,Speed,2025-12,Live,666.0,2026-09-10 04:00:00
ATE 0187,Speed,2026-01,Live,491.0,2026-09-10 04:00:00
ATE 0187,Speed,2026-02,Live,633.0,2026-09-10 04:00:00
ATE 0187,Speed,2026-03,Live,722.0,2026-09-10 04:00:00
ATE 0187,Speed,2026-04,Live,554.0,2026-09-10 04:00:00
ATE 0187,Speed,2026-05,Live,676.0,2026-09-10 04:00:00
ATE 0187,Speed,2026-06,Live,507.0,2026-09-10 04:00:00
ATE 0187,Speed,2026-07,Live,681.0,2026-09-10 04:00:00
ATE 0187,Speed,2026-08,Live,729.0,2026-09-10 04:00:00
ATE 0187,Speed,2026-09,Live,252.0,2026-09-10 04:00:00
ATE 0188,Speed,2024-12,Live,253.0,2025-09-20 04:00:00
ATE 0188,Speed,2025-01,Live,256.0,2025-09-20 04:00:00
ATE 0188,Speed,2025-02,Live,269.0,2025-09-20 04:00:00
ATE 0188,Speed,2025-03,Live,376.0,2025-09-20 04:00:00
ATE 0188,Speed,2025-04,Live,316.0,2025-09-20 04:00:00
ATE 0188,Speed,2025-05,Live,307.0,2025-09-20 04:00:00
ATE 0188,Speed,2025-06,Live,240.0,2025-09-20 04:00:00
ATE 0188,Speed,2025-07,Live,291.0,2025-09-20 04:00:00
ATE 0188,Speed,2025-08,Live,216.0,2025-09-20 04:00:00
ATE 0188,Speed,2025-09,Idle,117.0,2025-11-06 05:00:00
ATE 0188,Speed,2025-09,Live,176.0,2025-09-20 04:00:00
ATE 0188,Speed,2025-10,Idle,324.0,2025-11-06 05:00:00
ATE 0188,Speed,2025-11,Idle,36.0,2025-11-06 05:00:00
ATE 0191,Speed,2024-12,Live,96.0,2025-07-31 04:00:00
ATE 0191,Speed,2025-01,Live,63.0,2025-07-31 04:00:00
ATE 0191,Speed,2025-02,Live,80.0,2025-07-31 04:00:00
ATE 0191,Speed,2025-03,Live,97.0,2025-07-31 04:00:00
ATE 0191,Speed,2025-04,Live,70.0,2025-07-31 04:00:00
ATE 0191,Speed,2025-05,Live,53.0,2025-07-31 04:00:00
ATE 0191,Speed,2025-06,Live,30.0,2025-07-31 04:00:00
ATE 0191,Speed,2025-07,Live,21.0,2025-07-31 04:00:00
ATE 0193,Speed,2024-12,Live,1061.0,2026-09-09 04:00:00
ATE 0193,Speed,2025-01,Live,836.0,2026-09-09 04:00:00
ATE 0193,Speed,2025-02,Live,799.0,2026-09-09 04:00:00
ATE 0193,Speed,2025-03,Live,1207.0,2026-09-09 04:00:00
ATE 0193,Speed,2025-04,Live,1331.0,2026-09-09 04:00:00
ATE 0193,Speed,2025-05,Live,1172.0,2026-09-09 04:00:00
ATE 0193,Speed,2025-06,Live,1036.0,2026-09-09 04:00:00
ATE 0193,Speed,2025-07,Live,1002.0,2026-09-09 04:00:00
ATE 0193,Speed,2025-08,Live,913.0,2026-09-09 04:00:00
ATE 0193,Speed,2025-09,Live,767.0,2026-09-09 04:00:00
ATE 0193,Speed,2025-10,Live,825.0,2026-09-09 04:00:00
ATE 0193,Speed,2025-11,Live,678.0,2026-09-09 04:00:00
ATE 0193,Speed,2025-12,Live,615.0,2026-09-09 04:00:00
ATE 0193,Speed,2026-01,Live,535.0,2026-09-09 04:00:00
ATE 0193,Speed,2026-02,Live,483.0,2026-09-09 04:00:00
ATE 0193,Speed,2026-03,Live,633.0,2026-09-09 04:00:00
ATE 0193,Speed,2026-04,Live,701.0,2026-09-09 04:00:00
ATE 0193,Speed,2026-05,Live,618.0,2026-09-09 04:00:00
ATE 0193,Speed,2026-06,Live,381.0,2026-09-09 04:00:00
ATE 0193,Speed,2026-07,Live,423.0,2026-09-09 04:00:00
ATE 0193,Speed,2026-08,Live,600.0,2026-09-09 04:00:00
ATE 0193,Speed,2026-09,Live,199.0,2026-09-09 04:00:00
ATE 0199,Speed,2024-12,Live,1755.0,2026-09-10 04:00:00
ATE 0199,Speed,2025-01,Live,1122.0,2026-09-10 04:00:00
ATE 0199,Speed,2025-02,Live,1301.0,2026-09-10 04:00:00
ATE 0199,Speed,2025-03,Live,1665.0,2026-09-10 04:00:00
ATE 0199,Speed,2025-04,Live,2057.0,2026-09-10 04:00:00
ATE 0199,Speed,2025-05,Live,2013.0,2026-09-10 04:00:00
ATE 0199,Speed,2025-06,Live,2064.0,2026-09-10 04:00:00
ATE 0199,Speed,2025-07,Live,2143.0,2026-09-10 04:00:00
ATE 0199,Speed,2025-08,Live,1966.0,2026-09-10 04:00:00
ATE 0199,Speed,2025-09,Live,1690.0,2026-09-10 04:00:00
ATE 0199,Speed,2025-10,Live,1787.0,2026-09-10 04:00:00
ATE 0199,Speed,2025-11,Live,1449.0,2026-09-10 04:00:00
ATE 0199,Speed,2025-12,Live,1285.0,2026-09-10 04:00:00
ATE 0199,Speed,2026-01,Live,1040.0,2026-09-10 04:00:00
ATE 0199,Speed,2026-02,Live,961.0,2026-09-10 04:00:00
ATE 0199,Speed,2026-03,Live,1420.0,2026-09-10 04:00:00
ATE 0199,Speed,2026-04,Live,1602.0,2026-09-10 04:00:00
ATE 0199,Speed,2026-05,Live,1590.0,2026-09-10 04:00:00
ATE 0199,Speed,2026-06,Live,1201.0,2026-09-10 04:00:00
ATE 0199,Speed,2026-07,Live,1403.0,2026-09-10 04:00:00
ATE 0199,Speed,2026-08,Live,1417.0,2026-09-10 04:00:00
ATE 0199,Speed,2026-09,Live,541.0,2026-09-10 04:00:00
ATE 0200,Speed,2024-12,Live,274.0,2026-09-02 04:00:00
ATE 0200,Speed,2025-01,Live,231.0,2026-09-02 04:00:00
ATE 0200,Speed,2025-02,Live,185.0,2026-09-02 04:00:00
ATE 0200,Speed,2025-03,Live,739.0,2026-09-02 04:00:00
ATE 0200,Speed,2025-04,Live,1837.0,2026-09-02 04:00:00
ATE 0200,Speed,2025-05,Live,1807.0,2026-09-02 04:00:00
ATE 0200,Speed,2025-06,Live,1779.0,2026-09-02 04:00:00
ATE 0200,Speed,2025-07,Live,1737.0,2026-09-02 04:00:00
ATE 0200,Speed,2025-08,Live,1441.0,2026-09-02 04:00:00
ATE 0200,Speed,2025-09,Live,1218.0,2026-09-02 04:00:00
ATE 0200,Speed,2025-10,Live,1128.0,2026-09-02 04:00:00
ATE 0200,Speed,2025-11,Live,991.0,2026-09-02 04:00:00
ATE 0200,Speed,2025-12,Live,909.0,2026-09-02 04:00:00
ATE 0200,Speed,2026-01,Live,766.0,2026-09-02 04:00:00
ATE 0200,Speed,2026-02,Live,788.0,2026-09-02 04:00:00
ATE 0200,Speed,2026-03,Live,781.0,2026-09-02 04:00:00
ATE 0200,Speed,2026-04,Live,1015.0,2026-09-02 04:00:00
ATE 0200,Speed,2026-05,Live,1258.0,2026-09-02 04:00:00
ATE 0200,Speed,2026-06,Live,969.0,2026-09-02 04:00:00
ATE 0200,Speed,2026-07,Live,1026.0,2026-09-02 04:00:00
ATE 0200,Speed,2026-08,Live,1160.0,2026-09-02 04:00:00
ATE 0200,Speed,2026-09,Live,49.0,2026-09-02 04:00:00
ATE 0204,Speed,2024-12,Live,955.0,2026-09-10 04:00:00
ATE 0204,Speed,2025-01,Live,802.0,2026-09-10 04:00:00
ATE 0204,Speed,2025-02,Live,733.0,2026-09-10 04:00:00
ATE 0204,Speed,2025-03,Live,906.0,2026-09-10 04:00:00
ATE 0204,Speed,2025-04,Live,702.0,2026-09-10 04:00:00
ATE 0204,Speed,2025-05,Live,797.0,2026-09-10 04:00:00
ATE 0204,Speed,2025-06,Live,822.0,2026-09-10 04:00:00
ATE 0204,Speed,2025-07,Live,841.0,2026-09-10 04:00:00
ATE 0204,Speed,2025-08,Live,533.0,2026-09-10 04:00:00
ATE 0204,Speed,2025-09,Live,608.0,2026-09-10 04:00:00
ATE 0204,Speed,2025-10,Live,719.0,2026-09-10 04:00:00
ATE 0204,Speed,2025-11,Live,712.0,2026-09-10 04:00:00
ATE 0204,Speed,2025-12,Live,873.0,2026-09-10 04:00:00
ATE 0204,Speed,2026-01,Live,654.0,2026-09-10 04:00:00
ATE 0204,Speed,2026-02,Live,501.0,2026-09-10 04:00:00
ATE 0204,Speed,2026-03,Live,740.0,2026-09-10 04:00:00
ATE 0204,Speed,2026-04,Live,777.0,2026-09-10 04:00:00
ATE 0204,Speed,2026-05,Live,758.0,2026-09-10 04:00:00
ATE 0204,Speed,2026-06,Live,615.0,2026-09-10 04:00:00
ATE 0204,Speed,2026-07,Live,617.0,2026-09-10 04:00:00
ATE 0204,Speed,2026-08,Live,704.0,2026-09-10 04:00:00
ATE 0204,Speed,2026-09,Live,219.0,2026-09-10 04:00:00
ATE 0206,Speed,2024-12,Live,2272.0,2026-09-10 04:00:00
ATE 0206,Speed,2025-01,Live,1817.0,2026-09-10 04:00:00
ATE 0206,Speed,2025-02,Live,1661.0,2026-09-10 04:00:00
ATE 0206,Speed,2025-03,Live,1834.0,2026-09-10 04:00:00
ATE 0206,Speed,2025-04,Live,1777.0,2026-09-10 04:00:00
ATE 0206,Speed,2025-05,Live,1855.0,2026-09-10 04:00:00
ATE 0206,Speed,2025-06,Live,1639.0,2026-09-10 04:00:00
ATE 0206,Speed,2025-07,Live,1729.0,2026-09-10 04:00:00
ATE 0206,Speed,2025-08,Live,1684.0,2026-09-10 04:00:00
ATE 0206,Speed,2025-09,Live,1497.0,2026-09-10 04:00:00
ATE 0206,Speed,2025-10,Live,1351.0,2026-09-10 04:00:00
ATE 0206,Speed,2025-11,Live,1309.0,2026-09-10 04:00:00
ATE 0206,Speed,2025-12,Live,1367.0,2026-09-10 04:00:00
ATE 0206,Speed,2026-01,Live,1071.0,2026-09-10 04:00:00
ATE 0206,Speed,2026-02,Live,1072.0,2026-09-10 04:00:00
ATE 0206,Speed,2026-03,Live,1516.0,2026-09-10 04:00:00
ATE 0206,Speed,2026-04,Live,1667.0,2026-09-10 04:00:00
ATE 0206,Speed,2026-05,Live,1498.0,2026-09-10 04:00:00
ATE 0206,Speed,2026-06,Live,1110.0,2026-09-10 04:00:00
ATE 0206,Speed,2026-07,Live,1114.0,2026-09-10 04:00:00
ATE 0206,Speed,2026-08,Live,1317.0,2026-09-10 04:00:00
ATE 0206,Speed,2026-09,Live,534.0,2026-09-10 04:00:00
ATE 0207,Speed,2024-12,Live,454.0,2026-09-10 04:00:00
ATE 0207,Speed,2025-01,Live,417.0,2026-09-10 04:00:00
ATE 0207,Speed,2025-02,Live,364.0,2026-09-10 04:00:00
ATE 0207,Speed,2025-03,Live,543.0,2026-09-10 04:00:00
ATE 0207,Speed,2025-04,Live,555.0,2026-09-10 04:00:00
ATE 0207,Speed,2025-05,Live,529.0,2026-09-10 04:00:00
ATE 0207,Speed,2025-06,Live,505.0,2026-09-10 04:00:00
ATE 0207,Speed,2025-07,Live,367.0,2026-09-10 04:00:00
ATE 0207,Speed,2025-08,Live,340.0,2026-09-10 04:00:00
ATE 0207,Speed,2025-09,Live,246.0,2026-09-10 04:00:00
ATE 0207,Speed,2025-10,Live,369.0,2026-09-10 04:00:00
ATE 0207,Speed,2025-11,Live,426.0,2026-09-10 04:00:00
ATE 0207,Speed,2025-12,Live,507.0,2026-09-10 04:00:00
ATE 0207,Speed,2026-01,Live,376.0,2026-09-10 04:00:00
ATE 0207,Speed,2026-02,Live,355.0,2026-09-10 04:00:00
ATE 0207,Speed,2026-03,Live,427.0,2026-09-10 04:00:00
ATE 0207,Speed,2026-04,Live,458.0,2026-09-10 04:00:00
ATE 0207,Speed,2026-05,Live,326.0,2026-09-10 04:00:00
ATE 0207,Speed,2026-06,Live,199.0,2026-09-10 04:00:00
ATE 0207,Speed,2026-07,Live,287.0,2026-09-10 04:00:00
ATE 0207,Speed,2026-08,Live,317.0,2026-09-10 04:00:00
ATE 0207,Speed,2026-09,Live,119.0,2026-09-10 04:00:00
ATE 0208,Speed,2024-12,Live,688.0,2026-09-09 04:00:00
ATE 0208,Speed,2025-01,Live,426.0,2026-09-09 04:00:00
ATE 0208,Speed,2025-02,Live,429.0,2026-09-09 04:00:00
ATE 0208,Speed,2025-03,Live,599.0,2026-09-09 04:00:00
ATE 0208,Speed,2025-04,Live,572.0,2026-09-09 04:00:00
ATE 0208,Speed,2025-05,Live,489.0,2026-09-09 04:00:00
ATE 0208,Speed,2025-06,Live,438.0,2026-09-09 04:00:00
ATE 0208,Speed,2025-07,Live,240.0,2026-09-09 04:00:00
ATE 0208,Speed,2025-08,Live,222.0,2026-09-09 04:00:00
ATE 0208,Speed,2025-09,Live,206.0,2026-09-09 04:00:00
ATE 0208,Speed,2025-10,Live,246.0,2026-09-09 04:00:00
ATE 0208,Speed,2025-11,Live,366.0,2026-09-09 04:00:00
ATE 0208,Speed,2025-12,Live,337.0,2026-09-09 04:00:00
ATE 0208,Speed,2026-01,Live,216.0,2026-09-09 04:00:00
ATE 0208,Speed,2026-02,Live,163.0,2026-09-09 04:00:00
ATE 0208,Speed,2026-03,Live,360.0,2026-09-09 04:00:00
ATE 0208,Speed,2026-04,Live,406.0,2026-09-09 04:00:00
ATE 0208,Speed,2026-05,Live,311.0,2026-09-09 04:00:00
ATE 0208,Speed,2026-06,Live,179.0,2026-09-09 04:00:00
ATE 0208,Speed,2026-07,Live,173.0,2026-09-09 04:00:00
ATE 0208,Speed,2026-08,Live,196.0,2026-09-09 04:00:00
ATE 0208,Speed,2026-09,Live,82.0,2026-09-09 04:00:00
ATE 0209,Speed,2024-12,Live,1886.0,2026-09-09 04:00:00
ATE 0209,Speed,2025-01,Live,2363.0,2026-09-09 04:00:00
ATE 0209,Speed,2025-02,Live,2220.0,2026-09-09 04:00:00
ATE 0209,Speed,2025-03,Live,1985.0,2026-09-09 04:00:00
ATE 0209,Speed,2025-04,Live,1801.0,2026-09-09 04:00:00
ATE 0209,Speed,2025-05,Live,1579.0,2026-09-09 04:00:00
ATE 0209,Speed,2025-06,Live,1281.0,2026-09-09 04:00:00
ATE 0209,Speed,2025-07,Live,1781.0,2026-09-09 04:00:00
ATE 0209,Speed,2025-08,Live,1490.0,2026-09-09 04:00:00
ATE 0209,Speed,2025-09,Live,1403.0,2026-09-09 04:00:00
ATE 0209,Speed,2025-10,Live,1275.0,2026-09-09 04:00:00
ATE 0209,Speed,2025-11,Live,1306.0,2026-09-09 04:00:00
ATE 0209,Speed,2025-12,Live,1178.0,2026-09-09 04:00:00
ATE 0209,Speed,2026-01,Live,1137.0,2026-09-09 04:00:00
ATE 0209,Speed,2026-02,Live,1028.0,2026-09-09 04:00:00
ATE 0209,Speed,2026-03,Live,1293.0,2026-09-09 04:00:00
ATE 0209,Speed,2026-04,Live,1165.0,2026-09-09 04:00:00
ATE 0209,Speed,2026-05,Live,907.0,2026-09-09 04:00:00
ATE 0209,Speed,2026-06,Live,658.0,2026-09-09 04:00:00
ATE 0209,Speed,2026-07,Live,805.0,2026-09-09 04:00:00
ATE 0209,Speed,2026-08,Live,1018.0,2026-09-09 04:00:00
ATE 0209,Speed,2026-09,Live,348.0,2026-09-09 04:00:00
ATE 0211,Speed,2024-12,Live,612.0,2026-09-10 04:00:00
ATE 0211,Speed,2025-01,Live,465.0,2026-09-10 04:00:00
ATE 0211,Speed,2025-02,Live,452.0,2026-09-10 04:00:00
ATE 0211,Speed,2025-03,Live,588.0,2026-09-10 04:00:00
ATE 0211,Speed,2025-04,Live,556.0,2026-09-10 04:00:00
ATE 0211,Speed,2025-05,Live,608.0,2026-09-10 04:00:00
ATE 0211,Speed,2025-06,Live,656.0,2026-09-10 04:00:00
ATE 0211,Speed,2025-07,Live,675.0,2026-09-10 04:00:00
ATE 0211,Speed,2025-08,Live,454.0,2026-09-10 04:00:00
ATE 0211,Speed,2025-09,Live,390.0,2026-09-10 04:00:00
ATE 0211,Speed,2025-10,Live,348.0,2026-09-10 04:00:00
ATE 0211,Speed,2025-11,Live,319.0,2026-09-10 04:00:00
ATE 0211,Speed,2025-12,Live,368.0,2026-09-10 04:00:00
ATE 0211,Speed,2026-01,Live,285.0,2026-09-10 04:00:00
ATE 0211,Speed,2026-02,Live,258.0,2026-09-10 04:00:00
ATE 0211,Speed,2026-03,Live,485.0,2026-09-10 04:00:00
ATE 0211,Speed,2026-04,Live,435.0,2026-09-10 04:00:00
ATE 0211,Speed,2026-05,Live,460.0,2026-09-10 04:00:00
ATE 0211,Speed,2026-06,Live,329.0,2026-09-10 04:00:00
ATE 0211,Speed,2026-07,Live,381.0,2026-09-10 04:00:00
ATE 0211,Speed,2026-08,Live,394.0,2026-09-10 04:00:00
ATE 0211,Speed,2026-09,Live,135.0,2026-09-10 04:00:00
ATE 0212,Speed,2024-12,Live,976.0,2026-09-10 04:00:00
ATE 0212,Speed,2025-01,Live,2299.0,2026-09-10 04:00:00
ATE 0212,Speed,2025-02,Live,1988.0,2026-09-10 04:00:00
ATE 0212,Speed,2025-03,Live,2473.0,2026-09-10 04:00:00
ATE 0212,Speed,2025-04,Live,2245.0,2026-09-10 04:00:00
ATE 0212,Speed,2025-05,Live,2355.0,2026-09-10 04:00:00
ATE 0212,Speed,2025-06,Live,2067.0,2026-09-10 04:00:00
ATE 0212,Speed,2025-07,Live,2193.0,2026-09-10 04:00:00
ATE 0212,Speed,2025-08,Live,1948.0,2026-09-10 04:00:00
ATE 0212,Speed,2025-09,Live,1775.0,2026-09-10 04:00:00
ATE 0212,Speed,2025-10,Live,2064.0,2026-09-10 04:00:00
ATE 0212,Speed,2025-11,Live,2177.0,2026-09-10 04:00:00
ATE 0212,Speed,2025-12,Live,1979.0,2026-09-10 04:00:00
ATE 0212,Speed,2026-01,Live,1422.0,2026-09-10 04:00:00
ATE 0212,Speed,2026-02,Live,1342.0,2026-09-10 04:00:00
ATE 0212,Speed,2026-03,Live,2099.0,2026-09-10 04:00:00
ATE 0212,Speed,2026-04,Live,2147.0,2026-09-10 04:00:00
ATE 0212,Speed,2026-05,Live,1981.0,2026-09-10 04:00:00
ATE 0212,Speed,2026-06,Live,1545.0,2026-09-10 04:00:00
ATE 0212,Speed,2026-07,Live,1709.0,2026-09-10 04:00:00
ATE 0212,Speed,2026-08,Live,1941.0,2026-09-10 04:00:00
ATE 0212,Speed,2026-09,Live,710.0,2026-09-10 04:00:00
ATE 0216,Speed,2024-12,Live,43.0,2025-02-20 05:00:00
ATE 0216,Speed,2025-01,Live,40.0,2025-02-20 05:00:00
ATE 0216,Speed,2025-02,Live,21.0,2025-02-20 05:00:00
ATE 0216,Speed,2025-03,Idle,5.0,2025-03-09 05:00:00
ATE 0217,Speed,2024-12,Live,140.0,2026-09-08 04:00:00
ATE 0217,Speed,2025-01,Live,101.0,2026-09-08 04:00:00
ATE 0217,Speed,2025-02,Live,73.0,2026-09-08 04:00:00
ATE 0217,Speed,2025-03,Live,116.0,2026-09-08 04:00:00
ATE 0217,Speed,2025-04,Live,119.0,2026-09-08 04:00:00
ATE 0217,Speed,2025-05,Live,126.0,2026-09-08 04:00:00
ATE 0217,Speed,2025-06,Live,99.0,2026-09-08 04:00:00
ATE 0217,Speed,2025-07,Live,365.0,2026-09-08 04:00:00
ATE 0217,Speed,2025-08,Live,508.0,2026-09-08 04:00:00
ATE 0217,Speed,2025-09,Live,354.0,2026-09-08 04:00:00
ATE 0217,Speed,2025-10,Live,303.0,2026-09-08 04:00:00
ATE 0217,Speed,2025-11,Live,248.0,2026-09-08 04:00:00
ATE 0217,Speed,2025-12,Live,249.0,2026-09-08 04:00:00
ATE 0217,Speed,2026-01,Live,223.0,2026-09-08 04:00:00
ATE 0217,Speed,2026-02,Live,187.0,2026-09-08 04:00:00
ATE 0217,Speed,2026-03,Live,202.0,2026-09-08 04:00:00
ATE 0217,Speed,2026-04,Live,200.0,2026-09-08 04:00:00
ATE 0217,Speed,2026-05,Live,274.0,2026-09-08 04:00:00
ATE 0217,Speed,2026-06,Live,233.0,2026-09-08 04:00:00
ATE 0217,Speed,2026-07,Live,218.0,2026-09-08 04:00:00
ATE 0217,Speed,2026-08,Live,197.0,2026-09-08 04:00:00
ATE 0217,Speed,2026-09,Live,91.0,2026-09-08 04:00:00
ATE 0218,Speed,2024-12,Live,132.0,2026-09-09 04:00:00
ATE 0218,Speed,2025-01,Live,97.0,2026-09-09 04:00:00
ATE 0218,Speed,2025-02,Live,74.0,2026-09-09 04:00:00
ATE 0218,Speed,2025-03,Live,97.0,2026-09-09 04:00:00
ATE 0218,Speed,2025-04,Live,74.0,2026-09-09 04:00:00
ATE 0218,Speed,2025-05,Live,74.0,2026-09-09 04:00:00
ATE 0218,Speed,2025-06,Live,71.0,2026-09-09 04:00:00
ATE 0218,Speed,2025-07,Live,95.0,2026-09-09 04:00:00
ATE 0218,Speed,2025-08,Live,90.0,2026-09-09 04:00:00
ATE 0218,Speed,2025-09,Live,47.0,2026-09-09 04:00:00
ATE 0218,Speed,2025-10,Live,48.0,2026-09-09 04:00:00
ATE 0218,Speed,2025-11,Live,25.0,2026-09-09 04:00:00
ATE 0218,Speed,2025-12,Live,57.0,2026-09-09 04:00:00
ATE 0218,Speed,2026-01,Live,48.0,2026-09-09 04:00:00
ATE 0218,Speed,2026-02,Live,33.0,2026-09-09 04:00:00
ATE 0218,Speed,2026-03,Live,60.0,2026-09-09 04:00:00
ATE 0218,Speed,2026-04,Live,53.0,2026-09-09 04:00:00
ATE 0218,Speed,2026-05,Live,40.0,2026-09-09 04:00:00
ATE 0218,Speed,2026-06,Live,40.0,2026-09-09 04:00:00
ATE 0218,Speed,2026-07,Live,51.0,2026-09-09 04:00:00
ATE 0218,Speed,2026-08,Live,49.0,2026-09-09 04:00:00
ATE 0218,Speed,2026-09,Live,13.0,2026-09-09 04:00:00
ATE 0222,Speed,2024-12,Live,339.0,2026-09-09 04:00:00
ATE 0222,Speed,2025-01,Live,286.0,2026-09-09 04:00:00
ATE 0222,Speed,2025-02,Live,275.0,2026-09-09 04:00:00
ATE 0222,Speed,2025-03,Live,298.0,2026-09-09 04:00:00
ATE 0222,Speed,2025-04,Live,269.0,2026-09-09 04:00:00
ATE 0222,Speed,2025-05,Live,281.0,2026-09-09 04:00:00
ATE 0222,Speed,2025-06,Live,287.0,2026-09-09 04:00:00
ATE 0222,Speed,2025-07,Live,208.0,2026-09-09 04:00:00
ATE 0222,Speed,2025-08,Live,180.0,2026-09-09 04:00:00
ATE 0222,Speed,2025-09,Live,139.0,2026-09-09 04:00:00
ATE 0222,Speed,2025-10,Live,170.0,2026-09-09 04:00:00
ATE 0222,Speed,2025-11,Live,161.0,2026-09-09 04:00:00
ATE 0222,Speed,2025-12,Live,173.0,2026-09-09 04:00:00
ATE 0222,Speed,2026-01,Live,128.0,2026-09-09 04:00:00
ATE 0222,Speed,2026-02,Live,76.0,2026-09-09 04:00:00
ATE 0222,Speed,2026-03,Live,209.0,2026-09-09 04:00:00
ATE 0222,Speed,2026-04,Live,194.0,2026-09-09 04:00:00
ATE 0222,Speed,2026-05,Live,211.0,2026-09-09 04:00:00
ATE 0222,Speed,2026-06,Live,134.0,2026-09-09 04:00:00
ATE 0222,Speed,2026-07,Live,154.0,2026-09-09 04:00:00
ATE 0222,Speed,2026-08,Live,164.0,2026-09-09 04:00:00
ATE 0222,Speed,2026-09,Live,49.0,2026-09-09 04:00:00
ATE 0238,Speed,2024-12,Live,887.0,2026-09-09 04:00:00
ATE 0238,Speed,2025-01,Live,669.0,2026-09-09 04:00:00
ATE 0238,Speed,2025-02,Live,671.0,2026-09-09 04:00:00
ATE 0238,Speed,2025-03,Live,769.0,2026-09-09 04:00:00
ATE 0238,Speed,2025-04,Live,890.0,2026-09-09 04:00:00
ATE 0238,Speed,2025-05,Live,958.0,2026-09-09 04:00:00
ATE 0238,Speed,2025-06,Live,743.0,2026-09-09 04:00:00
ATE 0238,Speed,2025-07,Live,566.0,2026-09-09 04:00:00
ATE 0238,Speed,2025-08,Live,512.0,2026-09-09 04:00:00
ATE 0238,Speed,2025-09,Live,424.0,2026-09-09 04:00:00
ATE 0238,Speed,2025-10,Live,309.0,2026-09-09 04:00:00
ATE 0238,Speed,2025-11,Live,313.0,2026-09-09 04:00:00
ATE 0238,Speed,2025-12,Live,424.0,2026-09-09 04:00:00
ATE 0238,Speed,2026-01,Live,266.0,2026-09-09 04:00:00
ATE 0238,Speed,2026-02,Live,300.0,2026-09-09 04:00:00
ATE 0238,Speed,2026-03,Live,501.0,2026-09-09 04:00:00
ATE 0238,Speed,2026-04,Live,573.0,2026-09-09 04:00:00
ATE 0238,Speed,2026-05,Live,508.0,2026-09-09 04:00:00
ATE 0238,Speed,2026-06,Live,350.0,2026-09-09 04:00:00
ATE 0238,Speed,2026-07,Live,372.0,2026-09-09 04:00:00
ATE 0238,Speed,2026-08,Live,432.0,2026-09-09 04:00:00
ATE 0238,Speed,2026-09,Live,130.0,2026-09-09 04:00:00
ATE 0240,Speed,2024-12,Live,226.0,2026-09-10 04:00:00
ATE 0240,Speed,2025-01,Live,205.0,2026-09-10 04:00:00
ATE 0240,Speed,2025-02,Live,171.0,2026-09-10 04:00:00
ATE 0240,Speed,2025-03,Live,205.0,2026-09-10 04:00:00
ATE 0240,Speed,2025-04,Live,240.0,2026-09-10 04:00:00
ATE 0240,Speed,2025-05,Live,222.0,2026-09-10 04:00:00
ATE 0240,Speed,2025-06,Live,254.0,2026-09-10 04:00:00
ATE 0240,Speed,2025-07,Live,256.0,2026-09-10 04:00:00
ATE 0240,Speed,2025-08,Live,234.0,2026-09-10 04:00:00
ATE 0240,Speed,2025-09,Live,161.0,2026-09-10 04:00:00
ATE 0240,Speed,2025-10,Live,187.0,2026-09-10 04:00:00
ATE 0240,Speed,2025-11,Live,208.0,2026-09-10 04:00:00
ATE 0240,Speed,2025-12,Live,203.0,2026-09-10 04:00:00
ATE 0240,Speed,2026-01,Live,167.0,2026-09-10 04:00:00
ATE 0240,Speed,2026-02,Live,166.0,2026-09-10 04:00:00
ATE 0240,Speed,2026-03,Live,182.0,2026-09-10 04:00:00
ATE 0240,Speed,2026-04,Live,192.0,2026-09-10 04:00:00
ATE 0240,Speed,2026-05,Live,182.0,2026-09-10 04:00:00
ATE 0240,Speed,2026-06,Live,151.0,2026-09-10 04:00:00
ATE 0240,Speed,2026-07,Live,143.0,2026-09-10 04:00:00
ATE 0240,Speed,2026-08,Live,197.0,2026-09-10 04:00:00
ATE 0240,Speed,2026-09,Live,73.0,2026-09-10 04:00:00
ATE 0241,Speed,2024-12,Live,1224.0,2026-09-10 04:00:00
ATE 0241,Speed,2025-01,Live,941.0,2026-09-10 04:00:00
ATE 0241,Speed,2025-02,Live,787.0,2026-09-10 04:00:00
ATE 0241,Speed,2025-03,Live,1016.0,2026-09-10 04:00:00
ATE 0241,Speed,2025-04,Live,1064.0,2026-09-10 04:00:00
ATE 0241,Speed,2025-05,Live,1138.0,2026-09-10 04:00:00
ATE 0241,Speed,2025-06,Live,1085.0,2026-09-10 04:00:00
ATE 0241,Speed,2025-07,Live,1177.0,2026-09-10 04:00:00
ATE 0241,Speed,2025-08,Live,1026.0,2026-09-10 04:00:00
ATE 0241,Speed,2025-09,Live,828.0,2026-09-10 04:00:00
ATE 0241,Speed,2025-10,Live,1183.0,2026-09-10 04:00:00
ATE 0241,Speed,2025-11,Live,751.0,2026-09-10 04:00:00
ATE 0241,Speed,2025-12,Live,784.0,2026-09-10 04:00:00
ATE 0241,Speed,2026-01,Live,598.0,2026-09-10 04:00:00
ATE 0241,Speed,2026-02,Live,569.0,2026-09-10 04:00:00
ATE 0241,Speed,2026-03,Live,987.0,2026-09-10 04:00:00
ATE 0241,Speed,2026-04,Live,1061.0,2026-09-10 04:00:00
ATE 0241,Speed,2026-05,Live,1100.0,2026-09-10 04:00:00
ATE 0241,Speed,2026-06,Live,869.0,2026-09-10 04:00:00
ATE 0241,Speed,2026-07,Live,807.0,2026-09-10 04:00:00
ATE 0241,Speed,2026-08,Live,1049.0,2026-09-10 04:00:00
ATE 0241,Speed,2026-09,Live,377.0,2026-09-10 04:00:00
ATE 0244,Stop Sign,2024-12,Live,882.0,2026-09-07 04:00:00
ATE 0244,Stop Sign,2025-01,Live,1114.0,2026-09-07 04:00:00
ATE 0244,Stop Sign,2025-02,Live,1240.0,2026-09-07 04:00:00
ATE 0244,Stop Sign,2025-03,Live,1556.0,2026-09-07 04:00:00
ATE 0244,Stop Sign,2025-04,Live,1558.0,2026-09-07 04:00:00
ATE 0244,Stop Sign,2025-05,Live,1565.0,2026-09-07 04:00:00
ATE 0244,Stop Sign,2025-06,Live,1611.0,2026-09-07 04:00:00
ATE 0244,Stop Sign,2025-07,Live,1790.0,2026-09-07 04:00:00
ATE 0244,Stop Sign,2025-08,Live,1664.0,2026-09-07 04:00:00
ATE 0244,Stop Sign,2025-09,Live,1567.0,2026-09-07 04:00:00
ATE 0244,Stop Sign,2025-10,Live,1741.0,2026-09-07 04:00:00
ATE 0244,Stop Sign,2025-11,Live,1206.0,2026-09-07 04:00:00
ATE 0244,Stop Sign,2025-12,Live,1353.0,2026-09-07 04:00:00
ATE 0244,Stop Sign,2026-01,Live,1171.0,2026-09-07 04:00:00
ATE 0244,Stop Sign,2026-02,Live,1142.0,2026-09-07 04:00:00
ATE 0244,Stop Sign,2026-03,Live,1214.0,2026-09-07 04:00:00
ATE 0244,Stop Sign,2026-04,Live,1239.0,2026-09-07 04:00:00
ATE 0244,Stop Sign,2026-05,Live,1511.0,2026-09-07 04:00:00
ATE 0244,Stop Sign,2026-06,Live,1488.0,2026-09-07 04:00:00
ATE 0244,Stop Sign,2026-07,Live,1592.0,2026-09-07 04:00:00
ATE 0244,Stop Sign,2026-08,Live,1406.0,2026-09-07 04:00:00
ATE 0244,Stop Sign,2026-09,Live,120.0,2026-09-07 04:00:00
ATE 0245,Speed,2024-12,Live,158.0,2026-04-01 04:00:00
ATE 0245,Speed,2025-01,Live,136.0,2026-04-01 04:00:00
ATE 0245,Speed,2025-02,Live,105.0,2026-04-01 04:00:00
ATE 0245,Speed,2025-03,Live,104.0,2026-04-01 04:00:00
ATE 0245,Speed,2025-04,Live,123.0,2026-04-01 04:00:00
ATE 0245,Speed,2025-05,Live,107.0,2026-04-01 04:00:00
ATE 0245,Speed,2025-06,Live,75.0,2026-04-01 04:00:00
ATE 0245,Speed,2025-07,Live,162.0,2026-04-01 04:00:00
ATE 0245,Speed,2025-08,Live,143.0,2026-04-01 04:00:00
ATE 0245,Speed,2025-09,Live,84.0,2026-04-01 04:00:00
ATE 0245,Speed,2025-10,Live,75.0,2026-04-01 04:00:00
ATE 0245,Speed,2025-11,Live,106.0,2026-04-01 04:00:00
ATE 0245,Speed,2025-12,Live,81.0,2026-04-01 04:00:00
ATE 0245,Speed,2026-01,Live,65.0,2026-04-01 04:00:00
ATE 0245,Speed,2026-02,Live,69.0,2026-04-01 04:00:00
ATE 0245,Speed,2026-03,Live,174.0,2026-04-01 04:00:00
ATE 0245,Speed,2026-04,Live,3.0,2026-04-01 04:00:00
ATE 0247,Speed,2024-12,Live,815.0,2026-09-09 04:00:00
ATE 0247,Speed,2025-01,Live,570.0,2026-09-09 04:00:00
ATE 0247,Speed,2025-02,Live,593.0,2026-09-09 04:00:00
ATE 0247,Speed,2025-03,Live,621.0,2026-09-09 04:00:00
ATE 0247,Speed,2025-04,Live,618.0,2026-09-09 04:00:00
ATE 0247,Speed,2025-05,Live,650.0,2026-09-09 04:00:00
ATE 0247,Speed,2025-06,Live,661.0,2026-09-09 04:00:00
ATE 0247,Speed,2025-07,Live,654.0,2026-09-09 04:00:00
ATE 0247,Speed,2025-08,Live,681.0,2026-09-09 04:00:00
ATE 0247,Speed,2025-09,Live,503.0,2026-09-09 04:00:00
ATE 0247,Speed,2025-10,Live,545.0,2026-09-09 04:00:00
ATE 0247,Speed,2025-11,Live,603.0,2026-09-09 04:00:00
ATE 0247,Speed,2025-12,Live,528.0,2026-09-09 04:00:00
ATE 0247,Speed,2026-01,Live,376.0,2026-09-09 04:00:00
ATE 0247,Speed,2026-02,Live,342.0,2026-09-09 04:00:00
ATE 0247,Speed,2026-03,Live,481.0,2026-09-09 04:00:00
ATE 0247,Speed,2026-04,Live,425.0,2026-09-09 04:00:00
ATE 0247,Speed,2026-05,Live,407.0,2026-09-09 04:00:00
ATE 0247,Speed,2026-06,Live,349.0,2026-09-09 04:00:00
ATE 0247,Speed,2026-07,Live,527.0,2026-09-09 04:00:00
ATE 0247,Speed,2026-08,Live,508.0,2026-09-09 04:00:00
ATE 0247,Speed,2026-09,Live,176.0,2026-09-09 04:00:00
ATE 0248,Speed,2024-12,Live,145.0,2026-09-09 04:00:00
ATE 0248,Speed,2025-01,Live,93.0,2026-09-09 04:00:00
ATE 0248,Speed,2025-02,Live,84.0,2026-09-09 04:00:00
ATE 0248,Speed,2025-03,Live,303.0,2026-09-09 04:00:00
ATE 0248,Speed,2025-04,Live,685.0,2026-09-09 04:00:00
ATE 0248,Speed,2025-05,Live,764.0,2026-09-09 04:00:00
ATE 0248,Speed,2025-06,Live,625.0,2026-09-09 04:00:00
ATE 0248,Speed,2025-07,Live,617.0,2026-09-09 04:00:00
ATE 0248,Speed,2025-08,Live,638.0,2026-09-09 04:00:00
ATE 0248,Speed,2025-09,Live,533.0,2026-09-09 04:00:00
ATE 0248,Speed,2025-10,Live,494.0,2026-09-09 04:00:00
ATE 0248,Speed,2025-11,Live,421.0,2026-09-09 04:00:00
ATE 0248,Speed,2025-12,Live,498.0,2026-09-09 04:00:00
ATE 0248,Speed,2026-01,Live,400.0,2026-09-09 04:00:00
ATE 0248,Speed,2026-02,Live,338.0,2026-09-09 04:00:00
ATE 0248,Speed,2026-03,Live,549.0,2026-09-09 04:00:00
ATE 0248,Speed,2026-04,Live,553.0,2026-09-09 04:00:00
ATE 0248,Speed,2026-05,Live,476.0,2026-09-09 04:00:00
ATE 0248,Speed,2026-06,Live,351.0,2026-09-09 04:00:00
ATE 0248,Speed,2026-07,Live,346.0,2026-09-09 04:00:00
ATE 0248,Speed,2026-08,Live,400.0,2026-09-09 04:00:00
ATE 0248,Speed,2026-09,Live,135.0,2026-09-09 04:00:00
ATE 0253,Speed,2024-12,Live,320.0,2026-09-10 04:00:00
ATE 0253,Speed,2025-01,Live,384.0,2026-09-10 04:00:00
ATE 0253,Speed,2025-02,Live,370.0,2026-09-10 04:00:00
ATE 0253,Speed,2025-03,Live,433.0,2026-09-10 04:00:00
ATE 0253,Speed,2025-04,Live,428.0,2026-09-10 04:00:00
ATE 0253,Speed,2025-05,Live,485.0,2026-09-10 04:00:00
ATE 0253,Speed,2025-06,Live,502.0,2026-09-10 04:00:00
ATE 0253,Speed,2025-07,Live,561.0,2026-09-10 04:00:00
ATE 0253,Speed,2025-08,Live,524.0,2026-09-10 04:00:00
ATE 0253,Speed,2025-09,Live,417.0,2026-09-10 04:00:00
ATE 0253,Speed,2025-10,Live,360.0,2026-09-10 04:00:00
ATE 0253,Speed,2025-11,Live,373.0,2026-09-10 04:00:00
ATE 0253,Speed,2025-12,Live,354.0,2026-09-10 04:00:00
ATE 0253,Speed,2026-01,Live,319.0,2026-09-10 04:00:00
ATE 0253,Speed,2026-02,Live,275.0,2026-09-10 04:00:00
ATE 0253,Speed,2026-03,Live,509.0,2026-09-10 04:00:00
ATE 0253,Speed,2026-04,Live,538.0,2026-09-10 04:00:00
ATE 0253,Speed,2026-05,Live,431.0,2026-09-10 04:00:00
ATE 0253,Speed,2026-06,Live,319.0,2026-09-10 04:00:00
ATE 0253,Speed,2026-07,Live,324.0,2026-09-10 04:00:00
ATE 0253,Speed,2026-08,Live,359.0,2026-09-10 04:00:00
ATE 0253,Speed,2026-09,Live,99.0,2026-09-10 04:00:00
ATE 0254,Stop Sign,2024-12,Live,199.0,2026-03-23 04:00:00
ATE 0254,Stop Sign,2025-01,Live,193.0,2026-03-23 04:00:00
ATE 0254,Stop Sign,2025-02,Live,158.0,2026-03-23 04:00:00
ATE 0254,Stop Sign,2025-03,Live,122.0,2026-03-23 04:00:00
ATE 0254,Stop Sign,2025-04,Live,145.0,2026-03-23 04:00:00
ATE 0254,Stop Sign,2025-05,Live,189.0,2026-03-23 04:00:00
ATE 0254,Stop Sign,2025-06,Live,167.0,2026-03-23 04:00:00
ATE 0254,Stop Sign,2025-07,Live,192.0,2026-03-23 04:00:00
ATE 0254,Stop Sign,2025-08,Live,152.0,2026-03-23 04:00:00
ATE 0254,Stop Sign,2025-09,Live,135.0,2026-03-23 04:00:00
ATE 0254,Stop Sign,2025-10,Live,147.0,2026-03-23 04:00:00
ATE 0254,Stop Sign,2025-11,Live,117.0,2026-03-23 04:00:00
ATE 0254,Stop Sign,2025-12,Live,162.0,2026-03-23 04:00:00
ATE 0254,Stop Sign,2026-01,Live,130.0,2026-03-23 04:00:00
ATE 0254,Stop Sign,2026-02,Live,192.0,2026-03-23 04:00:00
ATE 0254,Stop Sign,2026-03,Live,111.0,2026-03-23 04:00:00
ATE 0256,Speed,2024-12,Live,881.0,2026-09-10 04:00:00
ATE 0256,Speed,2025-01,Live,736.0,2026-09-10 04:00:00
ATE 0256,Speed,2025-02,Live,673.0,2026-09-10 04:00:00
ATE 0256,Speed,2025-03,Live,719.0,2026-09-10 04:00:00
ATE 0256,Speed,2025-04,Live,904.0,2026-09-10 04:00:00
ATE 0256,Speed,2025-05,Live,918.0,2026-09-10 04:00:00
ATE 0256,Speed,2025-06,Live,767.0,2026-09-10 04:00:00
ATE 0256,Speed,2025-07,Live,844.0,2026-09-10 04:00:00
ATE 0256,Speed,2025-08,Live,765.0,2026-09-10 04:00:00
ATE 0256,Speed,2025-09,Live,379.0,2026-09-10 04:00:00
ATE 0256,Speed,2025-10,Live,525.0,2026-09-10 04:00:00
ATE 0256,Speed,2025-11,Live,600.0,2026-09-10 04:00:00
ATE 0256,Speed,2025-12,Live,674.0,2026-09-10 04:00:00
ATE 0256,Speed,2026-01,Live,523.0,2026-09-10 04:00:00
ATE 0256,Speed,2026-02,Live,368.0,2026-09-10 04:00:00
ATE 0256,Speed,2026-03,Live,470.0,2026-09-10 04:00:00
ATE 0256,Speed,2026-04,Live,497.0,2026-09-10 04:00:00
ATE 0256,Speed,2026-05,Live,474.0,2026-09-10 04:00:00
ATE 0256,Speed,2026-06,Live,316.0,2026-09-10 04:00:00
ATE 0256,Speed,2026-07,Live,216.0,2026-09-10 04:00:00
ATE 0256,Speed,2026-08,Live,456.0,2026-09-10 04:00:00
ATE 0256,Speed,2026-09,Live,156.0,2026-09-10 04:00:00
ATE 0257,Speed,2024-12,Live,1357.0,2026-09-10 04:00:00
ATE 0257,Speed,2025-01,Live,1294.0,2026-09-10 04:00:00
ATE 0257,Speed,2025-02,Live,1062.0,2026-09-10 04:00:00
ATE 0257,Speed,2025-03,Live,1399.0,2026-09-10 04:00:00
ATE 0257,Speed,2025-04,Live,1475.0,2026-09-10 04:00:00
ATE 0257,Speed,2025-05,Live,1276.0,2026-09-10 04:00:00
ATE 0257,Speed,2025-06,Live,1086.0,2026-09-10 04:00:00
ATE 0257,Speed,2025-07,Live,1109.0,2026-09-10 04:00:00
ATE 0257,Speed,2025-08,Live,940.0,2026-09-10 04:00:00
ATE 0257,Speed,2025-09,Live,840.0,2026-09-10 04:00:00
ATE 0257,Speed,2025-10,Live,826.0,2026-09-10 04:00:00
ATE 0257,Speed,2025-11,Live,937.0,2026-09-10 04:00:00
ATE 0257,Speed,2025-12,Live,791.0,2026-09-10 04:00:00
ATE 0257,Speed,2026-01,Live,628.0,2026-09-10 04:00:00
ATE 0257,Speed,2026-02,Live,618.0,2026-09-10 04:00:00
ATE 0257,Speed,2026-03,Live,911.0,2026-09-10 04:00:00
ATE 0257,Speed,2026-04,Live,899.0,2026-09-10 04:00:00
ATE 0257,Speed,2026-05,Live,786.0,2026-09-10 04:00:00
ATE 0257,Speed,2026-06,Live,565.0,2026-09-10 04:00:00
ATE 0257,Speed,2026-07,Live,956.0,2026-09-10 04:00:00
ATE 0257,Speed,2026-08,Live,1252.0,2026-09-10 04:00:00
ATE 0257,Speed,2026-09,Live,464.0,2026-09-10 04:00:00
ATE 0258,Speed,2024-12,Live,101.0,2026-07-27 04:00:00
ATE 0258,Speed,2025-01,Live,76.0,2026-07-27 04:00:00
ATE 0258,Speed,2025-02,Live,93.0,2026-07-27 04:00:00
ATE 0258,Speed,2025-03,Live,75.0,2026-07-27 04:00:00
ATE 0258,Speed,2025-04,Live,68.0,2026-07-27 04:00:00
ATE 0258,Speed,2025-05,Live,56.0,2026-07-27 04:00:00
ATE 0258,Speed,2025-06,Live,51.0,2026-07-27 04:00:00
ATE 0258,Speed,2025-07,Live,57.0,2026-07-27 04:00:00
ATE 0258,Speed,2025-08,Live,56.0,2026-07-27 04:00:00
ATE 0258,Speed,2025-09,Live,56.0,2026-07-27 04:00:00
ATE 0258,Speed,2025-10,Live,58.0,2026-07-27 04:00:00
ATE 0258,Speed,2025-11,Live,58.0,2026-07-27 04:00:00
ATE 0258,Speed,2025-12,Live,54.0,2026-07-27 04:00:00
ATE 0258,Speed,2026-01,Live,36.0,2026-07-27 04:00:00
ATE 0258,Speed,2026-02,Live,35.0,2026-07-27 04:00:00
ATE 0258,Speed,2026-03,Live,55.0,2026-07-27 04:00:00
ATE 0258,Speed,2026-04,Live,75.0,2026-07-27 04:00:00
ATE 0258,Speed,2026-05,Live,66.0,2026-07-27 04:00:00
ATE 0258,Speed,2026-06,Live,48.0,2026-07-27 04:00:00
ATE 0258,Speed,2026-07,Live,32.0,2026-07-27 04:00:00
ATE 0260,Speed,2024-12,Live,149.0,2026-09-10 04:00:00
ATE 0260,Speed,2025-01,Live,154.0,2026-09-10 04:00:00
ATE 0260,Speed,2025-02,Live,129.0,2026-09-10 04:00:00
ATE 0260,Speed,2025-02,Idle,5.0,2025-03-10 04:00:00
ATE 0260,Speed,2025-03,Idle,37.0,2025-03-10 04:00:00
ATE 0260,Speed,2026-03,Live,102.0,2026-09-10 04:00:00
ATE 0260,Speed,2026-04,Live,129.0,2026-09-10 04:00:00
ATE 0260,Speed,2026-05,Live,128.0,2026-09-10 04:00:00
ATE 0260,Speed,2026-06,Live,67.0,2026-09-10 04:00:00
ATE 0260,Speed,2026-07,Live,81.0,2026-09-10 04:00:00
ATE 0260,Speed,2026-08,Live,102.0,2026-09-10 04:00:00
ATE 0260,Speed,2026-09,Live,35.0,2026-09-10 04:00:00
ATE 0264,Speed,2024-12,Live,489.0,2026-09-09 04:00:00
ATE 0264,Speed,2025-01,Live,363.0,2026-09-09 04:00:00
ATE 0264,Speed,2025-02,Live,327.0,2026-09-09 04:00:00
ATE 0264,Speed,2025-03,Live,457.0,2026-09-09 04:00:00
ATE 0264,Speed,2025-04,Live,442.0,2026-09-09 04:00:00
ATE 0264,Speed,2025-05,Live,336.0,2026-09-09 04:00:00
ATE 0264,Speed,2025-06,Live,328.0,2026-09-09 04:00:00
ATE 0264,Speed,2025-07,Live,170.0,2026-09-09 04:00:00
ATE 0264,Speed,2025-08,Live,128.0,2026-09-09 04:00:00
ATE 0264,Speed,2025-09,Live,254.0,2026-09-09 04:00:00
ATE 0264,Speed,2025-10,Live,354.0,2026-09-09 04:00:00
ATE 0264,Speed,2025-11,Live,306.0,2026-09-09 04:00:00
ATE 0264,Speed,2025-12,Live,299.0,2026-09-09 04:00:00
ATE 0264,Speed,2026-01,Live,210.0,2026-09-09 04:00:00
ATE 0264,Speed,2026-02,Live,178.0,2026-09-09 04:00:00
ATE 0264,Speed,2026-03,Live,369.0,2026-09-09 04:00:00
ATE 0264,Speed,2026-04,Live,279.0,2026-09-09 04:00:00
ATE 0264,Speed,2026-05,Live,311.0,2026-09-09 04:00:00
ATE 0264,Speed,2026-06,Live,233.0,2026-09-09 04:00:00
ATE 0264,Speed,2026-07,Live,297.0,2026-09-09 04:00:00
ATE 0264,Speed,2026-08,Live,308.0,2026-09-09 04:00:00
ATE 0264,Speed,2026-09,Live,91.0,2026-09-09 04:00:00
ATE 0265,Speed,2024-12,Live,389.0,2025-06-19 04:00:00
ATE 0265,Speed,2025-01,Live,235.0,2025-06-19 04:00:00
ATE 0265,Speed,2025-02,Live,213.0,2025-06-19 04:00:00
ATE 0265,Speed,2025-03,Live,350.0,2025-06-19 04:00:00
ATE 0265,Speed,2025-04,Live,356.0,2025-06-19 04:00:00
ATE 0265,Speed,2025-05,Live,366.0,2025-06-19 04:00:00
ATE 0265,Speed,2025-06,Live,206.0,2025-06-19 04:00:00
ATE 0272,Speed,2024-12,Live,235.0,2026-02-23 05:00:00
ATE 0272,Speed,2025-01,Live,176.0,2026-02-23 05:00:00
ATE 0272,Speed,2025-02,Live,173.0,2026-02-23 05:00:00
ATE 0272,Speed,2025-03,Live,213.0,2026-02-23 05:00:00
ATE 0272,Speed,2025-04,Live,239.0,2026-02-23 05:00:00
ATE 0272,Speed,2025-05,Live,164.0,2026-02-23 05:00:00
ATE 0272,Speed,2025-06,Live,146.0,2026-02-23 05:00:00
ATE 0272,Speed,2025-07,Live,146.0,2026-02-23 05:00:00
ATE 0272,Speed,2025-08,Live,136.0,2026-02-23 05:00:00
ATE 0272,Speed,2025-09,Live,141.0,2026-02-23 05:00:00
ATE 0272,Speed,2025-10,Live,146.0,2026-02-23 05:00:00
ATE 0272,Speed,2025-11,Live,148.0,2026-02-23 05:00:00
ATE 0272,Speed,2025-12,Live,166.0,2026-02-23 05:00:00
ATE 0272,Speed,2026-01,Live,102.0,2026-02-23 05:00:00
ATE 0272,Speed,2026-02,Live,69.0,2026-02-23 05:00:00
ATE 0274,Speed,2024-12,Live,26.0,2026-02-26 05:00:00
ATE 0274,Speed,2025-01,Live,27.0,2026-02-26 05:00:00
ATE 0274,Speed,2025-02,Live,19.0,2026-02-26 05:00:00
ATE 0274,Speed,2025-03,Live,12.0,2026-02-26 05:00:00
ATE 0274,Speed,2025-04,Live,28.0,2026-02-26 05:00:00
ATE 0274,Speed,2025-05,Live,14.0,2026-02-26 05:00:00
ATE 0274,Speed,2025-06,Live,10.0,2026-02-26 05:00:00
ATE 0274,Speed,2025-07,Live,8.0,2026-02-26 05:00:00
ATE 0274,Speed,2025-08,Live,20.0,2026-02-26 05:00:00
ATE 0274,Speed,2025-09,Live,23.0,2026-02-26 05:00:00
ATE 0274,Speed,2025-10,Live,24.0,2026-02-26 05:00:00
ATE 0274,Speed,2025-11,Live,26.0,2026-02-26 05:00:00
ATE 0274,Speed,2025-12,Live,29.0,2026-02-26 05:00:00
ATE 0274,Speed,2026-01,Live,25.0,2026-02-26 05:00:00
ATE 0274,Speed,2026-02,Live,21.0,2026-02-26 05:00:00
ATE 0278,Speed,2024-12,Live,796.0,2026-09-10 04:00:00
ATE 0278,Speed,2025-01,Live,542.0,2026-09-10 04:00:00
ATE 0278,Speed,2025-02,Live,592.0,2026-09-10 04:00:00
ATE 0278,Speed,2025-03,Live,707.0,2026-09-10 04:00:00
ATE 0278,Speed,2025-04,Live,676.0,2026-09-10 04:00:00
ATE 0278,Speed,2025-05,Live,679.0,2026-09-10 04:00:00
ATE 0278,Speed,2025-06,Live,743.0,2026-09-10 04:00:00
ATE 0278,Speed,2025-07,Live,622.0,2026-09-10 04:00:00
ATE 0278,Speed,2025-08,Live,606.0,2026-09-10 04:00:00
ATE 0278,Speed,2025-09,Live,516.0,2026-09-10 04:00:00
ATE 0278,Speed,2025-10,Live,311.0,2026-09-10 04:00:00
ATE 0278,Speed,2025-11,Live,308.0,2026-09-10 04:00:00
ATE 0278,Speed,2025-12,Live,315.0,2026-09-10 04:00:00
ATE 0278,Speed,2026-01,Live,395.0,2026-09-10 04:00:00
ATE 0278,Speed,2026-02,Live,218.0,2026-09-10 04:00:00
ATE 0278,Speed,2026-03,Live,380.0,2026-09-10 04:00:00
ATE 0278,Speed,2026-04,Live,254.0,2026-09-10 04:00:00
ATE 0278,Speed,2026-05,Live,134.0,2026-09-10 04:00:00
ATE 0278,Speed,2026-06,Live,126.0,2026-09-10 04:00:00
ATE 0278,Speed,2026-07,Live,132.0,2026-09-10 04:00:00
ATE 0278,Speed,2026-08,Live,152.0,2026-09-10 04:00:00
ATE 0278,Speed,2026-09,Live,44.0,2026-09-10 04:00:00
ATE 0283,Speed,2024-12,Live,339.0,2026-09-10 04:00:00
ATE 0283,Speed,2025-01,Live,276.0,2026-09-10 04:00:00
ATE 0283,Speed,2025-02,Live,278.0,2026-09-10 04:00:00
ATE 0283,Speed,2025-03,Live,472.0,2026-09-10 04:00:00
ATE 0283,Speed,2025-04,Live,408.0,2026-09-10 04:00:00
ATE 0283,Speed,2025-05,Live,411.0,2026-09-10 04:00:00
ATE 0283,Speed,2025-06,Live,416.0,2026-09-10 04:00:00
ATE 0283,Speed,2025-07,Live,497.0,2026-09-10 04:00:00
ATE 0283,Speed,2025-08,Live,437.0,2026-09-10 04:00:00
ATE 0283,Speed,2025-09,Live,284.0,2026-09-10 04:00:00
ATE 0283,Speed,2025-10,Live,307.0,2026-09-10 04:00:00
ATE 0283,Speed,2025-11,Live,310.0,2026-09-10 04:00:00
ATE 0283,Speed,2025-12,Live,304.0,2026-09-10 04:00:00
ATE 0283,Speed,2026-01,Live,341.0,2026-09-10 04:00:00
ATE 0283,Speed,2026-02,Live,282.0,2026-09-10 04:00:00
ATE 0283,Speed,2026-03,Live,344.0,2026-09-10 04:00:00
ATE 0283,Speed,2026-04,Live,334.0,2026-09-10 04:00:00
ATE 0283,Speed,2026-05,Live,308.0,2026-09-10 04:00:00
ATE 0283,Speed,2026-06,Live,190.0,2026-09-10 04:00:00
ATE 0283,Speed,2026-07,Live,211.0,2026-09-10 04:00:00
ATE 0283,Speed,2026-08,Live,271.0,2026-09-10 04:00:00
ATE 0283,Speed,2026-09,Live,83.0,2026-09-10 04:00:00
ATE 0284,Speed,2024-12,Live,168.0,2026-09-09 04:00:00
ATE 0284,Speed,2025-01,Live,158.0,2026-09-09 04:00:00
ATE 0284,Speed,2025-02,Live,84.0,2026-09-09 04:00:00
ATE 0284,Speed,2025-03,Live,106.0,2026-09-09 04:00:00
ATE 0284,Speed,2025-04,Live,96.0,2026-09-09 04:00:00
ATE 0284,Speed,2025-05,Live,96.0,2026-09-09 04:00:00
ATE 0284,Speed,2025-06,Live,118.0,2026-09-09 04:00:00
ATE 0284,Speed,2025-07,Live,116.0,2026-09-09 04:00:00
ATE 0284,Speed,2025-08,Live,98.0,2026-09-09 04:00:00
ATE 0284,Speed,2025-09,Live,102.0,2026-09-09 04:00:00
ATE 0284,Speed,2025-10,Live,106.0,2026-09-09 04:00:00
ATE 0284,Speed,2025-11,Live,59.0,2026-09-09 04:00:00
ATE 0284,Speed,2025-12,Live,37.0,2026-09-09 04:00:00
ATE 0284,Speed,2026-01,Live,25.0,2026-09-09 04:00:00
ATE 0284,Speed,2026-02,Live,17.0,2026-09-09 04:00:00
ATE 0284,Speed,2026-03,Live,16.0,2026-09-09 04:00:00
ATE 0284,Speed,2026-04,Live,56.0,2026-09-09 04:00:00
ATE 0284,Speed,2026-05,Live,89.0,2026-09-09 04:00:00
ATE 0284,Speed,2026-06,Live,72.0,2026-09-09 04:00:00
ATE 0284,Speed,2026-07,Live,62.0,2026-09-09 04:00:00
ATE 0284,Speed,2026-08,Live,71.0,2026-09-09 04:00:00
ATE 0284,Speed,2026-09,Live,34.0,2026-09-09 04:00:00
ATE 0285,Speed,2024-12,Live,209.0,2026-09-10 04:00:00
ATE 0285,Speed,2025-01,Live,152.0,2026-09-10 04:00:00
ATE 0285,Speed,2025-02,Live,153.0,2026-09-10 04:00:00
ATE 0285,Speed,2025-03,Live,193.0,2026-09-10 04:00:00
ATE 0285,Speed,2025-04,Live,181.0,2026-09-10 04:00:00
ATE 0285,Speed,2025-05,Live,180.0,2026-09-10 04:00:00
ATE 0285,Speed,2025-06,Live,207.0,2026-09-10 04:00:00
ATE 0285,Speed,2025-07,Live,181.0,2026-09-10 04:00:00
ATE 0285,Speed,2025-08,Live,145.0,2026-09-10 04:00:00
ATE 0285,Speed,2025-09,Live,121.0,2026-09-10 04:00:00
ATE 0285,Speed,2025-10,Live,125.0,2026-09-10 04:00:00
ATE 0285,Speed,2025-11,Live,181.0,2026-09-10 04:00:00
ATE 0285,Speed,2025-12,Live,209.0,2026-09-10 04:00:00
ATE 0285,Speed,2026-01,Live,174.0,2026-09-10 04:00:00
ATE 0285,Speed,2026-02,Live,62.0,2026-09-10 04:00:00
ATE 0285,Speed,2026-03,Warning,464.0,2026-03-29 04:00:00
ATE 0285,Speed,2026-04,Live,248.0,2026-09-10 04:00:00
ATE 0285,Speed,2026-05,Live,463.0,2026-09-10 04:00:00
ATE 0285,Speed,2026-06,Live,809.0,2026-09-10 04:00:00
ATE 0285,Speed,2026-07,Live,715.0,2026-09-10 04:00:00
ATE 0285,Speed,2026-08,Live,637.0,2026-09-10 04:00:00
ATE 0285,Speed,2026-09,Live,216.0,2026-09-10 04:00:00
ATE 0287,Speed,2024-12,Live,87.0,2025-06-29 04:00:00
ATE 0287,Speed,2025-01,Live,106.0,2025-06-29 04:00:00
ATE 0287,Speed,2025-02,Live,60.0,2025-06-29 04:00:00
ATE 0287,Speed,2025-03,Live,89.0,2025-06-29 04:00:00
ATE 0287,Speed,2025-04,Live,71.0,2025-06-29 04:00:00
ATE 0287,Speed,2025-05,Live,72.0,2025-06-29 04:00:00
ATE 0287,Speed,2025-06,Live,56.0,2025-06-29 04:00:00
ATE 0290,Speed,2024-12,Live,96.0,2026-09-09 04:00:00
ATE 0290,Speed,2025-01,Live,59.0,2026-09-09 04:00:00
ATE 0290,Speed,2025-02,Live,59.0,2026-09-09 04:00:00
ATE 0290,Speed,2025-03,Live,92.0,2026-09-09 04:00:00
ATE 0290,Speed,2025-04,Live,103.0,2026-09-09 04:00:00
ATE 0290,Speed,2025-05,Live,99.0,2026-09-09 04:00:00
ATE 0290,Speed,2025-06,Live,80.0,2026-09-09 04:00:00
ATE 0290,Speed,2025-07,Live,109.0,2026-09-09 04:00:00
ATE 0290,Speed,2025-08,Live,68.0,2026-09-09 04:00:00
ATE 0290,Speed,2025-09,Live,68.0,2026-09-09 04:00:00
ATE 0290,Speed,2025-10,Live,58.0,2026-09-09 04:00:00
ATE 0290,Speed,2025-11,Live,58.0,2026-09-09 04:00:00
ATE 0290,Speed,2025-12,Live,30.0,2026-09-09 04:00:00
ATE 0290,Speed,2026-01,Live,23.0,2026-09-09 04:00:00
ATE 0290,Speed,2026-02,Live,10.0,2026-09-09 04:00:00
ATE 0290,Speed,2026-02,Warning,53.0,2026-03-25 04:00:00
ATE 0290,Speed,2026-03,Live,107.0,2026-09-09 04:00:00
ATE 0290,Speed,2026-03,Warning,488.0,2026-03-25 04:00:00
ATE 0290,Speed,2026-04,Live,605.0,2026-09-09 04:00:00
ATE 0290,Speed,2026-05,Live,526.0,2026-09-09 04:00:00
ATE 0290,Speed,2026-06,Live,134.0,2026-09-09 04:00:00
ATE 0290,Speed,2026-07,Live,317.0,2026-09-09 04:00:00
ATE 0290,Speed,2026-08,Live,410.0,2026-09-09 04:00:00
ATE 0290,Speed,2026-09,Live,206.0,2026-09-09 04:00:00
ATE 0291,Speed,2024-12,Live,1185.0,2026-09-10 04:00:00
ATE 0291,Speed,2025-01,Live,999.0,2026-09-10 04:00:00
ATE 0291,Speed,2025-02,Live,888.0,2026-09-10 04:00:00
ATE 0291,Speed,2025-03,Live,807.0,2026-09-10 04:00:00
ATE 0291,Speed,2025-04,Live,1100.0,2026-09-10 04:00:00
ATE 0291,Speed,2025-05,Live,1282.0,2026-09-10 04:00:00
ATE 0291,Speed,2025-06,Live,1035.0,2026-09-10 04:00:00
ATE 0291,Speed,2025-07,Live,848.0,2026-09-10 04:00:00
ATE 0291,Speed,2025-08,Live,972.0,2026-09-10 04:00:00
ATE 0291,Speed,2025-09,Live,1028.0,2026-09-10 04:00:00
ATE 0291,Speed,2025-10,Live,1118.0,2026-09-10 04:00:00
ATE 0291,Speed,2025-11,Live,1272.0,2026-09-10 04:00:00
ATE 0291,Speed,2025-12,Live,1384.0,2026-09-10 04:00:00
ATE 0291,Speed,2026-01,Live,981.0,2026-09-10 04:00:00
ATE 0291,Speed,2026-02,Live,832.0,2026-09-10 04:00:00
ATE 0291,Speed,2026-03,Live,1243.0,2026-09-10 04:00:00
ATE 0291,Speed,2026-04,Live,1194.0,2026-09-10 04:00:00
ATE 0291,Speed,2026-05,Live,1231.0,2026-09-10 04:00:00
ATE 0291,Speed,2026-06,Live,881.0,2026-09-10 04:00:00
ATE 0291,Speed,2026-07,Live,891.0,2026-09-10 04:00:00
ATE 0291,Speed,2026-08,Live,996.0,2026-09-10 04:00:00
ATE 0291,Speed,2026-09,Live,342.0,2026-09-10 04:00:00
ATE 0297,Speed,2024-12,Live,1299.0,2026-09-10 04:00:00
ATE 0297,Speed,2025-01,Live,1182.0,2026-09-10 04:00:00
ATE 0297,Speed,2025-02,Live,1264.0,2026-09-10 04:00:00
ATE 0297,Speed,2025-03,Live,4993.0,2026-09-10 04:00:00
ATE 0297,Speed,2025-04,Live,8145.0,2026-09-10 04:00:00
ATE 0297,Speed,2025-05,Live,7122.0,2026-09-10 04:00:00
ATE 0297,Speed,2025-06,Live,6931.0,2026-09-10 04:00:00
ATE 0297,Speed,2025-07,Live,7547.0,2026-09-10 04:00:00
ATE 0297,Speed,2025-08,Live,7764.0,2026-09-10 04:00:00
ATE 0297,Speed,2025-09,Live,5600.0,2026-09-10 04:00:00
ATE 0297,Speed,2025-10,Live,6055.0,2026-09-10 04:00:00
ATE 0297,Speed,2025-11,Live,5355.0,2026-09-10 04:00:00
ATE 0297,Speed,2025-12,Live,5219.0,2026-09-10 04:00:00
ATE 0297,Speed,2026-01,Live,4534.0,2026-09-10 04:00:00
ATE 0297,Speed,2026-02,Live,4487.0,2026-09-10 04:00:00
ATE 0297,Speed,2026-03,Live,5347.0,2026-09-10 04:00:00
ATE 0297,Speed,2026-04,Live,4432.0,2026-09-10 04:00:00
ATE 0297,Speed,2026-05,Live,4418.0,2026-09-10 04:00:00
ATE 0297,Speed,2026-06,Live,3570.0,2026-09-10 04:00:00
ATE 0297,Speed,2026-07,Live,4020.0,2026-09-10 04:00:00
ATE 0297,Speed,2026-08,Live,4605.0,2026-09-10 04:00:00
ATE 0297,Speed,2026-09,Live,1486.0,2026-09-10 04:00:00
ATE 0300,Speed,2024-12,Live,190.0,2026-09-09 04:00:00
ATE 0300,Speed,2025-01,Live,122.0,2026-09-09 04:00:00
ATE 0300,Speed,2025-02,Live,100.0,2026-09-09 04:00:00
ATE 0300,Speed,2025-03,Live,150.0,2026-09-09 04:00:00
ATE 0300,Speed,2025-04,Live,133.0,2026-09-09 04:00:00
ATE 0300,Speed,2025-05,Live,129.0,2026-09-09 04:00:00
ATE 0300,Speed,2025-06,Live,119.0,2026-09-09 04:00:00
ATE 0300,Speed,2025-07,Live,165.0,2026-09-09 04:00:00
ATE 0300,Speed,2025-08,Live,108.0,2026-09-09 04:00:00
ATE 0300,Speed,2025-09,Live,95.0,2026-09-09 04:00:00
ATE 0300,Speed,2025-10,Live,82.0,2026-09-09 04:00:00
ATE 0300,Speed,2025-11,Live,98.0,2026-09-09 04:00:00
ATE 0300,Speed,2025-12,Live,127.0,2026-09-09 04:00:00
ATE 0300,Speed,2026-01,Live,79.0,2026-09-09 04:00:00
ATE 0300,Speed,2026-02,Live,28.0,2026-09-09 04:00:00
ATE 0300,Speed,2026-03,Warning,1006.0,2026-03-29 04:00:00
ATE 0300,Speed,2026-04,Live,1076.0,2026-09-09 04:00:00
ATE 0300,Speed,2026-05,Live,941.0,2026-09-09 04:00:00
ATE 0300,Speed,2026-06,Live,721.0,2026-09-09 04:00:00
ATE 0300,Speed,2026-07,Live,619.0,2026-09-09 04:00:00
ATE 0300,Speed,2026-08,Live,822.0,2026-09-09 04:00:00
ATE 0300,Speed,2026-09,Live,240.0,2026-09-09 04:00:00
ATE 0303,Speed,2024-12,Live,640.0,2026-09-09 04:00:00
ATE 0303,Speed,2025-01,Live,552.0,2026-09-09 04:00:00
ATE 0303,Speed,2025-02,Live,583.0,2026-09-09 04:00:00
ATE 0303,Speed,2025-03,Live,699.0,2026-09-09 04:00:00
ATE 0303,Speed,2025-04,Live,746.0,2026-09-09 04:00:00
ATE 0303,Speed,2025-05,Live,608.0,2026-09-09 04:00:00
ATE 0303,Speed,2025-06,Live,604.0,2026-09-09 04:00:00
ATE 0303,Speed,2025-07,Live,824.0,2026-09-09 04:00:00
ATE 0303,Speed,2025-08,Live,811.0,2026-09-09 04:00:00
ATE 0303,Speed,2025-09,Live,755.0,2026-09-09 04:00:00
ATE 0303,Speed,2025-10,Live,705.0,2026-09-09 04:00:00
ATE 0303,Speed,2025-11,Live,325.0,2026-09-09 04:00:00
ATE 0303,Speed,2025-12,Live,2.0,2026-09-09 04:00:00
ATE 0303,Speed,2026-01,Live,377.0,2026-09-09 04:00:00
ATE 0303,Speed,2026-02,Live,403.0,2026-09-09 04:00:00
ATE 0303,Speed,2026-03,Live,437.0,2026-09-09 04:00:00
ATE 0303,Speed,2026-04,Live,507.0,2026-09-09 04:00:00
ATE 0303,Speed,2026-05,Live,396.0,2026-09-09 04:00:00
ATE 0303,Speed,2026-06,Live,344.0,2026-09-09 04:00:00
ATE 0303,Speed,2026-07,Live,328.0,2026-09-09 04:00:00
ATE 0303,Speed,2026-08,Live,327.0,2026-09-09 04:00:00
ATE 0303,Speed,2026-09,Live,112.0,2026-09-09 04:00:00
ATE 0304,Speed,2024-12,Live,101.0,2026-09-08 04:00:00
ATE 0304,Speed,2025-01,Live,123.0,2026-09-08 04:00:00
ATE 0304,Speed,2025-02,Live,164.0,2026-09-08 04:00:00
ATE 0304,Speed,2025-03,Live,182.0,2026-09-08 04:00:00
ATE 0304,Speed,2025-04,Live,103.0,2026-09-08 04:00:00
ATE 0304,Speed,2025-05,Live,97.0,2026-09-08 04:00:00
ATE 0304,Speed,2025-06,Live,69.0,2026-09-08 04:00:00
ATE 0304,Speed,2025-07,Live,68.0,2026-09-08 04:00:00
ATE 0304,Speed,2025-08,Live,87.0,2026-09-08 04:00:00
ATE 0304,Speed,2025-09,Live,69.0,2026-09-08 04:00:00
ATE 0304,Speed,2025-10,Live,57.0,2026-09-08 04:00:00
ATE 0304,Speed,2025-11,Live,44.0,2026-09-08 04:00:00
ATE 0304,Speed,2025-12,Live,53.0,2026-09-08 04:00:00
ATE 0304,Speed,2026-01,Live,40.0,2026-09-08 04:00:00
ATE 0304,Speed,2026-02,Live,57.0,2026-09-08 04:00:00
ATE 0304,Speed,2026-03,Live,73.0,2026-09-08 04:00:00
ATE 0304,Speed,2026-04,Live,92.0,2026-09-08 04:00:00
ATE 0304,Speed,2026-05,Live,66.0,2026-09-08 04:00:00
ATE 0304,Speed,2026-06,Live,22.0,2026-09-08 04:00:00
ATE 0304,Speed,2026-07,Live,59.0,2026-09-08 04:00:00
ATE 0304,Speed,2026-08,Live,80.0,2026-09-08 04:00:00
ATE 0304,Speed,2026-09,Live,30.0,2026-09-08 04:00:00
ATE 0308,Speed,2024-12,Live,259.0,2026-09-09 04:00:00
ATE 0308,Speed,2025-01,Live,206.0,2026-09-09 04:00:00
ATE 0308,Speed,2025-02,Live,176.0,2026-09-09 04:00:00
ATE 0308,Speed,2025-03,Live,253.0,2026-09-09 04:00:00
ATE 0308,Speed,2025-04,Live,282.0,2026-09-09 04:00:00
ATE 0308,Speed,2025-05,Live,294.0,2026-09-09 04:00:00
ATE 0308,Speed,2025-06,Live,293.0,2026-09-09 04:00:00
ATE 0308,Speed,2025-07,Live,298.0,2026-09-09 04:00:00
ATE 0308,Speed,2025-08,Live,250.0,2026-09-09 04:00:00
ATE 0308,Speed,2025-09,Live,137.0,2026-09-09 04:00:00
ATE 0308,Speed,2025-10,Live,181.0,2026-09-09 04:00:00
ATE 0308,Speed,2025-11,Live,136.0,2026-09-09 04:00:00
ATE 0308,Speed,2025-12,Live,174.0,2026-09-09 04:00:00
ATE 0308,Speed,2026-01,Live,120.0,2026-09-09 04:00:00
ATE 0308,Speed,2026-02,Live,81.0,2026-09-09 04:00:00
ATE 0308,Speed,2026-03,Live,148.0,2026-09-09 04:00:00
ATE 0308,Speed,2026-04,Live,157.0,2026-09-09 04:00:00
ATE 0308,Speed,2026-05,Live,155.0,2026-09-09 04:00:00
ATE 0308,Speed,2026-06,Live,138.0,2026-09-09 04:00:00
ATE 0308,Speed,2026-07,Live,137.0,2026-09-09 04:00:00
ATE 0308,Speed,2026-08,Live,120.0,2026-09-09 04:00:00
ATE 0308,Speed,2026-09,Live,42.0,2026-09-09 04:00:00
ATE 0309,Speed,2024-12,Live,639.0,2026-09-09 04:00:00
ATE 0309,Speed,2025-01,Live,436.0,2026-09-09 04:00:00
ATE 0309,Speed,2025-02,Live,453.0,2026-09-09 04:00:00
ATE 0309,Speed,2025-03,Live,515.0,2026-09-09 04:00:00
ATE 0309,Speed,2025-04,Live,542.0,2026-09-09 04:00:00
ATE 0309,Speed,2025-05,Live,531.0,2026-09-09 04:00:00
ATE 0309,Speed,2025-06,Live,525.0,2026-09-09 04:00:00
ATE 0309,Speed,2025-07,Live,549.0,2026-09-09 04:00:00
ATE 0309,Speed,2025-08,Live,475.0,2026-09-09 04:00:00
ATE 0309,Speed,2025-09,Live,270.0,2026-09-09 04:00:00
ATE 0309,Speed,2025-10,Live,323.0,2026-09-09 04:00:00
ATE 0309,Speed,2025-11,Live,310.0,2026-09-09 04:00:00
ATE 0309,Speed,2025-12,Live,376.0,2026-09-09 04:00:00
ATE 0309,Speed,2026-01,Live,259.0,2026-09-09 04:00:00
ATE 0309,Speed,2026-02,Live,211.0,2026-09-09 04:00:00
ATE 0309,Speed,2026-03,Live,293.0,2026-09-09 04:00:00
ATE 0309,Speed,2026-04,Live,316.0,2026-09-09 04:00:00
ATE 0309,Speed,2026-05,Live,317.0,2026-09-09 04:00:00
ATE 0309,Speed,2026-06,Live,222.0,2026-09-09 04:00:00
ATE 0309,Speed,2026-07,Live,283.0,2026-09-09 04:00:00
ATE 0309,Speed,2026-08,Live,214.0,2026-09-09 04:00:00
ATE 0309,Speed,2026-09,Live,55.0,2026-09-09 04:00:00
ATE 0311,Speed,2024-12,Live,620.0,2026-09-09 04:00:00
ATE 0311,Speed,2025-01,Live,1827.0,2026-09-09 04:00:00
ATE 0311,Speed,2025-02,Live,2124.0,2026-09-09 04:00:00
ATE 0311,Speed,2025-03,Live,2418.0,2026-09-09 04:00:00
ATE 0311,Speed,2025-04,Live,2533.0,2026-09-09 04:00:00
ATE 0311,Speed,2025-05,Live,1938.0,2026-09-09 04:00:00
ATE 0311,Speed,2025-06,Live,1853.0,2026-09-09 04:00:00
ATE 0311,Speed,2025-07,Live,1703.0,2026-09-09 04:00:00
ATE 0311,Speed,2025-08,Live,1831.0,2026-09-09 04:00:00
ATE 0311,Speed,2025-09,Live,1357.0,2026-09-09 04:00:00
ATE 0311,Speed,2025-10,Live,1328.0,2026-09-09 04:00:00
ATE 0311,Speed,2025-11,Live,1321.0,2026-09-09 04:00:00
ATE 0311,Speed,2025-12,Live,1217.0,2026-09-09 04:00:00
ATE 0311,Speed,2026-01,Live,931.0,2026-09-09 04:00:00
ATE 0311,Speed,2026-02,Live,951.0,2026-09-09 04:00:00
ATE 0311,Speed,2026-03,Live,1319.0,2026-09-09 04:00:00
ATE 0311,Speed,2026-04,Live,1416.0,2026-09-09 04:00:00
ATE 0311,Speed,2026-05,Live,1232.0,2026-09-09 04:00:00
ATE 0311,Speed,2026-06,Live,777.0,2026-09-09 04:00:00
ATE 0311,Speed,2026-07,Live,886.0,2026-09-09 04:00:00
ATE 0311,Speed,2026-08,Live,1007.0,2026-09-09 04:00:00
ATE 0311,Speed,2026-09,Live,297.0,2026-09-09 04:00:00
ATE 0313,Speed,2024-12,Live,335.0,2026-09-10 04:00:00
ATE 0313,Speed,2025-01,Live,302.0,2026-09-10 04:00:00
ATE 0313,Speed,2025-02,Live,254.0,2026-09-10 04:00:00
ATE 0313,Speed,2025-03,Live,311.0,2026-09-10 04:00:00
ATE 0313,Speed,2025-04,Live,273.0,2026-09-10 04:00:00
ATE 0313,Speed,2025-05,Live,328.0,2026-09-10 04:00:00
ATE 0313,Speed,2025-06,Live,263.0,2026-09-10 04:00:00
ATE 0313,Speed,2025-07,Live,277.0,2026-09-10 04:00:00
ATE 0313,Speed,2025-08,Live,233.0,2026-09-10 04:00:00
ATE 0313,Speed,2025-09,Live,196.0,2026-09-10 04:00:00
ATE 0313,Speed,2025-10,Live,190.0,2026-09-10 04:00:00
ATE 0313,Speed,2025-11,Live,152.0,2026-09-10 04:00:00
ATE 0313,Speed,2025-12,Live,265.0,2026-09-10 04:00:00
ATE 0313,Speed,2026-01,Live,157.0,2026-09-10 04:00:00
ATE 0313,Speed,2026-02,Live,213.0,2026-09-10 04:00:00
ATE 0313,Speed,2026-03,Live,257.0,2026-09-10 04:00:00
ATE 0313,Speed,2026-04,Live,213.0,2026-09-10 04:00:00
ATE 0313,Speed,2026-05,Live,225.0,2026-09-10 04:00:00
ATE 0313,Speed,2026-06,Live,160.0,2026-09-10 04:00:00
ATE 0313,Speed,2026-07,Live,191.0,2026-09-10 04:00:00
ATE 0313,Speed,2026-08,Live,210.0,2026-09-10 04:00:00
ATE 0313,Speed,2026-09,Live,90.0,2026-09-10 04:00:00
ATE 0317,Speed,2024-12,Live,959.0,2026-09-10 04:00:00
ATE 0317,Speed,2025-01,Live,1280.0,2026-09-10 04:00:00
ATE 0317,Speed,2025-02,Live,1198.0,2026-09-10 04:00:00
ATE 0317,Speed,2025-03,Live,1301.0,2026-09-10 04:00:00
ATE 0317,Speed,2025-04,Live,1118.0,2026-09-10 04:00:00
ATE 0317,Speed,2025-05,Live,971.0,2026-09-10 04:00:00
ATE 0317,Speed,2025-06,Live,999.0,2026-09-10 04:00:00
ATE 0317,Speed,2025-07,Live,802.0,2026-09-10 04:00:00
ATE 0317,Speed,2025-08,Live,831.0,2026-09-10 04:00:00
ATE 0317,Speed,2025-09,Live,832.0,2026-09-10 04:00:00
ATE 0317,Speed,2025-10,Live,800.0,2026-09-10 04:00:00
ATE 0317,Speed,2025-11,Live,585.0,2026-09-10 04:00:00
ATE 0317,Speed,2025-12,Live,576.0,2026-09-10 04:00:00
ATE 0317,Speed,2026-01,Live,556.0,2026-09-10 04:00:00
ATE 0317,Speed,2026-02,Live,604.0,2026-09-10 04:00:00
ATE 0317,Speed,2026-03,Live,802.0,2026-09-10 04:00:00
ATE 0317,Speed,2026-04,Live,716.0,2026-09-10 04:00:00
ATE 0317,Speed,2026-05,Live,742.0,2026-09-10 04:00:00
ATE 0317,Speed,2026-06,Live,602.0,2026-09-10 04:00:00
ATE 0317,Speed,2026-07,Live,513.0,2026-09-10 04:00:00
ATE 0317,Speed,2026-08,Live,576.0,2026-09-10 04:00:00
ATE 0317,Speed,2026-09,Live,279.0,2026-09-10 04:00:00
ATE 0320,Speed,2024-12,Live,300.0,2026-09-09 04:00:00
ATE 0320,Speed,2025-01,Live,240.0,2026-09-09 04:00:00
ATE 0320,Speed,2025-02,Live,303.0,2026-09-09 04:00:00
ATE 0320,Speed,2025-03,Live,1139.0,2026-09-09 04:00:00
ATE 0320,Speed,2025-04,Live,2169.0,2026-09-09 04:00:00
ATE 0320,Speed,2025-05,Live,1836.0,2026-09-09 04:00:00
ATE 0320,Speed,2025-06,Live,1558.0,2026-09-09 04:00:00
ATE 0320,Speed,2025-07,Live,1303.0,2026-09-09 04:00:00
ATE 0320,Speed,2025-08,Live,1144.0,2026-09-09 04:00:00
ATE 0320,Speed,2025-09,Live,1084.0,2026-09-09 04:00:00
ATE 0320,Speed,2025-10,Live,1198.0,2026-09-09 04:00:00
ATE 0320,Speed,2025-11,Live,1056.0,2026-09-09 04:00:00
ATE 0320,Speed,2025-12,Live,860.0,2026-09-09 04:00:00
ATE 0320,Speed,2026-01,Live,738.0,2026-09-09 04:00:00
ATE 0320,Speed,2026-02,Live,616.0,2026-09-09 04:00:00
ATE 0320,Speed,2026-03,Live,748.0,2026-09-09 04:00:00
ATE 0320,Speed,2026-04,Live,803.0,2026-09-09 04:00:00
ATE 0320,Speed,2026-05,Live,670.0,2026-09-09 04:00:00
ATE 0320,Speed,2026-06,Live,532.0,2026-09-09 04:00:00
ATE 0320,Speed,2026-07,Live,531.0,2026-09-09 04:00:00
ATE 0320,Speed,2026-08,Live,527.0,2026-09-09 04:00:00
ATE 0320,Speed,2026-09,Live,217.0,2026-09-09 04:00:00
ATE 0323,Stop Sign,2024-12,Live,696.0,2026-09-07 04:00:00
ATE 0323,Stop Sign,2025-01,Live,1444.0,2026-09-07 04:00:00
ATE 0323,Stop Sign,2025-02,Live,1101.0,2026-09-07 04:00:00
ATE 0323,Stop Sign,2025-03,Live,1364.0,2026-09-07 04:00:00
ATE 0323,Stop Sign,2025-04,Live,1090.0,2026-09-07 04:00:00
ATE 0323,Stop Sign,2025-05,Live,1087.0,2026-09-07 04:00:00
ATE 0323,Stop Sign,2025-06,Live,911.0,2026-09-07 04:00:00
ATE 0323,Stop Sign,2025-07,Live,638.0,2026-09-07 04:00:00
ATE 0323,Stop Sign,2025-08,Live,819.0,2026-09-07 04:00:00
ATE 0323,Stop Sign,2025-09,Live,868.0,2026-09-07 04:00:00
ATE 0323,Stop Sign,2025-10,Live,925.0,2026-09-07 04:00:00
ATE 0323,Stop Sign,2025-11,Live,667.0,2026-09-07 04:00:00
ATE 0323,Stop Sign,2025-12,Live,986.0,2026-09-07 04:00:00
ATE 0323,Stop Sign,2026-01,Live,905.0,2026-09-07 04:00:00
ATE 0323,Stop Sign,2026-02,Live,1092.0,2026-09-07 04:00:00
ATE 0323,Stop Sign,2026-03,Live,659.0,2026-09-07 04:00:00
ATE 0323,Stop Sign,2026-04,Live,622.0,2026-09-07 04:00:00
ATE 0323,Stop Sign,2026-05,Live,689.0,2026-09-07 04:00:00
ATE 0323,Stop Sign,2026-06,Live,730.0,2026-09-07 04:00:00
ATE 0323,Stop Sign,2026-07,Live,777.0,2026-09-07 04:00:00
ATE 0323,Stop Sign,2026-08,Live,703.0,2026-09-07 04:00:00
ATE 0323,Stop Sign,2026-09,Live,131.0,2026-09-07 04:00:00
ATE 0324,Stop Sign,2024-12,Live,931.0,2026-09-06 04:00:00
ATE 0324,Stop Sign,2025-01,Live,1346.0,2026-09-06 04:00:00
ATE 0324,Stop Sign,2025-02,Live,1306.0,2026-09-06 04:00:00
ATE 0324,Stop Sign,2025-03,Live,1435.0,2026-09-06 04:00:00
ATE 0324,Stop Sign,2025-04,Live,1448.0,2026-09-06 04:00:00
ATE 0324,Stop Sign,2025-05,Live,1154.0,2026-09-06 04:00:00
ATE 0324,Stop Sign,2025-06,Live,914.0,2026-09-06 04:00:00
ATE 0324,Stop Sign,2025-07,Live,1044.0,2026-09-06 04:00:00
ATE 0324,Stop Sign,2025-08,Live,1052.0,2026-09-06 04:00:00
ATE 0324,Stop Sign,2025-09,Live,961.0,2026-09-06 04:00:00
ATE 0324,Stop Sign,2025-10,Live,895.0,2026-09-06 04:00:00
ATE 0324,Stop Sign,2025-11,Live,769.0,2026-09-06 04:00:00
ATE 0324,Stop Sign,2025-12,Live,723.0,2026-09-06 04:00:00
ATE 0324,Stop Sign,2026-01,Live,613.0,2026-09-06 04:00:00
ATE 0324,Stop Sign,2026-02,Live,740.0,2026-09-06 04:00:00
ATE 0324,Stop Sign,2026-03,Live,671.0,2026-09-06 04:00:00
ATE 0324,Stop Sign,2026-04,Live,419.0,2026-09-06 04:00:00
ATE 0324,Stop Sign,2026-05,Live,135.0,2026-09-06 04:00:00
ATE 0324,Stop Sign,2026-06,Live,98.0,2026-09-06 04:00:00
ATE 0324,Stop Sign,2026-07,Live,105.0,2026-09-06 04:00:00
ATE 0324,Stop Sign,2026-08,Live,107.0,2026-09-06 04:00:00
ATE 0324,Stop Sign,2026-09,Live,15.0,2026-09-06 04:00:00
ATE 0326,Speed,2024-12,Live,460.0,2026-09-10 04:00:00
ATE 0326,Speed,2025-01,Live,284.0,2026-09-10 04:00:00
ATE 0326,Speed,2025-02,Live,306.0,2026-09-10 04:00:00
ATE 0326,Speed,2025-03,Live,327.0,2026-09-10 04:00:00
ATE 0326,Speed,2025-04,Live,314.0,2026-09-10 04:00:00
ATE 0326,Speed,2025-05,Live,305.0,2026-09-10 04:00:00
ATE 0326,Speed,2025-06,Live,254.0,2026-09-10 04:00:00
ATE 0326,Speed,2025-07,Live,298.0,2026-09-10 04:00:00
ATE 0326,Speed,2025-08,Live,236.0,2026-09-10 04:00:00
ATE 0326,Speed,2025-09,Live,170.0,2026-09-10 04:00:00
ATE 0326,Speed,2025-10,Live,180.0,2026-09-10 04:00:00
ATE 0326,Speed,2025-11,Live,170.0,2026-09-10 04:00:00
ATE 0326,Speed,2025-12,Live,246.0,2026-09-10 04:00:00
ATE 0326,Speed,2026-01,Live,184.0,2026-09-10 04:00:00
ATE 0326,Speed,2026-02,Live,144.0,2026-09-10 04:00:00
ATE 0326,Speed,2026-03,Live,227.0,2026-09-10 04:00:00
ATE 0326,Speed,2026-04,Live,210.0,2026-09-10 04:00:00
ATE 0326,Speed,2026-05,Live,195.0,2026-09-10 04:00:00
ATE 0326,Speed,2026-06,Live,188.0,2026-09-10 04:00:00
ATE 0326,Speed,2026-07,Live,277.0,2026-09-10 04:00:00
ATE 0326,Speed,2026-08,Live,294.0,2026-09-10 04:00:00
ATE 0326,Speed,2026-09,Live,60.0,2026-09-10 04:00:00
ATE 0327,Speed,2024-12,Live,270.0,2026-09-09 04:00:00
ATE 0327,Speed,2025-01,Live,498.0,2026-09-09 04:00:00
ATE 0327,Speed,2025-02,Live,378.0,2026-09-09 04:00:00
ATE 0327,Speed,2025-03,Live,432.0,2026-09-09 04:00:00
ATE 0327,Speed,2025-04,Live,500.0,2026-09-09 04:00:00
ATE 0327,Speed,2025-05,Live,477.0,2026-09-09 04:00:00
ATE 0327,Speed,2025-06,Live,529.0,2026-09-09 04:00:00
ATE 0327,Speed,2025-07,Live,681.0,2026-09-09 04:00:00
ATE 0327,Speed,2025-08,Live,875.0,2026-09-09 04:00:00
ATE 0327,Speed,2025-09,Live,435.0,2026-09-09 04:00:00
ATE 0327,Speed,2025-10,Live,227.0,2026-09-09 04:00:00
ATE 0327,Speed,2025-11,Live,186.0,2026-09-09 04:00:00
ATE 0327,Speed,2025-12,Live,238.0,2026-09-09 04:00:00
ATE 0327,Speed,2026-01,Live,59.0,2026-09-09 04:00:00
ATE 0327,Speed,2026-02,Live,47.0,2026-09-09 04:00:00
ATE 0327,Speed,2026-03,Live,90.0,2026-09-09 04:00:00
ATE 0327,Speed,2026-04,Live,99.0,2026-09-09 04:00:00
ATE 0327,Speed,2026-05,Live,83.0,2026-09-09 04:00:00
ATE 0327,Speed,2026-06,Live,60.0,2026-09-09 04:00:00
ATE 0327,Speed,2026-07,Live,58.0,2026-09-09 04:00:00
ATE 0327,Speed,2026-08,Live,71.0,2026-09-09 04:00:00
ATE 0327,Speed,2026-09,Live,23.0,2026-09-09 04:00:00
ATE 0329,Speed,2024-12,Live,524.0,2026-09-10 04:00:00
ATE 0329,Speed,2025-01,Live,419.0,2026-09-10 04:00:00
ATE 0329,Speed,2025-02,Live,443.0,2026-09-10 04:00:00
ATE 0329,Speed,2025-03,Live,567.0,2026-09-10 04:00:00
ATE 0329,Speed,2025-04,Live,363.0,2026-09-10 04:00:00
ATE 0329,Speed,2025-05,Live,411.0,2026-09-10 04:00:00
ATE 0329,Speed,2025-06,Live,371.0,2026-09-10 04:00:00
ATE 0329,Speed,2025-07,Live,364.0,2026-09-10 04:00:00
ATE 0329,Speed,2025-08,Live,342.0,2026-09-10 04:00:00
ATE 0329,Speed,2025-09,Live,299.0,2026-09-10 04:00:00
ATE 0329,Speed,2025-10,Live,289.0,2026-09-10 04:00:00
ATE 0329,Speed,2025-11,Live,234.0,2026-09-10 04:00:00
ATE 0329,Speed,2025-12,Live,162.0,2026-09-10 04:00:00
ATE 0329,Speed,2026-01,Configuration,1210.0,2026-01-21 05:00:00
ATE 0329,Speed,2026-01,Live,413.0,2026-09-10 04:00:00
ATE 0329,Speed,2026-02,Live,2775.0,2026-09-10 04:00:00
ATE 0329,Speed,2026-03,Live,3363.0,2026-09-10 04:00:00
ATE 0329,Speed,2026-04,Live,2947.0,2026-09-10 04:00:00
ATE 0329,Speed,2026-05,Live,2190.0,2026-09-10 04:00:00
ATE 0329,Speed,2026-06,Live,1329.0,2026-09-10 04:00:00
ATE 0329,Speed,2026-07,Live,1459.0,2026-09-10 04:00:00
ATE 0329,Speed,2026-08,Live,1638.0,2026-09-10 04:00:00
ATE 0329,Speed,2026-09,Live,516.0,2026-09-10 04:00:00
ATE 0330,Speed,2024-12,Live,1920.0,2026-09-10 04:00:00
ATE 0330,Speed,2025-01,Live,1452.0,2026-09-10 04:00:00
ATE 0330,Speed,2025-02,Live,1341.0,2026-09-10 04:00:00
ATE 0330,Speed,2025-03,Live,1468.0,2026-09-10 04:00:00
ATE 0330,Speed,2025-04,Live,1045.0,2026-09-10 04:00:00
ATE 0330,Speed,2025-05,Live,356.0,2026-09-10 04:00:00
ATE 0330,Speed,2025-06,Live,1153.0,2026-09-10 04:00:00
ATE 0330,Speed,2025-07,Live,1320.0,2026-09-10 04:00:00
ATE 0330,Speed,2025-08,Live,1122.0,2026-09-10 04:00:00
ATE 0330,Speed,2025-09,Live,908.0,2026-09-10 04:00:00
ATE 0330,Speed,2025-10,Live,865.0,2026-09-10 04:00:00
ATE 0330,Speed,2025-11,Live,810.0,2026-09-10 04:00:00
ATE 0330,Speed,2025-12,Live,876.0,2026-09-10 04:00:00
ATE 0330,Speed,2026-01,Live,603.0,2026-09-10 04:00:00
ATE 0330,Speed,2026-02,Live,415.0,2026-09-10 04:00:00
ATE 0330,Speed,2026-03,Live,750.0,2026-09-10 04:00:00
ATE 0330,Speed,2026-04,Live,774.0,2026-09-10 04:00:00
ATE 0330,Speed,2026-05,Live,683.0,2026-09-10 04:00:00
ATE 0330,Speed,2026-06,Live,553.0,2026-09-10 04:00:00
ATE 0330,Speed,2026-07,Live,521.0,2026-09-10 04:00:00
ATE 0330,Speed,2026-08,Live,644.0,2026-09-10 04:00:00
ATE 0330,Speed,2026-09,Live,194.0,2026-09-10 04:00:00
ATE 0331,Speed,2024-12,Live,112.0,2025-06-04 04:00:00
ATE 0331,Speed,2025-01,Live,86.0,2025-06-04 04:00:00
ATE 0331,Speed,2025-02,Live,33.0,2025-06-04 04:00:00
ATE 0331,Speed,2025-03,Live,85.0,2025-06-04 04:00:00
ATE 0331,Speed,2025-04,Live,104.0,2025-06-04 04:00:00
ATE 0331,Speed,2025-05,Live,128.0,2025-06-04 04:00:00
ATE 0331,Speed,2025-06,Live,12.0,2025-06-04 04:00:00
ATE 0333,Speed,2024-12,Live,414.0,2026-09-10 04:00:00
ATE 0333,Speed,2025-01,Live,286.0,2026-09-10 04:00:00
ATE 0333,Speed,2025-02,Live,319.0,2026-09-10 04:00:00
ATE 0333,Speed,2025-03,Live,317.0,2026-09-10 04:00:00
ATE 0333,Speed,2025-04,Live,324.0,2026-09-10 04:00:00
ATE 0333,Speed,2025-05,Live,353.0,2026-09-10 04:00:00
ATE 0333,Speed,2025-06,Live,373.0,2026-09-10 04:00:00
ATE 0333,Speed,2025-07,Live,380.0,2026-09-10 04:00:00
ATE 0333,Speed,2025-08,Live,390.0,2026-09-10 04:00:00
ATE 0333,Speed,2025-09,Live,333.0,2026-09-10 04:00:00
ATE 0333,Speed,2025-10,Live,316.0,2026-09-10 04:00:00
ATE 0333,Speed,2025-11,Live,278.0,2026-09-10 04:00:00
ATE 0333,Speed,2025-12,Live,326.0,2026-09-10 04:00:00
ATE 0333,Speed,2026-01,Live,213.0,2026-09-10 04:00:00
ATE 0333,Speed,2026-02,Live,220.0,2026-09-10 04:00:00
ATE 0333,Speed,2026-03,Live,354.0,2026-09-10 04:00:00
ATE 0333,Speed,2026-04,Live,338.0,2026-09-10 04:00:00
ATE 0333,Speed,2026-05,Live,330.0,2026-09-10 04:00:00
ATE 0333,Speed,2026-06,Live,251.0,2026-09-10 04:00:00
ATE 0333,Speed,2026-07,Live,245.0,2026-09-10 04:00:00
ATE 0333,Speed,2026-08,Live,320.0,2026-09-10 04:00:00
ATE 0333,Speed,2026-09,Live,115.0,2026-09-10 04:00:00
ATE 0335,Speed,2024-12,Live,649.0,2026-09-10 04:00:00
ATE 0335,Speed,2025-01,Live,641.0,2026-09-10 04:00:00
ATE 0335,Speed,2025-02,Live,663.0,2026-09-10 04:00:00
ATE 0335,Speed,2025-03,Live,921.0,2026-09-10 04:00:00
ATE 0335,Speed,2025-04,Live,865.0,2026-09-10 04:00:00
ATE 0335,Speed,2025-05,Live,742.0,2026-09-10 04:00:00
ATE 0335,Speed,2025-06,Live,621.0,2026-09-10 04:00:00
ATE 0335,Speed,2025-07,Live,592.0,2026-09-10 04:00:00
ATE 0335,Speed,2025-08,Live,515.0,2026-09-10 04:00:00
ATE 0335,Speed,2025-09,Live,485.0,2026-09-10 04:00:00
ATE 0335,Speed,2025-10,Live,402.0,2026-09-10 04:00:00
ATE 0335,Speed,2025-11,Live,493.0,2026-09-10 04:00:00
ATE 0335,Speed,2025-12,Live,523.0,2026-09-10 04:00:00
ATE 0335,Speed,2026-01,Live,433.0,2026-09-10 04:00:00
ATE 0335,Speed,2026-02,Live,408.0,2026-09-10 04:00:00
ATE 0335,Speed,2026-03,Live,501.0,2026-09-10 04:00:00
ATE 0335,Speed,2026-04,Live,560.0,2026-09-10 04:00:00
ATE 0335,Speed,2026-05,Live,595.0,2026-09-10 04:00:00
ATE 0335,Speed,2026-06,Live,426.0,2026-09-10 04:00:00
ATE 0335,Speed,2026-07,Live,474.0,2026-09-10 04:00:00
ATE 0335,Speed,2026-08,Live,505.0,2026-09-10 04:00:00
ATE 0335,Speed,2026-09,Live,155.0,2026-09-10 04:00:00
ATE 0336,Speed,2024-12,Live,867.0,2026-09-10 04:00:00
ATE 0336,Speed,2025-01,Live,1314.0,2026-09-10 04:00:00
ATE 0336,Speed,2025-02,Live,1191.0,2026-09-10 04:00:00
ATE 0336,Speed,2025-03,Live,1348.0,2026-09-10 04:00:00
ATE 0336,Speed,2025-04,Live,1322.0,2026-09-10 04:00:00
ATE 0336,Speed,2025-05,Live,1203.0,2026-09-10 04:00:00
ATE 0336,Speed,2025-06,Live,1147.0,2026-09-10 04:00:00
ATE 0336,Speed,2025-07,Live,1050.0,2026-09-10 04:00:00
ATE 0336,Speed,2025-08,Live,1085.0,2026-09-10 04:00:00
ATE 0336,Speed,2025-09,Live,767.0,2026-09-10 04:00:00
ATE 0336,Speed,2025-10,Live,995.0,2026-09-10 04:00:00
ATE 0336,Speed,2025-11,Live,731.0,2026-09-10 04:00:00
ATE 0336,Speed,2025-12,Live,718.0,2026-09-10 04:00:00
ATE 0336,Speed,2026-01,Live,641.0,2026-09-10 04:00:00
ATE 0336,Speed,2026-02,Live,202.0,2026-09-10 04:00:00
ATE 0336,Speed,2026-03,Live,814.0,2026-09-10 04:00:00
ATE 0336,Speed,2026-04,Live,686.0,2026-09-10 04:00:00
ATE 0336,Speed,2026-05,Live,569.0,2026-09-10 04:00:00
ATE 0336,Speed,2026-06,Live,362.0,2026-09-10 04:00:00
ATE 0336,Speed,2026-07,Live,475.0,2026-09-10 04:00:00
ATE 0336,Speed,2026-08,Live,538.0,2026-09-10 04:00:00
ATE 0336,Speed,2026-09,Live,206.0,2026-09-10 04:00:00
ATE 0337,Speed,2024-12,Live,499.0,2026-09-09 04:00:00
ATE 0337,Speed,2025-01,Live,370.0,2026-09-09 04:00:00
ATE 0337,Speed,2025-02,Live,305.0,2026-09-09 04:00:00
ATE 0337,Speed,2025-03,Live,370.0,2026-09-09 04:00:00
ATE 0337,Speed,2025-04,Live,400.0,2026-09-09 04:00:00
ATE 0337,Speed,2025-05,Live,442.0,2026-09-09 04:00:00
ATE 0337,Speed,2025-06,Live,477.0,2026-09-09 04:00:00
ATE 0337,Speed,2025-07,Live,462.0,2026-09-09 04:00:00
ATE 0337,Speed,2025-08,Live,432.0,2026-09-09 04:00:00
ATE 0337,Speed,2025-09,Live,291.0,2026-09-09 04:00:00
ATE 0337,Speed,2025-10,Live,295.0,2026-09-09 04:00:00
ATE 0337,Speed,2025-11,Live,298.0,2026-09-09 04:00:00
ATE 0337,Speed,2025-12,Live,351.0,2026-09-09 04:00:00
ATE 0337,Speed,2026-01,Live,244.0,2026-09-09 04:00:00
ATE 0337,Speed,2026-02,Live,106.0,2026-09-09 04:00:00
ATE 0337,Speed,2026-03,Live,163.0,2026-09-09 04:00:00
ATE 0337,Speed,2026-04,Live,140.0,2026-09-09 04:00:00
ATE 0337,Speed,2026-05,Live,128.0,2026-09-09 04:00:00
ATE 0337,Speed,2026-06,Live,104.0,2026-09-09 04:00:00
ATE 0337,Speed,2026-07,Live,132.0,2026-09-09 04:00:00
ATE 0337,Speed,2026-08,Live,99.0,2026-09-09 04:00:00
ATE 0337,Speed,2026-09,Live,50.0,2026-09-09 04:00:00
ATE 0338,Speed,2024-12,Live,187.0,2026-09-08 04:00:00
ATE 0338,Speed,2025-01,Live,149.0,2026-09-08 04:00:00
ATE 0338,Speed,2025-02,Live,160.0,2026-09-08 04:00:00
ATE 0338,Speed,2025-03,Live,155.0,2026-09-08 04:00:00
ATE 0338,Speed,2025-04,Live,174.0,2026-09-08 04:00:00
ATE 0338,Speed,2025-05,Live,157.0,2026-09-08 04:00:00
ATE 0338,Speed,2025-06,Live,15.0,2026-09-08 04:00:00
ATE 0338,Speed,2025-07,Live,152.0,2026-09-08 04:00:00
ATE 0338,Speed,2025-08,Live,158.0,2026-09-08 04:00:00
ATE 0338,Speed,2025-09,Live,95.0,2026-09-08 04:00:00
ATE 0338,Speed,2025-10,Live,134.0,2026-09-08 04:00:00
ATE 0338,Speed,2025-11,Live,134.0,2026-09-08 04:00:00
ATE 0338,Speed,2025-12,Live,117.0,2026-09-08 04:00:00
ATE 0338,Speed,2026-01,Live,86.0,2026-09-08 04:00:00
ATE 0338,Speed,2026-02,Live,67.0,2026-09-08 04:00:00
ATE 0338,Speed,2026-03,Live,94.0,2026-09-08 04:00:00
ATE 0338,Speed,2026-04,Live,95.0,2026-09-08 04:00:00
ATE 0338,Speed,2026-05,Live,76.0,2026-09-08 04:00:00
ATE 0338,Speed,2026-06,Live,49.0,2026-09-08 04:00:00
ATE 0338,Speed,2026-07,Live,42.0,2026-09-08 04:00:00
ATE 0338,Speed,2026-08,Live,97.0,2026-09-08 04:00:00
ATE 0338,Speed,2026-09,Live,31.0,2026-09-08 04:00:00
ATE 0340,Speed,2024-12,Live,606.0,2026-09-09 04:00:00
ATE 0340,Speed,2025-01,Live,410.0,2026-09-09 04:00:00
ATE 0340,Speed,2025-02,Live,384.0,2026-09-09 04:00:00
ATE 0340,Speed,2025-03,Live,465.0,2026-09-09 04:00:00
ATE 0340,Speed,2025-04,Live,465.0,2026-09-09 04:00:00
ATE 0340,Speed,2025-05,Live,518.0,2026-09-09 04:00:00
ATE 0340,Speed,2025-06,Live,653.0,2026-09-09 04:00:00
ATE 0340,Speed,2025-07,Live,661.0,2026-09-09 04:00:00
ATE 0340,Speed,2025-08,Live,674.0,2026-09-09 04:00:00
ATE 0340,Speed,2025-09,Live,452.0,2026-09-09 04:00:00
ATE 0340,Speed,2025-10,Live,432.0,2026-09-09 04:00:00
ATE 0340,Speed,2025-11,Live,352.0,2026-09-09 04:00:00
ATE 0340,Speed,2025-12,Live,344.0,2026-09-09 04:00:00
ATE 0340,Speed,2026-01,Live,254.0,2026-09-09 04:00:00
ATE 0340,Speed,2026-02,Live,128.0,2026-09-09 04:00:00
ATE 0340,Speed,2026-03,Live,200.0,2026-09-09 04:00:00
ATE 0340,Speed,2026-04,Live,168.0,2026-09-09 04:00:00
ATE 0340,Speed,2026-05,Live,181.0,2026-09-09 04:00:00
ATE 0340,Speed,2026-06,Live,147.0,2026-09-09 04:00:00
ATE 0340,Speed,2026-07,Live,147.0,2026-09-09 04:00:00
ATE 0340,Speed,2026-08,Live,128.0,2026-09-09 04:00:00
ATE 0340,Speed,2026-09,Live,54.0,2026-09-09 04:00:00
ATE 0341,Speed,2024-12,Live,597.0,2026-09-10 04:00:00
ATE 0341,Speed,2025-01,Live,398.0,2026-09-10 04:00:00
ATE 0341,Speed,2025-02,Live,399.0,2026-09-10 04:00:00
ATE 0341,Speed,2025-03,Live,2373.0,2026-09-10 04:00:00
ATE 0341,Speed,2025-04,Live,4451.0,2026-09-10 04:00:00
ATE 0341,Speed,2025-05,Live,3733.0,2026-09-10 04:00:00
ATE 0341,Speed,2025-06,Live,3614.0,2026-09-10 04:00:00
ATE 0341,Speed,2025-07,Live,2935.0,2026-09-10 04:00:00
ATE 0341,Speed,2025-08,Live,3182.0,2026-09-10 04:00:00
ATE 0341,Speed,2025-09,Live,2657.0,2026-09-10 04:00:00
ATE 0341,Speed,2025-10,Live,2327.0,2026-09-10 04:00:00
ATE 0341,Speed,2025-11,Live,1951.0,2026-09-10 04:00:00
ATE 0341,Speed,2025-12,Live,1518.0,2026-09-10 04:00:00
ATE 0341,Speed,2026-01,Live,1151.0,2026-09-10 04:00:00
ATE 0341,Speed,2026-02,Live,825.0,2026-09-10 04:00:00
ATE 0341,Speed,2026-03,Live,1662.0,2026-09-10 04:00:00
ATE 0341,Speed,2026-04,Live,1632.0,2026-09-10 04:00:00
ATE 0341,Speed,2026-05,Live,1476.0,2026-09-10 04:00:00
ATE 0341,Speed,2026-06,Live,1100.0,2026-09-10 04:00:00
ATE 0341,Speed,2026-07,Live,1183.0,2026-09-10 04:00:00
ATE 0341,Speed,2026-08,Live,1543.0,2026-09-10 04:00:00
ATE 0341,Speed,2026-09,Live,540.0,2026-09-10 04:00:00
ATE 0342,Speed,2024-12,Live,137.0,2025-08-03 04:00:00
ATE 0342,Speed,2025-01,Live,99.0,2025-08-03 04:00:00
ATE 0342,Speed,2025-02,Live,103.0,2025-08-03 04:00:00
ATE 0342,Speed,2025-03,Live,128.0,2025-08-03 04:00:00
ATE 0342,Speed,2025-04,Live,157.0,2025-08-03 04:00:00
ATE 0342,Speed,2025-05,Live,135.0,2025-08-03 04:00:00
ATE 0342,Speed,2025-06,Live,142.0,2025-08-03 04:00:00
ATE 0342,Speed,2025-07,Live,114.0,2025-08-03 04:00:00
ATE 0342,Speed,2025-08,Live,14.0,2025-08-03 04:00:00
ATE 0343,Speed,2024-12,Live,1330.0,2026-09-10 04:00:00
ATE 0343,Speed,2025-01,Live,1138.0,2026-09-10 04:00:00
ATE 0343,Speed,2025-02,Live,1223.0,2026-09-10 04:00:00
ATE 0343,Speed,2025-03,Live,1555.0,2026-09-10 04:00:00
ATE 0343,Speed,2025-04,Live,1353.0,2026-09-10 04:00:00
ATE 0343,Speed,2025-05,Live,1256.0,2026-09-10 04:00:00
ATE 0343,Speed,2025-06,Live,1220.0,2026-09-10 04:00:00
ATE 0343,Speed,2025-07,Live,1450.0,2026-09-10 04:00:00
ATE 0343,Speed,2025-08,Live,1239.0,2026-09-10 04:00:00
ATE 0343,Speed,2025-09,Live,744.0,2026-09-10 04:00:00
ATE 0343,Speed,2025-10,Live,934.0,2026-09-10 04:00:00
ATE 0343,Speed,2025-11,Live,1170.0,2026-09-10 04:00:00
ATE 0343,Speed,2025-12,Live,930.0,2026-09-10 04:00:00
ATE 0343,Speed,2026-01,Live,828.0,2026-09-10 04:00:00
ATE 0343,Speed,2026-02,Live,1063.0,2026-09-10 04:00:00
ATE 0343,Speed,2026-03,Live,1298.0,2026-09-10 04:00:00
ATE 0343,Speed,2026-04,Live,1188.0,2026-09-10 04:00:00
ATE 0343,Speed,2026-05,Live,999.0,2026-09-10 04:00:00
ATE 0343,Speed,2026-06,Live,577.0,2026-09-10 04:00:00
ATE 0343,Speed,2026-07,Live,836.0,2026-09-10 04:00:00
ATE 0343,Speed,2026-08,Live,949.0,2026-09-10 04:00:00
ATE 0343,Speed,2026-09,Live,300.0,2026-09-10 04:00:00
ATE 0345,Speed,2024-12,Live,489.0,2026-09-10 04:00:00
ATE 0345,Speed,2025-01,Live,326.0,2026-09-10 04:00:00
ATE 0345,Speed,2025-02,Live,305.0,2026-09-10 04:00:00
ATE 0345,Speed,2025-03,Live,763.0,2026-09-10 04:00:00
ATE 0345,Speed,2025-04,Live,3264.0,2026-09-10 04:00:00
ATE 0345,Speed,2025-05,Live,3757.0,2026-09-10 04:00:00
ATE 0345,Speed,2025-06,Live,3308.0,2026-09-10 04:00:00
ATE 0345,Speed,2025-07,Live,3165.0,2026-09-10 04:00:00
ATE 0345,Speed,2025-08,Live,3218.0,2026-09-10 04:00:00
ATE 0345,Speed,2025-09,Live,2790.0,2026-09-10 04:00:00
ATE 0345,Speed,2025-10,Live,3012.0,2026-09-10 04:00:00
ATE 0345,Speed,2025-11,Live,2835.0,2026-09-10 04:00:00
ATE 0345,Speed,2025-12,Live,2368.0,2026-09-10 04:00:00
ATE 0345,Speed,2026-01,Live,1961.0,2026-09-10 04:00:00
ATE 0345,Speed,2026-02,Live,1364.0,2026-09-10 04:00:00
ATE 0345,Speed,2026-03,Live,2595.0,2026-09-10 04:00:00
ATE 0345,Speed,2026-04,Live,2375.0,2026-09-10 04:00:00
ATE 0345,Speed,2026-05,Live,2139.0,2026-09-10 04:00:00
ATE 0345,Speed,2026-06,Live,1535.0,2026-09-10 04:00:00
ATE 0345,Speed,2026-07,Live,1693.0,2026-09-10 04:00:00
ATE 0345,Speed,2026-08,Live,2074.0,2026-09-10 04:00:00
ATE 0345,Speed,2026-09,Live,784.0,2026-09-10 04:00:00
ATE 0349,Speed,2024-12,Live,155.0,2026-07-28 04:00:00
ATE 0349,Speed,2025-01,Live,129.0,2026-07-28 04:00:00
ATE 0349,Speed,2025-02,Live,112.0,2026-07-28 04:00:00
ATE 0349,Speed,2025-03,Live,123.0,2026-07-28 04:00:00
ATE 0349,Speed,2025-04,Live,134.0,2026-07-28 04:00:00
ATE 0349,Speed,2025-05,Live,145.0,2026-07-28 04:00:00
ATE 0349,Speed,2025-06,Live,87.0,2026-07-28 04:00:00
ATE 0349,Speed,2025-07,Live,96.0,2026-07-28 04:00:00
ATE 0349,Speed,2025-08,Live,85.0,2026-07-28 04:00:00
ATE 0349,Speed,2025-09,Live,77.0,2026-07-28 04:00:00
ATE 0349,Speed,2025-10,Live,49.0,2026-07-28 04:00:00
ATE 0349,Speed,2025-11,Live,59.0,2026-07-28 04:00:00
ATE 0349,Speed,2025-12,Live,51.0,2026-07-28 04:00:00
ATE 0349,Speed,2026-01,Live,41.0,2026-07-28 04:00:00
ATE 0349,Speed,2026-02,Live,47.0,2026-07-28 04:00:00
ATE 0349,Speed,2026-03,Live,81.0,2026-07-28 04:00:00
ATE 0349,Speed,2026-04,Live,65.0,2026-07-28 04:00:00
ATE 0349,Speed,2026-05,Live,115.0,2026-07-28 04:00:00
ATE 0349,Speed,2026-06,Live,66.0,2026-07-28 04:00:00
ATE 0349,Speed,2026-07,Live,41.0,2026-07-28 04:00:00
ATE 0352,Speed,2024-12,Live,7054.0,2026-09-10 04:00:00
ATE 0352,Speed,2025-01,Live,5982.0,2026-09-10 04:00:00
ATE 0352,Speed,2025-02,Live,6109.0,2026-09-10 04:00:00
ATE 0352,Speed,2025-03,Live,8214.0,2026-09-10 04:00:00
ATE 0352,Speed,2025-04,Live,8375.0,2026-09-10 04:00:00
ATE 0352,Speed,2025-05,Live,8089.0,2026-09-10 04:00:00
ATE 0352,Speed,2025-06,Live,7648.0,2026-09-10 04:00:00
ATE 0352,Speed,2025-07,Live,8022.0,2026-09-10 04:00:00
ATE 0352,Speed,2025-08,Live,7776.0,2026-09-10 04:00:00
ATE 0352,Speed,2025-09,Live,6793.0,2026-09-10 04:00:00
ATE 0352,Speed,2025-10,Live,6791.0,2026-09-10 04:00:00
ATE 0352,Speed,2025-11,Live,6184.0,2026-09-10 04:00:00
ATE 0352,Speed,2025-12,Live,6635.0,2026-09-10 04:00:00
ATE 0352,Speed,2026-01,Live,5471.0,2026-09-10 04:00:00
ATE 0352,Speed,2026-02,Live,5290.0,2026-09-10 04:00:00
ATE 0352,Speed,2026-03,Live,8439.0,2026-09-10 04:00:00
ATE 0352,Speed,2026-04,Live,7591.0,2026-09-10 04:00:00
ATE 0352,Speed,2026-05,Live,7204.0,2026-09-10 04:00:00
ATE 0352,Speed,2026-06,Live,6508.0,2026-09-10 04:00:00
ATE 0352,Speed,2026-07,Live,5079.0,2026-09-10 04:00:00
ATE 0352,Speed,2026-08,Live,6209.0,2026-09-10 04:00:00
ATE 0352,Speed,2026-09,Live,2109.0,2026-09-10 04:00:00
ATE 0356,Speed,2024-12,Live,1033.0,2026-09-10 04:00:00
ATE 0356,Speed,2025-01,Live,761.0,2026-09-10 04:00:00
ATE 0356,Speed,2025-02,Live,792.0,2026-09-10 04:00:00
ATE 0356,Speed,2025-03,Live,894.0,2026-09-10 04:00:00
ATE 0356,Speed,2025-04,Live,937.0,2026-09-10 04:00:00
ATE 0356,Speed,2025-05,Live,881.0,2026-09-10 04:00:00
ATE 0356,Speed,2025-06,Live,943.0,2026-09-10 04:00:00
ATE 0356,Speed,2025-07,Live,981.0,2026-09-10 04:00:00
ATE 0356,Speed,2025-08,Live,895.0,2026-09-10 04:00:00
ATE 0356,Speed,2025-09,Live,718.0,2026-09-10 04:00:00
ATE 0356,Speed,2025-10,Live,667.0,2026-09-10 04:00:00
ATE 0356,Speed,2025-11,Live,714.0,2026-09-10 04:00:00
ATE 0356,Speed,2025-12,Live,728.0,2026-09-10 04:00:00
ATE 0356,Speed,2026-01,Live,602.0,2026-09-10 04:00:00
ATE 0356,Speed,2026-02,Live,538.0,2026-09-10 04:00:00
ATE 0356,Speed,2026-03,Live,723.0,2026-09-10 04:00:00
ATE 0356,Speed,2026-04,Live,750.0,2026-09-10 04:00:00
ATE 0356,Speed,2026-05,Live,626.0,2026-09-10 04:00:00
ATE 0356,Speed,2026-06,Live,390.0,2026-09-10 04:00:00
ATE 0356,Speed,2026-07,Live,425.0,2026-09-10 04:00:00
ATE 0356,Speed,2026-08,Live,569.0,2026-09-10 04:00:00
ATE 0356,Speed,2026-09,Live,244.0,2026-09-10 04:00:00
ATE 0357,Speed,2024-12,Live,2647.0,2026-09-10 04:00:00
ATE 0357,Speed,2025-01,Live,2038.0,2026-09-10 04:00:00
ATE 0357,Speed,2025-02,Live,2004.0,2026-09-10 04:00:00
ATE 0357,Speed,2025-03,Live,2543.0,2026-09-10 04:00:00
ATE 0357,Speed,2025-04,Live,2597.0,2026-09-10 04:00:00
ATE 0357,Speed,2025-05,Live,2453.0,2026-09-10 04:00:00
ATE 0357,Speed,2025-06,Live,2349.0,2026-09-10 04:00:00
ATE 0357,Speed,2025-07,Live,2337.0,2026-09-10 04:00:00
ATE 0357,Speed,2025-08,Live,2366.0,2026-09-10 04:00:00
ATE 0357,Speed,2025-09,Live,1759.0,2026-09-10 04:00:00
ATE 0357,Speed,2025-10,Live,2042.0,2026-09-10 04:00:00
ATE 0357,Speed,2025-11,Live,2083.0,2026-09-10 04:00:00
ATE 0357,Speed,2025-12,Live,1925.0,2026-09-10 04:00:00
ATE 0357,Speed,2026-01,Live,1020.0,2026-09-10 04:00:00
ATE 0357,Speed,2026-02,Live,1640.0,2026-09-10 04:00:00
ATE 0357,Speed,2026-03,Live,2261.0,2026-09-10 04:00:00
ATE 0357,Speed,2026-04,Live,2250.0,2026-09-10 04:00:00
ATE 0357,Speed,2026-05,Live,2073.0,2026-09-10 04:00:00
ATE 0357,Speed,2026-06,Live,1543.0,2026-09-10 04:00:00
ATE 0357,Speed,2026-07,Live,1646.0,2026-09-10 04:00:00
ATE 0357,Speed,2026-08,Live,1808.0,2026-09-10 04:00:00
ATE 0357,Speed,2026-09,Live,692.0,2026-09-10 04:00:00
ATE 0358,Speed,2024-12,Live,792.0,2026-09-09 04:00:00
ATE 0358,Speed,2025-01,Live,669.0,2026-09-09 04:00:00
ATE 0358,Speed,2025-02,Live,538.0,2026-09-09 04:00:00
ATE 0358,Speed,2025-03,Live,623.0,2026-09-09 04:00:00
ATE 0358,Speed,2025-04,Live,541.0,2026-09-09 04:00:00
ATE 0358,Speed,2025-05,Live,554.0,2026-09-09 04:00:00
ATE 0358,Speed,2025-06,Live,569.0,2026-09-09 04:00:00
ATE 0358,Speed,2025-07,Live,557.0,2026-09-09 04:00:00
ATE 0358,Speed,2025-08,Live,480.0,2026-09-09 04:00:00
ATE 0358,Speed,2025-09,Live,416.0,2026-09-09 04:00:00
ATE 0358,Speed,2025-10,Live,400.0,2026-09-09 04:00:00
ATE 0358,Speed,2025-11,Live,524.0,2026-09-09 04:00:00
ATE 0358,Speed,2025-12,Live,629.0,2026-09-09 04:00:00
ATE 0358,Speed,2026-01,Live,430.0,2026-09-09 04:00:00
ATE 0358,Speed,2026-02,Live,295.0,2026-09-09 04:00:00
ATE 0358,Speed,2026-03,Live,439.0,2026-09-09 04:00:00
ATE 0358,Speed,2026-04,Live,450.0,2026-09-09 04:00:00
ATE 0358,Speed,2026-05,Live,379.0,2026-09-09 04:00:00
ATE 0358,Speed,2026-06,Live,247.0,2026-09-09 04:00:00
ATE 0358,Speed,2026-07,Live,100.0,2026-09-09 04:00:00
ATE 0358,Speed,2026-08,Live,300.0,2026-09-09 04:00:00
ATE 0358,Speed,2026-09,Live,136.0,2026-09-09 04:00:00
ATE 0359,Speed,2024-12,Live,2472.0,2026-09-09 04:00:00
ATE 0359,Speed,2025-01,Live,1616.0,2026-09-09 04:00:00
ATE 0359,Speed,2025-02,Live,1624.0,2026-09-09 04:00:00
ATE 0359,Speed,2025-03,Live,1983.0,2026-09-09 04:00:00
ATE 0359,Speed,2025-04,Live,1910.0,2026-09-09 04:00:00
ATE 0359,Speed,2025-05,Live,1897.0,2026-09-09 04:00:00
ATE 0359,Speed,2025-06,Live,1808.0,2026-09-09 04:00:00
ATE 0359,Speed,2025-07,Live,1783.0,2026-09-09 04:00:00
ATE 0359,Speed,2025-08,Live,1803.0,2026-09-09 04:00:00
ATE 0359,Speed,2025-09,Live,1402.0,2026-09-09 04:00:00
ATE 0359,Speed,2025-10,Live,1469.0,2026-09-09 04:00:00
ATE 0359,Speed,2025-11,Live,1479.0,2026-09-09 04:00:00
ATE 0359,Speed,2025-12,Live,1390.0,2026-09-09 04:00:00
ATE 0359,Speed,2026-01,Live,1216.0,2026-09-09 04:00:00
ATE 0359,Speed,2026-02,Live,953.0,2026-09-09 04:00:00
ATE 0359,Speed,2026-03,Live,1307.0,2026-09-09 04:00:00
ATE 0359,Speed,2026-04,Live,1404.0,2026-09-09 04:00:00
ATE 0359,Speed,2026-05,Live,1265.0,2026-09-09 04:00:00
ATE 0359,Speed,2026-06,Live,886.0,2026-09-09 04:00:00
ATE 0359,Speed,2026-07,Live,871.0,2026-09-09 04:00:00
ATE 0359,Speed,2026-08,Live,1088.0,2026-09-09 04:00:00
ATE 0359,Speed,2026-09,Live,401.0,2026-09-09 04:00:00
ATE 0360,Speed,2024-12,Live,5158.0,2026-09-10 04:00:00
ATE 0360,Speed,2025-01,Live,3872.0,2026-09-10 04:00:00
ATE 0360,Speed,2025-02,Live,3707.0,2026-09-10 04:00:00
ATE 0360,Speed,2025-03,Live,5119.0,2026-09-10 04:00:00
ATE 0360,Speed,2025-04,Live,5722.0,2026-09-10 04:00:00
ATE 0360,Speed,2025-05,Live,5680.0,2026-09-10 04:00:00
ATE 0360,Speed,2025-06,Live,5664.0,2026-09-10 04:00:00
ATE 0360,Speed,2025-07,Live,5486.0,2026-09-10 04:00:00
ATE 0360,Speed,2025-08,Live,5206.0,2026-09-10 04:00:00
ATE 0360,Speed,2025-09,Live,3782.0,2026-09-10 04:00:00
ATE 0360,Speed,2025-10,Live,3897.0,2026-09-10 04:00:00
ATE 0360,Speed,2025-11,Live,3742.0,2026-09-10 04:00:00
ATE 0360,Speed,2025-12,Live,3288.0,2026-09-10 04:00:00
ATE 0360,Speed,2026-01,Live,2622.0,2026-09-10 04:00:00
ATE 0360,Speed,2026-02,Live,2410.0,2026-09-10 04:00:00
ATE 0360,Speed,2026-03,Live,3876.0,2026-09-10 04:00:00
ATE 0360,Speed,2026-04,Live,4231.0,2026-09-10 04:00:00
ATE 0360,Speed,2026-05,Live,4323.0,2026-09-10 04:00:00
ATE 0360,Speed,2026-06,Live,3420.0,2026-09-10 04:00:00
ATE 0360,Speed,2026-07,Live,4012.0,2026-09-10 04:00:00
ATE 0360,Speed,2026-08,Live,4293.0,2026-09-10 04:00:00
ATE 0360,Speed,2026-09,Live,1664.0,2026-09-10 04:00:00
ATE 0363,Speed,2024-12,Live,504.0,2026-09-10 04:00:00
ATE 0363,Speed,2025-01,Live,331.0,2026-09-10 04:00:00
ATE 0363,Speed,2025-02,Live,363.0,2026-09-10 04:00:00
ATE 0363,Speed,2025-03,Live,424.0,2026-09-10 04:00:00
ATE 0363,Speed,2025-04,Live,417.0,2026-09-10 04:00:00
ATE 0363,Speed,2025-05,Live,372.0,2026-09-10 04:00:00
ATE 0363,Speed,2025-06,Live,388.0,2026-09-10 04:00:00
ATE 0363,Speed,2025-07,Live,399.0,2026-09-10 04:00:00
ATE 0363,Speed,2025-08,Live,346.0,2026-09-10 04:00:00
ATE 0363,Speed,2025-09,Live,297.0,2026-09-10 04:00:00
ATE 0363,Speed,2025-10,Live,287.0,2026-09-10 04:00:00
ATE 0363,Speed,2025-11,Live,267.0,2026-09-10 04:00:00
ATE 0363,Speed,2025-12,Live,322.0,2026-09-10 04:00:00
ATE 0363,Speed,2026-01,Live,285.0,2026-09-10 04:00:00
ATE 0363,Speed,2026-02,Live,168.0,2026-09-10 04:00:00
ATE 0363,Speed,2026-03,Live,287.0,2026-09-10 04:00:00
ATE 0363,Speed,2026-04,Live,290.0,2026-09-10 04:00:00
ATE 0363,Speed,2026-05,Live,210.0,2026-09-10 04:00:00
ATE 0363,Speed,2026-06,Live,173.0,2026-09-10 04:00:00
ATE 0363,Speed,2026-07,Live,203.0,2026-09-10 04:00:00
ATE 0363,Speed,2026-08,Live,215.0,2026-09-10 04:00:00
ATE 0363,Speed,2026-09,Live,69.0,2026-09-10 04:00:00
ATE 0364,Speed,2024-12,Live,192.0,2026-09-10 04:00:00
ATE 0364,Speed,2025-01,Live,118.0,2026-09-10 04:00:00
ATE 0364,Speed,2025-02,Live,150.0,2026-09-10 04:00:00
ATE 0364,Speed,2025-03,Live,603.0,2026-09-10 04:00:00
ATE 0364,Speed,2025-04,Live,1353.0,2026-09-10 04:00:00
ATE 0364,Speed,2025-05,Live,1027.0,2026-09-10 04:00:00
ATE 0364,Speed,2025-06,Live,937.0,2026-09-10 04:00:00
ATE 0364,Speed,2025-07,Live,765.0,2026-09-10 04:00:00
ATE 0364,Speed,2025-08,Live,817.0,2026-09-10 04:00:00
ATE 0364,Speed,2025-09,Live,688.0,2026-09-10 04:00:00
ATE 0364,Speed,2025-10,Live,718.0,2026-09-10 04:00:00
ATE 0364,Speed,2025-11,Live,591.0,2026-09-10 04:00:00
ATE 0364,Speed,2025-12,Live,570.0,2026-09-10 04:00:00
ATE 0364,Speed,2026-01,Live,476.0,2026-09-10 04:00:00
ATE 0364,Speed,2026-02,Live,400.0,2026-09-10 04:00:00
ATE 0364,Speed,2026-03,Live,584.0,2026-09-10 04:00:00
ATE 0364,Speed,2026-04,Live,669.0,2026-09-10 04:00:00
ATE 0364,Speed,2026-05,Live,627.0,2026-09-10 04:00:00
ATE 0364,Speed,2026-06,Live,476.0,2026-09-10 04:00:00
ATE 0364,Speed,2026-07,Live,477.0,2026-09-10 04:00:00
ATE 0364,Speed,2026-08,Live,676.0,2026-09-10 04:00:00
ATE 0364,Speed,2026-09,Live,241.0,2026-09-10 04:00:00
ATE 0365,Speed,2024-12,Live,138.0,2026-09-09 04:00:00
ATE 0365,Speed,2025-01,Live,81.0,2026-09-09 04:00:00
ATE 0365,Speed,2025-02,Live,83.0,2026-09-09 04:00:00
ATE 0365,Speed,2025-03,Live,226.0,2026-09-09 04:00:00
ATE 0365,Speed,2025-04,Live,701.0,2026-09-09 04:00:00
ATE 0365,Speed,2025-05,Live,624.0,2026-09-09 04:00:00
ATE 0365,Speed,2025-06,Live,588.0,2026-09-09 04:00:00
ATE 0365,Speed,2025-07,Live,518.0,2026-09-09 04:00:00
ATE 0365,Speed,2025-08,Live,459.0,2026-09-09 04:00:00
ATE 0365,Speed,2025-09,Live,390.0,2026-09-09 04:00:00
ATE 0365,Speed,2025-10,Live,364.0,2026-09-09 04:00:00
ATE 0365,Speed,2025-11,Live,408.0,2026-09-09 04:00:00
ATE 0365,Speed,2025-12,Live,422.0,2026-09-09 04:00:00
ATE 0365,Speed,2026-01,Live,374.0,2026-09-09 04:00:00
ATE 0365,Speed,2026-02,Live,275.0,2026-09-09 04:00:00
ATE 0365,Speed,2026-03,Live,362.0,2026-09-09 04:00:00
ATE 0365,Speed,2026-04,Live,343.0,2026-09-09 04:00:00
ATE 0365,Speed,2026-05,Live,345.0,2026-09-09 04:00:00
ATE 0365,Speed,2026-06,Live,219.0,2026-09-09 04:00:00
ATE 0365,Speed,2026-07,Live,255.0,2026-09-09 04:00:00
ATE 0365,Speed,2026-08,Live,217.0,2026-09-09 04:00:00
ATE 0365,Speed,2026-09,Live,111.0,2026-09-09 04:00:00
ATE 0369,Speed,2024-12,Live,242.0,2026-09-10 04:00:00
ATE 0369,Speed,2025-01,Live,236.0,2026-09-10 04:00:00
ATE 0369,Speed,2025-02,Live,146.0,2026-09-10 04:00:00
ATE 0369,Speed,2025-03,Live,108.0,2026-09-10 04:00:00
ATE 0369,Speed,2025-04,Live,10.0,2026-09-10 04:00:00
ATE 0369,Speed,2025-05,Live,4.0,2026-09-10 04:00:00
ATE 0369,Speed,2025-06,Live,17.0,2026-09-10 04:00:00
ATE 0369,Speed,2025-07,Live,54.0,2026-09-10 04:00:00
ATE 0369,Speed,2025-08,Live,65.0,2026-09-10 04:00:00
ATE 0369,Speed,2025-09,Live,45.0,2026-09-10 04:00:00
ATE 0369,Speed,2025-10,Live,52.0,2026-09-10 04:00:00
ATE 0369,Speed,2025-11,Live,165.0,2026-09-10 04:00:00
ATE 0369,Speed,2025-12,Live,126.0,2026-09-10 04:00:00
ATE 0369,Speed,2026-01,Live,129.0,2026-09-10 04:00:00
ATE 0369,Speed,2026-02,Live,119.0,2026-09-10 04:00:00
ATE 0369,Speed,2026-03,Live,111.0,2026-09-10 04:00:00
ATE 0369,Speed,2026-04,Live,193.0,2026-09-10 04:00:00
ATE 0369,Speed,2026-05,Live,111.0,2026-09-10 04:00:00
ATE 0369,Speed,2026-06,Live,148.0,2026-09-10 04:00:00
ATE 0369,Speed,2026-07,Live,120.0,2026-09-10 04:00:00
ATE 0369,Speed,2026-08,Live,169.0,2026-09-10 04:00:00
ATE 0369,Speed,2026-09,Live,72.0,2026-09-10 04:00:00
ATE 0375,Speed,2024-12,Live,410.0,2026-09-09 04:00:00
ATE 0375,Speed,2025-01,Live,273.0,2026-09-09 04:00:00
ATE 0375,Speed,2025-02,Live,307.0,2026-09-09 04:00:00
ATE 0375,Speed,2025-03,Live,380.0,2026-09-09 04:00:00
ATE 0375,Speed,2025-04,Live,318.0,2026-09-09 04:00:00
ATE 0375,Speed,2025-05,Live,337.0,2026-09-09 04:00:00
ATE 0375,Speed,2025-06,Live,296.0,2026-09-09 04:00:00
ATE 0375,Speed,2025-07,Live,255.0,2026-09-09 04:00:00
ATE 0375,Speed,2025-08,Live,229.0,2026-09-09 04:00:00
ATE 0375,Speed,2025-09,Live,245.0,2026-09-09 04:00:00
ATE 0375,Speed,2025-10,Live,264.0,2026-09-09 04:00:00
ATE 0375,Speed,2025-11,Live,188.0,2026-09-09 04:00:00
ATE 0375,Speed,2025-12,Live,218.0,2026-09-09 04:00:00
ATE 0375,Speed,2026-01,Live,182.0,2026-09-09 04:00:00
ATE 0375,Speed,2026-02,Live,132.0,2026-09-09 04:00:00
ATE 0375,Speed,2026-03,Live,180.0,2026-09-09 04:00:00
ATE 0375,Speed,2026-04,Live,178.0,2026-09-09 04:00:00
ATE 0375,Speed,2026-05,Live,153.0,2026-09-09 04:00:00
ATE 0375,Speed,2026-06,Live,152.0,2026-09-09 04:00:00
ATE 0375,Speed,2026-07,Live,178.0,2026-09-09 04:00:00
ATE 0375,Speed,2026-08,Live,192.0,2026-09-09 04:00:00
ATE 0375,Speed,2026-09,Live,74.0,2026-09-09 04:00:00
ATE 0381,Speed,2024-12,Live,557.0,2026-09-10 04:00:00
ATE 0381,Speed,2025-01,Live,471.0,2026-09-10 04:00:00
ATE 0381,Speed,2025-02,Live,431.0,2026-09-10 04:00:00
ATE 0381,Speed,2025-03,Live,572.0,2026-09-10 04:00:00
ATE 0381,Speed,2025-04,Live,519.0,2026-09-10 04:00:00
ATE 0381,Speed,2025-05,Live,686.0,2026-09-10 04:00:00
ATE 0381,Speed,2025-06,Live,595.0,2026-09-10 04:00:00
ATE 0381,Speed,2025-07,Live,649.0,2026-09-10 04:00:00
ATE 0381,Speed,2025-08,Live,593.0,2026-09-10 04:00:00
ATE 0381,Speed,2025-09,Live,541.0,2026-09-10 04:00:00
ATE 0381,Speed,2025-10,Live,521.0,2026-09-10 04:00:00
ATE 0381,Speed,2025-11,Live,416.0,2026-09-10 04:00:00
ATE 0381,Speed,2025-12,Live,455.0,2026-09-10 04:00:00
ATE 0381,Speed,2026-01,Live,347.0,2026-09-10 04:00:00
ATE 0381,Speed,2026-02,Live,278.0,2026-09-10 04:00:00
ATE 0381,Speed,2026-03,Live,458.0,2026-09-10 04:00:00
ATE 0381,Speed,2026-04,Live,605.0,2026-09-10 04:00:00
ATE 0381,Speed,2026-05,Live,648.0,2026-09-10 04:00:00
ATE 0381,Speed,2026-06,Live,475.0,2026-09-10 04:00:00
ATE 0381,Speed,2026-07,Live,506.0,2026-09-10 04:00:00
ATE 0381,Speed,2026-08,Live,325.0,2026-09-10 04:00:00
ATE 0381,Speed,2026-09,Live,127.0,2026-09-10 04:00:00
ATE 0383,Speed,2024-12,Live,325.0,2026-09-10 04:00:00
ATE 0383,Speed,2025-01,Live,197.0,2026-09-10 04:00:00
ATE 0383,Speed,2025-02,Live,212.0,2026-09-10 04:00:00
ATE 0383,Speed,2025-03,Live,327.0,2026-09-10 04:00:00
ATE 0383,Speed,2025-04,Live,326.0,2026-09-10 04:00:00
ATE 0383,Speed,2025-05,Live,322.0,2026-09-10 04:00:00
ATE 0383,Speed,2025-06,Live,251.0,2026-09-10 04:00:00
ATE 0383,Speed,2025-07,Live,331.0,2026-09-10 04:00:00
ATE 0383,Speed,2025-08,Live,343.0,2026-09-10 04:00:00
ATE 0383,Speed,2025-09,Live,288.0,2026-09-10 04:00:00
ATE 0383,Speed,2025-10,Live,312.0,2026-09-10 04:00:00
ATE 0383,Speed,2025-11,Live,274.0,2026-09-10 04:00:00
ATE 0383,Speed,2025-12,Live,215.0,2026-09-10 04:00:00
ATE 0383,Speed,2026-01,Live,129.0,2026-09-10 04:00:00
ATE 0383,Speed,2026-02,Live,100.0,2026-09-10 04:00:00
ATE 0383,Speed,2026-03,Live,280.0,2026-09-10 04:00:00
ATE 0383,Speed,2026-04,Live,290.0,2026-09-10 04:00:00
ATE 0383,Speed,2026-05,Live,340.0,2026-09-10 04:00:00
ATE 0383,Speed,2026-06,Live,253.0,2026-09-10 04:00:00
ATE 0383,Speed,2026-07,Live,283.0,2026-09-10 04:00:00
ATE 0383,Speed,2026-08,Live,302.0,2026-09-10 04:00:00
ATE 0383,Speed,2026-09,Live,114.0,2026-09-10 04:00:00
ATE 0386,Stop Sign,2024-12,Live,196.0,2026-03-03 05:00:00
ATE 0386,Stop Sign,2025-01,Live,167.0,2026-03-03 05:00:00
ATE 0386,Stop Sign,2025-02,Live,242.0,2026-03-03 05:00:00
ATE 0386,Stop Sign,2025-03,Live,334.0,2026-03-03 05:00:00
ATE 0386,Stop Sign,2025-04,Live,347.0,2026-03-03 05:00:00
ATE 0386,Stop Sign,2025-05,Live,431.0,2026-03-03 05:00:00
ATE 0386,Stop Sign,2025-06,Live,359.0,2026-03-03 05:00:00
ATE 0386,Stop Sign,2025-07,Live,327.0,2026-03-03 05:00:00
ATE 0386,Stop Sign,2025-08,Live,320.0,2026-03-03 05:00:00
ATE 0386,Stop Sign,2025-09,Live,227.0,2026-03-03 05:00:00
ATE 0386,Stop Sign,2025-10,Live,235.0,2026-03-03 05:00:00
ATE 0386,Stop Sign,2025-11,Live,206.0,2026-03-03 05:00:00
ATE 0386,Stop Sign,2025-12,Live,242.0,2026-03-03 05:00:00
ATE 0386,Stop Sign,2026-01,Live,168.0,2026-03-03 05:00:00
ATE 0386,Stop Sign,2026-02,Live,183.0,2026-03-03 05:00:00
ATE 0386,Stop Sign,2026-03,Live,14.0,2026-03-03 05:00:00
ATE 0387,Stop Sign,2024-12,Live,182.0,2026-08-13 04:00:00
ATE 0387,Stop Sign,2025-01,Live,220.0,2026-08-13 04:00:00
ATE 0387,Stop Sign,2025-02,Live,195.0,2026-08-13 04:00:00
ATE 0387,Stop Sign,2025-03,Live,223.0,2026-08-13 04:00:00
ATE 0387,Stop Sign,2025-04,Live,197.0,2026-08-13 04:00:00
ATE 0387,Stop Sign,2025-05,Live,186.0,2026-08-13 04:00:00
ATE 0387,Stop Sign,2025-06,Live,194.0,2026-08-13 04:00:00
ATE 0387,Stop Sign,2025-07,Live,204.0,2026-08-13 04:00:00
ATE 0387,Stop Sign,2025-08,Live,175.0,2026-08-13 04:00:00
ATE 0387,Stop Sign,2025-09,Live,198.0,2026-08-13 04:00:00
ATE 0387,Stop Sign,2025-10,Live,168.0,2026-08-13 04:00:00
ATE 0387,Stop Sign,2025-11,Live,114.0,2026-08-13 04:00:00
ATE 0387,Stop Sign,2025-12,Live,193.0,2026-08-13 04:00:00
ATE 0387,Stop Sign,2026-01,Live,178.0,2026-08-13 04:00:00
ATE 0387,Stop Sign,2026-02,Live,155.0,2026-08-13 04:00:00
ATE 0387,Stop Sign,2026-03,Live,154.0,2026-08-13 04:00:00
ATE 0387,Stop Sign,2026-04,Live,249.0,2026-08-13 04:00:00
ATE 0387,Stop Sign,2026-05,Live,423.0,2026-08-13 04:00:00
ATE 0387,Stop Sign,2026-06,Live,400.0,2026-08-13 04:00:00
ATE 0387,Stop Sign,2026-07,Live,375.0,2026-08-13 04:00:00
ATE 0387,Stop Sign,2026-08,Live,158.0,2026-08-13 04:00:00
ATE 0393,Stop Sign,2024-12,Live,870.0,2026-09-07 04:00:00
ATE 0393,Stop Sign,2025-01,Live,1180.0,2026-09-07 04:00:00
ATE 0393,Stop Sign,2025-02,Live,1325.0,2026-09-07 04:00:00
ATE 0393,Stop Sign,2025-03,Live,1890.0,2026-09-07 04:00:00
ATE 0393,Stop Sign,2025-04,Live,1799.0,2026-09-07 04:00:00
ATE 0393,Stop Sign,2025-05,Live,1400.0,2026-09-07 04:00:00
ATE 0393,Stop Sign,2025-06,Live,1380.0,2026-09-07 04:00:00
ATE 0393,Stop Sign,2025-07,Live,1645.0,2026-09-07 04:00:00
ATE 0393,Stop Sign,2025-08,Live,1213.0,2026-09-07 04:00:00
ATE 0393,Stop Sign,2025-09,Live,1091.0,2026-09-07 04:00:00
ATE 0393,Stop Sign,2025-10,Live,1196.0,2026-09-07 04:00:00
ATE 0393,Stop Sign,2025-11,Live,748.0,2026-09-07 04:00:00
ATE 0393,Stop Sign,2025-12,Live,975.0,2026-09-07 04:00:00
ATE 0393,Stop Sign,2026-01,Live,905.0,2026-09-07 04:00:00
ATE 0393,Stop Sign,2026-02,Live,981.0,2026-09-07 04:00:00
ATE 0393,Stop Sign,2026-03,Live,856.0,2026-09-07 04:00:00
ATE 0393,Stop Sign,2026-04,Live,1151.0,2026-09-07 04:00:00
ATE 0393,Stop Sign,2026-05,Live,1847.0,2026-09-07 04:00:00
ATE 0393,Stop Sign,2026-06,Live,1515.0,2026-09-07 04:00:00
ATE 0393,Stop Sign,2026-07,Live,1353.0,2026-09-07 04:00:00
ATE 0393,Stop Sign,2026-08,Live,1270.0,2026-09-07 04:00:00
ATE 0393,Stop Sign,2026-09,Live,74.0,2026-09-07 04:00:00
ATE 0395,Stop Sign,2024-12,Live,162.0,2026-03-25 04:00:00
ATE 0395,Stop Sign,2025-01,Live,186.0,2026-03-25 04:00:00
ATE 0395,Stop Sign,2025-02,Live,202.0,2026-03-25 04:00:00
ATE 0395,Stop Sign,2025-03,Live,249.0,2026-03-25 04:00:00
ATE 0395,Stop Sign,2025-04,Live,255.0,2026-03-25 04:00:00
ATE 0395,Stop Sign,2025-05,Live,265.0,2026-03-25 04:00:00
ATE 0395,Stop Sign,2025-06,Live,249.0,2026-03-25 04:00:00
ATE 0395,Stop Sign,2025-07,Live,270.0,2026-03-25 04:00:00
ATE 0395,Stop Sign,2025-08,Live,250.0,2026-03-25 04:00:00
ATE 0395,Stop Sign,2025-09,Live,226.0,2026-03-25 04:00:00
ATE 0395,Stop Sign,2025-10,Live,271.0,2026-03-25 04:00:00
ATE 0395,Stop Sign,2025-11,Live,233.0,2026-03-25 04:00:00
ATE 0395,Stop Sign,2025-12,Live,252.0,2026-03-25 04:00:00
ATE 0395,Stop Sign,2026-01,Live,215.0,2026-03-25 04:00:00
ATE 0395,Stop Sign,2026-02,Live,253.0,2026-03-25 04:00:00
ATE 0395,Stop Sign,2026-03,Live,149.0,2026-03-25 04:00:00
ATE 0403,Red Light,2024-12,Live,80.0,2026-06-20 04:00:00
ATE 0403,Red Light,2025-01,Live,84.0,2026-06-20 04:00:00
ATE 0403,Red Light,2025-02,Live,87.0,2026-06-20 04:00:00
ATE 0403,Red Light,2025-03,Live,94.0,2026-06-20 04:00:00
ATE 0403,Red Light,2025-04,Live,84.0,2026-06-20 04:00:00
ATE 0403,Red Light,2025-05,Live,112.0,2026-06-20 04:00:00
ATE 0403,Red Light,2025-06,Live,80.0,2026-06-20 04:00:00
ATE 0403,Red Light,2025-07,Live,110.0,2026-06-20 04:00:00
ATE 0403,Red Light,2025-08,Live,77.0,2026-06-20 04:00:00
ATE 0403,Red Light,2025-09,Live,95.0,2026-06-20 04:00:00
ATE 0403,Red Light,2025-10,Live,90.0,2026-06-20 04:00:00
ATE 0403,Red Light,2025-11,Live,74.0,2026-06-20 04:00:00
ATE 0403,Red Light,2025-12,Live,57.0,2026-06-20 04:00:00
ATE 0403,Red Light,2026-01,Live,52.0,2026-06-20 04:00:00
ATE 0403,Red Light,2026-02,Live,74.0,2026-06-20 04:00:00
ATE 0403,Red Light,2026-03,Live,65.0,2026-06-20 04:00:00
ATE 0403,Red Light,2026-04,Live,66.0,2026-06-20 04:00:00
ATE 0403,Red Light,2026-05,Live,80.0,2026-06-20 04:00:00
ATE 0403,Red Light,2026-06,Live,56.0,2026-06-20 04:00:00
ATE 0406,Red Light,2024-12,Live,227.0,2026-09-06 04:00:00
ATE 0406,Red Light,2025-01,Live,187.0,2026-09-06 04:00:00
ATE 0406,Red Light,2025-02,Live,196.0,2026-09-06 04:00:00
ATE 0406,Red Light,2025-03,Live,162.0,2026-09-06 04:00:00
ATE 0406,Red Light,2025-04,Live,200.0,2026-09-06 04:00:00
ATE 0406,Red Light,2025-05,Live,275.0,2026-09-06 04:00:00
ATE 0406,Red Light,2025-06,Live,254.0,2026-09-06 04:00:00
ATE 0406,Red Light,2025-07,Live,265.0,2026-09-06 04:00:00
ATE 0406,Red Light,2025-08,Live,271.0,2026-09-06 04:00:00
ATE 0406,Red Light,2025-09,Live,252.0,2026-09-06 04:00:00
ATE 0406,Red Light,2025-10,Live,114.0,2026-09-06 04:00:00
ATE 0406,Red Light,2025-11,Live,190.0,2026-09-06 04:00:00
ATE 0406,Red Light,2025-12,Live,238.0,2026-09-06 04:00:00
ATE 0406,Red Light,2026-01,Live,174.0,2026-09-06 04:00:00
ATE 0406,Red Light,2026-02,Live,151.0,2026-09-06 04:00:00
ATE 0406,Red Light,2026-03,Live,224.0,2026-09-06 04:00:00
ATE 0406,Red Light,2026-04,Live,230.0,2026-09-06 04:00:00
ATE 0406,Red Light,2026-05,Live,282.0,2026-09-06 04:00:00
ATE 0406,Red Light,2026-06,Live,264.0,2026-09-06 04:00:00
ATE 0406,Red Light,2026-07,Live,181.0,2026-09-06 04:00:00
ATE 0406,Red Light,2026-08,Live,195.0,2026-09-06 04:00:00
ATE 0406,Red Light,2026-09,Live,38.0,2026-09-06 04:00:00
ATE 0408,Red Light,2024-12,Live,724.0,2026-09-06 04:00:00
ATE 0408,Red Light,2025-01,Live,595.0,2026-09-06 04:00:00
ATE 0408,Red Light,2025-02,Live,628.0,2026-09-06 04:00:00
ATE 0408,Red Light,2025-03,Live,973.0,2026-09-06 04:00:00
ATE 0408,Red Light,2025-04,Live,701.0,2026-09-06 04:00:00
ATE 0408,Red Light,2025-05,Live,732.0,2026-09-06 04:00:00
ATE 0408,Red Light,2025-06,Live,961.0,2026-09-06 04:00:00
ATE 0408,Red Light,2025-07,Live,759.0,2026-09-06 04:00:00
ATE 0408,Red Light,2025-08,Live,584.0,2026-09-06 04:00:00
ATE 0408,Red Light,2025-09,Live,648.0,2026-09-06 04:00:00
ATE 0408,Red Light,2025-10,Live,746.0,2026-09-06 04:00:00
ATE 0408,Red Light,2025-11,Live,476.0,2026-09-06 04:00:00
ATE 0408,Red Light,2025-12,Live,563.0,2026-09-06 04:00:00
ATE 0408,Red Light,2026-01,Live,500.0,2026-09-06 04:00:00
ATE 0408,Red Light,2026-02,Live,38.0,2026-09-06 04:00:00
ATE 0408,Red Light,2026-03,Live,340.0,2026-09-06 04:00:00
ATE 0408,Red Light,2026-04,Live,710.0,2026-09-06 04:00:00
ATE 0408,Red Light,2026-05,Live,665.0,2026-09-06 04:00:00
ATE 0408,Red Light,2026-06,Live,480.0,2026-09-06 04:00:00
ATE 0408,Red Light,2026-07,Live,683.0,2026-09-06 04:00:00
ATE 0408,Red Light,2026-08,Live,464.0,2026-09-06 04:00:00
ATE 0408,Red Light,2026-09,Live,108.0,2026-09-06 04:00:00
ATE 0413,Speed,2024-12,Live,3242.0,2026-09-10 04:00:00
ATE 0413,Speed,2025-01,Live,2197.0,2026-09-10 04:00:00
ATE 0413,Speed,2025-02,Live,2071.0,2026-09-10 04:00:00
ATE 0413,Speed,2025-03,Live,1295.0,2026-09-10 04:00:00
ATE 0413,Speed,2025-04,Live,1396.0,2026-09-10 04:00:00
ATE 0413,Speed,2025-05,Live,895.0,2026-09-10 04:00:00
ATE 0413,Speed,2025-06,Live,949.0,2026-09-10 04:00:00
ATE 0413,Speed,2025-07,Live,1209.0,2026-09-10 04:00:00
ATE 0413,Speed,2025-08,Live,1443.0,2026-09-10 04:00:00
ATE 0413,Speed,2025-09,Live,1221.0,2026-09-10 04:00:00
ATE 0413,Speed,2025-10,Live,1167.0,2026-09-10 04:00:00
ATE 0413,Speed,2025-11,Live,1624.0,2026-09-10 04:00:00
ATE 0413,Speed,2025-12,Live,2668.0,2026-09-10 04:00:00
ATE 0413,Speed,2026-01,Live,2634.0,2026-09-10 04:00:00
ATE 0413,Speed,2026-02,Live,1883.0,2026-09-10 04:00:00
ATE 0413,Speed,2026-03,Live,2269.0,2026-09-10 04:00:00
ATE 0413,Speed,2026-04,Live,2212.0,2026-09-10 04:00:00
ATE 0413,Speed,2026-05,Live,2017.0,2026-09-10 04:00:00
ATE 0413,Speed,2026-06,Live,1683.0,2026-09-10 04:00:00
ATE 0413,Speed,2026-07,Live,2062.0,2026-09-10 04:00:00
ATE 0413,Speed,2026-08,Live,4228.0,2026-09-10 04:00:00
ATE 0413,Speed,2026-09,Live,1653.0,2026-09-10 04:00:00
ATE 0416,Speed,2024-12,Live,1325.0,2026-09-10 04:00:00
ATE 0416,Speed,2025-01,Live,1524.0,2026-09-10 04:00:00
ATE 0416,Speed,2025-02,Live,1395.0,2026-09-10 04:00:00
ATE 0416,Speed,2025-03,Live,1550.0,2026-09-10 04:00:00
ATE 0416,Speed,2025-04,Live,1235.0,2026-09-10 04:00:00
ATE 0416,Speed,2025-05,Live,1224.0,2026-09-10 04:00:00
ATE 0416,Speed,2025-06,Live,1037.0,2026-09-10 04:00:00
ATE 0416,Speed,2025-07,Live,1423.0,2026-09-10 04:00:00
ATE 0416,Speed,2025-08,Live,1531.0,2026-09-10 04:00:00
ATE 0416,Speed,2025-09,Live,975.0,2026-09-10 04:00:00
ATE 0416,Speed,2025-10,Live,954.0,2026-09-10 04:00:00
ATE 0416,Speed,2025-11,Live,1068.0,2026-09-10 04:00:00
ATE 0416,Speed,2025-12,Live,1413.0,2026-09-10 04:00:00
ATE 0416,Speed,2026-01,Live,1049.0,2026-09-10 04:00:00
ATE 0416,Speed,2026-02,Live,805.0,2026-09-10 04:00:00
ATE 0416,Speed,2026-03,Live,1149.0,2026-09-10 04:00:00
ATE 0416,Speed,2026-04,Live,906.0,2026-09-10 04:00:00
ATE 0416,Speed,2026-05,Live,483.0,2026-09-10 04:00:00
ATE 0416,Speed,2026-06,Live,643.0,2026-09-10 04:00:00
ATE 0416,Speed,2026-07,Live,754.0,2026-09-10 04:00:00
ATE 0416,Speed,2026-08,Live,1245.0,2026-09-10 04:00:00
ATE 0416,Speed,2026-09,Live,480.0,2026-09-10 04:00:00
ATE 0418,Speed,2024-12,Live,7115.0,2026-09-10 04:00:00
ATE 0418,Speed,2025-01,Live,7440.0,2026-09-10 04:00:00
ATE 0418,Speed,2025-02,Live,7288.0,2026-09-10 04:00:00
ATE 0418,Speed,2025-03,Live,8758.0,2026-09-10 04:00:00
ATE 0418,Speed,2025-04,Live,8400.0,2026-09-10 04:00:00
ATE 0418,Speed,2025-05,Live,8448.0,2026-09-10 04:00:00
ATE 0418,Speed,2025-06,Live,9164.0,2026-09-10 04:00:00
ATE 0418,Speed,2025-07,Live,8047.0,2026-09-10 04:00:00
ATE 0418,Speed,2025-08,Live,8537.0,2026-09-10 04:00:00
ATE 0418,Speed,2025-09,Live,7199.0,2026-09-10 04:00:00
ATE 0418,Speed,2025-10,Live,8632.0,2026-09-10 04:00:00
ATE 0418,Speed,2025-11,Live,3558.0,2026-09-10 04:00:00
ATE 0418,Speed,2025-12,Live,7986.0,2026-09-10 04:00:00
ATE 0418,Speed,2026-01,Live,8680.0,2026-09-10 04:00:00
ATE 0418,Speed,2026-02,Live,6397.0,2026-09-10 04:00:00
ATE 0418,Speed,2026-03,Live,9320.0,2026-09-10 04:00:00
ATE 0418,Speed,2026-04,Live,9222.0,2026-09-10 04:00:00
ATE 0418,Speed,2026-05,Live,9957.0,2026-09-10 04:00:00
ATE 0418,Speed,2026-06,Live,7655.0,2026-09-10 04:00:00
ATE 0418,Speed,2026-07,Live,8378.0,2026-09-10 04:00:00
ATE 0418,Speed,2026-08,Live,7391.0,2026-09-10 04:00:00
ATE 0418,Speed,2026-09,Live,3850.0,2026-09-10 04:00:00
ATE 0429,Stop Sign,2024-12,Live,387.0,2026-02-11 05:00:00
ATE 0429,Stop Sign,2025-01,Live,441.0,2026-02-11 05:00:00
ATE 0429,Stop Sign,2025-02,Live,438.0,2026-02-11 05:00:00
ATE 0429,Stop Sign,2025-03,Live,542.0,2026-02-11 05:00:00
ATE 0429,Stop Sign,2025-04,Live,524.0,2026-02-11 05:00:00
ATE 0429,Stop Sign,2025-05,Live,507.0,2026-02-11 05:00:00
ATE 0429,Stop Sign,2025-06,Live,535.0,2026-02-11 05:00:00
ATE 0429,Stop Sign,2025-07,Live,486.0,2026-02-11 05:00:00
ATE 0429,Stop Sign,2025-08,Live,465.0,2026-02-11 05:00:00
ATE 0429,Stop Sign,2025-09,Live,439.0,2026-02-11 05:00:00
ATE 0429,Stop Sign,2025-10,Live,458.0,2026-02-11 05:00:00
ATE 0429,Stop Sign,2025-11,Live,324.0,2026-02-11 05:00:00
ATE 0429,Stop Sign,2025-12,Live,371.0,2026-02-11 05:00:00
ATE 0429,Stop Sign,2026-01,Live,325.0,2026-02-11 05:00:00
ATE 0429,Stop Sign,2026-02,Live,127.0,2026-02-11 05:00:00
ATE 0444,Red Light,2024-12,Live,2236.0,2026-09-07 04:00:00
ATE 0444,Red Light,2025-01,Live,1504.0,2026-09-07 04:00:00
ATE 0444,Red Light,2025-02,Live,1563.0,2026-09-07 04:00:00
ATE 0444,Red Light,2025-03,Live,2049.0,2026-09-07 04:00:00
ATE 0444,Red Light,2025-04,Live,1990.0,2026-09-07 04:00:00
ATE 0444,Red Light,2025-05,Live,2478.0,2026-09-07 04:00:00
ATE 0444,Red Light,2025-06,Live,2033.0,2026-09-07 04:00:00
ATE 0444,Red Light,2025-07,Live,2436.0,2026-09-07 04:00:00
ATE 0444,Red Light,2025-08,Live,2154.0,2026-09-07 04:00:00
ATE 0444,Red Light,2025-09,Live,1762.0,2026-09-07 04:00:00
ATE 0444,Red Light,2025-10,Live,1826.0,2026-09-07 04:00:00
ATE 0444,Red Light,2025-11,Live,1769.0,2026-09-07 04:00:00
ATE 0444,Red Light,2025-12,Live,1538.0,2026-09-07 04:00:00
ATE 0444,Red Light,2026-01,Live,1246.0,2026-09-07 04:00:00
ATE 0444,Red Light,2026-02,Live,1708.0,2026-09-07 04:00:00
ATE 0444,Red Light,2026-03,Live,1556.0,2026-09-07 04:00:00
ATE 0444,Red Light,2026-04,Live,2030.0,2026-09-07 04:00:00
ATE 0444,Red Light,2026-05,Live,1997.0,2026-09-07 04:00:00
ATE 0444,Red Light,2026-06,Live,2369.0,2026-09-07 04:00:00
ATE 0444,Red Light,2026-07,Live,2297.0,2026-09-07 04:00:00
ATE 0444,Red Light,2026-08,Live,2132.0,2026-09-07 04:00:00
ATE 0444,Red Light,2026-09,Live,478.0,2026-09-07 04:00:00
ATE 0447,Red Light,2024-12,Live,210.0,2026-09-07 04:00:00
ATE 0447,Red Light,2025-01,Live,171.0,2026-09-07 04:00:00
ATE 0447,Red Light,2025-02,Live,160.0,2026-09-07 04:00:00
ATE 0447,Red Light,2025-03,Live,297.0,2026-09-07 04:00:00
ATE 0447,Red Light,2025-04,Live,279.0,2026-09-07 04:00:00
ATE 0447,Red Light,2025-05,Live,300.0,2026-09-07 04:00:00
ATE 0447,Red Light,2025-06,Live,307.0,2026-09-07 04:00:00
ATE 0447,Red Light,2025-07,Live,308.0,2026-09-07 04:00:00
ATE 0447,Red Light,2025-08,Live,289.0,2026-09-07 04:00:00
ATE 0447,Red Light,2025-09,Live,242.0,2026-09-07 04:00:00
ATE 0447,Red Light,2025-10,Live,247.0,2026-09-07 04:00:00
ATE 0447,Red Light,2025-11,Live,217.0,2026-09-07 04:00:00
ATE 0447,Red Light,2025-12,Live,206.0,2026-09-07 04:00:00
ATE 0447,Red Light,2026-01,Live,144.0,2026-09-07 04:00:00
ATE 0447,Red Light,2026-02,Live,187.0,2026-09-07 04:00:00
ATE 0447,Red Light,2026-03,Live,250.0,2026-09-07 04:00:00
ATE 0447,Red Light,2026-04,Live,359.0,2026-09-07 04:00:00
ATE 0447,Red Light,2026-05,Live,442.0,2026-09-07 04:00:00
ATE 0447,Red Light,2026-06,Live,544.0,2026-09-07 04:00:00
ATE 0447,Red Light,2026-07,Live,408.0,2026-09-07 04:00:00
ATE 0447,Red Light,2026-08,Live,391.0,2026-09-07 04:00:00
ATE 0447,Red Light,2026-09,Live,84.0,2026-09-07 04:00:00
ATE 0452,Stop Sign,2024-12,Live,649.0,2026-09-06 04:00:00
ATE 0452,Stop Sign,2025-01,Live,1077.0,2026-09-06 04:00:00
ATE 0452,Stop Sign,2025-02,Live,971.0,2026-09-06 04:00:00
ATE 0452,Stop Sign,2025-03,Live,1262.0,2026-09-06 04:00:00
ATE 0452,Stop Sign,2025-04,Live,1412.0,2026-09-06 04:00:00
ATE 0452,Stop Sign,2025-05,Live,1614.0,2026-09-06 04:00:00
ATE 0452,Stop Sign,2025-06,Live,1554.0,2026-09-06 04:00:00
ATE 0452,Stop Sign,2025-07,Live,1808.0,2026-09-06 04:00:00
ATE 0452,Stop Sign,2025-08,Live,1329.0,2026-09-06 04:00:00
ATE 0452,Stop Sign,2025-09,Live,1280.0,2026-09-06 04:00:00
ATE 0452,Stop Sign,2025-10,Live,1293.0,2026-09-06 04:00:00
ATE 0452,Stop Sign,2025-11,Live,922.0,2026-09-06 04:00:00
ATE 0452,Stop Sign,2025-12,Live,1075.0,2026-09-06 04:00:00
ATE 0452,Stop Sign,2026-01,Live,1072.0,2026-09-06 04:00:00
ATE 0452,Stop Sign,2026-02,Live,907.0,2026-09-06 04:00:00
ATE 0452,Stop Sign,2026-03,Live,935.0,2026-09-06 04:00:00
ATE 0452,Stop Sign,2026-04,Live,872.0,2026-09-06 04:00:00
ATE 0452,Stop Sign,2026-05,Live,799.0,2026-09-06 04:00:00
ATE 0452,Stop Sign,2026-06,Live,714.0,2026-09-06 04:00:00
ATE 0452,Stop Sign,2026-07,Live,936.0,2026-09-06 04:00:00
ATE 0452,Stop Sign,2026-08,Live,633.0,2026-09-06 04:00:00
ATE 0452,Stop Sign,2026-09,Live,110.0,2026-09-06 04:00:00
ATE 0455,Stop Sign,2024-12,Live,580.0,2026-09-07 04:00:00
ATE 0455,Stop Sign,2025-01,Live,552.0,2026-09-07 04:00:00
ATE 0455,Stop Sign,2025-02,Live,384.0,2026-09-07 04:00:00
ATE 0455,Stop Sign,2025-03,Live,604.0,2026-09-07 04:00:00
ATE 0455,Stop Sign,2025-04,Live,611.0,2026-09-07 04:00:00
ATE 0455,Stop Sign,2025-05,Live,859.0,2026-09-07 04:00:00
ATE 0455,Stop Sign,2025-06,Live,684.0,2026-09-07 04:00:00
ATE 0455,Stop Sign,2025-07,Live,864.0,2026-09-07 04:00:00
ATE 0455,Stop Sign,2025-08,Live,661.0,2026-09-07 04:00:00
ATE 0455,Stop Sign,2025-09,Live,769.0,2026-09-07 04:00:00
ATE 0455,Stop Sign,2025-10,Live,920.0,2026-09-07 04:00:00
ATE 0455,Stop Sign,2025-11,Live,479.0,2026-09-07 04:00:00
ATE 0455,Stop Sign,2025-12,Live,796.0,2026-09-07 04:00:00
ATE 0455,Stop Sign,2026-01,Live,791.0,2026-09-07 04:00:00
ATE 0455,Stop Sign,2026-02,Live,413.0,2026-09-07 04:00:00
ATE 0455,Stop Sign,2026-03,Live,740.0,2026-09-07 04:00:00
ATE 0455,Stop Sign,2026-04,Live,744.0,2026-09-07 04:00:00
ATE 0455,Stop Sign,2026-05,Live,931.0,2026-09-07 04:00:00
ATE 0455,Stop Sign,2026-06,Live,732.0,2026-09-07 04:00:00
ATE 0455,Stop Sign,2026-07,Live,444.0,2026-09-07 04:00:00
ATE 0455,Stop Sign,2026-08,Live,721.0,2026-09-07 04:00:00
ATE 0455,Stop Sign,2026-09,Live,140.0,2026-09-07 04:00:00
ATE 0456,Red Light,2024-12,Live,86.0,2026-09-06 04:00:00
ATE 0456,Red Light,2025-01,Live,106.0,2026-09-06 04:00:00
ATE 0456,Red Light,2025-02,Live,97.0,2026-09-06 04:00:00
ATE 0456,Red Light,2025-03,Live,177.0,2026-09-06 04:00:00
ATE 0456,Red Light,2025-04,Live,159.0,2026-09-06 04:00:00
ATE 0456,Red Light,2025-05,Live,68.0,2026-09-06 04:00:00
ATE 0456,Red Light,2025-06,Live,72.0,2026-09-06 04:00:00
ATE 0456,Red Light,2025-07,Live,39.0,2026-09-06 04:00:00
ATE 0456,Red Light,2025-08,Live,131.0,2026-09-06 04:00:00
ATE 0456,Red Light,2025-09,Live,107.0,2026-09-06 04:00:00
ATE 0456,Red Light,2025-10,Live,134.0,2026-09-06 04:00:00
ATE 0456,Red Light,2025-11,Live,92.0,2026-09-06 04:00:00
ATE 0456,Red Light,2025-12,Live,90.0,2026-09-06 04:00:00
ATE 0456,Red Light,2026-01,Live,88.0,2026-09-06 04:00:00
ATE 0456,Red Light,2026-02,Live,96.0,2026-09-06 04:00:00
ATE 0456,Red Light,2026-03,Live,93.0,2026-09-06 04:00:00
ATE 0456,Red Light,2026-04,Live,116.0,2026-09-06 04:00:00
ATE 0456,Red Light,2026-05,Live,105.0,2026-09-06 04:00:00
ATE 0456,Red Light,2026-06,Live,127.0,2026-09-06 04:00:00
ATE 0456,Red Light,2026-07,Live,112.0,2026-09-06 04:00:00
ATE 0456,Red Light,2026-08,Live,89.0,2026-09-06 04:00:00
ATE 0456,Red Light,2026-09,Live,23.0,2026-09-06 04:00:00
ATE 0458,Speed,2024-12,Live,176.0,2025-06-29 04:00:00
ATE 0458,Speed,2025-01,Live,166.0,2025-06-29 04:00:00
ATE 0458,Speed,2025-02,Live,120.0,2025-06-29 04:00:00
ATE 0458,Speed,2025-03,Live,374.0,2025-06-29 04:00:00
ATE 0458,Speed,2025-04,Live,789.0,2025-06-29 04:00:00
ATE 0458,Speed,2025-05,Live,703.0,2025-06-29 04:00:00
ATE 0458,Speed,2025-06,Live,729.0,2025-06-29 04:00:00
ATE 0459,Stop Sign,2024-12,Live,1578.0,2026-09-07 04:00:00
ATE 0459,Stop Sign,2025-01,Live,2401.0,2026-09-07 04:00:00
ATE 0459,Stop Sign,2025-02,Live,2394.0,2026-09-07 04:00:00
ATE 0459,Stop Sign,2025-03,Live,3037.0,2026-09-07 04:00:00
ATE 0459,Stop Sign,2025-04,Live,3122.0,2026-09-07 04:00:00
ATE 0459,Stop Sign,2025-05,Live,3065.0,2026-09-07 04:00:00
ATE 0459,Stop Sign,2025-06,Live,2877.0,2026-09-07 04:00:00
ATE 0459,Stop Sign,2025-07,Live,3175.0,2026-09-07 04:00:00
ATE 0459,Stop Sign,2025-08,Live,2887.0,2026-09-07 04:00:00
ATE 0459,Stop Sign,2025-09,Live,2789.0,2026-09-07 04:00:00
ATE 0459,Stop Sign,2025-10,Live,2898.0,2026-09-07 04:00:00
ATE 0459,Stop Sign,2025-11,Live,2182.0,2026-09-07 04:00:00
ATE 0459,Stop Sign,2025-12,Live,2249.0,2026-09-07 04:00:00
ATE 0459,Stop Sign,2026-01,Live,2059.0,2026-09-07 04:00:00
ATE 0459,Stop Sign,2026-02,Live,2042.0,2026-09-07 04:00:00
ATE 0459,Stop Sign,2026-03,Live,2111.0,2026-09-07 04:00:00
ATE 0459,Stop Sign,2026-04,Live,2119.0,2026-09-07 04:00:00
ATE 0459,Stop Sign,2026-05,Live,2377.0,2026-09-07 04:00:00
ATE 0459,Stop Sign,2026-06,Live,2371.0,2026-09-07 04:00:00
ATE 0459,Stop Sign,2026-07,Live,2355.0,2026-09-07 04:00:00
ATE 0459,Stop Sign,2026-08,Live,2204.0,2026-09-07 04:00:00
ATE 0459,Stop Sign,2026-09,Live,299.0,2026-09-07 04:00:00
ATE 0460,Stop Sign,2024-12,Live,677.0,2026-09-07 04:00:00
ATE 0460,Stop Sign,2025-01,Live,847.0,2026-09-07 04:00:00
ATE 0460,Stop Sign,2025-02,Live,734.0,2026-09-07 04:00:00
ATE 0460,Stop Sign,2025-03,Live,1074.0,2026-09-07 04:00:00
ATE 0460,Stop Sign,2025-04,Live,1075.0,2026-09-07 04:00:00
ATE 0460,Stop Sign,2025-05,Live,1030.0,2026-09-07 04:00:00
ATE 0460,Stop Sign,2025-06,Live,935.0,2026-09-07 04:00:00
ATE 0460,Stop Sign,2025-07,Live,980.0,2026-09-07 04:00:00
ATE 0460,Stop Sign,2025-08,Live,922.0,2026-09-07 04:00:00
ATE 0460,Stop Sign,2025-09,Live,898.0,2026-09-07 04:00:00
ATE 0460,Stop Sign,2025-10,Live,909.0,2026-09-07 04:00:00
ATE 0460,Stop Sign,2025-11,Live,691.0,2026-09-07 04:00:00
ATE 0460,Stop Sign,2025-12,Live,827.0,2026-09-07 04:00:00
ATE 0460,Stop Sign,2026-01,Live,775.0,2026-09-07 04:00:00
ATE 0460,Stop Sign,2026-02,Live,795.0,2026-09-07 04:00:00
ATE 0460,Stop Sign,2026-03,Live,578.0,2026-09-07 04:00:00
ATE 0460,Stop Sign,2026-04,Live,562.0,2026-09-07 04:00:00
ATE 0460,Stop Sign,2026-05,Live,650.0,2026-09-07 04:00:00
ATE 0460,Stop Sign,2026-06,Live,600.0,2026-09-07 04:00:00
ATE 0460,Stop Sign,2026-07,Live,597.0,2026-09-07 04:00:00
ATE 0460,Stop Sign,2026-08,Live,469.0,2026-09-07 04:00:00
ATE 0460,Stop Sign,2026-09,Live,113.0,2026-09-07 04:00:00
ATE 0462,Speed,2024-12,Live,270.0,2026-09-09 04:00:00
ATE 0462,Speed,2025-01,Live,149.0,2026-09-09 04:00:00
ATE 0462,Speed,2025-02,Live,180.0,2026-09-09 04:00:00
ATE 0462,Speed,2025-03,Live,236.0,2026-09-09 04:00:00
ATE 0462,Speed,2025-04,Live,257.0,2026-09-09 04:00:00
ATE 0462,Speed,2025-05,Live,213.0,2026-09-09 04:00:00
ATE 0462,Speed,2025-06,Live,227.0,2026-09-09 04:00:00
ATE 0462,Speed,2025-07,Live,209.0,2026-09-09 04:00:00
ATE 0462,Speed,2025-08,Live,218.0,2026-09-09 04:00:00
ATE 0462,Speed,2025-09,Live,219.0,2026-09-09 04:00:00
ATE 0462,Speed,2025-10,Live,184.0,2026-09-09 04:00:00
ATE 0462,Speed,2025-11,Live,184.0,2026-09-09 04:00:00
ATE 0462,Speed,2025-12,Live,196.0,2026-09-09 04:00:00
ATE 0462,Speed,2026-01,Live,133.0,2026-09-09 04:00:00
ATE 0462,Speed,2026-02,Live,138.0,2026-09-09 04:00:00
ATE 0462,Speed,2026-03,Live,213.0,2026-09-09 04:00:00
ATE 0462,Speed,2026-04,Live,204.0,2026-09-09 04:00:00
ATE 0462,Speed,2026-05,Live,161.0,2026-09-09 04:00:00
ATE 0462,Speed,2026-06,Live,219.0,2026-09-09 04:00:00
ATE 0462,Speed,2026-07,Live,236.0,2026-09-09 04:00:00
ATE 0462,Speed,2026-08,Live,256.0,2026-09-09 04:00:00
ATE 0462,Speed,2026-09,Live,78.0,2026-09-09 04:00:00
ATE 0472,Red Light,2024-12,Live,203.0,2026-09-07 04:00:00
ATE 0472,Red Light,2025-01,Live,152.0,2026-09-07 04:00:00
ATE 0472,Red Light,2025-02,Live,141.0,2026-09-07 04:00:00
ATE 0472,Red Light,2025-03,Live,181.0,2026-09-07 04:00:00
ATE 0472,Red Light,2025-04,Live,188.0,2026-09-07 04:00:00
ATE 0472,Red Light,2025-05,Live,203.0,2026-09-07 04:00:00
ATE 0472,Red Light,2025-06,Live,100.0,2026-09-07 04:00:00
ATE 0472,Red Light,2025-07,Live,223.0,2026-09-07 04:00:00
ATE 0472,Red Light,2025-08,Live,182.0,2026-09-07 04:00:00
ATE 0472,Red Light,2025-09,Live,170.0,2026-09-07 04:00:00
ATE 0472,Red Light,2025-10,Live,209.0,2026-09-07 04:00:00
ATE 0472,Red Light,2025-11,Live,130.0,2026-09-07 04:00:00
ATE 0472,Red Light,2025-12,Live,161.0,2026-09-07 04:00:00
ATE 0472,Red Light,2026-01,Live,134.0,2026-09-07 04:00:00
ATE 0472,Red Light,2026-02,Live,77.0,2026-09-07 04:00:00
ATE 0472,Red Light,2026-03,Live,169.0,2026-09-07 04:00:00
ATE 0472,Red Light,2026-04,Live,182.0,2026-09-07 04:00:00
ATE 0472,Red Light,2026-05,Live,187.0,2026-09-07 04:00:00
ATE 0472,Red Light,2026-06,Live,221.0,2026-09-07 04:00:00
ATE 0472,Red Light,2026-07,Live,208.0,2026-09-07 04:00:00
ATE 0472,Red Light,2026-08,Live,204.0,2026-09-07 04:00:00
ATE 0472,Red Light,2026-09,Live,36.0,2026-09-07 04:00:00
ATE 0478,Speed,2024-12,Live,8323.0,2026-09-10 04:00:00
ATE 0478,Speed,2025-01,Live,7004.0,2026-09-10 04:00:00
ATE 0478,Speed,2025-02,Live,5702.0,2026-09-10 04:00:00
ATE 0478,Speed,2025-03,Live,5991.0,2026-09-10 04:00:00
ATE 0478,Speed,2025-04,Live,5404.0,2026-09-10 04:00:00
ATE 0478,Speed,2025-05,Live,5298.0,2026-09-10 04:00:00
ATE 0478,Speed,2025-06,Live,5121.0,2026-09-10 04:00:00
ATE 0478,Speed,2025-07,Live,5147.0,2026-09-10 04:00:00
ATE 0478,Speed,2025-08,Live,4811.0,2026-09-10 04:00:00
ATE 0478,Speed,2025-09,Live,4514.0,2026-09-10 04:00:00
ATE 0478,Speed,2025-10,Live,4255.0,2026-09-10 04:00:00
ATE 0478,Speed,2025-11,Live,4626.0,2026-09-10 04:00:00
ATE 0478,Speed,2025-12,Live,5219.0,2026-09-10 04:00:00
ATE 0478,Speed,2026-01,Live,4486.0,2026-09-10 04:00:00
ATE 0478,Speed,2026-02,Live,4161.0,2026-09-10 04:00:00
ATE 0478,Speed,2026-03,Live,4395.0,2026-09-10 04:00:00
ATE 0478,Speed,2026-04,Live,4241.0,2026-09-10 04:00:00
ATE 0478,Speed,2026-05,Live,3687.0,2026-09-10 04:00:00
ATE 0478,Speed,2026-06,Live,2672.0,2026-09-10 04:00:00
ATE 0478,Speed,2026-07,Live,3018.0,2026-09-10 04:00:00
ATE 0478,Speed,2026-08,Live,3021.0,2026-09-10 04:00:00
ATE 0478,Speed,2026-09,Live,1276.0,2026-09-10 04:00:00
ATE 0479,Red Light,2024-12,Live,19.0,2026-09-07 04:00:00
ATE 0479,Red Light,2025-01,Live,76.0,2026-09-07 04:00:00
ATE 0479,Red Light,2025-02,Live,87.0,2026-09-07 04:00:00
ATE 0479,Red Light,2025-03,Live,45.0,2026-09-07 04:00:00
ATE 0479,Red Light,2025-04,Live,101.0,2026-09-07 04:00:00
ATE 0479,Red Light,2025-05,Live,97.0,2026-09-07 04:00:00
ATE 0479,Red Light,2025-06,Live,144.0,2026-09-07 04:00:00
ATE 0479,Red Light,2025-07,Live,279.0,2026-09-07 04:00:00
ATE 0479,Red Light,2025-08,Live,153.0,2026-09-07 04:00:00
ATE 0479,Red Light,2025-09,Live,279.0,2026-09-07 04:00:00
ATE 0479,Red Light,2025-10,Live,458.0,2026-09-07 04:00:00
ATE 0479,Red Light,2025-11,Live,331.0,2026-09-07 04:00:00
ATE 0479,Red Light,2025-12,Live,365.0,2026-09-07 04:00:00
ATE 0479,Red Light,2026-01,Live,363.0,2026-09-07 04:00:00
ATE 0479,Red Light,2026-02,Live,465.0,2026-09-07 04:00:00
ATE 0479,Red Light,2026-03,Live,454.0,2026-09-07 04:00:00
ATE 0479,Red Light,2026-04,Live,504.0,2026-09-07 04:00:00
ATE 0479,Red Light,2026-05,Live,536.0,2026-09-07 04:00:00
ATE 0479,Red Light,2026-06,Live,452.0,2026-09-07 04:00:00
ATE 0479,Red Light,2026-07,Live,504.0,2026-09-07 04:00:00
ATE 0479,Red Light,2026-08,Live,492.0,2026-09-07 04:00:00
ATE 0479,Red Light,2026-09,Live,127.0,2026-09-07 04:00:00
ATE 0484,Red Light,2024-12,Live,1299.0,2026-09-07 04:00:00
ATE 0484,Red Light,2025-01,Live,1212.0,2026-09-07 04:00:00
ATE 0484,Red Light,2025-02,Live,1061.0,2026-09-07 04:00:00
ATE 0484,Red Light,2025-03,Live,1234.0,2026-09-07 04:00:00
ATE 0484,Red Light,2025-04,Live,1223.0,2026-09-07 04:00:00
ATE 0484,Red Light,2025-05,Live,1400.0,2026-09-07 04:00:00
ATE 0484,Red Light,2025-06,Live,1302.0,2026-09-07 04:00:00
ATE 0484,Red Light,2025-07,Live,1148.0,2026-09-07 04:00:00
ATE 0484,Red Light,2025-08,Live,1120.0,2026-09-07 04:00:00
ATE 0484,Red Light,2025-09,Live,1127.0,2026-09-07 04:00:00
ATE 0484,Red Light,2025-10,Live,1234.0,2026-09-07 04:00:00
ATE 0484,Red Light,2025-11,Live,897.0,2026-09-07 04:00:00
ATE 0484,Red Light,2025-12,Live,1005.0,2026-09-07 04:00:00
ATE 0484,Red Light,2026-01,Live,865.0,2026-09-07 04:00:00
ATE 0484,Red Light,2026-02,Live,1037.0,2026-09-07 04:00:00
ATE 0484,Red Light,2026-03,Live,1257.0,2026-09-07 04:00:00
ATE 0484,Red Light,2026-04,Live,1140.0,2026-09-07 04:00:00
ATE 0484,Red Light,2026-05,Live,1352.0,2026-09-07 04:00:00
ATE 0484,Red Light,2026-06,Live,1431.0,2026-09-07 04:00:00
ATE 0484,Red Light,2026-07,Live,1237.0,2026-09-07 04:00:00
ATE 0484,Red Light,2026-08,Live,1374.0,2026-09-07 04:00:00
ATE 0484,Red Light,2026-09,Live,278.0,2026-09-07 04:00:00
ATE 0485,Red Light,2024-12,Live,616.0,2026-09-07 04:00:00
ATE 0485,Red Light,2025-01,Live,434.0,2026-09-07 04:00:00
ATE 0485,Red Light,2025-02,Live,483.0,2026-09-07 04:00:00
ATE 0485,Red Light,2025-03,Live,591.0,2026-09-07 04:00:00
ATE 0485,Red Light,2025-04,Live,542.0,2026-09-07 04:00:00
ATE 0485,Red Light,2025-05,Live,504.0,2026-09-07 04:00:00
ATE 0485,Red Light,2025-06,Live,566.0,2026-09-07 04:00:00
ATE 0485,Red Light,2025-07,Live,518.0,2026-09-07 04:00:00
ATE 0485,Red Light,2025-08,Live,254.0,2026-09-07 04:00:00
ATE 0485,Red Light,2025-09,Live,494.0,2026-09-07 04:00:00
ATE 0485,Red Light,2025-10,Live,574.0,2026-09-07 04:00:00
ATE 0485,Red Light,2025-11,Live,455.0,2026-09-07 04:00:00
ATE 0485,Red Light,2025-12,Live,361.0,2026-09-07 04:00:00
ATE 0485,Red Light,2026-01,Live,229.0,2026-09-07 04:00:00
ATE 0485,Red Light,2026-02,Live,85.0,2026-09-07 04:00:00
ATE 0485,Red Light,2026-03,Live,162.0,2026-09-07 04:00:00
ATE 0485,Red Light,2026-04,Live,334.0,2026-09-07 04:00:00
ATE 0485,Red Light,2026-05,Live,460.0,2026-09-07 04:00:00
ATE 0485,Red Light,2026-06,Live,224.0,2026-09-07 04:00:00
ATE 0485,Red Light,2026-07,Live,10.0,2026-09-07 04:00:00
ATE 0485,Red Light,2026-08,Live,339.0,2026-09-07 04:00:00
ATE 0485,Red Light,2026-09,Live,126.0,2026-09-07 04:00:00
ATE 0488,Red Light,2024-12,Live,159.0,2026-05-16 04:00:00
ATE 0488,Red Light,2025-01,Live,138.0,2026-05-16 04:00:00
ATE 0488,Red Light,2025-02,Live,170.0,2026-05-16 04:00:00
ATE 0488,Red Light,2025-03,Live,222.0,2026-05-16 04:00:00
ATE 0488,Red Light,2025-04,Live,193.0,2026-05-16 04:00:00
ATE 0488,Red Light,2025-05,Live,229.0,2026-05-16 04:00:00
ATE 0488,Red Light,2025-06,Live,209.0,2026-05-16 04:00:00
ATE 0488,Red Light,2025-07,Live,260.0,2026-05-16 04:00:00
ATE 0488,Red Light,2025-08,Live,209.0,2026-05-16 04:00:00
ATE 0488,Red Light,2025-09,Live,109.0,2026-05-16 04:00:00
ATE 0488,Red Light,2025-10,Live,146.0,2026-05-16 04:00:00
ATE 0488,Red Light,2025-11,Live,99.0,2026-05-16 04:00:00
ATE 0488,Red Light,2025-12,Live,97.0,2026-05-16 04:00:00
ATE 0488,Red Light,2026-01,Live,96.0,2026-05-16 04:00:00
ATE 0488,Red Light,2026-02,Live,163.0,2026-05-16 04:00:00
ATE 0488,Red Light,2026-03,Live,144.0,2026-05-16 04:00:00
ATE 0488,Red Light,2026-04,Live,128.0,2026-05-16 04:00:00
ATE 0488,Red Light,2026-05,Live,105.0,2026-05-16 04:00:00
ATE 0488,Red Light,2026-05,Idle,77.0,2026-06-10 04:00:00
ATE 0488,Red Light,2026-06,Idle,74.0,2026-06-10 04:00:00
ATE 0490,Red Light,2024-12,Live,394.0,2026-09-03 04:00:00
ATE 0490,Red Light,2025-01,Live,352.0,2026-09-03 04:00:00
ATE 0490,Red Light,2025-02,Live,347.0,2026-09-03 04:00:00
ATE 0490,Red Light,2025-03,Live,395.0,2026-09-03 04:00:00
ATE 0490,Red Light,2025-04,Live,397.0,2026-09-03 04:00:00
ATE 0490,Red Light,2025-05,Live,444.0,2026-09-03 04:00:00
ATE 0490,Red Light,2025-06,Live,396.0,2026-09-03 04:00:00
ATE 0490,Red Light,2025-07,Live,453.0,2026-09-03 04:00:00
ATE 0490,Red Light,2025-08,Live,402.0,2026-09-03 04:00:00
ATE 0490,Red Light,2025-09,Live,347.0,2026-09-03 04:00:00
ATE 0490,Red Light,2025-10,Live,388.0,2026-09-03 04:00:00
ATE 0490,Red Light,2025-11,Live,278.0,2026-09-03 04:00:00
ATE 0490,Red Light,2025-12,Live,337.0,2026-09-03 04:00:00
ATE 0490,Red Light,2026-01,Live,253.0,2026-09-03 04:00:00
ATE 0490,Red Light,2026-02,Live,350.0,2026-09-03 04:00:00
ATE 0490,Red Light,2026-03,Live,300.0,2026-09-03 04:00:00
ATE 0490,Red Light,2026-04,Live,353.0,2026-09-03 04:00:00
ATE 0490,Red Light,2026-05,Live,375.0,2026-09-03 04:00:00
ATE 0490,Red Light,2026-06,Live,386.0,2026-09-03 04:00:00
ATE 0490,Red Light,2026-07,Live,345.0,2026-09-03 04:00:00
ATE 0490,Red Light,2026-08,Live,382.0,2026-09-03 04:00:00
ATE 0490,Red Light,2026-09,Live,47.0,2026-09-03 04:00:00
ATE 0492,Speed,2024-12,Live,10143.0,2026-09-10 04:00:00
ATE 0492,Speed,2025-01,Live,6295.0,2026-09-10 04:00:00
ATE 0492,Speed,2025-02,Live,6769.0,2026-09-10 04:00:00
ATE 0492,Speed,2025-03,Live,8782.0,2026-09-10 04:00:00
ATE 0492,Speed,2025-04,Live,8168.0,2026-09-10 04:00:00
ATE 0492,Speed,2025-05,Live,9344.0,2026-09-10 04:00:00
ATE 0492,Speed,2025-06,Live,9588.0,2026-09-10 04:00:00
ATE 0492,Speed,2025-07,Live,9944.0,2026-09-10 04:00:00
ATE 0492,Speed,2025-08,Live,6419.0,2026-09-10 04:00:00
ATE 0492,Speed,2025-09,Live,3456.0,2026-09-10 04:00:00
ATE 0492,Speed,2025-10,Live,3782.0,2026-09-10 04:00:00
ATE 0492,Speed,2025-11,Live,3656.0,2026-09-10 04:00:00
ATE 0492,Speed,2025-12,Live,2530.0,2026-09-10 04:00:00
ATE 0492,Speed,2026-01,Live,1671.0,2026-09-10 04:00:00
ATE 0492,Speed,2026-02,Live,2872.0,2026-09-10 04:00:00
ATE 0492,Speed,2026-03,Live,4656.0,2026-09-10 04:00:00
ATE 0492,Speed,2026-04,Live,5069.0,2026-09-10 04:00:00
ATE 0492,Speed,2026-05,Live,8224.0,2026-09-10 04:00:00
ATE 0492,Speed,2026-06,Live,6338.0,2026-09-10 04:00:00
ATE 0492,Speed,2026-07,Live,6967.0,2026-09-10 04:00:00
ATE 0492,Speed,2026-08,Live,8349.0,2026-09-10 04:00:00
ATE 0492,Speed,2026-09,Live,2780.0,2026-09-10 04:00:00
ATE 0498,Red Light,2024-12,Live,1253.0,2026-09-07 04:00:00
ATE 0498,Red Light,2025-01,Live,1121.0,2026-09-07 04:00:00
ATE 0498,Red Light,2025-02,Live,1140.0,2026-09-07 04:00:00
ATE 0498,Red Light,2025-03,Live,1317.0,2026-09-07 04:00:00
ATE 0498,Red Light,2025-04,Live,1326.0,2026-09-07 04:00:00
ATE 0498,Red Light,2025-05,Live,1695.0,2026-09-07 04:00:00
ATE 0498,Red Light,2025-06,Live,1639.0,2026-09-07 04:00:00
ATE 0498,Red Light,2025-07,Live,1596.0,2026-09-07 04:00:00
ATE 0498,Red Light,2025-08,Live,1537.0,2026-09-07 04:00:00
ATE 0498,Red Light,2025-09,Live,1471.0,2026-09-07 04:00:00
ATE 0498,Red Light,2025-10,Live,1385.0,2026-09-07 04:00:00
ATE 0498,Red Light,2025-11,Live,1344.0,2026-09-07 04:00:00
ATE 0498,Red Light,2025-12,Live,707.0,2026-09-07 04:00:00
ATE 0498,Red Light,2026-01,Live,737.0,2026-09-07 04:00:00
ATE 0498,Red Light,2026-02,Live,1150.0,2026-09-07 04:00:00
ATE 0498,Red Light,2026-03,Live,1347.0,2026-09-07 04:00:00
ATE 0498,Red Light,2026-04,Live,1398.0,2026-09-07 04:00:00
ATE 0498,Red Light,2026-05,Live,1635.0,2026-09-07 04:00:00
ATE 0498,Red Light,2026-06,Live,1731.0,2026-09-07 04:00:00
ATE 0498,Red Light,2026-07,Live,1507.0,2026-09-07 04:00:00
ATE 0498,Red Light,2026-08,Live,1541.0,2026-09-07 04:00:00
ATE 0498,Red Light,2026-09,Live,293.0,2026-09-07 04:00:00
ATE 0505,Stop Sign,2024-12,Live,1105.0,2026-09-07 04:00:00
ATE 0505,Stop Sign,2025-01,Live,1661.0,2026-09-07 04:00:00
ATE 0505,Stop Sign,2025-02,Live,1653.0,2026-09-07 04:00:00
ATE 0505,Stop Sign,2025-03,Live,2824.0,2026-09-07 04:00:00
ATE 0505,Stop Sign,2025-04,Live,2583.0,2026-09-07 04:00:00
ATE 0505,Stop Sign,2025-05,Live,2787.0,2026-09-07 04:00:00
ATE 0505,Stop Sign,2025-06,Live,2458.0,2026-09-07 04:00:00
ATE 0505,Stop Sign,2025-07,Live,2689.0,2026-09-07 04:00:00
ATE 0505,Stop Sign,2025-08,Live,2319.0,2026-09-07 04:00:00
ATE 0505,Stop Sign,2025-09,Live,2153.0,2026-09-07 04:00:00
ATE 0505,Stop Sign,2025-10,Live,2444.0,2026-09-07 04:00:00
ATE 0505,Stop Sign,2025-11,Live,1989.0,2026-09-07 04:00:00
ATE 0505,Stop Sign,2025-12,Live,2261.0,2026-09-07 04:00:00
ATE 0505,Stop Sign,2026-01,Live,2144.0,2026-09-07 04:00:00
ATE 0505,Stop Sign,2026-02,Live,2123.0,2026-09-07 04:00:00
ATE 0505,Stop Sign,2026-03,Live,1715.0,2026-09-07 04:00:00
ATE 0505,Stop Sign,2026-04,Live,1847.0,2026-09-07 04:00:00
ATE 0505,Stop Sign,2026-05,Live,2086.0,2026-09-07 04:00:00
ATE 0505,Stop Sign,2026-06,Live,1770.0,2026-09-07 04:00:00
ATE 0505,Stop Sign,2026-07,Live,1767.0,2026-09-07 04:00:00
ATE 0505,Stop Sign,2026-08,Live,1471.0,2026-09-07 04:00:00
ATE 0505,Stop Sign,2026-09,Live,129.0,2026-09-07 04:00:00
ATE 0508,Speed,2024-12,Live,1469.0,2026-09-10 04:00:00
ATE 0508,Speed,2025-01,Live,1162.0,2026-09-10 04:00:00
ATE 0508,Speed,2025-02,Live,1104.0,2026-09-10 04:00:00
ATE 0508,Speed,2025-03,Live,1234.0,2026-09-10 04:00:00
ATE 0508,Speed,2025-04,Live,1287.0,2026-09-10 04:00:00
ATE 0508,Speed,2025-05,Live,1304.0,2026-09-10 04:00:00
ATE 0508,Speed,2025-06,Live,1656.0,2026-09-10 04:00:00
ATE 0508,Speed,2025-07,Live,1644.0,2026-09-10 04:00:00
ATE 0508,Speed,2025-08,Live,1587.0,2026-09-10 04:00:00
ATE 0508,Speed,2025-09,Live,1375.0,2026-09-10 04:00:00
ATE 0508,Speed,2025-10,Live,1465.0,2026-09-10 04:00:00
ATE 0508,Speed,2025-11,Live,1404.0,2026-09-10 04:00:00
ATE 0508,Speed,2025-12,Live,1376.0,2026-09-10 04:00:00
ATE 0508,Speed,2026-01,Live,1033.0,2026-09-10 04:00:00
ATE 0508,Speed,2026-02,Live,475.0,2026-09-10 04:00:00
ATE 0508,Speed,2026-03,Live,1347.0,2026-09-10 04:00:00
ATE 0508,Speed,2026-04,Live,1584.0,2026-09-10 04:00:00
ATE 0508,Speed,2026-05,Live,1644.0,2026-09-10 04:00:00
ATE 0508,Speed,2026-06,Live,1283.0,2026-09-10 04:00:00
ATE 0508,Speed,2026-07,Live,1359.0,2026-09-10 04:00:00
ATE 0508,Speed,2026-08,Live,1464.0,2026-09-10 04:00:00
ATE 0508,Speed,2026-09,Live,521.0,2026-09-10 04:00:00
ATE 0512,Speed,2024-12,Live,396.0,2026-09-10 04:00:00
ATE 0512,Speed,2025-01,Live,270.0,2026-09-10 04:00:00
ATE 0512,Speed,2025-02,Live,285.0,2026-09-10 04:00:00
ATE 0512,Speed,2025-03,Live,360.0,2026-09-10 04:00:00
ATE 0512,Speed,2025-04,Live,340.0,2026-09-10 04:00:00
ATE 0512,Speed,2025-05,Live,417.0,2026-09-10 04:00:00
ATE 0512,Speed,2025-06,Live,290.0,2026-09-10 04:00:00
ATE 0512,Speed,2025-07,Live,395.0,2026-09-10 04:00:00
ATE 0512,Speed,2025-08,Live,20.0,2026-09-10 04:00:00
ATE 0512,Speed,2025-09,Live,298.0,2026-09-10 04:00:00
ATE 0512,Speed,2025-10,Live,297.0,2026-09-10 04:00:00
ATE 0512,Speed,2025-11,Live,117.0,2026-09-10 04:00:00
ATE 0512,Speed,2025-12,Live,212.0,2026-09-10 04:00:00
ATE 0512,Speed,2026-01,Live,157.0,2026-09-10 04:00:00
ATE 0512,Speed,2026-02,Live,119.0,2026-09-10 04:00:00
ATE 0512,Speed,2026-03,Live,139.0,2026-09-10 04:00:00
ATE 0512,Speed,2026-04,Live,205.0,2026-09-10 04:00:00
ATE 0512,Speed,2026-05,Live,316.0,2026-09-10 04:00:00
ATE 0512,Speed,2026-06,Live,212.0,2026-09-10 04:00:00
ATE 0512,Speed,2026-07,Live,258.0,2026-09-10 04:00:00
ATE 0512,Speed,2026-08,Live,224.0,2026-09-10 04:00:00
ATE 0512,Speed,2026-09,Live,106.0,2026-09-10 04:00:00
ATE 0513,Speed,2024-12,Live,488.0,2026-09-10 04:00:00
ATE 0513,Speed,2025-01,Live,372.0,2026-09-10 04:00:00
ATE 0513,Speed,2025-02,Live,470.0,2026-09-10 04:00:00
ATE 0513,Speed,2025-03,Live,409.0,2026-09-10 04:00:00
ATE 0513,Speed,2025-04,Live,421.0,2026-09-10 04:00:00
ATE 0513,Speed,2025-05,Live,475.0,2026-09-10 04:00:00
ATE 0513,Speed,2025-06,Live,455.0,2026-09-10 04:00:00
ATE 0513,Speed,2025-07,Live,436.0,2026-09-10 04:00:00
ATE 0513,Speed,2025-08,Live,319.0,2026-09-10 04:00:00
ATE 0513,Speed,2025-09,Live,305.0,2026-09-10 04:00:00
ATE 0513,Speed,2025-10,Live,266.0,2026-09-10 04:00:00
ATE 0513,Speed,2025-11,Live,226.0,2026-09-10 04:00:00
ATE 0513,Speed,2025-12,Live,281.0,2026-09-10 04:00:00
ATE 0513,Speed,2026-01,Live,198.0,2026-09-10 04:00:00
ATE 0513,Speed,2026-02,Live,186.0,2026-09-10 04:00:00
ATE 0513,Speed,2026-03,Live,220.0,2026-09-10 04:00:00
ATE 0513,Speed,2026-04,Live,239.0,2026-09-10 04:00:00
ATE 0513,Speed,2026-05,Live,250.0,2026-09-10 04:00:00
ATE 0513,Speed,2026-06,Live,188.0,2026-09-10 04:00:00
ATE 0513,Speed,2026-07,Live,176.0,2026-09-10 04:00:00
ATE 0513,Speed,2026-08,Live,257.0,2026-09-10 04:00:00
ATE 0513,Speed,2026-09,Live,109.0,2026-09-10 04:00:00
ATE 0516,Speed,2024-12,Live,280.0,2026-09-09 04:00:00
ATE 0516,Speed,2025-01,Live,252.0,2026-09-09 04:00:00
ATE 0516,Speed,2025-02,Live,202.0,2026-09-09 04:00:00
ATE 0516,Speed,2025-03,Live,227.0,2026-09-09 04:00:00
ATE 0516,Speed,2025-04,Live,206.0,2026-09-09 04:00:00
ATE 0516,Speed,2025-05,Live,258.0,2026-09-09 04:00:00
ATE 0516,Speed,2025-06,Live,180.0,2026-09-09 04:00:00
ATE 0516,Speed,2025-07,Live,179.0,2026-09-09 04:00:00
ATE 0516,Speed,2025-08,Live,145.0,2026-09-09 04:00:00
ATE 0516,Speed,2025-09,Live,138.0,2026-09-09 04:00:00
ATE 0516,Speed,2025-10,Live,147.0,2026-09-09 04:00:00
ATE 0516,Speed,2025-11,Live,115.0,2026-09-09 04:00:00
ATE 0516,Speed,2025-12,Live,140.0,2026-09-09 04:00:00
ATE 0516,Speed,2026-01,Live,100.0,2026-09-09 04:00:00
ATE 0516,Speed,2026-02,Live,74.0,2026-09-09 04:00:00
ATE 0516,Speed,2026-03,Live,94.0,2026-09-09 04:00:00
ATE 0516,Speed,2026-04,Live,84.0,2026-09-09 04:00:00
ATE 0516,Speed,2026-05,Live,110.0,2026-09-09 04:00:00
ATE 0516,Speed,2026-06,Live,50.0,2026-09-09 04:00:00
ATE 0516,Speed,2026-07,Live,73.0,2026-09-09 04:00:00
ATE 0516,Speed,2026-08,Live,113.0,2026-09-09 04:00:00
ATE 0516,Speed,2026-09,Live,43.0,2026-09-09 04:00:00
ATE 0517,Speed,2024-12,Live,55.0,2026-07-25 04:00:00
ATE 0517,Speed,2025-01,Live,37.0,2026-07-25 04:00:00
ATE 0517,Speed,2025-02,Live,25.0,2026-07-25 04:00:00
ATE 0517,Speed,2025-03,Live,20.0,2026-07-25 04:00:00
ATE 0517,Speed,2025-04,Live,24.0,2026-07-25 04:00:00
ATE 0517,Speed,2025-05,Live,33.0,2026-07-25 04:00:00
ATE 0517,Speed,2025-06,Live,20.0,2026-07-25 04:00:00
ATE 0517,Speed,2025-07,Live,41.0,2026-07-25 04:00:00
ATE 0517,Speed,2025-08,Live,32.0,2026-07-25 04:00:00
ATE 0517,Speed,2025-09,Live,20.0,2026-07-25 04:00:00
ATE 0517,Speed,2025-10,Live,31.0,2026-07-25 04:00:00
ATE 0517,Speed,2025-11,Live,32.0,2026-07-25 04:00:00
ATE 0517,Speed,2025-12,Live,38.0,2026-07-25 04:00:00
ATE 0517,Speed,2026-01,Live,31.0,2026-07-25 04:00:00
ATE 0517,Speed,2026-02,Live,17.0,2026-07-25 04:00:00
ATE 0517,Speed,2026-03,Live,30.0,2026-07-25 04:00:00
ATE 0517,Speed,2026-04,Live,25.0,2026-07-25 04:00:00
ATE 0517,Speed,2026-05,Live,33.0,2026-07-25 04:00:00
ATE 0517,Speed,2026-06,Live,20.0,2026-07-25 04:00:00
ATE 0517,Speed,2026-07,Live,21.0,2026-07-25 04:00:00
ATE 0521,Speed,2024-12,Live,485.0,2026-04-01 04:00:00
ATE 0521,Speed,2025-01,Live,330.0,2026-04-01 04:00:00
ATE 0521,Speed,2025-02,Live,158.0,2026-04-01 04:00:00
ATE 0521,Speed,2025-03,Live,264.0,2026-04-01 04:00:00
ATE 0521,Speed,2025-04,Live,275.0,2026-04-01 04:00:00
ATE 0521,Speed,2025-05,Live,230.0,2026-04-01 04:00:00
ATE 0521,Speed,2025-06,Live,161.0,2026-04-01 04:00:00
ATE 0521,Speed,2025-07,Live,214.0,2026-04-01 04:00:00
ATE 0521,Speed,2025-08,Live,86.0,2026-04-01 04:00:00
ATE 0521,Speed,2025-09,Live,54.0,2026-04-01 04:00:00
ATE 0521,Speed,2025-10,Live,178.0,2026-04-01 04:00:00
ATE 0521,Speed,2025-11,Live,253.0,2026-04-01 04:00:00
ATE 0521,Speed,2025-12,Live,330.0,2026-04-01 04:00:00
ATE 0521,Speed,2026-01,Live,189.0,2026-04-01 04:00:00
ATE 0521,Speed,2026-02,Live,194.0,2026-04-01 04:00:00
ATE 0521,Speed,2026-03,Live,164.0,2026-04-01 04:00:00
ATE 0521,Speed,2026-04,Live,4.0,2026-04-01 04:00:00
ATE 0522,Speed,2024-12,Live,50.0,2026-08-14 04:00:00
ATE 0522,Speed,2025-01,Live,34.0,2026-08-14 04:00:00
ATE 0522,Speed,2025-02,Live,49.0,2026-08-14 04:00:00
ATE 0522,Speed,2025-03,Live,34.0,2026-08-14 04:00:00
ATE 0522,Speed,2025-04,Live,41.0,2026-08-14 04:00:00
ATE 0522,Speed,2025-05,Live,36.0,2026-08-14 04:00:00
ATE 0522,Speed,2025-06,Live,43.0,2026-08-14 04:00:00
ATE 0522,Speed,2025-07,Live,34.0,2026-08-14 04:00:00
ATE 0522,Speed,2025-08,Live,34.0,2026-08-14 04:00:00
ATE 0522,Speed,2025-09,Live,43.0,2026-08-14 04:00:00
ATE 0522,Speed,2025-10,Live,49.0,2026-08-14 04:00:00
ATE 0522,Speed,2025-11,Live,45.0,2026-08-14 04:00:00
ATE 0522,Speed,2025-12,Live,36.0,2026-08-14 04:00:00
ATE 0522,Speed,2026-01,Live,28.0,2026-08-14 04:00:00
ATE 0522,Speed,2026-02,Live,17.0,2026-08-14 04:00:00
ATE 0522,Speed,2026-03,Live,50.0,2026-08-14 04:00:00
ATE 0522,Speed,2026-04,Live,36.0,2026-08-14 04:00:00
ATE 0522,Speed,2026-05,Live,43.0,2026-08-14 04:00:00
ATE 0522,Speed,2026-06,Live,13.0,2026-08-14 04:00:00
ATE 0522,Speed,2026-07,Live,30.0,2026-08-14 04:00:00
ATE 0522,Speed,2026-08,Live,18.0,2026-08-14 04:00:00
ATE 0523,Speed,2024-12,Live,769.0,2026-09-10 04:00:00
ATE 0523,Speed,2025-01,Live,569.0,2026-09-10 04:00:00
ATE 0523,Speed,2025-02,Live,563.0,2026-09-10 04:00:00
ATE 0523,Speed,2025-03,Live,703.0,2026-09-10 04:00:00
ATE 0523,Speed,2025-04,Live,631.0,2026-09-10 04:00:00
ATE 0523,Speed,2025-05,Live,624.0,2026-09-10 04:00:00
ATE 0523,Speed,2025-06,Live,602.0,2026-09-10 04:00:00
ATE 0523,Speed,2025-07,Live,655.0,2026-09-10 04:00:00
ATE 0523,Speed,2025-08,Live,547.0,2026-09-10 04:00:00
ATE 0523,Speed,2025-09,Live,469.0,2026-09-10 04:00:00
ATE 0523,Speed,2025-10,Live,417.0,2026-09-10 04:00:00
ATE 0523,Speed,2025-11,Live,446.0,2026-09-10 04:00:00
ATE 0523,Speed,2025-12,Live,453.0,2026-09-10 04:00:00
ATE 0523,Speed,2026-01,Live,392.0,2026-09-10 04:00:00
ATE 0523,Speed,2026-02,Live,327.0,2026-09-10 04:00:00
ATE 0523,Speed,2026-03,Live,590.0,2026-09-10 04:00:00
ATE 0523,Speed,2026-04,Live,544.0,2026-09-10 04:00:00
ATE 0523,Speed,2026-05,Live,460.0,2026-09-10 04:00:00
ATE 0523,Speed,2026-06,Live,327.0,2026-09-10 04:00:00
ATE 0523,Speed,2026-07,Live,349.0,2026-09-10 04:00:00
ATE 0523,Speed,2026-08,Live,399.0,2026-09-10 04:00:00
ATE 0523,Speed,2026-09,Live,147.0,2026-09-10 04:00:00
ATE 0524,Speed,2024-12,Live,289.0,2026-09-10 04:00:00
ATE 0524,Speed,2025-01,Live,263.0,2026-09-10 04:00:00
ATE 0524,Speed,2025-02,Live,197.0,2026-09-10 04:00:00
ATE 0524,Speed,2025-03,Live,1656.0,2026-09-10 04:00:00
ATE 0524,Speed,2025-04,Live,2055.0,2026-09-10 04:00:00
ATE 0524,Speed,2025-05,Live,1689.0,2026-09-10 04:00:00
ATE 0524,Speed,2025-06,Live,1559.0,2026-09-10 04:00:00
ATE 0524,Speed,2025-07,Live,1632.0,2026-09-10 04:00:00
ATE 0524,Speed,2025-08,Live,1375.0,2026-09-10 04:00:00
ATE 0524,Speed,2025-09,Live,1193.0,2026-09-10 04:00:00
ATE 0524,Speed,2025-10,Live,1360.0,2026-09-10 04:00:00
ATE 0524,Speed,2025-11,Live,1251.0,2026-09-10 04:00:00
ATE 0524,Speed,2025-12,Live,1258.0,2026-09-10 04:00:00
ATE 0524,Speed,2026-01,Live,867.0,2026-09-10 04:00:00
ATE 0524,Speed,2026-02,Live,864.0,2026-09-10 04:00:00
ATE 0524,Speed,2026-03,Live,1232.0,2026-09-10 04:00:00
ATE 0524,Speed,2026-04,Live,1301.0,2026-09-10 04:00:00
ATE 0524,Speed,2026-05,Live,1171.0,2026-09-10 04:00:00
ATE 0524,Speed,2026-06,Live,948.0,2026-09-10 04:00:00
ATE 0524,Speed,2026-07,Live,1017.0,2026-09-10 04:00:00
ATE 0524,Speed,2026-08,Live,1042.0,2026-09-10 04:00:00
ATE 0524,Speed,2026-09,Live,405.0,2026-09-10 04:00:00
ATE 0525,Speed,2024-12,Live,850.0,2026-09-09 04:00:00
ATE 0525,Speed,2025-01,Live,675.0,2026-09-09 04:00:00
ATE 0525,Speed,2025-02,Live,623.0,2026-09-09 04:00:00
ATE 0525,Speed,2025-03,Live,705.0,2026-09-09 04:00:00
ATE 0525,Speed,2025-04,Live,575.0,2026-09-09 04:00:00
ATE 0525,Speed,2025-05,Live,544.0,2026-09-09 04:00:00
ATE 0525,Speed,2025-06,Live,350.0,2026-09-09 04:00:00
ATE 0525,Speed,2025-07,Live,540.0,2026-09-09 04:00:00
ATE 0525,Speed,2025-08,Live,359.0,2026-09-09 04:00:00
ATE 0525,Speed,2025-09,Live,364.0,2026-09-09 04:00:00
ATE 0525,Speed,2025-10,Live,345.0,2026-09-09 04:00:00
ATE 0525,Speed,2025-11,Live,439.0,2026-09-09 04:00:00
ATE 0525,Speed,2025-12,Live,413.0,2026-09-09 04:00:00
ATE 0525,Speed,2026-01,Live,321.0,2026-09-09 04:00:00
ATE 0525,Speed,2026-02,Live,341.0,2026-09-09 04:00:00
ATE 0525,Speed,2026-03,Live,400.0,2026-09-09 04:00:00
ATE 0525,Speed,2026-04,Live,403.0,2026-09-09 04:00:00
ATE 0525,Speed,2026-05,Live,377.0,2026-09-09 04:00:00
ATE 0525,Speed,2026-06,Live,243.0,2026-09-09 04:00:00
ATE 0525,Speed,2026-07,Live,224.0,2026-09-09 04:00:00
ATE 0525,Speed,2026-08,Live,275.0,2026-09-09 04:00:00
ATE 0525,Speed,2026-09,Live,104.0,2026-09-09 04:00:00
ATE 0526,Speed,2024-12,Live,1317.0,2026-09-10 04:00:00
ATE 0526,Speed,2025-01,Live,1155.0,2026-09-10 04:00:00
ATE 0526,Speed,2025-02,Live,955.0,2026-09-10 04:00:00
ATE 0526,Speed,2025-03,Live,898.0,2026-09-10 04:00:00
ATE 0526,Speed,2025-04,Live,890.0,2026-09-10 04:00:00
ATE 0526,Speed,2025-05,Live,855.0,2026-09-10 04:00:00
ATE 0526,Speed,2025-06,Live,794.0,2026-09-10 04:00:00
ATE 0526,Speed,2025-07,Live,281.0,2026-09-10 04:00:00
ATE 0526,Speed,2025-08,Live,547.0,2026-09-10 04:00:00
ATE 0526,Speed,2025-09,Live,486.0,2026-09-10 04:00:00
ATE 0526,Speed,2025-10,Live,498.0,2026-09-10 04:00:00
ATE 0526,Speed,2025-11,Live,492.0,2026-09-10 04:00:00
ATE 0526,Speed,2025-12,Live,523.0,2026-09-10 04:00:00
ATE 0526,Speed,2026-01,Live,381.0,2026-09-10 04:00:00
ATE 0526,Speed,2026-02,Live,276.0,2026-09-10 04:00:00
ATE 0526,Speed,2026-03,Live,482.0,2026-09-10 04:00:00
ATE 0526,Speed,2026-04,Live,596.0,2026-09-10 04:00:00
ATE 0526,Speed,2026-05,Live,479.0,2026-09-10 04:00:00
ATE 0526,Speed,2026-06,Live,374.0,2026-09-10 04:00:00
ATE 0526,Speed,2026-07,Live,372.0,2026-09-10 04:00:00
ATE 0526,Speed,2026-08,Live,375.0,2026-09-10 04:00:00
ATE 0526,Speed,2026-09,Live,146.0,2026-09-10 04:00:00
ATE 0527,Speed,2024-12,Live,183.0,2026-09-01 04:00:00
ATE 0527,Speed,2025-01,Live,161.0,2026-09-01 04:00:00
ATE 0527,Speed,2025-02,Live,83.0,2026-09-01 04:00:00
ATE 0527,Speed,2025-03,Live,114.0,2026-09-01 04:00:00
ATE 0527,Speed,2025-04,Live,84.0,2026-09-01 04:00:00
ATE 0527,Speed,2025-07,Live,34.0,2026-09-01 04:00:00
ATE 0527,Speed,2025-08,Live,103.0,2026-09-01 04:00:00
ATE 0527,Speed,2025-09,Live,141.0,2026-09-01 04:00:00
ATE 0527,Speed,2025-10,Live,149.0,2026-09-01 04:00:00
ATE 0527,Speed,2025-11,Live,213.0,2026-09-01 04:00:00
ATE 0527,Speed,2025-12,Live,200.0,2026-09-01 04:00:00
ATE 0527,Speed,2026-01,Live,128.0,2026-09-01 04:00:00
ATE 0527,Speed,2026-02,Live,102.0,2026-09-01 04:00:00
ATE 0527,Speed,2026-03,Live,185.0,2026-09-01 04:00:00
ATE 0527,Speed,2026-04,Live,175.0,2026-09-01 04:00:00
ATE 0527,Speed,2026-05,Live,121.0,2026-09-01 04:00:00
ATE 0527,Speed,2026-06,Live,117.0,2026-09-01 04:00:00
ATE 0527,Speed,2026-07,Live,108.0,2026-09-01 04:00:00
ATE 0527,Speed,2026-08,Live,88.0,2026-09-01 04:00:00
ATE 0527,Speed,2026-09,Live,1.0,2026-09-01 04:00:00
ATE 0528,Speed,2024-12,Live,712.0,2026-09-10 04:00:00
ATE 0528,Speed,2025-01,Live,595.0,2026-09-10 04:00:00
ATE 0528,Speed,2025-02,Live,582.0,2026-09-10 04:00:00
ATE 0528,Speed,2025-03,Live,802.0,2026-09-10 04:00:00
ATE 0528,Speed,2025-04,Live,701.0,2026-09-10 04:00:00
ATE 0528,Speed,2025-05,Live,558.0,2026-09-10 04:00:00
ATE 0528,Speed,2025-06,Live,626.0,2026-09-10 04:00:00
ATE 0528,Speed,2025-07,Live,665.0,2026-09-10 04:00:00
ATE 0528,Speed,2025-08,Live,440.0,2026-09-10 04:00:00
ATE 0528,Speed,2025-09,Live,382.0,2026-09-10 04:00:00
ATE 0528,Speed,2025-10,Live,393.0,2026-09-10 04:00:00
ATE 0528,Speed,2025-11,Live,391.0,2026-09-10 04:00:00
ATE 0528,Speed,2025-12,Live,524.0,2026-09-10 04:00:00
ATE 0528,Speed,2026-01,Live,425.0,2026-09-10 04:00:00
ATE 0528,Speed,2026-02,Live,357.0,2026-09-10 04:00:00
ATE 0528,Speed,2026-03,Live,738.0,2026-09-10 04:00:00
ATE 0528,Speed,2026-04,Live,764.0,2026-09-10 04:00:00
ATE 0528,Speed,2026-05,Live,710.0,2026-09-10 04:00:00
ATE 0528,Speed,2026-06,Live,527.0,2026-09-10 04:00:00
ATE 0528,Speed,2026-07,Live,644.0,2026-09-10 04:00:00
ATE 0528,Speed,2026-08,Live,594.0,2026-09-10 04:00:00
ATE 0528,Speed,2026-09,Live,211.0,2026-09-10 04:00:00
ATE 0529,Speed,2024-12,Live,567.0,2026-06-29 04:00:00
ATE 0529,Speed,2025-01,Live,400.0,2026-06-29 04:00:00
ATE 0529,Speed,2025-02,Live,432.0,2026-06-29 04:00:00
ATE 0529,Speed,2025-03,Live,484.0,2026-06-29 04:00:00
ATE 0529,Speed,2025-04,Live,245.0,2026-06-29 04:00:00
ATE 0529,Speed,2025-05,Live,213.0,2026-06-29 04:00:00
ATE 0529,Speed,2025-06,Live,120.0,2026-06-29 04:00:00
ATE 0529,Speed,2025-07,Live,94.0,2026-06-29 04:00:00
ATE 0529,Speed,2025-08,Live,79.0,2026-06-29 04:00:00
ATE 0529,Speed,2025-09,Live,56.0,2026-06-29 04:00:00
ATE 0529,Speed,2025-10,Live,54.0,2026-06-29 04:00:00
ATE 0529,Speed,2025-11,Live,50.0,2026-06-29 04:00:00
ATE 0529,Speed,2025-12,Live,52.0,2026-06-29 04:00:00
ATE 0529,Speed,2026-01,Live,41.0,2026-06-29 04:00:00
ATE 0529,Speed,2026-02,Live,61.0,2026-06-29 04:00:00
ATE 0529,Speed,2026-03,Live,201.0,2026-06-29 04:00:00
ATE 0529,Speed,2026-04,Live,143.0,2026-06-29 04:00:00
ATE 0529,Speed,2026-05,Live,148.0,2026-06-29 04:00:00
ATE 0529,Speed,2026-06,Live,147.0,2026-06-29 04:00:00
ATE 0530,Speed,2024-12,Live,419.0,2026-09-10 04:00:00
ATE 0530,Speed,2025-01,Live,345.0,2026-09-10 04:00:00
ATE 0530,Speed,2025-02,Live,326.0,2026-09-10 04:00:00
ATE 0530,Speed,2025-03,Live,403.0,2026-09-10 04:00:00
ATE 0530,Speed,2025-04,Live,355.0,2026-09-10 04:00:00
ATE 0530,Speed,2025-05,Live,289.0,2026-09-10 04:00:00
ATE 0530,Speed,2025-06,Live,317.0,2026-09-10 04:00:00
ATE 0530,Speed,2025-07,Live,159.0,2026-09-10 04:00:00
ATE 0530,Speed,2025-08,Live,130.0,2026-09-10 04:00:00
ATE 0530,Speed,2025-09,Live,222.0,2026-09-10 04:00:00
ATE 0530,Speed,2025-10,Live,196.0,2026-09-10 04:00:00
ATE 0530,Speed,2025-11,Live,181.0,2026-09-10 04:00:00
ATE 0530,Speed,2025-12,Live,154.0,2026-09-10 04:00:00
ATE 0530,Speed,2026-01,Live,80.0,2026-09-10 04:00:00
ATE 0530,Speed,2026-02,Live,74.0,2026-09-10 04:00:00
ATE 0530,Speed,2026-03,Live,79.0,2026-09-10 04:00:00
ATE 0530,Speed,2026-04,Live,47.0,2026-09-10 04:00:00
ATE 0530,Speed,2026-05,Live,78.0,2026-09-10 04:00:00
ATE 0530,Speed,2026-06,Live,164.0,2026-09-10 04:00:00
ATE 0530,Speed,2026-07,Live,180.0,2026-09-10 04:00:00
ATE 0530,Speed,2026-08,Live,231.0,2026-09-10 04:00:00
ATE 0530,Speed,2026-09,Live,80.0,2026-09-10 04:00:00
ATE 0531,Speed,2024-12,Live,125.0,2026-09-09 04:00:00
ATE 0531,Speed,2025-01,Live,84.0,2026-09-09 04:00:00
ATE 0531,Speed,2025-02,Live,75.0,2026-09-09 04:00:00
ATE 0531,Speed,2025-03,Live,181.0,2026-09-09 04:00:00
ATE 0531,Speed,2025-04,Live,200.0,2026-09-09 04:00:00
ATE 0531,Speed,2025-05,Live,220.0,2026-09-09 04:00:00
ATE 0531,Speed,2025-06,Live,228.0,2026-09-09 04:00:00
ATE 0531,Speed,2025-07,Live,158.0,2026-09-09 04:00:00
ATE 0531,Speed,2025-08,Live,138.0,2026-09-09 04:00:00
ATE 0531,Speed,2025-09,Live,157.0,2026-09-09 04:00:00
ATE 0531,Speed,2025-10,Live,80.0,2026-09-09 04:00:00
ATE 0531,Speed,2025-11,Live,181.0,2026-09-09 04:00:00
ATE 0531,Speed,2025-12,Live,205.0,2026-09-09 04:00:00
ATE 0531,Speed,2026-01,Live,163.0,2026-09-09 04:00:00
ATE 0531,Speed,2026-02,Live,156.0,2026-09-09 04:00:00
ATE 0531,Speed,2026-03,Live,139.0,2026-09-09 04:00:00
ATE 0531,Speed,2026-04,Live,156.0,2026-09-09 04:00:00
ATE 0531,Speed,2026-05,Live,142.0,2026-09-09 04:00:00
ATE 0531,Speed,2026-06,Live,113.0,2026-09-09 04:00:00
ATE 0531,Speed,2026-07,Live,85.0,2026-09-09 04:00:00
ATE 0531,Speed,2026-08,Live,88.0,2026-09-09 04:00:00
ATE 0531,Speed,2026-09,Live,52.0,2026-09-09 04:00:00
ATE 0532,Speed,2024-12,Live,519.0,2026-09-10 04:00:00
ATE 0532,Speed,2025-01,Live,427.0,2026-09-10 04:00:00
ATE 0532,Speed,2025-02,Live,319.0,2026-09-10 04:00:00
ATE 0532,Speed,2025-03,Live,983.0,2026-09-10 04:00:00
ATE 0532,Speed,2025-04,Live,2311.0,2026-09-10 04:00:00
ATE 0532,Speed,2025-05,Live,2466.0,2026-09-10 04:00:00
ATE 0532,Speed,2025-06,Live,1781.0,2026-09-10 04:00:00
ATE 0532,Speed,2025-07,Live,1820.0,2026-09-10 04:00:00
ATE 0532,Speed,2025-08,Live,1723.0,2026-09-10 04:00:00
ATE 0532,Speed,2025-09,Live,1048.0,2026-09-10 04:00:00
ATE 0532,Speed,2025-10,Live,588.0,2026-09-10 04:00:00
ATE 0532,Speed,2025-11,Live,352.0,2026-09-10 04:00:00
ATE 0532,Speed,2025-12,Live,435.0,2026-09-10 04:00:00
ATE 0532,Speed,2026-01,Live,365.0,2026-09-10 04:00:00
ATE 0532,Speed,2026-02,Live,86.0,2026-09-10 04:00:00
ATE 0532,Speed,2026-03,Live,320.0,2026-09-10 04:00:00
ATE 0532,Speed,2026-04,Live,364.0,2026-09-10 04:00:00
ATE 0532,Speed,2026-05,Live,1506.0,2026-09-10 04:00:00
ATE 0532,Speed,2026-06,Live,1075.0,2026-09-10 04:00:00
ATE 0532,Speed,2026-07,Live,1177.0,2026-09-10 04:00:00
ATE 0532,Speed,2026-08,Live,1141.0,2026-09-10 04:00:00
ATE 0532,Speed,2026-09,Live,408.0,2026-09-10 04:00:00
ATE 0533,Speed,2024-12,Live,51.0,2025-12-20 05:00:00
ATE 0533,Speed,2025-01,Live,31.0,2025-12-20 05:00:00
ATE 0533,Speed,2025-02,Live,45.0,2025-12-20 05:00:00
ATE 0533,Speed,2025-03,Live,47.0,2025-12-20 05:00:00
ATE 0533,Speed,2025-04,Live,27.0,2025-12-20 05:00:00
ATE 0533,Speed,2025-05,Live,20.0,2025-12-20 05:00:00
ATE 0533,Speed,2025-06,Live,24.0,2025-12-20 05:00:00
ATE 0533,Speed,2025-07,Live,20.0,2025-12-20 05:00:00
ATE 0533,Speed,2025-08,Live,24.0,2025-12-20 05:00:00
ATE 0533,Speed,2025-09,Live,11.0,2025-12-20 05:00:00
ATE 0533,Speed,2025-10,Live,20.0,2025-12-20 05:00:00
ATE 0533,Speed,2025-11,Live,23.0,2025-12-20 05:00:00
ATE 0533,Speed,2025-12,Live,15.0,2025-12-20 05:00:00
ATE 0533,Speed,2025-12,Idle,6.0,2026-01-31 05:00:00
ATE 0533,Speed,2026-01,Idle,11.0,2026-01-31 05:00:00
ATE 0534,Speed,2024-12,Live,115.0,2025-12-10 05:00:00
ATE 0534,Speed,2025-01,Live,86.0,2025-12-10 05:00:00
ATE 0534,Speed,2025-02,Live,62.0,2025-12-10 05:00:00
ATE 0534,Speed,2025-03,Live,92.0,2025-12-10 05:00:00
ATE 0534,Speed,2025-04,Live,85.0,2025-12-10 05:00:00
ATE 0534,Speed,2025-05,Live,68.0,2025-12-10 05:00:00
ATE 0534,Speed,2025-06,Live,44.0,2025-12-10 05:00:00
ATE 0534,Speed,2025-07,Live,60.0,2025-12-10 05:00:00
ATE 0534,Speed,2025-08,Live,20.0,2025-12-10 05:00:00
ATE 0534,Speed,2025-09,Live,9.0,2025-12-10 05:00:00
ATE 0534,Speed,2025-10,Live,10.0,2025-12-10 05:00:00
ATE 0534,Speed,2025-11,Live,9.0,2025-12-10 05:00:00
ATE 0534,Speed,2025-12,Idle,2.0,2026-02-06 05:00:00
ATE 0534,Speed,2025-12,Live,2.0,2025-12-10 05:00:00
ATE 0534,Speed,2026-01,Idle,2.0,2026-02-06 05:00:00
ATE 0534,Speed,2026-02,Idle,3.0,2026-02-06 05:00:00
ATE 0536,Speed,2024-12,Live,1126.0,2026-09-09 04:00:00
ATE 0536,Speed,2025-01,Live,891.0,2026-09-09 04:00:00
ATE 0536,Speed,2025-02,Live,794.0,2026-09-09 04:00:00
ATE 0536,Speed,2025-03,Live,1009.0,2026-09-09 04:00:00
ATE 0536,Speed,2025-04,Live,958.0,2026-09-09 04:00:00
ATE 0536,Speed,2025-05,Live,911.0,2026-09-09 04:00:00
ATE 0536,Speed,2025-06,Live,920.0,2026-09-09 04:00:00
ATE 0536,Speed,2025-07,Live,917.0,2026-09-09 04:00:00
ATE 0536,Speed,2025-08,Live,706.0,2026-09-09 04:00:00
ATE 0536,Speed,2025-09,Live,537.0,2026-09-09 04:00:00
ATE 0536,Speed,2025-10,Live,594.0,2026-09-09 04:00:00
ATE 0536,Speed,2025-11,Live,407.0,2026-09-09 04:00:00
ATE 0536,Speed,2025-12,Live,604.0,2026-09-09 04:00:00
ATE 0536,Speed,2026-01,Live,471.0,2026-09-09 04:00:00
ATE 0536,Speed,2026-02,Live,418.0,2026-09-09 04:00:00
ATE 0536,Speed,2026-03,Live,526.0,2026-09-09 04:00:00
ATE 0536,Speed,2026-04,Live,503.0,2026-09-09 04:00:00
ATE 0536,Speed,2026-05,Live,393.0,2026-09-09 04:00:00
ATE 0536,Speed,2026-06,Live,376.0,2026-09-09 04:00:00
ATE 0536,Speed,2026-07,Live,348.0,2026-09-09 04:00:00
ATE 0536,Speed,2026-08,Live,452.0,2026-09-09 04:00:00
ATE 0536,Speed,2026-09,Live,123.0,2026-09-09 04:00:00
ATE 0537,Speed,2024-12,Live,162.0,2026-04-01 04:00:00
ATE 0537,Speed,2025-01,Live,126.0,2026-04-01 04:00:00
ATE 0537,Speed,2025-02,Live,106.0,2026-04-01 04:00:00
ATE 0537,Speed,2025-03,Live,93.0,2026-04-01 04:00:00
ATE 0537,Speed,2025-04,Live,133.0,2026-04-01 04:00:00
ATE 0537,Speed,2025-05,Live,123.0,2026-04-01 04:00:00
ATE 0537,Speed,2025-06,Live,103.0,2026-04-01 04:00:00
ATE 0537,Speed,2025-07,Live,150.0,2026-04-01 04:00:00
ATE 0537,Speed,2025-08,Live,72.0,2026-04-01 04:00:00
ATE 0537,Speed,2025-09,Live,61.0,2026-04-01 04:00:00
ATE 0537,Speed,2025-10,Live,58.0,2026-04-01 04:00:00
ATE 0537,Speed,2025-11,Live,52.0,2026-04-01 04:00:00
ATE 0537,Speed,2025-12,Live,63.0,2026-04-01 04:00:00
ATE 0537,Speed,2026-01,Live,51.0,2026-04-01 04:00:00
ATE 0537,Speed,2026-02,Live,50.0,2026-04-01 04:00:00
ATE 0537,Speed,2026-03,Live,143.0,2026-04-01 04:00:00
ATE 0537,Speed,2026-04,Live,4.0,2026-04-01 04:00:00
ATE 0538,Speed,2024-12,Live,651.0,2026-09-10 04:00:00
ATE 0538,Speed,2025-01,Live,469.0,2026-09-10 04:00:00
ATE 0538,Speed,2025-02,Live,456.0,2026-09-10 04:00:00
ATE 0538,Speed,2025-03,Live,558.0,2026-09-10 04:00:00
ATE 0538,Speed,2025-04,Live,668.0,2026-09-10 04:00:00
ATE 0538,Speed,2025-05,Live,572.0,2026-09-10 04:00:00
ATE 0538,Speed,2025-06,Live,560.0,2026-09-10 04:00:00
ATE 0538,Speed,2025-07,Live,619.0,2026-09-10 04:00:00
ATE 0538,Speed,2025-08,Live,394.0,2026-09-10 04:00:00
ATE 0538,Speed,2025-09,Live,404.0,2026-09-10 04:00:00
ATE 0538,Speed,2025-10,Live,314.0,2026-09-10 04:00:00
ATE 0538,Speed,2025-11,Live,295.0,2026-09-10 04:00:00
ATE 0538,Speed,2025-12,Live,204.0,2026-09-10 04:00:00
ATE 0538,Speed,2026-01,Live,152.0,2026-09-10 04:00:00
ATE 0538,Speed,2026-02,Live,176.0,2026-09-10 04:00:00
ATE 0538,Speed,2026-03,Live,337.0,2026-09-10 04:00:00
ATE 0538,Speed,2026-04,Live,366.0,2026-09-10 04:00:00
ATE 0538,Speed,2026-05,Live,290.0,2026-09-10 04:00:00
ATE 0538,Speed,2026-06,Live,204.0,2026-09-10 04:00:00
ATE 0538,Speed,2026-07,Live,265.0,2026-09-10 04:00:00
ATE 0538,Speed,2026-08,Live,297.0,2026-09-10 04:00:00
ATE 0538,Speed,2026-09,Live,88.0,2026-09-10 04:00:00
ATE 0539,Speed,2024-12,Live,528.0,2026-09-09 04:00:00
ATE 0539,Speed,2025-01,Live,438.0,2026-09-09 04:00:00
ATE 0539,Speed,2025-02,Live,371.0,2026-09-09 04:00:00
ATE 0539,Speed,2025-03,Live,445.0,2026-09-09 04:00:00
ATE 0539,Speed,2025-04,Live,469.0,2026-09-09 04:00:00
ATE 0539,Speed,2025-05,Live,438.0,2026-09-09 04:00:00
ATE 0539,Speed,2025-06,Live,395.0,2026-09-09 04:00:00
ATE 0539,Speed,2025-07,Live,379.0,2026-09-09 04:00:00
ATE 0539,Speed,2025-08,Live,312.0,2026-09-09 04:00:00
ATE 0539,Speed,2025-09,Live,244.0,2026-09-09 04:00:00
ATE 0539,Speed,2025-10,Live,237.0,2026-09-09 04:00:00
ATE 0539,Speed,2025-11,Live,219.0,2026-09-09 04:00:00
ATE 0539,Speed,2025-12,Live,210.0,2026-09-09 04:00:00
ATE 0539,Speed,2026-01,Live,139.0,2026-09-09 04:00:00
ATE 0539,Speed,2026-02,Live,156.0,2026-09-09 04:00:00
ATE 0539,Speed,2026-03,Live,216.0,2026-09-09 04:00:00
ATE 0539,Speed,2026-04,Live,207.0,2026-09-09 04:00:00
ATE 0539,Speed,2026-05,Live,186.0,2026-09-09 04:00:00
ATE 0539,Speed,2026-06,Live,131.0,2026-09-09 04:00:00
ATE 0539,Speed,2026-07,Live,143.0,2026-09-09 04:00:00
ATE 0539,Speed,2026-08,Live,180.0,2026-09-09 04:00:00
ATE 0539,Speed,2026-09,Live,51.0,2026-09-09 04:00:00
ATE 0541,Speed,2024-12,Live,461.0,2026-08-19 04:00:00
ATE 0541,Speed,2025-01,Live,362.0,2026-08-19 04:00:00
ATE 0541,Speed,2025-02,Live,328.0,2026-08-19 04:00:00
ATE 0541,Speed,2025-03,Live,316.0,2026-08-19 04:00:00
ATE 0541,Speed,2025-04,Live,360.0,2026-08-19 04:00:00
ATE 0541,Speed,2025-05,Live,337.0,2026-08-19 04:00:00
ATE 0541,Speed,2025-06,Live,280.0,2026-08-19 04:00:00
ATE 0541,Speed,2025-07,Live,196.0,2026-08-19 04:00:00
ATE 0541,Speed,2025-08,Live,166.0,2026-08-19 04:00:00
ATE 0541,Speed,2025-09,Live,132.0,2026-08-19 04:00:00
ATE 0541,Speed,2025-10,Live,122.0,2026-08-19 04:00:00
ATE 0541,Speed,2025-11,Live,160.0,2026-08-19 04:00:00
ATE 0541,Speed,2025-12,Live,132.0,2026-08-19 04:00:00
ATE 0541,Speed,2026-01,Live,91.0,2026-08-19 04:00:00
ATE 0541,Speed,2026-02,Live,74.0,2026-08-19 04:00:00
ATE 0541,Speed,2026-03,Live,130.0,2026-08-19 04:00:00
ATE 0541,Speed,2026-04,Live,47.0,2026-08-19 04:00:00
ATE 0541,Speed,2026-05,Live,14.0,2026-08-19 04:00:00
ATE 0541,Speed,2026-06,Live,123.0,2026-08-19 04:00:00
ATE 0541,Speed,2026-07,Live,119.0,2026-08-19 04:00:00
ATE 0541,Speed,2026-08,Live,58.0,2026-08-19 04:00:00
ATE 0542,Speed,2024-12,Live,161.0,2026-09-08 04:00:00
ATE 0542,Speed,2025-01,Live,142.0,2026-09-08 04:00:00
ATE 0542,Speed,2025-02,Live,196.0,2026-09-08 04:00:00
ATE 0542,Speed,2025-03,Live,189.0,2026-09-08 04:00:00
ATE 0542,Speed,2025-04,Live,154.0,2026-09-08 04:00:00
ATE 0542,Speed,2025-05,Live,184.0,2026-09-08 04:00:00
ATE 0542,Speed,2025-06,Live,93.0,2026-09-08 04:00:00
ATE 0542,Speed,2025-07,Live,185.0,2026-09-08 04:00:00
ATE 0542,Speed,2025-08,Live,173.0,2026-09-08 04:00:00
ATE 0542,Speed,2025-09,Live,143.0,2026-09-08 04:00:00
ATE 0542,Speed,2025-10,Live,139.0,2026-09-08 04:00:00
ATE 0542,Speed,2025-11,Live,105.0,2026-09-08 04:00:00
ATE 0542,Speed,2025-12,Live,124.0,2026-09-08 04:00:00
ATE 0542,Speed,2026-01,Live,95.0,2026-09-08 04:00:00
ATE 0542,Speed,2026-02,Live,96.0,2026-09-08 04:00:00
ATE 0542,Speed,2026-03,Live,129.0,2026-09-08 04:00:00
ATE 0542,Speed,2026-04,Live,116.0,2026-09-08 04:00:00
ATE 0542,Speed,2026-05,Live,110.0,2026-09-08 04:00:00
ATE 0542,Speed,2026-06,Live,106.0,2026-09-08 04:00:00
ATE 0542,Speed,2026-07,Live,86.0,2026-09-08 04:00:00
ATE 0542,Speed,2026-08,Live,105.0,2026-09-08 04:00:00
ATE 0542,Speed,2026-09,Live,37.0,2026-09-08 04:00:00
ATE 0543,Speed,2024-12,Live,85.0,2026-06-07 04:00:00
ATE 0543,Speed,2025-01,Live,119.0,2026-06-07 04:00:00
ATE 0543,Speed,2025-02,Live,110.0,2026-06-07 04:00:00
ATE 0543,Speed,2025-03,Live,44.0,2026-06-07 04:00:00
ATE 0543,Speed,2025-04,Live,31.0,2026-06-07 04:00:00
ATE 0543,Speed,2025-05,Live,73.0,2026-06-07 04:00:00
ATE 0543,Speed,2025-06,Live,52.0,2026-06-07 04:00:00
ATE 0543,Speed,2025-07,Live,51.0,2026-06-07 04:00:00
ATE 0543,Speed,2025-08,Live,83.0,2026-06-07 04:00:00
ATE 0543,Speed,2025-09,Live,36.0,2026-06-07 04:00:00
ATE 0543,Speed,2025-10,Live,31.0,2026-06-07 04:00:00
ATE 0543,Speed,2025-11,Live,58.0,2026-06-07 04:00:00
ATE 0543,Speed,2025-12,Live,91.0,2026-06-07 04:00:00
ATE 0543,Speed,2026-01,Live,63.0,2026-06-07 04:00:00
ATE 0543,Speed,2026-02,Live,76.0,2026-06-07 04:00:00
ATE 0543,Speed,2026-03,Live,178.0,2026-06-07 04:00:00
ATE 0543,Speed,2026-04,Live,249.0,2026-06-07 04:00:00
ATE 0543,Speed,2026-05,Live,219.0,2026-06-07 04:00:00
ATE 0543,Speed,2026-06,Live,44.0,2026-06-07 04:00:00
ATE 0544,Speed,2024-12,Live,85.0,2026-02-07 05:00:00
ATE 0544,Speed,2025-01,Live,56.0,2026-02-07 05:00:00
ATE 0544,Speed,2025-02,Live,67.0,2026-02-07 05:00:00
ATE 0544,Speed,2025-03,Live,72.0,2026-02-07 05:00:00
ATE 0544,Speed,2025-04,Live,61.0,2026-02-07 05:00:00
ATE 0544,Speed,2025-05,Live,63.0,2026-02-07 05:00:00
ATE 0544,Speed,2025-06,Live,69.0,2026-02-07 05:00:00
ATE 0544,Speed,2025-07,Live,64.0,2026-02-07 05:00:00
ATE 0544,Speed,2025-08,Live,54.0,2026-02-07 05:00:00
ATE 0544,Speed,2025-09,Live,38.0,2026-02-07 05:00:00
ATE 0544,Speed,2025-10,Live,53.0,2026-02-07 05:00:00
ATE 0544,Speed,2025-11,Live,43.0,2026-02-07 05:00:00
ATE 0544,Speed,2025-12,Live,51.0,2026-02-07 05:00:00
ATE 0544,Speed,2026-01,Live,47.0,2026-02-07 05:00:00
ATE 0544,Speed,2026-02,Live,4.0,2026-02-07 05:00:00
ATE 0545,Speed,2024-12,Live,1440.0,2026-09-10 04:00:00
ATE 0545,Speed,2025-01,Live,948.0,2026-09-10 04:00:00
ATE 0545,Speed,2025-02,Live,1126.0,2026-09-10 04:00:00
ATE 0545,Speed,2025-03,Live,1584.0,2026-09-10 04:00:00
ATE 0545,Speed,2025-04,Live,1441.0,2026-09-10 04:00:00
ATE 0545,Speed,2025-05,Live,1925.0,2026-09-10 04:00:00
ATE 0545,Speed,2025-06,Live,1928.0,2026-09-10 04:00:00
ATE 0545,Speed,2025-07,Live,2110.0,2026-09-10 04:00:00
ATE 0545,Speed,2025-08,Live,1735.0,2026-09-10 04:00:00
ATE 0545,Speed,2025-09,Live,1316.0,2026-09-10 04:00:00
ATE 0545,Speed,2025-10,Live,1363.0,2026-09-10 04:00:00
ATE 0545,Speed,2025-11,Live,1140.0,2026-09-10 04:00:00
ATE 0545,Speed,2025-12,Live,1067.0,2026-09-10 04:00:00
ATE 0545,Speed,2026-01,Live,759.0,2026-09-10 04:00:00
ATE 0545,Speed,2026-02,Live,565.0,2026-09-10 04:00:00
ATE 0545,Speed,2026-03,Live,1380.0,2026-09-10 04:00:00
ATE 0545,Speed,2026-04,Live,1680.0,2026-09-10 04:00:00
ATE 0545,Speed,2026-05,Live,1750.0,2026-09-10 04:00:00
ATE 0545,Speed,2026-06,Live,1327.0,2026-09-10 04:00:00
ATE 0545,Speed,2026-07,Live,1467.0,2026-09-10 04:00:00
ATE 0545,Speed,2026-08,Live,1614.0,2026-09-10 04:00:00
ATE 0545,Speed,2026-09,Live,444.0,2026-09-10 04:00:00
ATE 0547,Speed,2024-12,Live,355.0,2026-09-10 04:00:00
ATE 0547,Speed,2025-01,Live,262.0,2026-09-10 04:00:00
ATE 0547,Speed,2025-02,Live,188.0,2026-09-10 04:00:00
ATE 0547,Speed,2025-03,Live,312.0,2026-09-10 04:00:00
ATE 0547,Speed,2025-04,Live,328.0,2026-09-10 04:00:00
ATE 0547,Speed,2025-05,Live,338.0,2026-09-10 04:00:00
ATE 0547,Speed,2025-06,Live,291.0,2026-09-10 04:00:00
ATE 0547,Speed,2025-07,Live,250.0,2026-09-10 04:00:00
ATE 0547,Speed,2025-08,Live,226.0,2026-09-10 04:00:00
ATE 0547,Speed,2025-09,Live,207.0,2026-09-10 04:00:00
ATE 0547,Speed,2025-10,Live,271.0,2026-09-10 04:00:00
ATE 0547,Speed,2025-11,Live,259.0,2026-09-10 04:00:00
ATE 0547,Speed,2025-12,Live,175.0,2026-09-10 04:00:00
ATE 0547,Speed,2026-01,Live,150.0,2026-09-10 04:00:00
ATE 0547,Speed,2026-02,Live,74.0,2026-09-10 04:00:00
ATE 0547,Speed,2026-03,Live,163.0,2026-09-10 04:00:00
ATE 0547,Speed,2026-04,Live,177.0,2026-09-10 04:00:00
ATE 0547,Speed,2026-05,Live,201.0,2026-09-10 04:00:00
ATE 0547,Speed,2026-06,Live,166.0,2026-09-10 04:00:00
ATE 0547,Speed,2026-07,Live,230.0,2026-09-10 04:00:00
ATE 0547,Speed,2026-08,Live,244.0,2026-09-10 04:00:00
ATE 0547,Speed,2026-09,Live,92.0,2026-09-10 04:00:00
ATE 0548,Speed,2024-12,Live,764.0,2026-09-10 04:00:00
ATE 0548,Speed,2025-01,Live,423.0,2026-09-10 04:00:00
ATE 0548,Speed,2025-02,Live,442.0,2026-09-10 04:00:00
ATE 0548,Speed,2025-03,Live,466.0,2026-09-10 04:00:00
ATE 0548,Speed,2025-04,Live,392.0,2026-09-10 04:00:00
ATE 0548,Speed,2025-05,Live,336.0,2026-09-10 04:00:00
ATE 0548,Speed,2025-06,Live,444.0,2026-09-10 04:00:00
ATE 0548,Speed,2025-07,Live,498.0,2026-09-10 04:00:00
ATE 0548,Speed,2025-08,Live,464.0,2026-09-10 04:00:00
ATE 0548,Speed,2025-09,Live,349.0,2026-09-10 04:00:00
ATE 0548,Speed,2025-10,Live,344.0,2026-09-10 04:00:00
ATE 0548,Speed,2025-11,Live,351.0,2026-09-10 04:00:00
ATE 0548,Speed,2025-12,Live,321.0,2026-09-10 04:00:00
ATE 0548,Speed,2026-01,Live,239.0,2026-09-10 04:00:00
ATE 0548,Speed,2026-02,Live,138.0,2026-09-10 04:00:00
ATE 0548,Speed,2026-03,Live,248.0,2026-09-10 04:00:00
ATE 0548,Speed,2026-04,Live,323.0,2026-09-10 04:00:00
ATE 0548,Speed,2026-05,Live,311.0,2026-09-10 04:00:00
ATE 0548,Speed,2026-06,Live,228.0,2026-09-10 04:00:00
ATE 0548,Speed,2026-07,Live,265.0,2026-09-10 04:00:00
ATE 0548,Speed,2026-08,Live,269.0,2026-09-10 04:00:00
ATE 0548,Speed,2026-09,Live,94.0,2026-09-10 04:00:00
ATE 0549,Speed,2024-12,Live,770.0,2026-09-09 04:00:00
ATE 0549,Speed,2025-01,Live,591.0,2026-09-09 04:00:00
ATE 0549,Speed,2025-02,Live,638.0,2026-09-09 04:00:00
ATE 0549,Speed,2025-03,Live,942.0,2026-09-09 04:00:00
ATE 0549,Speed,2025-04,Live,979.0,2026-09-09 04:00:00
ATE 0549,Speed,2025-05,Live,1025.0,2026-09-09 04:00:00
ATE 0549,Speed,2025-06,Live,874.0,2026-09-09 04:00:00
ATE 0549,Speed,2025-07,Live,868.0,2026-09-09 04:00:00
ATE 0549,Speed,2025-08,Live,711.0,2026-09-09 04:00:00
ATE 0549,Speed,2025-09,Live,714.0,2026-09-09 04:00:00
ATE 0549,Speed,2025-10,Live,711.0,2026-09-09 04:00:00
ATE 0549,Speed,2025-11,Live,628.0,2026-09-09 04:00:00
ATE 0549,Speed,2025-12,Live,617.0,2026-09-09 04:00:00
ATE 0549,Speed,2026-01,Live,435.0,2026-09-09 04:00:00
ATE 0549,Speed,2026-02,Live,479.0,2026-09-09 04:00:00
ATE 0549,Speed,2026-03,Live,714.0,2026-09-09 04:00:00
ATE 0549,Speed,2026-04,Live,705.0,2026-09-09 04:00:00
ATE 0549,Speed,2026-05,Live,606.0,2026-09-09 04:00:00
ATE 0549,Speed,2026-06,Live,461.0,2026-09-09 04:00:00
ATE 0549,Speed,2026-07,Live,469.0,2026-09-09 04:00:00
ATE 0549,Speed,2026-08,Live,557.0,2026-09-09 04:00:00
ATE 0549,Speed,2026-09,Live,178.0,2026-09-09 04:00:00
ATE 0551,Speed,2024-12,Live,326.0,2026-09-09 04:00:00
ATE 0551,Speed,2025-01,Live,236.0,2026-09-09 04:00:00
ATE 0551,Speed,2025-02,Live,211.0,2026-09-09 04:00:00
ATE 0551,Speed,2025-03,Live,246.0,2026-09-09 04:00:00
ATE 0551,Speed,2025-04,Live,214.0,2026-09-09 04:00:00
ATE 0551,Speed,2025-05,Live,233.0,2026-09-09 04:00:00
ATE 0551,Speed,2025-06,Live,207.0,2026-09-09 04:00:00
ATE 0551,Speed,2025-07,Live,216.0,2026-09-09 04:00:00
ATE 0551,Speed,2025-08,Live,199.0,2026-09-09 04:00:00
ATE 0551,Speed,2025-09,Live,119.0,2026-09-09 04:00:00
ATE 0551,Speed,2025-10,Live,142.0,2026-09-09 04:00:00
ATE 0551,Speed,2025-11,Live,163.0,2026-09-09 04:00:00
ATE 0551,Speed,2025-12,Live,180.0,2026-09-09 04:00:00
ATE 0551,Speed,2026-01,Live,121.0,2026-09-09 04:00:00
ATE 0551,Speed,2026-02,Live,88.0,2026-09-09 04:00:00
ATE 0551,Speed,2026-03,Live,153.0,2026-09-09 04:00:00
ATE 0551,Speed,2026-04,Live,146.0,2026-09-09 04:00:00
ATE 0551,Speed,2026-05,Live,88.0,2026-09-09 04:00:00
ATE 0551,Speed,2026-06,Live,76.0,2026-09-09 04:00:00
ATE 0551,Speed,2026-07,Live,49.0,2026-09-09 04:00:00
ATE 0551,Speed,2026-08,Live,87.0,2026-09-09 04:00:00
ATE 0551,Speed,2026-09,Live,25.0,2026-09-09 04:00:00
ATE 0552,Speed,2024-12,Live,1100.0,2026-09-09 04:00:00
ATE 0552,Speed,2025-01,Live,844.0,2026-09-09 04:00:00
ATE 0552,Speed,2025-02,Live,802.0,2026-09-09 04:00:00
ATE 0552,Speed,2025-03,Live,1098.0,2026-09-09 04:00:00
ATE 0552,Speed,2025-04,Live,1048.0,2026-09-09 04:00:00
ATE 0552,Speed,2025-05,Live,1174.0,2026-09-09 04:00:00
ATE 0552,Speed,2025-06,Live,1005.0,2026-09-09 04:00:00
ATE 0552,Speed,2025-07,Live,941.0,2026-09-09 04:00:00
ATE 0552,Speed,2025-08,Live,928.0,2026-09-09 04:00:00
ATE 0552,Speed,2025-09,Live,795.0,2026-09-09 04:00:00
ATE 0552,Speed,2025-10,Live,772.0,2026-09-09 04:00:00
ATE 0552,Speed,2025-11,Live,698.0,2026-09-09 04:00:00
ATE 0552,Speed,2025-12,Live,667.0,2026-09-09 04:00:00
ATE 0552,Speed,2026-01,Live,457.0,2026-09-09 04:00:00
ATE 0552,Speed,2026-02,Live,453.0,2026-09-09 04:00:00
ATE 0552,Speed,2026-03,Live,578.0,2026-09-09 04:00:00
ATE 0552,Speed,2026-04,Live,182.0,2026-09-09 04:00:00
ATE 0552,Speed,2026-05,Live,458.0,2026-09-09 04:00:00
ATE 0552,Speed,2026-06,Live,381.0,2026-09-09 04:00:00
ATE 0552,Speed,2026-07,Live,349.0,2026-09-09 04:00:00
ATE 0552,Speed,2026-08,Live,390.0,2026-09-09 04:00:00
ATE 0552,Speed,2026-09,Live,141.0,2026-09-09 04:00:00
ATE 0553,Speed,2024-12,Live,800.0,2026-09-10 04:00:00
ATE 0553,Speed,2025-01,Live,737.0,2026-09-10 04:00:00
ATE 0553,Speed,2025-02,Live,727.0,2026-09-10 04:00:00
ATE 0553,Speed,2025-03,Live,692.0,2026-09-10 04:00:00
ATE 0553,Speed,2025-04,Live,683.0,2026-09-10 04:00:00
ATE 0553,Speed,2025-05,Live,665.0,2026-09-10 04:00:00
ATE 0553,Speed,2025-06,Live,619.0,2026-09-10 04:00:00
ATE 0553,Speed,2025-07,Live,697.0,2026-09-10 04:00:00
ATE 0553,Speed,2025-08,Live,548.0,2026-09-10 04:00:00
ATE 0553,Speed,2025-09,Live,454.0,2026-09-10 04:00:00
ATE 0553,Speed,2025-10,Live,457.0,2026-09-10 04:00:00
ATE 0553,Speed,2025-11,Live,407.0,2026-09-10 04:00:00
ATE 0553,Speed,2025-12,Live,435.0,2026-09-10 04:00:00
ATE 0553,Speed,2026-01,Live,354.0,2026-09-10 04:00:00
ATE 0553,Speed,2026-02,Live,281.0,2026-09-10 04:00:00
ATE 0553,Speed,2026-03,Live,407.0,2026-09-10 04:00:00
ATE 0553,Speed,2026-04,Live,373.0,2026-09-10 04:00:00
ATE 0553,Speed,2026-05,Live,446.0,2026-09-10 04:00:00
ATE 0553,Speed,2026-06,Live,332.0,2026-09-10 04:00:00
ATE 0553,Speed,2026-07,Live,339.0,2026-09-10 04:00:00
ATE 0553,Speed,2026-08,Live,375.0,2026-09-10 04:00:00
ATE 0553,Speed,2026-09,Live,111.0,2026-09-10 04:00:00
ATE 0554,Speed,2024-12,Live,2412.0,2026-09-10 04:00:00
ATE 0554,Speed,2025-01,Live,2012.0,2026-09-10 04:00:00
ATE 0554,Speed,2025-02,Live,1711.0,2026-09-10 04:00:00
ATE 0554,Speed,2025-03,Live,1419.0,2026-09-10 04:00:00
ATE 0554,Speed,2025-04,Live,1382.0,2026-09-10 04:00:00
ATE 0554,Speed,2025-05,Live,1989.0,2026-09-10 04:00:00
ATE 0554,Speed,2025-06,Live,2013.0,2026-09-10 04:00:00
ATE 0554,Speed,2025-07,Live,1716.0,2026-09-10 04:00:00
ATE 0554,Speed,2025-08,Live,1678.0,2026-09-10 04:00:00
ATE 0554,Speed,2025-09,Live,1498.0,2026-09-10 04:00:00
ATE 0554,Speed,2025-10,Live,1343.0,2026-09-10 04:00:00
ATE 0554,Speed,2025-11,Live,1219.0,2026-09-10 04:00:00
ATE 0554,Speed,2025-12,Live,1170.0,2026-09-10 04:00:00
ATE 0554,Speed,2026-01,Live,965.0,2026-09-10 04:00:00
ATE 0554,Speed,2026-02,Live,857.0,2026-09-10 04:00:00
ATE 0554,Speed,2026-03,Live,1093.0,2026-09-10 04:00:00
ATE 0554,Speed,2026-04,Live,1144.0,2026-09-10 04:00:00
ATE 0554,Speed,2026-05,Live,1267.0,2026-09-10 04:00:00
ATE 0554,Speed,2026-06,Live,862.0,2026-09-10 04:00:00
ATE 0554,Speed,2026-07,Live,890.0,2026-09-10 04:00:00
ATE 0554,Speed,2026-08,Live,725.0,2026-09-10 04:00:00
ATE 0554,Speed,2026-09,Live,247.0,2026-09-10 04:00:00
ATE 0555,Red Light,2024-12,Live,62.0,2026-09-07 04:00:00
ATE 0555,Red Light,2025-01,Live,310.0,2026-09-07 04:00:00
ATE 0555,Red Light,2025-02,Live,251.0,2026-09-07 04:00:00
ATE 0555,Red Light,2025-03,Live,350.0,2026-09-07 04:00:00
ATE 0555,Red Light,2025-04,Live,101.0,2026-09-07 04:00:00
ATE 0555,Red Light,2025-05,Live,270.0,2026-09-07 04:00:00
ATE 0555,Red Light,2025-06,Live,246.0,2026-09-07 04:00:00
ATE 0555,Red Light,2025-07,Live,258.0,2026-09-07 04:00:00
ATE 0555,Red Light,2025-08,Live,215.0,2026-09-07 04:00:00
ATE 0555,Red Light,2025-09,Live,212.0,2026-09-07 04:00:00
ATE 0555,Red Light,2025-10,Live,234.0,2026-09-07 04:00:00
ATE 0555,Red Light,2025-11,Live,192.0,2026-09-07 04:00:00
ATE 0555,Red Light,2025-12,Live,141.0,2026-09-07 04:00:00
ATE 0555,Red Light,2026-01,Live,103.0,2026-09-07 04:00:00
ATE 0555,Red Light,2026-02,Live,115.0,2026-09-07 04:00:00
ATE 0555,Red Light,2026-03,Live,229.0,2026-09-07 04:00:00
ATE 0555,Red Light,2026-04,Live,237.0,2026-09-07 04:00:00
ATE 0555,Red Light,2026-05,Live,245.0,2026-09-07 04:00:00
ATE 0555,Red Light,2026-06,Live,229.0,2026-09-07 04:00:00
ATE 0555,Red Light,2026-07,Live,197.0,2026-09-07 04:00:00
ATE 0555,Red Light,2026-08,Live,252.0,2026-09-07 04:00:00
ATE 0555,Red Light,2026-09,Live,45.0,2026-09-07 04:00:00
ATE 0556,Speed,2024-12,Live,236.0,2026-09-10 04:00:00
ATE 0556,Speed,2025-01,Live,167.0,2026-09-10 04:00:00
ATE 0556,Speed,2025-02,Live,160.0,2026-09-10 04:00:00
ATE 0556,Speed,2025-03,Live,928.0,2026-09-10 04:00:00
ATE 0556,Speed,2025-04,Live,1362.0,2026-09-10 04:00:00
ATE 0556,Speed,2025-05,Live,1246.0,2026-09-10 04:00:00
ATE 0556,Speed,2025-06,Live,969.0,2026-09-10 04:00:00
ATE 0556,Speed,2025-07,Live,913.0,2026-09-10 04:00:00
ATE 0556,Speed,2025-08,Live,734.0,2026-09-10 04:00:00
ATE 0556,Speed,2025-09,Live,697.0,2026-09-10 04:00:00
ATE 0556,Speed,2025-10,Live,833.0,2026-09-10 04:00:00
ATE 0556,Speed,2025-11,Live,801.0,2026-09-10 04:00:00
ATE 0556,Speed,2025-12,Live,821.0,2026-09-10 04:00:00
ATE 0556,Speed,2026-01,Live,642.0,2026-09-10 04:00:00
ATE 0556,Speed,2026-02,Live,591.0,2026-09-10 04:00:00
ATE 0556,Speed,2026-03,Live,728.0,2026-09-10 04:00:00
ATE 0556,Speed,2026-04,Live,782.0,2026-09-10 04:00:00
ATE 0556,Speed,2026-05,Live,744.0,2026-09-10 04:00:00
ATE 0556,Speed,2026-06,Live,466.0,2026-09-10 04:00:00
ATE 0556,Speed,2026-07,Live,478.0,2026-09-10 04:00:00
ATE 0556,Speed,2026-08,Live,589.0,2026-09-10 04:00:00
ATE 0556,Speed,2026-09,Live,214.0,2026-09-10 04:00:00
ATE 0557,Speed,2024-12,Live,1611.0,2025-11-30 05:00:00
ATE 0557,Speed,2025-01,Live,1261.0,2025-11-30 05:00:00
ATE 0557,Speed,2025-02,Live,1033.0,2025-11-30 05:00:00
ATE 0557,Speed,2025-03,Live,1074.0,2025-11-30 05:00:00
ATE 0557,Speed,2025-04,Live,1000.0,2025-11-30 05:00:00
ATE 0557,Speed,2025-05,Live,422.0,2025-11-30 05:00:00
ATE 0557,Speed,2025-06,Live,749.0,2025-11-30 05:00:00
ATE 0557,Speed,2025-07,Live,873.0,2025-11-30 05:00:00
ATE 0557,Speed,2025-08,Live,924.0,2025-11-30 05:00:00
ATE 0557,Speed,2025-09,Live,491.0,2025-11-30 05:00:00
ATE 0557,Speed,2025-10,Live,479.0,2025-11-30 05:00:00
ATE 0557,Speed,2025-11,Live,397.0,2025-11-30 05:00:00
ATE 0558,Speed,2024-12,Live,523.0,2026-09-10 04:00:00
ATE 0558,Speed,2025-01,Live,391.0,2026-09-10 04:00:00
ATE 0558,Speed,2025-02,Live,339.0,2026-09-10 04:00:00
ATE 0558,Speed,2025-03,Live,969.0,2026-09-10 04:00:00
ATE 0558,Speed,2025-04,Live,2436.0,2026-09-10 04:00:00
ATE 0558,Speed,2025-05,Live,2021.0,2026-09-10 04:00:00
ATE 0558,Speed,2025-06,Live,1693.0,2026-09-10 04:00:00
ATE 0558,Speed,2025-07,Live,1589.0,2026-09-10 04:00:00
ATE 0558,Speed,2025-08,Live,1427.0,2026-09-10 04:00:00
ATE 0558,Speed,2025-09,Live,1350.0,2026-09-10 04:00:00
ATE 0558,Speed,2025-10,Live,1455.0,2026-09-10 04:00:00
ATE 0558,Speed,2025-11,Live,1410.0,2026-09-10 04:00:00
ATE 0558,Speed,2025-12,Live,1535.0,2026-09-10 04:00:00
ATE 0558,Speed,2026-01,Live,1187.0,2026-09-10 04:00:00
ATE 0558,Speed,2026-02,Live,944.0,2026-09-10 04:00:00
ATE 0558,Speed,2026-03,Live,1266.0,2026-09-10 04:00:00
ATE 0558,Speed,2026-04,Live,1286.0,2026-09-10 04:00:00
ATE 0558,Speed,2026-05,Live,1212.0,2026-09-10 04:00:00
ATE 0558,Speed,2026-06,Live,986.0,2026-09-10 04:00:00
ATE 0558,Speed,2026-07,Live,1026.0,2026-09-10 04:00:00
ATE 0558,Speed,2026-08,Live,1390.0,2026-09-10 04:00:00
ATE 0558,Speed,2026-09,Live,629.0,2026-09-10 04:00:00
ATE 0559,Speed,2024-12,Live,158.0,2026-09-09 04:00:00
ATE 0559,Speed,2025-01,Live,144.0,2026-09-09 04:00:00
ATE 0559,Speed,2025-02,Live,110.0,2026-09-09 04:00:00
ATE 0559,Speed,2025-03,Live,123.0,2026-09-09 04:00:00
ATE 0559,Speed,2025-04,Live,119.0,2026-09-09 04:00:00
ATE 0559,Speed,2025-05,Live,116.0,2026-09-09 04:00:00
ATE 0559,Speed,2025-06,Live,96.0,2026-09-09 04:00:00
ATE 0559,Speed,2025-07,Live,56.0,2026-09-09 04:00:00
ATE 0559,Speed,2025-08,Live,121.0,2026-09-09 04:00:00
ATE 0559,Speed,2025-09,Live,82.0,2026-09-09 04:00:00
ATE 0559,Speed,2025-10,Live,70.0,2026-09-09 04:00:00
ATE 0559,Speed,2025-11,Live,54.0,2026-09-09 04:00:00
ATE 0559,Speed,2025-12,Live,78.0,2026-09-09 04:00:00
ATE 0559,Speed,2026-01,Live,72.0,2026-09-09 04:00:00
ATE 0559,Speed,2026-02,Live,57.0,2026-09-09 04:00:00
ATE 0559,Speed,2026-03,Live,98.0,2026-09-09 04:00:00
ATE 0559,Speed,2026-04,Live,115.0,2026-09-09 04:00:00
ATE 0559,Speed,2026-05,Live,136.0,2026-09-09 04:00:00
ATE 0559,Speed,2026-06,Live,95.0,2026-09-09 04:00:00
ATE 0559,Speed,2026-07,Live,112.0,2026-09-09 04:00:00
ATE 0559,Speed,2026-08,Live,131.0,2026-09-09 04:00:00
ATE 0559,Speed,2026-09,Live,47.0,2026-09-09 04:00:00
ATE 0560,Speed,2024-12,Live,75.0,2026-07-04 04:00:00
ATE 0560,Speed,2025-01,Live,35.0,2026-07-04 04:00:00
ATE 0560,Speed,2025-02,Live,52.0,2026-07-04 04:00:00
ATE 0560,Speed,2025-03,Live,70.0,2026-07-04 04:00:00
ATE 0560,Speed,2025-04,Live,66.0,2026-07-04 04:00:00
ATE 0560,Speed,2025-05,Live,74.0,2026-07-04 04:00:00
ATE 0560,Speed,2025-06,Live,49.0,2026-07-04 04:00:00
ATE 0560,Speed,2025-07,Live,62.0,2026-07-04 04:00:00
ATE 0560,Speed,2025-08,Live,37.0,2026-07-04 04:00:00
ATE 0560,Speed,2025-09,Live,36.0,2026-07-04 04:00:00
ATE 0560,Speed,2025-10,Live,35.0,2026-07-04 04:00:00
ATE 0560,Speed,2025-11,Live,34.0,2026-07-04 04:00:00
ATE 0560,Speed,2025-12,Live,44.0,2026-07-04 04:00:00
ATE 0560,Speed,2026-01,Live,30.0,2026-07-04 04:00:00
ATE 0560,Speed,2026-02,Live,22.0,2026-07-04 04:00:00
ATE 0560,Speed,2026-03,Live,73.0,2026-07-04 04:00:00
ATE 0560,Speed,2026-04,Live,70.0,2026-07-04 04:00:00
ATE 0560,Speed,2026-05,Live,71.0,2026-07-04 04:00:00
ATE 0560,Speed,2026-06,Live,54.0,2026-07-04 04:00:00
ATE 0560,Speed,2026-07,Warning,266.0,2026-09-10 04:00:00
ATE 0560,Speed,2026-07,Live,6.0,2026-07-04 04:00:00
ATE 0560,Speed,2026-08,Warning,562.0,2026-09-10 04:00:00
ATE 0560,Speed,2026-09,Warning,197.0,2026-09-10 04:00:00
ATE 0561,Speed,2024-12,Live,1903.0,2026-09-10 04:00:00
ATE 0561,Speed,2025-01,Live,1190.0,2026-09-10 04:00:00
ATE 0561,Speed,2025-02,Live,1125.0,2026-09-10 04:00:00
ATE 0561,Speed,2025-03,Live,1322.0,2026-09-10 04:00:00
ATE 0561,Speed,2025-04,Live,1305.0,2026-09-10 04:00:00
ATE 0561,Speed,2025-05,Live,1742.0,2026-09-10 04:00:00
ATE 0561,Speed,2025-06,Live,1595.0,2026-09-10 04:00:00
ATE 0561,Speed,2025-07,Live,1603.0,2026-09-10 04:00:00
ATE 0561,Speed,2025-08,Live,1177.0,2026-09-10 04:00:00
ATE 0561,Speed,2025-09,Live,994.0,2026-09-10 04:00:00
ATE 0561,Speed,2025-10,Live,1093.0,2026-09-10 04:00:00
ATE 0561,Speed,2025-11,Live,980.0,2026-09-10 04:00:00
ATE 0561,Speed,2025-12,Live,998.0,2026-09-10 04:00:00
ATE 0561,Speed,2026-01,Live,759.0,2026-09-10 04:00:00
ATE 0561,Speed,2026-02,Live,689.0,2026-09-10 04:00:00
ATE 0561,Speed,2026-03,Live,1111.0,2026-09-10 04:00:00
ATE 0561,Speed,2026-04,Live,1025.0,2026-09-10 04:00:00
ATE 0561,Speed,2026-05,Live,1102.0,2026-09-10 04:00:00
ATE 0561,Speed,2026-06,Live,870.0,2026-09-10 04:00:00
ATE 0561,Speed,2026-07,Live,921.0,2026-09-10 04:00:00
ATE 0561,Speed,2026-08,Live,845.0,2026-09-10 04:00:00
ATE 0561,Speed,2026-09,Live,304.0,2026-09-10 04:00:00
ATE 0562,Truck Restriction,2024-12,Live,171.0,2026-09-05 04:00:00
ATE 0562,Truck Restriction,2025-01,Live,147.0,2026-09-05 04:00:00
ATE 0562,Truck Restriction,2025-02,Live,145.0,2026-09-05 04:00:00
ATE 0562,Truck Restriction,2025-03,Live,185.0,2026-09-05 04:00:00
ATE 0562,Truck Restriction,2025-04,Live,170.0,2026-09-05 04:00:00
ATE 0562,Truck Restriction,2025-05,Live,209.0,2026-09-05 04:00:00
ATE 0562,Truck Restriction,2025-06,Live,147.0,2026-09-05 04:00:00
ATE 0562,Truck Restriction,2025-07,Live,161.0,2026-09-05 04:00:00
ATE 0562,Truck Restriction,2025-08,Live,123.0,2026-09-05 04:00:00
ATE 0562,Truck Restriction,2025-09,Live,170.0,2026-09-05 04:00:00
ATE 0562,Truck Restriction,2025-10,Live,114.0,2026-09-05 04:00:00
ATE 0562,Truck Restriction,2025-11,Live,90.0,2026-09-05 04:00:00
ATE 0562,Truck Restriction,2025-12,Live,179.0,2026-09-05 04:00:00
ATE 0562,Truck Restriction,2026-01,Live,72.0,2026-09-05 04:00:00
ATE 0562,Truck Restriction,2026-02,Live,85.0,2026-09-05 04:00:00
ATE 0562,Truck Restriction,2026-03,Live,203.0,2026-09-05 04:00:00
ATE 0562,Truck Restriction,2026-04,Live,247.0,2026-09-05 04:00:00
ATE 0562,Truck Restriction,2026-05,Live,207.0,2026-09-05 04:00:00
ATE 0562,Truck Restriction,2026-06,Live,136.0,2026-09-05 04:00:00
ATE 0562,Truck Restriction,2026-07,Live,155.0,2026-09-05 04:00:00
ATE 0562,Truck Restriction,2026-08,Live,129.0,2026-09-05 04:00:00
ATE 0562,Truck Restriction,2026-09,Live,35.0,2026-09-05 04:00:00
ATE 0563,Truck Restriction,2024-12,Live,59.0,2026-03-17 04:00:00
ATE 0563,Truck Restriction,2025-01,Live,43.0,2026-03-17 04:00:00
ATE 0563,Truck Restriction,2025-02,Live,52.0,2026-03-17 04:00:00
ATE 0563,Truck Restriction,2025-03,Live,76.0,2026-03-17 04:00:00
ATE 0563,Truck Restriction,2025-04,Live,58.0,2026-03-17 04:00:00
ATE 0563,Truck Restriction,2025-05,Live,39.0,2026-03-17 04:00:00
ATE 0563,Truck Restriction,2025-06,Live,28.0,2026-03-17 04:00:00
ATE 0563,Truck Restriction,2025-07,Live,52.0,2026-03-17 04:00:00
ATE 0563,Truck Restriction,2025-08,Live,59.0,2026-03-17 04:00:00
ATE 0563,Truck Restriction,2025-09,Live,45.0,2026-03-17 04:00:00
ATE 0563,Truck Restriction,2025-10,Live,39.0,2026-03-17 04:00:00
ATE 0563,Truck Restriction,2025-11,Live,19.0,2026-03-17 04:00:00
ATE 0563,Truck Restriction,2025-12,Live,54.0,2026-03-17 04:00:00
ATE 0563,Truck Restriction,2026-01,Live,38.0,2026-03-17 04:00:00
ATE 0563,Truck Restriction,2026-02,Live,26.0,2026-03-17 04:00:00
ATE 0563,Truck Restriction,2026-03,Live,37.0,2026-03-17 04:00:00
ATE 0564,Truck Restriction,2024-12,Live,120.0,2026-09-04 04:00:00
ATE 0564,Truck Restriction,2025-01,Live,102.0,2026-09-04 04:00:00
ATE 0564,Truck Restriction,2025-02,Live,118.0,2026-09-04 04:00:00
ATE 0564,Truck Restriction,2025-03,Live,119.0,2026-09-04 04:00:00
ATE 0564,Truck Restriction,2025-04,Live,114.0,2026-09-04 04:00:00
ATE 0564,Truck Restriction,2025-05,Live,102.0,2026-09-04 04:00:00
ATE 0564,Truck Restriction,2025-06,Live,85.0,2026-09-04 04:00:00
ATE 0564,Truck Restriction,2025-07,Live,99.0,2026-09-04 04:00:00
ATE 0564,Truck Restriction,2025-08,Live,96.0,2026-09-04 04:00:00
ATE 0564,Truck Restriction,2025-09,Live,113.0,2026-09-04 04:00:00
ATE 0564,Truck Restriction,2025-10,Live,75.0,2026-09-04 04:00:00
ATE 0564,Truck Restriction,2025-11,Live,69.0,2026-09-04 04:00:00
ATE 0564,Truck Restriction,2025-12,Live,114.0,2026-09-04 04:00:00
ATE 0564,Truck Restriction,2026-01,Live,69.0,2026-09-04 04:00:00
ATE 0564,Truck Restriction,2026-02,Live,78.0,2026-09-04 04:00:00
ATE 0564,Truck Restriction,2026-03,Live,119.0,2026-09-04 04:00:00
ATE 0564,Truck Restriction,2026-04,Live,155.0,2026-09-04 04:00:00
ATE 0564,Truck Restriction,2026-05,Live,136.0,2026-09-04 04:00:00
ATE 0564,Truck Restriction,2026-06,Live,84.0,2026-09-04 04:00:00
ATE 0564,Truck Restriction,2026-07,Live,48.0,2026-09-04 04:00:00
ATE 0564,Truck Restriction,2026-08,Live,41.0,2026-09-04 04:00:00
ATE 0564,Truck Restriction,2026-09,Live,13.0,2026-09-04 04:00:00
ATE 0565,Truck Restriction,2024-12,Live,40.0,2026-06-29 04:00:00
ATE 0565,Truck Restriction,2025-01,Live,32.0,2026-06-29 04:00:00
ATE 0565,Truck Restriction,2025-02,Live,34.0,2026-06-29 04:00:00
ATE 0565,Truck Restriction,2025-03,Live,56.0,2026-06-29 04:00:00
ATE 0565,Truck Restriction,2025-04,Live,64.0,2026-06-29 04:00:00
ATE 0565,Truck Restriction,2025-05,Live,52.0,2026-06-29 04:00:00
ATE 0565,Truck Restriction,2025-06,Live,47.0,2026-06-29 04:00:00
ATE 0565,Truck Restriction,2025-07,Live,39.0,2026-06-29 04:00:00
ATE 0565,Truck Restriction,2025-08,Live,59.0,2026-06-29 04:00:00
ATE 0565,Truck Restriction,2025-09,Live,52.0,2026-06-29 04:00:00
ATE 0565,Truck Restriction,2025-10,Live,40.0,2026-06-29 04:00:00
ATE 0565,Truck Restriction,2025-11,Live,22.0,2026-06-29 04:00:00
ATE 0565,Truck Restriction,2025-12,Live,46.0,2026-06-29 04:00:00
ATE 0565,Truck Restriction,2026-01,Live,41.0,2026-06-29 04:00:00
ATE 0565,Truck Restriction,2026-02,Live,26.0,2026-06-29 04:00:00
ATE 0565,Truck Restriction,2026-03,Live,60.0,2026-06-29 04:00:00
ATE 0565,Truck Restriction,2026-04,Live,53.0,2026-06-29 04:00:00
ATE 0565,Truck Restriction,2026-05,Live,63.0,2026-06-29 04:00:00
ATE 0565,Truck Restriction,2026-06,Live,42.0,2026-06-29 04:00:00
ATE 0566,Truck Restriction,2024-12,Live,70.0,2026-05-22 04:00:00
ATE 0566,Truck Restriction,2025-01,Live,51.0,2026-05-22 04:00:00
ATE 0566,Truck Restriction,2025-02,Live,63.0,2026-05-22 04:00:00
ATE 0566,Truck Restriction,2025-03,Live,87.0,2026-05-22 04:00:00
ATE 0566,Truck Restriction,2025-04,Live,111.0,2026-05-22 04:00:00
ATE 0566,Truck Restriction,2025-05,Live,74.0,2026-05-22 04:00:00
ATE 0566,Truck Restriction,2025-06,Live,68.0,2026-05-22 04:00:00
ATE 0566,Truck Restriction,2025-07,Live,67.0,2026-05-22 04:00:00
ATE 0566,Truck Restriction,2025-08,Live,81.0,2026-05-22 04:00:00
ATE 0566,Truck Restriction,2025-09,Live,89.0,2026-05-22 04:00:00
ATE 0566,Truck Restriction,2025-10,Live,69.0,2026-05-22 04:00:00
ATE 0566,Truck Restriction,2025-11,Live,47.0,2026-05-22 04:00:00
ATE 0566,Truck Restriction,2025-12,Live,72.0,2026-05-22 04:00:00
ATE 0566,Truck Restriction,2026-01,Live,58.0,2026-05-22 04:00:00
ATE 0566,Truck Restriction,2026-02,Live,50.0,2026-05-22 04:00:00
ATE 0566,Truck Restriction,2026-03,Live,69.0,2026-05-22 04:00:00
ATE 0566,Truck Restriction,2026-04,Live,69.0,2026-05-22 04:00:00
ATE 0566,Truck Restriction,2026-05,Live,63.0,2026-05-22 04:00:00
ATE 0566,Truck Restriction,2026-05,Idle,13.0,2026-05-28 04:00:00
ATE 0567,Truck Restriction,2024-12,Live,34.0,2026-04-03 04:00:00
ATE 0567,Truck Restriction,2025-01,Live,21.0,2026-04-03 04:00:00
ATE 0567,Truck Restriction,2025-02,Live,17.0,2026-04-03 04:00:00
ATE 0567,Truck Restriction,2025-03,Live,42.0,2026-04-03 04:00:00
ATE 0567,Truck Restriction,2025-04,Live,29.0,2026-04-03 04:00:00
ATE 0567,Truck Restriction,2025-05,Live,23.0,2026-04-03 04:00:00
ATE 0567,Truck Restriction,2025-06,Live,15.0,2026-04-03 04:00:00
ATE 0567,Truck Restriction,2025-07,Live,21.0,2026-04-03 04:00:00
ATE 0567,Truck Restriction,2025-08,Live,21.0,2026-04-03 04:00:00
ATE 0567,Truck Restriction,2025-09,Live,22.0,2026-04-03 04:00:00
ATE 0567,Truck Restriction,2025-10,Live,13.0,2026-04-03 04:00:00
ATE 0567,Truck Restriction,2025-11,Live,14.0,2026-04-03 04:00:00
ATE 0567,Truck Restriction,2025-12,Live,15.0,2026-04-03 04:00:00
ATE 0567,Truck Restriction,2026-01,Live,8.0,2026-04-03 04:00:00
ATE 0567,Truck Restriction,2026-02,Live,14.0,2026-04-03 04:00:00
ATE 0567,Truck Restriction,2026-03,Live,26.0,2026-04-03 04:00:00
ATE 0567,Truck Restriction,2026-04,Live,5.0,2026-04-03 04:00:00
ATE 0567,Truck Restriction,2026-04,Idle,3.0,2026-04-09 04:00:00
ATE 0568,Truck Restriction,2024-12,Live,95.0,2026-08-06 04:00:00
ATE 0568,Truck Restriction,2025-01,Live,83.0,2026-08-06 04:00:00
ATE 0568,Truck Restriction,2025-02,Live,62.0,2026-08-06 04:00:00
ATE 0568,Truck Restriction,2025-03,Live,79.0,2026-08-06 04:00:00
ATE 0568,Truck Restriction,2025-04,Live,73.0,2026-08-06 04:00:00
ATE 0568,Truck Restriction,2025-05,Live,74.0,2026-08-06 04:00:00
ATE 0568,Truck Restriction,2025-06,Live,49.0,2026-08-06 04:00:00
ATE 0568,Truck Restriction,2025-07,Live,60.0,2026-08-06 04:00:00
ATE 0568,Truck Restriction,2025-08,Live,72.0,2026-08-06 04:00:00
ATE 0568,Truck Restriction,2025-09,Live,62.0,2026-08-06 04:00:00
ATE 0568,Truck Restriction,2025-10,Live,59.0,2026-08-06 04:00:00
ATE 0568,Truck Restriction,2025-11,Live,52.0,2026-08-06 04:00:00
ATE 0568,Truck Restriction,2025-12,Live,84.0,2026-08-06 04:00:00
ATE 0568,Truck Restriction,2026-01,Live,32.0,2026-08-06 04:00:00
ATE 0568,Truck Restriction,2026-02,Live,40.0,2026-08-06 04:00:00
ATE 0568,Truck Restriction,2026-03,Live,90.0,2026-08-06 04:00:00
ATE 0568,Truck Restriction,2026-04,Live,72.0,2026-08-06 04:00:00
ATE 0568,Truck Restriction,2026-05,Live,97.0,2026-08-06 04:00:00
ATE 0568,Truck Restriction,2026-06,Live,59.0,2026-08-06 04:00:00
ATE 0568,Truck Restriction,2026-07,Live,63.0,2026-08-06 04:00:00
ATE 0568,Truck Restriction,2026-08,Live,15.0,2026-08-06 04:00:00
ATE 0568,Truck Restriction,2026-08,Idle,10.0,2026-08-13 04:00:00
ATE 0569,Stop Sign,2024-12,Live,421.0,2026-03-24 04:00:00
ATE 0569,Stop Sign,2025-01,Live,460.0,2026-03-24 04:00:00
ATE 0569,Stop Sign,2025-02,Live,464.0,2026-03-24 04:00:00
ATE 0569,Stop Sign,2025-03,Live,645.0,2026-03-24 04:00:00
ATE 0569,Stop Sign,2025-04,Live,637.0,2026-03-24 04:00:00
ATE 0569,Stop Sign,2025-05,Live,634.0,2026-03-24 04:00:00
ATE 0569,Stop Sign,2025-06,Live,617.0,2026-03-24 04:00:00
ATE 0569,Stop Sign,2025-07,Live,631.0,2026-03-24 04:00:00
ATE 0569,Stop Sign,2025-08,Live,526.0,2026-03-24 04:00:00
ATE 0569,Stop Sign,2025-09,Live,488.0,2026-03-24 04:00:00
ATE 0569,Stop Sign,2025-10,Live,513.0,2026-03-24 04:00:00
ATE 0569,Stop Sign,2025-11,Live,388.0,2026-03-24 04:00:00
ATE 0569,Stop Sign,2025-12,Live,501.0,2026-03-24 04:00:00
ATE 0569,Stop Sign,2026-01,Live,414.0,2026-03-24 04:00:00
ATE 0569,Stop Sign,2026-02,Live,500.0,2026-03-24 04:00:00
ATE 0569,Stop Sign,2026-03,Live,332.0,2026-03-24 04:00:00
ATE 0570,Stop Sign,2024-12,Live,211.0,2026-02-10 05:00:00
ATE 0570,Stop Sign,2025-01,Live,172.0,2026-02-10 05:00:00
ATE 0570,Stop Sign,2025-02,Live,149.0,2026-02-10 05:00:00
ATE 0570,Stop Sign,2025-03,Live,198.0,2026-02-10 05:00:00
ATE 0570,Stop Sign,2025-04,Live,167.0,2026-02-10 05:00:00
ATE 0570,Stop Sign,2025-05,Live,176.0,2026-02-10 05:00:00
ATE 0570,Stop Sign,2025-06,Live,149.0,2026-02-10 05:00:00
ATE 0570,Stop Sign,2025-07,Live,149.0,2026-02-10 05:00:00
ATE 0570,Stop Sign,2025-08,Live,106.0,2026-02-10 05:00:00
ATE 0570,Stop Sign,2025-09,Live,89.0,2026-02-10 05:00:00
ATE 0570,Stop Sign,2025-10,Live,94.0,2026-02-10 05:00:00
ATE 0570,Stop Sign,2025-11,Live,122.0,2026-02-10 05:00:00
ATE 0570,Stop Sign,2025-12,Live,130.0,2026-02-10 05:00:00
ATE 0570,Stop Sign,2026-01,Live,109.0,2026-02-10 05:00:00
ATE 0570,Stop Sign,2026-02,Live,31.0,2026-02-10 05:00:00
ATE 0571,Stop Sign,2024-12,Live,433.0,2026-02-09 05:00:00
ATE 0571,Stop Sign,2025-01,Live,465.0,2026-02-09 05:00:00
ATE 0571,Stop Sign,2025-02,Live,389.0,2026-02-09 05:00:00
ATE 0571,Stop Sign,2025-03,Live,598.0,2026-02-09 05:00:00
ATE 0571,Stop Sign,2025-04,Live,605.0,2026-02-09 05:00:00
ATE 0571,Stop Sign,2025-05,Live,558.0,2026-02-09 05:00:00
ATE 0571,Stop Sign,2025-06,Live,575.0,2026-02-09 05:00:00
ATE 0571,Stop Sign,2025-07,Live,564.0,2026-02-09 05:00:00
ATE 0571,Stop Sign,2025-08,Live,470.0,2026-02-09 05:00:00
ATE 0571,Stop Sign,2025-09,Live,406.0,2026-02-09 05:00:00
ATE 0571,Stop Sign,2025-10,Live,431.0,2026-02-09 05:00:00
ATE 0571,Stop Sign,2025-11,Live,383.0,2026-02-09 05:00:00
ATE 0571,Stop Sign,2025-12,Live,573.0,2026-02-09 05:00:00
ATE 0571,Stop Sign,2026-01,Live,415.0,2026-02-09 05:00:00
ATE 0571,Stop Sign,2026-02,Live,209.0,2026-02-09 05:00:00
ATE 0572,Stop Sign,2024-12,Live,1658.0,2026-02-02 05:00:00
ATE 0572,Stop Sign,2025-01,Live,2715.0,2026-02-02 05:00:00
ATE 0572,Stop Sign,2025-02,Live,2693.0,2026-02-02 05:00:00
ATE 0572,Stop Sign,2025-03,Live,3930.0,2026-02-02 05:00:00
ATE 0572,Stop Sign,2025-04,Live,3473.0,2026-02-02 05:00:00
ATE 0572,Stop Sign,2025-05,Live,3650.0,2026-02-02 05:00:00
ATE 0572,Stop Sign,2025-06,Live,3281.0,2026-02-02 05:00:00
ATE 0572,Stop Sign,2025-07,Live,3339.0,2026-02-02 05:00:00
ATE 0572,Stop Sign,2025-08,Live,2932.0,2026-02-02 05:00:00
ATE 0572,Stop Sign,2025-09,Live,1900.0,2026-02-02 05:00:00
ATE 0572,Stop Sign,2025-10,Live,2922.0,2026-02-02 05:00:00
ATE 0572,Stop Sign,2025-11,Live,2337.0,2026-02-02 05:00:00
ATE 0572,Stop Sign,2025-12,Live,2638.0,2026-02-02 05:00:00
ATE 0572,Stop Sign,2026-01,Live,1972.0,2026-02-02 05:00:00
ATE 0572,Stop Sign,2026-02,Live,149.0,2026-02-02 05:00:00
ATE 0573,Stop Sign,2024-12,Live,822.0,2026-09-07 04:00:00
ATE 0573,Stop Sign,2025-01,Live,1220.0,2026-09-07 04:00:00
ATE 0573,Stop Sign,2025-02,Live,993.0,2026-09-07 04:00:00
ATE 0573,Stop Sign,2025-03,Live,1400.0,2026-09-07 04:00:00
ATE 0573,Stop Sign,2025-04,Live,1328.0,2026-09-07 04:00:00
ATE 0573,Stop Sign,2025-05,Live,1336.0,2026-09-07 04:00:00
ATE 0573,Stop Sign,2025-06,Live,1198.0,2026-09-07 04:00:00
ATE 0573,Stop Sign,2025-07,Live,1032.0,2026-09-07 04:00:00
ATE 0573,Stop Sign,2025-08,Live,984.0,2026-09-07 04:00:00
ATE 0573,Stop Sign,2025-09,Live,913.0,2026-09-07 04:00:00
ATE 0573,Stop Sign,2025-10,Live,975.0,2026-09-07 04:00:00
ATE 0573,Stop Sign,2025-11,Live,695.0,2026-09-07 04:00:00
ATE 0573,Stop Sign,2025-12,Live,978.0,2026-09-07 04:00:00
ATE 0573,Stop Sign,2026-01,Live,813.0,2026-09-07 04:00:00
ATE 0573,Stop Sign,2026-02,Live,910.0,2026-09-07 04:00:00
ATE 0573,Stop Sign,2026-03,Live,640.0,2026-09-07 04:00:00
ATE 0573,Stop Sign,2026-04,Live,671.0,2026-09-07 04:00:00
ATE 0573,Stop Sign,2026-05,Live,880.0,2026-09-07 04:00:00
ATE 0573,Stop Sign,2026-06,Live,753.0,2026-09-07 04:00:00
ATE 0573,Stop Sign,2026-07,Live,936.0,2026-09-07 04:00:00
ATE 0573,Stop Sign,2026-08,Live,853.0,2026-09-07 04:00:00
ATE 0573,Stop Sign,2026-09,Live,191.0,2026-09-07 04:00:00
ATE 0574,Speed,2024-12,Live,14.0,2025-12-18 05:00:00
ATE 0574,Speed,2025-01,Live,10.0,2025-12-18 05:00:00
ATE 0574,Speed,2025-02,Live,9.0,2025-12-18 05:00:00
ATE 0574,Speed,2025-03,Live,14.0,2025-12-18 05:00:00
ATE 0574,Speed,2025-04,Live,14.0,2025-12-18 05:00:00
ATE 0574,Speed,2025-05,Live,15.0,2025-12-18 05:00:00
ATE 0574,Speed,2025-06,Live,16.0,2025-12-18 05:00:00
ATE 0574,Speed,2025-07,Live,10.0,2025-12-18 05:00:00
ATE 0574,Speed,2025-08,Live,3.0,2025-12-18 05:00:00
ATE 0574,Speed,2025-09,Live,6.0,2025-12-18 05:00:00
ATE 0574,Speed,2025-10,Live,3.0,2025-12-18 05:00:00
ATE 0574,Speed,2025-11,Live,1.0,2025-12-18 05:00:00
ATE 0574,Speed,2025-12,Live,3.0,2025-12-18 05:00:00
ATE 0574,Speed,2025-12,Idle,4.0,2026-01-17 05:00:00
ATE 0574,Speed,2026-01,Idle,11.0,2026-01-17 05:00:00
ATE 0575,Speed,2024-12,Live,13.0,2025-12-18 05:00:00
ATE 0575,Speed,2025-01,Live,5.0,2025-12-18 05:00:00
ATE 0575,Speed,2025-02,Live,6.0,2025-12-18 05:00:00
ATE 0575,Speed,2025-03,Live,6.0,2025-12-18 05:00:00
ATE 0575,Speed,2025-04,Live,14.0,2025-12-18 05:00:00
ATE 0575,Speed,2025-05,Live,12.0,2025-12-18 05:00:00
ATE 0575,Speed,2025-06,Live,12.0,2025-12-18 05:00:00
ATE 0575,Speed,2025-07,Live,14.0,2025-12-18 05:00:00
ATE 0575,Speed,2025-08,Live,8.0,2025-12-18 05:00:00
ATE 0575,Speed,2025-09,Live,10.0,2025-12-18 05:00:00
ATE 0575,Speed,2025-10,Live,15.0,2025-12-18 05:00:00
ATE 0575,Speed,2025-11,Live,10.0,2025-12-18 05:00:00
ATE 0575,Speed,2025-12,Idle,3.0,2026-01-04 05:00:00
ATE 0575,Speed,2025-12,Live,3.0,2025-12-18 05:00:00
ATE 0575,Speed,2026-01,Idle,1.0,2026-01-04 05:00:00
ATE 0576,Speed,2024-12,Live,259.0,2026-09-09 04:00:00
ATE 0576,Speed,2025-01,Live,186.0,2026-09-09 04:00:00
ATE 0576,Speed,2025-02,Live,187.0,2026-09-09 04:00:00
ATE 0576,Speed,2025-03,Live,222.0,2026-09-09 04:00:00
ATE 0576,Speed,2025-04,Live,205.0,2026-09-09 04:00:00
ATE 0576,Speed,2025-05,Live,190.0,2026-09-09 04:00:00
ATE 0576,Speed,2025-06,Live,157.0,2026-09-09 04:00:00
ATE 0576,Speed,2025-07,Live,214.0,2026-09-09 04:00:00
ATE 0576,Speed,2025-08,Live,146.0,2026-09-09 04:00:00
ATE 0576,Speed,2025-09,Live,139.0,2026-09-09 04:00:00
ATE 0576,Speed,2025-10,Live,138.0,2026-09-09 04:00:00
ATE 0576,Speed,2025-11,Live,192.0,2026-09-09 04:00:00
ATE 0576,Speed,2025-12,Live,180.0,2026-09-09 04:00:00
ATE 0576,Speed,2026-01,Live,148.0,2026-09-09 04:00:00
ATE 0576,Speed,2026-02,Live,113.0,2026-09-09 04:00:00
ATE 0576,Speed,2026-03,Live,211.0,2026-09-09 04:00:00
ATE 0576,Speed,2026-04,Live,204.0,2026-09-09 04:00:00
ATE 0576,Speed,2026-05,Live,184.0,2026-09-09 04:00:00
ATE 0576,Speed,2026-06,Live,140.0,2026-09-09 04:00:00
ATE 0576,Speed,2026-07,Live,117.0,2026-09-09 04:00:00
ATE 0576,Speed,2026-08,Live,166.0,2026-09-09 04:00:00
ATE 0576,Speed,2026-09,Live,53.0,2026-09-09 04:00:00
ATE 0577,Speed,2024-12,Live,37.0,2025-12-17 05:00:00
ATE 0577,Speed,2025-01,Live,27.0,2025-12-17 05:00:00
ATE 0577,Speed,2025-02,Live,21.0,2025-12-17 05:00:00
ATE 0577,Speed,2025-03,Live,31.0,2025-12-17 05:00:00
ATE 0577,Speed,2025-04,Live,27.0,2025-12-17 05:00:00
ATE 0577,Speed,2025-05,Live,29.0,2025-12-17 05:00:00
ATE 0577,Speed,2025-06,Live,25.0,2025-12-17 05:00:00
ATE 0577,Speed,2025-07,Live,38.0,2025-12-17 05:00:00
ATE 0577,Speed,2025-08,Live,25.0,2025-12-17 05:00:00
ATE 0577,Speed,2025-09,Live,32.0,2025-12-17 05:00:00
ATE 0577,Speed,2025-10,Live,23.0,2025-12-17 05:00:00
ATE 0577,Speed,2025-11,Live,33.0,2025-12-17 05:00:00
ATE 0577,Speed,2025-12,Idle,16.0,2026-01-14 05:00:00
ATE 0577,Speed,2025-12,Live,10.0,2025-12-17 05:00:00
ATE 0577,Speed,2026-01,Idle,17.0,2026-01-14 05:00:00
ATE 0578,Speed,2024-12,Live,318.0,2026-09-09 04:00:00
ATE 0578,Speed,2025-01,Live,243.0,2026-09-09 04:00:00
ATE 0578,Speed,2025-02,Live,238.0,2026-09-09 04:00:00
ATE 0578,Speed,2025-03,Live,316.0,2026-09-09 04:00:00
ATE 0578,Speed,2025-04,Live,263.0,2026-09-09 04:00:00
ATE 0578,Speed,2025-05,Live,213.0,2026-09-09 04:00:00
ATE 0578,Speed,2025-06,Live,200.0,2026-09-09 04:00:00
ATE 0578,Speed,2025-07,Live,191.0,2026-09-09 04:00:00
ATE 0578,Speed,2025-08,Live,156.0,2026-09-09 04:00:00
ATE 0578,Speed,2025-09,Live,125.0,2026-09-09 04:00:00
ATE 0578,Speed,2025-10,Live,151.0,2026-09-09 04:00:00
ATE 0578,Speed,2025-11,Live,171.0,2026-09-09 04:00:00
ATE 0578,Speed,2025-12,Live,137.0,2026-09-09 04:00:00
ATE 0578,Speed,2026-01,Live,114.0,2026-09-09 04:00:00
ATE 0578,Speed,2026-02,Live,105.0,2026-09-09 04:00:00
ATE 0578,Speed,2026-03,Live,173.0,2026-09-09 04:00:00
ATE 0578,Speed,2026-04,Live,171.0,2026-09-09 04:00:00
ATE 0578,Speed,2026-05,Live,131.0,2026-09-09 04:00:00
ATE 0578,Speed,2026-06,Live,101.0,2026-09-09 04:00:00
ATE 0578,Speed,2026-07,Live,123.0,2026-09-09 04:00:00
ATE 0578,Speed,2026-08,Live,138.0,2026-09-09 04:00:00
ATE 0578,Speed,2026-09,Live,50.0,2026-09-09 04:00:00
ATE 0579,Speed,2024-12,Live,304.0,2026-09-10 04:00:00
ATE 0579,Speed,2025-01,Live,225.0,2026-09-10 04:00:00
ATE 0579,Speed,2025-02,Live,236.0,2026-09-10 04:00:00
ATE 0579,Speed,2025-03,Live,246.0,2026-09-10 04:00:00
ATE 0579,Speed,2025-04,Live,252.0,2026-09-10 04:00:00
ATE 0579,Speed,2025-05,Live,254.0,2026-09-10 04:00:00
ATE 0579,Speed,2025-06,Live,215.0,2026-09-10 04:00:00
ATE 0579,Speed,2025-07,Live,235.0,2026-09-10 04:00:00
ATE 0579,Speed,2025-08,Live,190.0,2026-09-10 04:00:00
ATE 0579,Speed,2025-09,Live,158.0,2026-09-10 04:00:00
ATE 0579,Speed,2025-10,Live,176.0,2026-09-10 04:00:00
ATE 0579,Speed,2025-11,Live,210.0,2026-09-10 04:00:00
ATE 0579,Speed,2025-12,Live,180.0,2026-09-10 04:00:00
ATE 0579,Speed,2026-01,Live,155.0,2026-09-10 04:00:00
ATE 0579,Speed,2026-02,Live,125.0,2026-09-10 04:00:00
ATE 0579,Speed,2026-03,Live,152.0,2026-09-10 04:00:00
ATE 0579,Speed,2026-04,Live,127.0,2026-09-10 04:00:00
ATE 0579,Speed,2026-05,Live,173.0,2026-09-10 04:00:00
ATE 0579,Speed,2026-06,Live,116.0,2026-09-10 04:00:00
ATE 0579,Speed,2026-07,Live,138.0,2026-09-10 04:00:00
ATE 0579,Speed,2026-08,Live,115.0,2026-09-10 04:00:00
ATE 0579,Speed,2026-09,Live,37.0,2026-09-10 04:00:00
ATE 0580,Speed,2024-12,Live,161.0,2026-08-13 04:00:00
ATE 0580,Speed,2025-01,Live,110.0,2026-08-13 04:00:00
ATE 0580,Speed,2025-02,Live,105.0,2026-08-13 04:00:00
ATE 0580,Speed,2025-03,Live,100.0,2026-08-13 04:00:00
ATE 0580,Speed,2025-04,Live,116.0,2026-08-13 04:00:00
ATE 0580,Speed,2025-05,Live,118.0,2026-08-13 04:00:00
ATE 0580,Speed,2025-06,Live,120.0,2026-08-13 04:00:00
ATE 0580,Speed,2025-07,Live,118.0,2026-08-13 04:00:00
ATE 0580,Speed,2025-08,Live,109.0,2026-08-13 04:00:00
ATE 0580,Speed,2025-09,Live,59.0,2026-08-13 04:00:00
ATE 0580,Speed,2025-10,Live,90.0,2026-08-13 04:00:00
ATE 0580,Speed,2025-11,Live,91.0,2026-08-13 04:00:00
ATE 0580,Speed,2025-12,Live,80.0,2026-08-13 04:00:00
ATE 0580,Speed,2026-01,Live,38.0,2026-08-13 04:00:00
ATE 0580,Speed,2026-02,Live,36.0,2026-08-13 04:00:00
ATE 0580,Speed,2026-03,Live,102.0,2026-08-13 04:00:00
ATE 0580,Speed,2026-04,Live,80.0,2026-08-13 04:00:00
ATE 0580,Speed,2026-05,Live,74.0,2026-08-13 04:00:00
ATE 0580,Speed,2026-06,Live,45.0,2026-08-13 04:00:00
ATE 0580,Speed,2026-07,Live,40.0,2026-08-13 04:00:00
ATE 0580,Speed,2026-08,Live,19.0,2026-08-13 04:00:00
ATE 0581,Speed,2024-12,Live,95.0,2026-08-11 04:00:00
ATE 0581,Speed,2025-01,Live,67.0,2026-08-11 04:00:00
ATE 0581,Speed,2025-02,Live,78.0,2026-08-11 04:00:00
ATE 0581,Speed,2025-03,Live,82.0,2026-08-11 04:00:00
ATE 0581,Speed,2025-04,Live,87.0,2026-08-11 04:00:00
ATE 0581,Speed,2025-05,Live,87.0,2026-08-11 04:00:00
ATE 0581,Speed,2025-06,Live,65.0,2026-08-11 04:00:00
ATE 0581,Speed,2025-07,Live,74.0,2026-08-11 04:00:00
ATE 0581,Speed,2025-08,Live,67.0,2026-08-11 04:00:00
ATE 0581,Speed,2025-09,Live,66.0,2026-08-11 04:00:00
ATE 0581,Speed,2025-10,Live,57.0,2026-08-11 04:00:00
ATE 0581,Speed,2025-11,Live,67.0,2026-08-11 04:00:00
ATE 0581,Speed,2025-12,Live,58.0,2026-08-11 04:00:00
ATE 0581,Speed,2026-01,Live,48.0,2026-08-11 04:00:00
ATE 0581,Speed,2026-02,Live,42.0,2026-08-11 04:00:00
ATE 0581,Speed,2026-03,Live,61.0,2026-08-11 04:00:00
ATE 0581,Speed,2026-04,Live,80.0,2026-08-11 04:00:00
ATE 0581,Speed,2026-05,Live,74.0,2026-08-11 04:00:00
ATE 0581,Speed,2026-06,Live,48.0,2026-08-11 04:00:00
ATE 0581,Speed,2026-07,Live,52.0,2026-08-11 04:00:00
ATE 0581,Speed,2026-08,Live,16.0,2026-08-11 04:00:00
ATE 0582,Speed,2024-12,Live,98.0,2026-09-09 04:00:00
ATE 0582,Speed,2025-01,Live,82.0,2026-09-09 04:00:00
ATE 0582,Speed,2025-02,Live,75.0,2026-09-09 04:00:00
ATE 0582,Speed,2025-03,Live,86.0,2026-09-09 04:00:00
ATE 0582,Speed,2025-04,Live,82.0,2026-09-09 04:00:00
ATE 0582,Speed,2025-05,Live,61.0,2026-09-09 04:00:00
ATE 0582,Speed,2025-06,Live,54.0,2026-09-09 04:00:00
ATE 0582,Speed,2025-07,Live,74.0,2026-09-09 04:00:00
ATE 0582,Speed,2025-08,Live,48.0,2026-09-09 04:00:00
ATE 0582,Speed,2025-09,Live,62.0,2026-09-09 04:00:00
ATE 0582,Speed,2025-10,Live,33.0,2026-09-09 04:00:00
ATE 0582,Speed,2025-11,Live,60.0,2026-09-09 04:00:00
ATE 0582,Speed,2025-12,Live,54.0,2026-09-09 04:00:00
ATE 0582,Speed,2026-01,Live,49.0,2026-09-09 04:00:00
ATE 0582,Speed,2026-02,Live,42.0,2026-09-09 04:00:00
ATE 0582,Speed,2026-03,Live,75.0,2026-09-09 04:00:00
ATE 0582,Speed,2026-04,Live,49.0,2026-09-09 04:00:00
ATE 0582,Speed,2026-05,Live,59.0,2026-09-09 04:00:00
ATE 0582,Speed,2026-06,Live,36.0,2026-09-09 04:00:00
ATE 0582,Speed,2026-07,Live,26.0,2026-09-09 04:00:00
ATE 0582,Speed,2026-08,Live,31.0,2026-09-09 04:00:00
ATE 0582,Speed,2026-09,Live,17.0,2026-09-09 04:00:00
ATE 0584,Speed,2024-12,Live,577.0,2026-09-10 04:00:00
ATE 0584,Speed,2025-01,Live,397.0,2026-09-10 04:00:00
ATE 0584,Speed,2025-02,Live,365.0,2026-09-10 04:00:00
ATE 0584,Speed,2025-03,Live,391.0,2026-09-10 04:00:00
ATE 0584,Speed,2025-04,Live,385.0,2026-09-10 04:00:00
ATE 0584,Speed,2025-05,Live,437.0,2026-09-10 04:00:00
ATE 0584,Speed,2025-06,Live,409.0,2026-09-10 04:00:00
ATE 0584,Speed,2025-07,Live,485.0,2026-09-10 04:00:00
ATE 0584,Speed,2025-08,Live,290.0,2026-09-10 04:00:00
ATE 0584,Speed,2025-09,Live,204.0,2026-09-10 04:00:00
ATE 0584,Speed,2025-10,Live,227.0,2026-09-10 04:00:00
ATE 0584,Speed,2025-11,Live,199.0,2026-09-10 04:00:00
ATE 0584,Speed,2025-12,Live,205.0,2026-09-10 04:00:00
ATE 0584,Speed,2026-01,Live,149.0,2026-09-10 04:00:00
ATE 0584,Speed,2026-02,Live,133.0,2026-09-10 04:00:00
ATE 0584,Speed,2026-03,Live,225.0,2026-09-10 04:00:00
ATE 0584,Speed,2026-04,Live,244.0,2026-09-10 04:00:00
ATE 0584,Speed,2026-05,Live,230.0,2026-09-10 04:00:00
ATE 0584,Speed,2026-06,Live,152.0,2026-09-10 04:00:00
ATE 0584,Speed,2026-07,Live,154.0,2026-09-10 04:00:00
ATE 0584,Speed,2026-08,Live,175.0,2026-09-10 04:00:00
ATE 0584,Speed,2026-09,Live,58.0,2026-09-10 04:00:00
ATE 0585,Red Light,2024-12,Live,578.0,2026-09-07 04:00:00
ATE 0585,Red Light,2025-01,Live,583.0,2026-09-07 04:00:00
ATE 0585,Red Light,2025-02,Live,378.0,2026-09-07 04:00:00
ATE 0585,Red Light,2025-03,Live,418.0,2026-09-07 04:00:00
ATE 0585,Red Light,2025-04,Live,487.0,2026-09-07 04:00:00
ATE 0585,Red Light,2025-05,Live,639.0,2026-09-07 04:00:00
ATE 0585,Red Light,2025-06,Live,574.0,2026-09-07 04:00:00
ATE 0585,Red Light,2025-07,Live,704.0,2026-09-07 04:00:00
ATE 0585,Red Light,2025-08,Live,698.0,2026-09-07 04:00:00
ATE 0585,Red Light,2025-09,Live,647.0,2026-09-07 04:00:00
ATE 0585,Red Light,2025-10,Live,757.0,2026-09-07 04:00:00
ATE 0585,Red Light,2025-11,Live,644.0,2026-09-07 04:00:00
ATE 0585,Red Light,2025-12,Live,754.0,2026-09-07 04:00:00
ATE 0585,Red Light,2026-01,Live,494.0,2026-09-07 04:00:00
ATE 0585,Red Light,2026-02,Live,581.0,2026-09-07 04:00:00
ATE 0585,Red Light,2026-03,Live,419.0,2026-09-07 04:00:00
ATE 0585,Red Light,2026-04,Live,307.0,2026-09-07 04:00:00
ATE 0585,Red Light,2026-05,Live,602.0,2026-09-07 04:00:00
ATE 0585,Red Light,2026-06,Live,559.0,2026-09-07 04:00:00
ATE 0585,Red Light,2026-07,Live,241.0,2026-09-07 04:00:00
ATE 0585,Red Light,2026-09,Live,15.0,2026-09-07 04:00:00
ATE 0586,Red Light,2024-12,Live,1120.0,2026-09-07 04:00:00
ATE 0586,Red Light,2025-01,Live,753.0,2026-09-07 04:00:00
ATE 0586,Red Light,2025-02,Live,835.0,2026-09-07 04:00:00
ATE 0586,Red Light,2025-03,Live,1255.0,2026-09-07 04:00:00
ATE 0586,Red Light,2025-04,Live,1153.0,2026-09-07 04:00:00
ATE 0586,Red Light,2025-05,Live,1114.0,2026-09-07 04:00:00
ATE 0586,Red Light,2025-06,Live,944.0,2026-09-07 04:00:00
ATE 0586,Red Light,2025-07,Live,1040.0,2026-09-07 04:00:00
ATE 0586,Red Light,2025-08,Live,864.0,2026-09-07 04:00:00
ATE 0586,Red Light,2025-09,Live,752.0,2026-09-07 04:00:00
ATE 0586,Red Light,2025-10,Live,802.0,2026-09-07 04:00:00
ATE 0586,Red Light,2025-11,Live,682.0,2026-09-07 04:00:00
ATE 0586,Red Light,2025-12,Live,725.0,2026-09-07 04:00:00
ATE 0586,Red Light,2026-01,Live,399.0,2026-09-07 04:00:00
ATE 0586,Red Light,2026-02,Live,543.0,2026-09-07 04:00:00
ATE 0586,Red Light,2026-03,Live,657.0,2026-09-07 04:00:00
ATE 0586,Red Light,2026-04,Live,721.0,2026-09-07 04:00:00
ATE 0586,Red Light,2026-05,Live,643.0,2026-09-07 04:00:00
ATE 0586,Red Light,2026-06,Live,659.0,2026-09-07 04:00:00
ATE 0586,Red Light,2026-07,Live,776.0,2026-09-07 04:00:00
ATE 0586,Red Light,2026-08,Live,564.0,2026-09-07 04:00:00
ATE 0586,Red Light,2026-09,Live,127.0,2026-09-07 04:00:00
ATE 0588,Red Light,2024-12,Live,595.0,2026-09-04 04:00:00
ATE 0588,Red Light,2025-01,Live,506.0,2026-09-04 04:00:00
ATE 0588,Red Light,2025-02,Live,450.0,2026-09-04 04:00:00
ATE 0588,Red Light,2025-03,Live,579.0,2026-09-04 04:00:00
ATE 0588,Red Light,2025-04,Live,591.0,2026-09-04 04:00:00
ATE 0588,Red Light,2025-05,Live,634.0,2026-09-04 04:00:00
ATE 0588,Red Light,2025-06,Live,492.0,2026-09-04 04:00:00
ATE 0588,Red Light,2025-07,Live,691.0,2026-09-04 04:00:00
ATE 0588,Red Light,2025-08,Live,443.0,2026-09-04 04:00:00
ATE 0588,Red Light,2025-09,Live,458.0,2026-09-04 04:00:00
ATE 0588,Red Light,2025-10,Live,471.0,2026-09-04 04:00:00
ATE 0588,Red Light,2025-11,Live,385.0,2026-09-04 04:00:00
ATE 0588,Red Light,2025-12,Live,348.0,2026-09-04 04:00:00
ATE 0588,Red Light,2026-01,Live,272.0,2026-09-04 04:00:00
ATE 0588,Red Light,2026-02,Live,359.0,2026-09-04 04:00:00
ATE 0588,Red Light,2026-03,Live,203.0,2026-09-04 04:00:00
ATE 0588,Red Light,2026-04,Live,508.0,2026-09-04 04:00:00
ATE 0588,Red Light,2026-05,Live,434.0,2026-09-04 04:00:00
ATE 0588,Red Light,2026-06,Live,527.0,2026-09-04 04:00:00
ATE 0588,Red Light,2026-07,Live,410.0,2026-09-04 04:00:00
ATE 0588,Red Light,2026-08,Live,270.0,2026-09-04 04:00:00
ATE 0588,Red Light,2026-09,Live,57.0,2026-09-04 04:00:00
ATE 0589,Speed,2024-12,Live,1071.0,2026-09-10 04:00:00
ATE 0589,Speed,2025-01,Live,728.0,2026-09-10 04:00:00
ATE 0589,Speed,2025-02,Live,641.0,2026-09-10 04:00:00
ATE 0589,Speed,2025-03,Live,628.0,2026-09-10 04:00:00
ATE 0589,Speed,2025-04,Live,772.0,2026-09-10 04:00:00
ATE 0589,Speed,2025-05,Live,663.0,2026-09-10 04:00:00
ATE 0589,Speed,2025-06,Live,794.0,2026-09-10 04:00:00
ATE 0589,Speed,2025-07,Live,887.0,2026-09-10 04:00:00
ATE 0589,Speed,2025-08,Live,780.0,2026-09-10 04:00:00
ATE 0589,Speed,2025-09,Live,669.0,2026-09-10 04:00:00
ATE 0589,Speed,2025-10,Live,626.0,2026-09-10 04:00:00
ATE 0589,Speed,2025-11,Live,653.0,2026-09-10 04:00:00
ATE 0589,Speed,2025-12,Live,725.0,2026-09-10 04:00:00
ATE 0589,Speed,2026-01,Live,582.0,2026-09-10 04:00:00
ATE 0589,Speed,2026-02,Live,408.0,2026-09-10 04:00:00
ATE 0589,Speed,2026-03,Live,472.0,2026-09-10 04:00:00
ATE 0589,Speed,2026-04,Live,498.0,2026-09-10 04:00:00
ATE 0589,Speed,2026-05,Live,461.0,2026-09-10 04:00:00
ATE 0589,Speed,2026-06,Live,366.0,2026-09-10 04:00:00
ATE 0589,Speed,2026-07,Live,378.0,2026-09-10 04:00:00
ATE 0589,Speed,2026-08,Live,404.0,2026-09-10 04:00:00
ATE 0589,Speed,2026-09,Live,160.0,2026-09-10 04:00:00
ATE 0590,Speed,2024-12,Live,145.0,2026-09-10 04:00:00
ATE 0590,Speed,2025-01,Live,134.0,2026-09-10 04:00:00
ATE 0590,Speed,2025-02,Live,159.0,2026-09-10 04:00:00
ATE 0590,Speed,2025-03,Live,434.0,2026-09-10 04:00:00
ATE 0590,Speed,2025-04,Live,731.0,2026-09-10 04:00:00
ATE 0590,Speed,2025-05,Live,97.0,2026-09-10 04:00:00
ATE 0590,Speed,2025-06,Live,89.0,2026-09-10 04:00:00
ATE 0590,Speed,2025-07,Live,245.0,2026-09-10 04:00:00
ATE 0590,Speed,2025-08,Live,588.0,2026-09-10 04:00:00
ATE 0590,Speed,2025-09,Live,543.0,2026-09-10 04:00:00
ATE 0590,Speed,2025-10,Live,516.0,2026-09-10 04:00:00
ATE 0590,Speed,2025-11,Live,123.0,2026-09-10 04:00:00
ATE 0590,Speed,2025-12,Live,145.0,2026-09-10 04:00:00
ATE 0590,Speed,2026-01,Live,123.0,2026-09-10 04:00:00
ATE 0590,Speed,2026-02,Live,82.0,2026-09-10 04:00:00
ATE 0590,Speed,2026-03,Live,50.0,2026-09-10 04:00:00
ATE 0590,Speed,2026-04,Live,31.0,2026-09-10 04:00:00
ATE 0590,Speed,2026-05,Live,64.0,2026-09-10 04:00:00
ATE 0590,Speed,2026-06,Live,153.0,2026-09-10 04:00:00
ATE 0590,Speed,2026-07,Live,290.0,2026-09-10 04:00:00
ATE 0590,Speed,2026-08,Live,304.0,2026-09-10 04:00:00
ATE 0590,Speed,2026-09,Live,120.0,2026-09-10 04:00:00
ATE 0591,Red Light,2024-12,Live,72.0,2026-09-07 04:00:00
ATE 0591,Red Light,2025-01,Live,38.0,2026-09-07 04:00:00
ATE 0591,Red Light,2025-02,Live,13.0,2026-09-07 04:00:00
ATE 0591,Red Light,2025-03,Live,28.0,2026-09-07 04:00:00
ATE 0591,Red Light,2025-04,Live,21.0,2026-09-07 04:00:00
ATE 0591,Red Light,2025-05,Live,65.0,2026-09-07 04:00:00
ATE 0591,Red Light,2025-06,Live,81.0,2026-09-07 04:00:00
ATE 0591,Red Light,2025-07,Live,92.0,2026-09-07 04:00:00
ATE 0591,Red Light,2025-08,Live,57.0,2026-09-07 04:00:00
ATE 0591,Red Light,2025-09,Live,50.0,2026-09-07 04:00:00
ATE 0591,Red Light,2025-10,Live,70.0,2026-09-07 04:00:00
ATE 0591,Red Light,2025-11,Live,65.0,2026-09-07 04:00:00
ATE 0591,Red Light,2025-12,Live,57.0,2026-09-07 04:00:00
ATE 0591,Red Light,2026-01,Live,41.0,2026-09-07 04:00:00
ATE 0591,Red Light,2026-02,Live,27.0,2026-09-07 04:00:00
ATE 0591,Red Light,2026-03,Live,55.0,2026-09-07 04:00:00
ATE 0591,Red Light,2026-04,Live,36.0,2026-09-07 04:00:00
ATE 0591,Red Light,2026-05,Live,57.0,2026-09-07 04:00:00
ATE 0591,Red Light,2026-06,Live,56.0,2026-09-07 04:00:00
ATE 0591,Red Light,2026-07,Live,72.0,2026-09-07 04:00:00
ATE 0591,Red Light,2026-08,Live,56.0,2026-09-07 04:00:00
ATE 0591,Red Light,2026-09,Live,7.0,2026-09-07 04:00:00
ATE 0592,Red Light,2024-12,Live,161.0,2026-07-29 04:00:00
ATE 0592,Red Light,2025-01,Live,164.0,2026-07-29 04:00:00
ATE 0592,Red Light,2025-02,Live,137.0,2026-07-29 04:00:00
ATE 0592,Red Light,2025-03,Live,151.0,2026-07-29 04:00:00
ATE 0592,Red Light,2025-04,Live,163.0,2026-07-29 04:00:00
ATE 0592,Red Light,2025-05,Live,162.0,2026-07-29 04:00:00
ATE 0592,Red Light,2025-06,Live,178.0,2026-07-29 04:00:00
ATE 0592,Red Light,2025-07,Live,152.0,2026-07-29 04:00:00
ATE 0592,Red Light,2025-08,Live,136.0,2026-07-29 04:00:00
ATE 0592,Red Light,2025-09,Live,142.0,2026-07-29 04:00:00
ATE 0592,Red Light,2025-10,Live,161.0,2026-07-29 04:00:00
ATE 0592,Red Light,2025-11,Live,130.0,2026-07-29 04:00:00
ATE 0592,Red Light,2025-12,Live,125.0,2026-07-29 04:00:00
ATE 0592,Red Light,2026-01,Live,97.0,2026-07-29 04:00:00
ATE 0592,Red Light,2026-02,Live,123.0,2026-07-29 04:00:00
ATE 0592,Red Light,2026-03,Live,174.0,2026-07-29 04:00:00
ATE 0592,Red Light,2026-04,Live,166.0,2026-07-29 04:00:00
ATE 0592,Red Light,2026-05,Live,170.0,2026-07-29 04:00:00
ATE 0592,Red Light,2026-06,Live,125.0,2026-07-29 04:00:00
ATE 0592,Red Light,2026-07,Live,128.0,2026-07-29 04:00:00
ATE 0593,Red Light,2024-12,Live,337.0,2026-09-07 04:00:00
ATE 0593,Red Light,2025-01,Live,235.0,2026-09-07 04:00:00
ATE 0593,Red Light,2025-02,Live,325.0,2026-09-07 04:00:00
ATE 0593,Red Light,2025-03,Live,352.0,2026-09-07 04:00:00
ATE 0593,Red Light,2025-04,Live,344.0,2026-09-07 04:00:00
ATE 0593,Red Light,2025-05,Live,421.0,2026-09-07 04:00:00
ATE 0593,Red Light,2025-06,Live,387.0,2026-09-07 04:00:00
ATE 0593,Red Light,2025-07,Live,386.0,2026-09-07 04:00:00
ATE 0593,Red Light,2025-08,Live,427.0,2026-09-07 04:00:00
ATE 0593,Red Light,2025-09,Live,412.0,2026-09-07 04:00:00
ATE 0593,Red Light,2025-10,Live,399.0,2026-09-07 04:00:00
ATE 0593,Red Light,2025-11,Live,384.0,2026-09-07 04:00:00
ATE 0593,Red Light,2025-12,Live,388.0,2026-09-07 04:00:00
ATE 0593,Red Light,2026-01,Live,329.0,2026-09-07 04:00:00
ATE 0593,Red Light,2026-02,Live,340.0,2026-09-07 04:00:00
ATE 0593,Red Light,2026-03,Live,430.0,2026-09-07 04:00:00
ATE 0593,Red Light,2026-04,Live,370.0,2026-09-07 04:00:00
ATE 0593,Red Light,2026-05,Live,455.0,2026-09-07 04:00:00
ATE 0593,Red Light,2026-06,Live,439.0,2026-09-07 04:00:00
ATE 0593,Red Light,2026-07,Live,458.0,2026-09-07 04:00:00
ATE 0593,Red Light,2026-08,Live,429.0,2026-09-07 04:00:00
ATE 0593,Red Light,2026-09,Live,112.0,2026-09-07 04:00:00
ATE 0594,Red Light,2024-12,Live,493.0,2026-08-15 04:00:00
ATE 0594,Red Light,2025-01,Live,202.0,2026-08-15 04:00:00
ATE 0594,Red Light,2025-02,Live,466.0,2026-08-15 04:00:00
ATE 0594,Red Light,2025-03,Live,344.0,2026-08-15 04:00:00
ATE 0594,Red Light,2025-04,Live,305.0,2026-08-15 04:00:00
ATE 0594,Red Light,2025-05,Live,434.0,2026-08-15 04:00:00
ATE 0594,Red Light,2025-06,Live,593.0,2026-08-15 04:00:00
ATE 0594,Red Light,2025-07,Live,701.0,2026-08-15 04:00:00
ATE 0594,Red Light,2025-08,Live,548.0,2026-08-15 04:00:00
ATE 0594,Red Light,2025-09,Live,455.0,2026-08-15 04:00:00
ATE 0594,Red Light,2025-10,Live,419.0,2026-08-15 04:00:00
ATE 0594,Red Light,2025-11,Live,428.0,2026-08-15 04:00:00
ATE 0594,Red Light,2025-12,Live,407.0,2026-08-15 04:00:00
ATE 0594,Red Light,2026-01,Live,345.0,2026-08-15 04:00:00
ATE 0594,Red Light,2026-02,Live,422.0,2026-08-15 04:00:00
ATE 0594,Red Light,2026-03,Live,582.0,2026-08-15 04:00:00
ATE 0594,Red Light,2026-04,Live,251.0,2026-08-15 04:00:00
ATE 0594,Red Light,2026-05,Live,402.0,2026-08-15 04:00:00
ATE 0594,Red Light,2026-06,Live,446.0,2026-08-15 04:00:00
ATE 0594,Red Light,2026-07,Live,312.0,2026-08-15 04:00:00
ATE 0594,Red Light,2026-08,Live,45.0,2026-08-15 04:00:00
ATE 0595,Red Light,2024-12,Live,175.0,2026-09-07 04:00:00
ATE 0595,Red Light,2025-01,Live,160.0,2026-09-07 04:00:00
ATE 0595,Red Light,2025-02,Live,114.0,2026-09-07 04:00:00
ATE 0595,Red Light,2025-03,Live,145.0,2026-09-07 04:00:00
ATE 0595,Red Light,2025-04,Live,135.0,2026-09-07 04:00:00
ATE 0595,Red Light,2025-05,Live,138.0,2026-09-07 04:00:00
ATE 0595,Red Light,2025-06,Live,125.0,2026-09-07 04:00:00
ATE 0595,Red Light,2025-07,Live,147.0,2026-09-07 04:00:00
ATE 0595,Red Light,2025-08,Live,123.0,2026-09-07 04:00:00
ATE 0595,Red Light,2025-09,Live,119.0,2026-09-07 04:00:00
ATE 0595,Red Light,2025-10,Live,116.0,2026-09-07 04:00:00
ATE 0595,Red Light,2025-11,Live,148.0,2026-09-07 04:00:00
ATE 0595,Red Light,2025-12,Live,101.0,2026-09-07 04:00:00
ATE 0595,Red Light,2026-01,Live,122.0,2026-09-07 04:00:00
ATE 0595,Red Light,2026-02,Live,148.0,2026-09-07 04:00:00
ATE 0595,Red Light,2026-03,Live,116.0,2026-09-07 04:00:00
ATE 0595,Red Light,2026-04,Live,123.0,2026-09-07 04:00:00
ATE 0595,Red Light,2026-05,Live,131.0,2026-09-07 04:00:00
ATE 0595,Red Light,2026-06,Live,121.0,2026-09-07 04:00:00
ATE 0595,Red Light,2026-07,Live,93.0,2026-09-07 04:00:00
ATE 0595,Red Light,2026-08,Live,106.0,2026-09-07 04:00:00
ATE 0595,Red Light,2026-09,Live,32.0,2026-09-07 04:00:00
ATE 0596,Red Light,2024-12,Live,145.0,2026-08-23 04:00:00
ATE 0596,Red Light,2025-01,Live,90.0,2026-08-23 04:00:00
ATE 0596,Red Light,2025-02,Live,95.0,2026-08-23 04:00:00
ATE 0596,Red Light,2025-03,Live,97.0,2026-08-23 04:00:00
ATE 0596,Red Light,2025-04,Live,101.0,2026-08-23 04:00:00
ATE 0596,Red Light,2025-05,Live,123.0,2026-08-23 04:00:00
ATE 0596,Red Light,2025-06,Live,93.0,2026-08-23 04:00:00
ATE 0596,Red Light,2025-07,Live,94.0,2026-08-23 04:00:00
ATE 0596,Red Light,2025-08,Live,70.0,2026-08-23 04:00:00
ATE 0596,Red Light,2025-09,Live,67.0,2026-08-23 04:00:00
ATE 0596,Red Light,2025-10,Live,94.0,2026-08-23 04:00:00
ATE 0596,Red Light,2025-11,Live,97.0,2026-08-23 04:00:00
ATE 0596,Red Light,2025-12,Live,73.0,2026-08-23 04:00:00
ATE 0596,Red Light,2026-01,Live,67.0,2026-08-23 04:00:00
ATE 0596,Red Light,2026-02,Live,78.0,2026-08-23 04:00:00
ATE 0596,Red Light,2026-03,Live,108.0,2026-08-23 04:00:00
ATE 0596,Red Light,2026-04,Live,98.0,2026-08-23 04:00:00
ATE 0596,Red Light,2026-05,Live,123.0,2026-08-23 04:00:00
ATE 0596,Red Light,2026-06,Live,141.0,2026-08-23 04:00:00
ATE 0596,Red Light,2026-07,Live,107.0,2026-08-23 04:00:00
ATE 0596,Red Light,2026-08,Live,54.0,2026-08-23 04:00:00
ATE 0597,Red Light,2024-12,Live,537.0,2026-09-07 04:00:00
ATE 0597,Red Light,2025-01,Live,551.0,2026-09-07 04:00:00
ATE 0597,Red Light,2025-02,Live,577.0,2026-09-07 04:00:00
ATE 0597,Red Light,2025-03,Live,578.0,2026-09-07 04:00:00
ATE 0597,Red Light,2025-04,Live,397.0,2026-09-07 04:00:00
ATE 0597,Red Light,2025-05,Live,429.0,2026-09-07 04:00:00
ATE 0597,Red Light,2025-06,Live,312.0,2026-09-07 04:00:00
ATE 0597,Red Light,2025-07,Live,299.0,2026-09-07 04:00:00
ATE 0597,Red Light,2025-08,Live,318.0,2026-09-07 04:00:00
ATE 0597,Red Light,2025-09,Live,242.0,2026-09-07 04:00:00
ATE 0597,Red Light,2025-10,Live,297.0,2026-09-07 04:00:00
ATE 0597,Red Light,2025-11,Live,207.0,2026-09-07 04:00:00
ATE 0597,Red Light,2025-12,Live,206.0,2026-09-07 04:00:00
ATE 0597,Red Light,2026-01,Live,180.0,2026-09-07 04:00:00
ATE 0597,Red Light,2026-02,Live,182.0,2026-09-07 04:00:00
ATE 0597,Red Light,2026-03,Live,158.0,2026-09-07 04:00:00
ATE 0597,Red Light,2026-04,Live,198.0,2026-09-07 04:00:00
ATE 0597,Red Light,2026-05,Live,226.0,2026-09-07 04:00:00
ATE 0597,Red Light,2026-06,Live,264.0,2026-09-07 04:00:00
ATE 0597,Red Light,2026-07,Live,208.0,2026-09-07 04:00:00
ATE 0597,Red Light,2026-08,Live,105.0,2026-09-07 04:00:00
ATE 0597,Red Light,2026-09,Live,49.0,2026-09-07 04:00:00
ATE 0598,Red Light,2024-12,Live,123.0,2026-08-28 04:00:00
ATE 0598,Red Light,2025-01,Live,108.0,2026-08-28 04:00:00
ATE 0598,Red Light,2025-02,Live,79.0,2026-08-28 04:00:00
ATE 0598,Red Light,2025-03,Live,123.0,2026-08-28 04:00:00
ATE 0598,Red Light,2025-04,Live,114.0,2026-08-28 04:00:00
ATE 0598,Red Light,2025-05,Live,109.0,2026-08-28 04:00:00
ATE 0598,Red Light,2025-06,Live,88.0,2026-08-28 04:00:00
ATE 0598,Red Light,2025-07,Live,89.0,2026-08-28 04:00:00
ATE 0598,Red Light,2025-08,Live,84.0,2026-08-28 04:00:00
ATE 0598,Red Light,2025-09,Live,94.0,2026-08-28 04:00:00
ATE 0598,Red Light,2025-10,Live,95.0,2026-08-28 04:00:00
ATE 0598,Red Light,2025-11,Live,80.0,2026-08-28 04:00:00
ATE 0598,Red Light,2025-12,Live,77.0,2026-08-28 04:00:00
ATE 0598,Red Light,2026-01,Live,65.0,2026-08-28 04:00:00
ATE 0598,Red Light,2026-02,Live,49.0,2026-08-28 04:00:00
ATE 0598,Red Light,2026-03,Live,49.0,2026-08-28 04:00:00
ATE 0598,Red Light,2026-04,Live,35.0,2026-08-28 04:00:00
ATE 0598,Red Light,2026-05,Live,35.0,2026-08-28 04:00:00
ATE 0598,Red Light,2026-06,Live,38.0,2026-08-28 04:00:00
ATE 0598,Red Light,2026-07,Live,30.0,2026-08-28 04:00:00
ATE 0598,Red Light,2026-08,Live,37.0,2026-08-28 04:00:00
ATE 0599,Red Light,2024-12,Live,29.0,2026-09-06 04:00:00
ATE 0599,Red Light,2025-01,Live,68.0,2026-09-06 04:00:00
ATE 0599,Red Light,2025-02,Live,60.0,2026-09-06 04:00:00
ATE 0599,Red Light,2025-03,Live,77.0,2026-09-06 04:00:00
ATE 0599,Red Light,2025-04,Live,85.0,2026-09-06 04:00:00
ATE 0599,Red Light,2025-05,Live,93.0,2026-09-06 04:00:00
ATE 0599,Red Light,2025-06,Live,70.0,2026-09-06 04:00:00
ATE 0599,Red Light,2025-07,Live,86.0,2026-09-06 04:00:00
ATE 0599,Red Light,2025-08,Live,60.0,2026-09-06 04:00:00
ATE 0599,Red Light,2025-09,Live,56.0,2026-09-06 04:00:00
ATE 0599,Red Light,2025-10,Live,77.0,2026-09-06 04:00:00
ATE 0599,Red Light,2025-11,Live,65.0,2026-09-06 04:00:00
ATE 0599,Red Light,2025-12,Live,59.0,2026-09-06 04:00:00
ATE 0599,Red Light,2026-01,Live,37.0,2026-09-06 04:00:00
ATE 0599,Red Light,2026-02,Live,100.0,2026-09-06 04:00:00
ATE 0599,Red Light,2026-03,Live,101.0,2026-09-06 04:00:00
ATE 0599,Red Light,2026-04,Live,88.0,2026-09-06 04:00:00
ATE 0599,Red Light,2026-05,Live,90.0,2026-09-06 04:00:00
ATE 0599,Red Light,2026-06,Live,94.0,2026-09-06 04:00:00
ATE 0599,Red Light,2026-07,Live,107.0,2026-09-06 04:00:00
ATE 0599,Red Light,2026-08,Live,95.0,2026-09-06 04:00:00
ATE 0599,Red Light,2026-09,Live,18.0,2026-09-06 04:00:00
ATE 0600,Red Light,2024-12,Live,115.0,2026-09-06 04:00:00
ATE 0600,Red Light,2025-01,Live,105.0,2026-09-06 04:00:00
ATE 0600,Red Light,2025-02,Live,90.0,2026-09-06 04:00:00
ATE 0600,Red Light,2025-03,Live,95.0,2026-09-06 04:00:00
ATE 0600,Red Light,2025-04,Live,95.0,2026-09-06 04:00:00
ATE 0600,Red Light,2025-05,Live,105.0,2026-09-06 04:00:00
ATE 0600,Red Light,2025-06,Live,112.0,2026-09-06 04:00:00
ATE 0600,Red Light,2025-07,Live,92.0,2026-09-06 04:00:00
ATE 0600,Red Light,2025-08,Live,82.0,2026-09-06 04:00:00
ATE 0600,Red Light,2025-09,Live,95.0,2026-09-06 04:00:00
ATE 0600,Red Light,2025-10,Live,95.0,2026-09-06 04:00:00
ATE 0600,Red Light,2025-11,Live,98.0,2026-09-06 04:00:00
ATE 0600,Red Light,2025-12,Live,67.0,2026-09-06 04:00:00
ATE 0600,Red Light,2026-01,Live,64.0,2026-09-06 04:00:00
ATE 0600,Red Light,2026-02,Live,207.0,2026-09-06 04:00:00
ATE 0600,Red Light,2026-03,Live,69.0,2026-09-06 04:00:00
ATE 0600,Red Light,2026-04,Live,93.0,2026-09-06 04:00:00
ATE 0600,Red Light,2026-05,Live,81.0,2026-09-06 04:00:00
ATE 0600,Red Light,2026-06,Live,84.0,2026-09-06 04:00:00
ATE 0600,Red Light,2026-07,Live,82.0,2026-09-06 04:00:00
ATE 0600,Red Light,2026-08,Live,89.0,2026-09-06 04:00:00
ATE 0600,Red Light,2026-09,Live,19.0,2026-09-06 04:00:00
ATE 0601,Red Light,2024-12,Live,327.0,2026-09-07 04:00:00
ATE 0601,Red Light,2025-01,Live,161.0,2026-09-07 04:00:00
ATE 0601,Red Light,2025-02,Live,450.0,2026-09-07 04:00:00
ATE 0601,Red Light,2025-03,Live,583.0,2026-09-07 04:00:00
ATE 0601,Red Light,2025-04,Live,493.0,2026-09-07 04:00:00
ATE 0601,Red Light,2025-05,Live,566.0,2026-09-07 04:00:00
ATE 0601,Red Light,2025-06,Live,478.0,2026-09-07 04:00:00
ATE 0601,Red Light,2025-07,Live,484.0,2026-09-07 04:00:00
ATE 0601,Red Light,2025-08,Live,423.0,2026-09-07 04:00:00
ATE 0601,Red Light,2025-09,Live,470.0,2026-09-07 04:00:00
ATE 0601,Red Light,2025-10,Live,424.0,2026-09-07 04:00:00
ATE 0601,Red Light,2025-11,Live,392.0,2026-09-07 04:00:00
ATE 0601,Red Light,2025-12,Live,437.0,2026-09-07 04:00:00
ATE 0601,Red Light,2026-01,Live,431.0,2026-09-07 04:00:00
ATE 0601,Red Light,2026-02,Live,328.0,2026-09-07 04:00:00
ATE 0601,Red Light,2026-03,Live,495.0,2026-09-07 04:00:00
ATE 0601,Red Light,2026-04,Live,456.0,2026-09-07 04:00:00
ATE 0601,Red Light,2026-05,Live,491.0,2026-09-07 04:00:00
ATE 0601,Red Light,2026-06,Live,408.0,2026-09-07 04:00:00
ATE 0601,Red Light,2026-07,Live,479.0,2026-09-07 04:00:00
ATE 0601,Red Light,2026-08,Live,443.0,2026-09-07 04:00:00
ATE 0601,Red Light,2026-09,Live,123.0,2026-09-07 04:00:00
ATE 0602,Red Light,2024-12,Live,368.0,2026-09-03 04:00:00
ATE 0602,Red Light,2025-01,Live,95.0,2026-09-03 04:00:00
ATE 0602,Red Light,2025-02,Live,461.0,2026-09-03 04:00:00
ATE 0602,Red Light,2025-03,Live,543.0,2026-09-03 04:00:00
ATE 0602,Red Light,2025-04,Live,545.0,2026-09-03 04:00:00
ATE 0602,Red Light,2025-05,Live,536.0,2026-09-03 04:00:00
ATE 0602,Red Light,2025-06,Live,134.0,2026-09-03 04:00:00
ATE 0602,Red Light,2025-07,Live,250.0,2026-09-03 04:00:00
ATE 0602,Red Light,2025-08,Live,443.0,2026-09-03 04:00:00
ATE 0602,Red Light,2025-09,Live,440.0,2026-09-03 04:00:00
ATE 0602,Red Light,2025-10,Live,442.0,2026-09-03 04:00:00
ATE 0602,Red Light,2025-11,Live,377.0,2026-09-03 04:00:00
ATE 0602,Red Light,2025-12,Live,374.0,2026-09-03 04:00:00
ATE 0602,Red Light,2026-01,Live,132.0,2026-09-03 04:00:00
ATE 0602,Red Light,2026-02,Live,357.0,2026-09-03 04:00:00
ATE 0602,Red Light,2026-03,Live,382.0,2026-09-03 04:00:00
ATE 0602,Red Light,2026-04,Live,388.0,2026-09-03 04:00:00
ATE 0602,Red Light,2026-05,Live,136.0,2026-09-03 04:00:00
ATE 0602,Red Light,2026-06,Live,393.0,2026-09-03 04:00:00
ATE 0602,Red Light,2026-07,Live,420.0,2026-09-03 04:00:00
ATE 0602,Red Light,2026-08,Live,145.0,2026-09-03 04:00:00
ATE 0602,Red Light,2026-09,Live,14.0,2026-09-03 04:00:00
ATE 0603,Red Light,2024-12,Live,835.0,2026-09-07 04:00:00
ATE 0603,Red Light,2025-01,Live,807.0,2026-09-07 04:00:00
ATE 0603,Red Light,2025-02,Live,644.0,2026-09-07 04:00:00
ATE 0603,Red Light,2025-03,Live,713.0,2026-09-07 04:00:00
ATE 0603,Red Light,2025-04,Live,652.0,2026-09-07 04:00:00
ATE 0603,Red Light,2025-05,Live,942.0,2026-09-07 04:00:00
ATE 0603,Red Light,2025-06,Live,878.0,2026-09-07 04:00:00
ATE 0603,Red Light,2025-07,Live,916.0,2026-09-07 04:00:00
ATE 0603,Red Light,2025-08,Live,818.0,2026-09-07 04:00:00
ATE 0603,Red Light,2025-09,Live,711.0,2026-09-07 04:00:00
ATE 0603,Red Light,2025-10,Live,744.0,2026-09-07 04:00:00
ATE 0603,Red Light,2025-11,Live,676.0,2026-09-07 04:00:00
ATE 0603,Red Light,2025-12,Live,692.0,2026-09-07 04:00:00
ATE 0603,Red Light,2026-01,Live,531.0,2026-09-07 04:00:00
ATE 0603,Red Light,2026-02,Live,770.0,2026-09-07 04:00:00
ATE 0603,Red Light,2026-03,Live,697.0,2026-09-07 04:00:00
ATE 0603,Red Light,2026-04,Live,845.0,2026-09-07 04:00:00
ATE 0603,Red Light,2026-05,Live,865.0,2026-09-07 04:00:00
ATE 0603,Red Light,2026-06,Live,943.0,2026-09-07 04:00:00
ATE 0603,Red Light,2026-07,Live,943.0,2026-09-07 04:00:00
ATE 0603,Red Light,2026-08,Live,853.0,2026-09-07 04:00:00
ATE 0603,Red Light,2026-09,Live,105.0,2026-09-07 04:00:00
ATE 0604,Red Light,2024-12,Live,1089.0,2026-09-06 04:00:00
ATE 0604,Red Light,2025-01,Live,468.0,2026-09-06 04:00:00
ATE 0604,Red Light,2025-02,Live,445.0,2026-09-06 04:00:00
ATE 0604,Red Light,2025-03,Live,615.0,2026-09-06 04:00:00
ATE 0604,Red Light,2025-04,Live,593.0,2026-09-06 04:00:00
ATE 0604,Red Light,2025-05,Live,688.0,2026-09-06 04:00:00
ATE 0604,Red Light,2025-06,Live,1036.0,2026-09-06 04:00:00
ATE 0604,Red Light,2025-07,Live,982.0,2026-09-06 04:00:00
ATE 0604,Red Light,2025-08,Live,487.0,2026-09-06 04:00:00
ATE 0604,Red Light,2025-09,Live,665.0,2026-09-06 04:00:00
ATE 0604,Red Light,2025-10,Live,1165.0,2026-09-06 04:00:00
ATE 0604,Red Light,2025-11,Live,879.0,2026-09-06 04:00:00
ATE 0604,Red Light,2025-12,Live,491.0,2026-09-06 04:00:00
ATE 0604,Red Light,2026-01,Live,333.0,2026-09-06 04:00:00
ATE 0604,Red Light,2026-02,Live,444.0,2026-09-06 04:00:00
ATE 0604,Red Light,2026-03,Live,563.0,2026-09-06 04:00:00
ATE 0604,Red Light,2026-04,Live,537.0,2026-09-06 04:00:00
ATE 0604,Red Light,2026-05,Live,583.0,2026-09-06 04:00:00
ATE 0604,Red Light,2026-06,Live,488.0,2026-09-06 04:00:00
ATE 0604,Red Light,2026-07,Live,558.0,2026-09-06 04:00:00
ATE 0604,Red Light,2026-08,Live,422.0,2026-09-06 04:00:00
ATE 0604,Red Light,2026-09,Live,91.0,2026-09-06 04:00:00
ATE 0605,Red Light,2024-12,Live,301.0,2026-09-07 04:00:00
ATE 0605,Red Light,2025-01,Live,301.0,2026-09-07 04:00:00
ATE 0605,Red Light,2025-02,Live,326.0,2026-09-07 04:00:00
ATE 0605,Red Light,2025-03,Live,356.0,2026-09-07 04:00:00
ATE 0605,Red Light,2025-04,Live,390.0,2026-09-07 04:00:00
ATE 0605,Red Light,2025-05,Live,408.0,2026-09-07 04:00:00
ATE 0605,Red Light,2025-06,Live,199.0,2026-09-07 04:00:00
ATE 0605,Red Light,2025-07,Live,139.0,2026-09-07 04:00:00
ATE 0605,Red Light,2025-08,Live,367.0,2026-09-07 04:00:00
ATE 0605,Red Light,2025-09,Live,277.0,2026-09-07 04:00:00
ATE 0605,Red Light,2025-10,Live,343.0,2026-09-07 04:00:00
ATE 0605,Red Light,2025-11,Live,289.0,2026-09-07 04:00:00
ATE 0605,Red Light,2025-12,Live,282.0,2026-09-07 04:00:00
ATE 0605,Red Light,2026-01,Live,262.0,2026-09-07 04:00:00
ATE 0605,Red Light,2026-02,Live,255.0,2026-09-07 04:00:00
ATE 0605,Red Light,2026-03,Live,346.0,2026-09-07 04:00:00
ATE 0605,Red Light,2026-04,Live,339.0,2026-09-07 04:00:00
ATE 0605,Red Light,2026-05,Live,418.0,2026-09-07 04:00:00
ATE 0605,Red Light,2026-06,Live,349.0,2026-09-07 04:00:00
ATE 0605,Red Light,2026-07,Live,366.0,2026-09-07 04:00:00
ATE 0605,Red Light,2026-08,Live,353.0,2026-09-07 04:00:00
ATE 0605,Red Light,2026-09,Live,73.0,2026-09-07 04:00:00
ATE 0606,Red Light,2024-12,Live,2829.0,2026-09-06 04:00:00
ATE 0606,Red Light,2025-01,Live,2627.0,2026-09-06 04:00:00
ATE 0606,Red Light,2025-02,Live,2501.0,2026-09-06 04:00:00
ATE 0606,Red Light,2025-03,Live,3232.0,2026-09-06 04:00:00
ATE 0606,Red Light,2025-04,Live,3144.0,2026-09-06 04:00:00
ATE 0606,Red Light,2025-05,Live,3310.0,2026-09-06 04:00:00
ATE 0606,Red Light,2025-06,Live,3163.0,2026-09-06 04:00:00
ATE 0606,Red Light,2025-07,Live,3024.0,2026-09-06 04:00:00
ATE 0606,Red Light,2025-08,Live,2931.0,2026-09-06 04:00:00
ATE 0606,Red Light,2025-09,Live,2984.0,2026-09-06 04:00:00
ATE 0606,Red Light,2025-10,Live,3023.0,2026-09-06 04:00:00
ATE 0606,Red Light,2025-11,Live,674.0,2026-09-06 04:00:00
ATE 0606,Red Light,2025-12,Live,931.0,2026-09-06 04:00:00
ATE 0606,Red Light,2026-01,Live,801.0,2026-09-06 04:00:00
ATE 0606,Red Light,2026-02,Live,1535.0,2026-09-06 04:00:00
ATE 0606,Red Light,2026-03,Live,2335.0,2026-09-06 04:00:00
ATE 0606,Red Light,2026-04,Live,2192.0,2026-09-06 04:00:00
ATE 0606,Red Light,2026-05,Live,2526.0,2026-09-06 04:00:00
ATE 0606,Red Light,2026-06,Live,1825.0,2026-09-06 04:00:00
ATE 0606,Red Light,2026-07,Live,200.0,2026-09-06 04:00:00
ATE 0606,Red Light,2026-08,Live,313.0,2026-09-06 04:00:00
ATE 0606,Red Light,2026-09,Live,85.0,2026-09-06 04:00:00
ATE 0607,Red Light,2024-12,Live,207.0,2026-09-07 04:00:00
ATE 0607,Red Light,2025-01,Live,188.0,2026-09-07 04:00:00
ATE 0607,Red Light,2025-02,Live,154.0,2026-09-07 04:00:00
ATE 0607,Red Light,2025-03,Live,178.0,2026-09-07 04:00:00
ATE 0607,Red Light,2025-04,Live,189.0,2026-09-07 04:00:00
ATE 0607,Red Light,2025-05,Live,216.0,2026-09-07 04:00:00
ATE 0607,Red Light,2025-06,Live,180.0,2026-09-07 04:00:00
ATE 0607,Red Light,2025-07,Live,199.0,2026-09-07 04:00:00
ATE 0607,Red Light,2025-08,Live,175.0,2026-09-07 04:00:00
ATE 0607,Red Light,2025-09,Live,152.0,2026-09-07 04:00:00
ATE 0607,Red Light,2025-10,Live,156.0,2026-09-07 04:00:00
ATE 0607,Red Light,2025-11,Live,149.0,2026-09-07 04:00:00
ATE 0607,Red Light,2025-12,Live,162.0,2026-09-07 04:00:00
ATE 0607,Red Light,2026-01,Live,96.0,2026-09-07 04:00:00
ATE 0607,Red Light,2026-02,Live,165.0,2026-09-07 04:00:00
ATE 0607,Red Light,2026-03,Live,155.0,2026-09-07 04:00:00
ATE 0607,Red Light,2026-04,Live,163.0,2026-09-07 04:00:00
ATE 0607,Red Light,2026-05,Live,160.0,2026-09-07 04:00:00
ATE 0607,Red Light,2026-06,Live,164.0,2026-09-07 04:00:00
ATE 0607,Red Light,2026-07,Live,161.0,2026-09-07 04:00:00
ATE 0607,Red Light,2026-08,Live,176.0,2026-09-07 04:00:00
ATE 0607,Red Light,2026-09,Live,38.0,2026-09-07 04:00:00
ATE 0608,Red Light,2024-12,Live,64.0,2026-09-06 04:00:00
ATE 0608,Red Light,2025-01,Live,71.0,2026-09-06 04:00:00
ATE 0608,Red Light,2025-02,Live,44.0,2026-09-06 04:00:00
ATE 0608,Red Light,2025-03,Live,49.0,2026-09-06 04:00:00
ATE 0608,Red Light,2025-04,Live,50.0,2026-09-06 04:00:00
ATE 0608,Red Light,2025-05,Live,73.0,2026-09-06 04:00:00
ATE 0608,Red Light,2025-06,Live,60.0,2026-09-06 04:00:00
ATE 0608,Red Light,2025-07,Live,90.0,2026-09-06 04:00:00
ATE 0608,Red Light,2025-08,Live,56.0,2026-09-06 04:00:00
ATE 0608,Red Light,2025-09,Live,78.0,2026-09-06 04:00:00
ATE 0608,Red Light,2025-10,Live,83.0,2026-09-06 04:00:00
ATE 0608,Red Light,2025-11,Live,84.0,2026-09-06 04:00:00
ATE 0608,Red Light,2025-12,Live,75.0,2026-09-06 04:00:00
ATE 0608,Red Light,2026-01,Live,65.0,2026-09-06 04:00:00
ATE 0608,Red Light,2026-02,Live,82.0,2026-09-06 04:00:00
ATE 0608,Red Light,2026-03,Live,79.0,2026-09-06 04:00:00
ATE 0608,Red Light,2026-04,Live,82.0,2026-09-06 04:00:00
ATE 0608,Red Light,2026-05,Live,63.0,2026-09-06 04:00:00
ATE 0608,Red Light,2026-06,Live,74.0,2026-09-06 04:00:00
ATE 0608,Red Light,2026-07,Live,93.0,2026-09-06 04:00:00
ATE 0608,Red Light,2026-08,Live,81.0,2026-09-06 04:00:00
ATE 0608,Red Light,2026-09,Live,11.0,2026-09-06 04:00:00
ATE 0609,Red Light,2024-12,Live,558.0,2026-09-06 04:00:00
ATE 0609,Red Light,2025-01,Live,448.0,2026-09-06 04:00:00
ATE 0609,Red Light,2025-02,Live,378.0,2026-09-06 04:00:00
ATE 0609,Red Light,2025-03,Live,548.0,2026-09-06 04:00:00
ATE 0609,Red Light,2025-04,Live,530.0,2026-09-06 04:00:00
ATE 0609,Red Light,2025-05,Live,666.0,2026-09-06 04:00:00
ATE 0609,Red Light,2025-06,Live,603.0,2026-09-06 04:00:00
ATE 0609,Red Light,2025-07,Live,576.0,2026-09-06 04:00:00
ATE 0609,Red Light,2025-08,Live,457.0,2026-09-06 04:00:00
ATE 0609,Red Light,2025-09,Live,399.0,2026-09-06 04:00:00
ATE 0609,Red Light,2025-10,Live,387.0,2026-09-06 04:00:00
ATE 0609,Red Light,2025-11,Live,355.0,2026-09-06 04:00:00
ATE 0609,Red Light,2025-12,Live,308.0,2026-09-06 04:00:00
ATE 0609,Red Light,2026-01,Live,224.0,2026-09-06 04:00:00
ATE 0609,Red Light,2026-02,Live,81.0,2026-09-06 04:00:00
ATE 0609,Red Light,2026-03,Live,68.0,2026-09-06 04:00:00
ATE 0609,Red Light,2026-04,Live,192.0,2026-09-06 04:00:00
ATE 0609,Red Light,2026-05,Live,298.0,2026-09-06 04:00:00
ATE 0609,Red Light,2026-06,Live,245.0,2026-09-06 04:00:00
ATE 0609,Red Light,2026-07,Live,260.0,2026-09-06 04:00:00
ATE 0609,Red Light,2026-08,Live,270.0,2026-09-06 04:00:00
ATE 0609,Red Light,2026-09,Live,73.0,2026-09-06 04:00:00
ATE 0700,Red Light,2024-12,Live,261.0,2026-09-07 04:00:00
ATE 0700,Red Light,2025-01,Live,118.0,2026-09-07 04:00:00
ATE 0700,Red Light,2025-02,Live,17.0,2026-09-07 04:00:00
ATE 0700,Red Light,2025-03,Live,151.0,2026-09-07 04:00:00
ATE 0700,Red Light,2025-04,Live,194.0,2026-09-07 04:00:00
ATE 0700,Red Light,2025-05,Live,261.0,2026-09-07 04:00:00
ATE 0700,Red Light,2025-06,Live,206.0,2026-09-07 04:00:00
ATE 0700,Red Light,2025-07,Live,243.0,2026-09-07 04:00:00
ATE 0700,Red Light,2025-08,Live,198.0,2026-09-07 04:00:00
ATE 0700,Red Light,2025-09,Live,180.0,2026-09-07 04:00:00
ATE 0700,Red Light,2025-10,Live,237.0,2026-09-07 04:00:00
ATE 0700,Red Light,2025-11,Live,183.0,2026-09-07 04:00:00
ATE 0700,Red Light,2025-12,Live,183.0,2026-09-07 04:00:00
ATE 0700,Red Light,2026-01,Live,180.0,2026-09-07 04:00:00
ATE 0700,Red Light,2026-02,Live,215.0,2026-09-07 04:00:00
ATE 0700,Red Light,2026-03,Live,233.0,2026-09-07 04:00:00
ATE 0700,Red Light,2026-04,Live,308.0,2026-09-07 04:00:00
ATE 0700,Red Light,2026-05,Live,331.0,2026-09-07 04:00:00
ATE 0700,Red Light,2026-06,Live,374.0,2026-09-07 04:00:00
ATE 0700,Red Light,2026-07,Live,310.0,2026-09-07 04:00:00
ATE 0700,Red Light,2026-08,Live,289.0,2026-09-07 04:00:00
ATE 0700,Red Light,2026-09,Live,87.0,2026-09-07 04:00:00
ATE 0701,Red Light,2024-12,Live,229.0,2026-09-06 04:00:00
ATE 0701,Red Light,2025-01,Live,261.0,2026-09-06 04:00:00
ATE 0701,Red Light,2025-02,Live,292.0,2026-09-06 04:00:00
ATE 0701,Red Light,2025-03,Live,286.0,2026-09-06 04:00:00
ATE 0701,Red Light,2025-04,Live,295.0,2026-09-06 04:00:00
ATE 0701,Red Light,2025-05,Live,258.0,2026-09-06 04:00:00
ATE 0701,Red Light,2025-06,Live,272.0,2026-09-06 04:00:00
ATE 0701,Red Light,2025-07,Live,335.0,2026-09-06 04:00:00
ATE 0701,Red Light,2025-08,Live,281.0,2026-09-06 04:00:00
ATE 0701,Red Light,2025-09,Live,304.0,2026-09-06 04:00:00
ATE 0701,Red Light,2025-10,Live,286.0,2026-09-06 04:00:00
ATE 0701,Red Light,2025-11,Live,242.0,2026-09-06 04:00:00
ATE 0701,Red Light,2025-12,Live,261.0,2026-09-06 04:00:00
ATE 0701,Red Light,2026-01,Live,178.0,2026-09-06 04:00:00
ATE 0701,Red Light,2026-02,Live,251.0,2026-09-06 04:00:00
ATE 0701,Red Light,2026-03,Live,306.0,2026-09-06 04:00:00
ATE 0701,Red Light,2026-04,Live,314.0,2026-09-06 04:00:00
ATE 0701,Red Light,2026-05,Live,329.0,2026-09-06 04:00:00
ATE 0701,Red Light,2026-06,Live,328.0,2026-09-06 04:00:00
ATE 0701,Red Light,2026-07,Live,307.0,2026-09-06 04:00:00
ATE 0701,Red Light,2026-08,Live,382.0,2026-09-06 04:00:00
ATE 0701,Red Light,2026-09,Live,79.0,2026-09-06 04:00:00
ATE 0702,Red Light,2024-12,Live,119.0,2025-10-25 04:00:00
ATE 0702,Red Light,2025-01,Live,135.0,2025-10-25 04:00:00
ATE 0702,Red Light,2025-02,Live,126.0,2025-10-25 04:00:00
ATE 0702,Red Light,2025-03,Live,121.0,2025-10-25 04:00:00
ATE 0702,Red Light,2025-04,Live,150.0,2025-10-25 04:00:00
ATE 0702,Red Light,2025-05,Live,191.0,2025-10-25 04:00:00
ATE 0702,Red Light,2025-06,Live,206.0,2025-10-25 04:00:00
ATE 0702,Red Light,2025-07,Live,165.0,2025-10-25 04:00:00
ATE 0702,Red Light,2025-08,Live,139.0,2025-10-25 04:00:00
ATE 0702,Red Light,2025-09,Live,173.0,2025-10-25 04:00:00
ATE 0702,Red Light,2025-10,Live,201.0,2025-10-25 04:00:00
ATE 0702,Red Light,2026-01,Idle,18.0,2026-09-07 04:00:00
ATE 0702,Red Light,2026-03,Idle,54.0,2026-09-07 04:00:00
ATE 0702,Red Light,2026-04,Idle,67.0,2026-09-07 04:00:00
ATE 0702,Red Light,2026-05,Idle,199.0,2026-09-07 04:00:00
ATE 0702,Red Light,2026-06,Idle,235.0,2026-09-07 04:00:00
ATE 0702,Red Light,2026-07,Idle,229.0,2026-09-07 04:00:00
ATE 0702,Red Light,2026-08,Idle,181.0,2026-09-07 04:00:00
ATE 0702,Red Light,2026-09,Idle,66.0,2026-09-07 04:00:00
ATE 0703,Red Light,2024-12,Live,653.0,2026-09-06 04:00:00
ATE 0703,Red Light,2025-01,Live,577.0,2026-09-06 04:00:00
ATE 0703,Red Light,2025-02,Live,551.0,2026-09-06 04:00:00
ATE 0703,Red Light,2025-03,Live,689.0,2026-09-06 04:00:00
ATE 0703,Red Light,2025-04,Live,833.0,2026-09-06 04:00:00
ATE 0703,Red Light,2025-05,Live,833.0,2026-09-06 04:00:00
ATE 0703,Red Light,2025-06,Live,768.0,2026-09-06 04:00:00
ATE 0703,Red Light,2025-07,Live,614.0,2026-09-06 04:00:00
ATE 0703,Red Light,2025-08,Live,605.0,2026-09-06 04:00:00
ATE 0703,Red Light,2025-09,Live,644.0,2026-09-06 04:00:00
ATE 0703,Red Light,2025-10,Live,885.0,2026-09-06 04:00:00
ATE 0703,Red Light,2025-11,Live,578.0,2026-09-06 04:00:00
ATE 0703,Red Light,2025-12,Live,502.0,2026-09-06 04:00:00
ATE 0703,Red Light,2026-01,Live,412.0,2026-09-06 04:00:00
ATE 0703,Red Light,2026-02,Live,508.0,2026-09-06 04:00:00
ATE 0703,Red Light,2026-03,Live,537.0,2026-09-06 04:00:00
ATE 0703,Red Light,2026-04,Live,653.0,2026-09-06 04:00:00
ATE 0703,Red Light,2026-05,Live,680.0,2026-09-06 04:00:00
ATE 0703,Red Light,2026-06,Live,589.0,2026-09-06 04:00:00
ATE 0703,Red Light,2026-07,Live,585.0,2026-09-06 04:00:00
ATE 0703,Red Light,2026-08,Live,546.0,2026-09-06 04:00:00
ATE 0703,Red Light,2026-09,Live,117.0,2026-09-06 04:00:00
ATE 0704,Speed,2024-12,Live,2464.0,2026-09-10 04:00:00
ATE 0704,Speed,2025-01,Live,2284.0,2026-09-10 04:00:00
ATE 0704,Speed,2025-02,Live,2218.0,2026-09-10 04:00:00
ATE 0704,Speed,2025-03,Live,2663.0,2026-09-10 04:00:00
ATE 0704,Speed,2025-04,Live,2657.0,2026-09-10 04:00:00
ATE 0704,Speed,2025-05,Live,2784.0,2026-09-10 04:00:00
ATE 0704,Speed,2025-06,Live,2651.0,2026-09-10 04:00:00
ATE 0704,Speed,2025-07,Live,2597.0,2026-09-10 04:00:00
ATE 0704,Speed,2025-08,Live,2217.0,2026-09-10 04:00:00
ATE 0704,Speed,2025-09,Live,1955.0,2026-09-10 04:00:00
ATE 0704,Speed,2025-10,Live,2000.0,2026-09-10 04:00:00
ATE 0704,Speed,2025-11,Live,1831.0,2026-09-10 04:00:00
ATE 0704,Speed,2025-12,Live,1801.0,2026-09-10 04:00:00
ATE 0704,Speed,2026-01,Live,1438.0,2026-09-10 04:00:00
ATE 0704,Speed,2026-02,Live,1317.0,2026-09-10 04:00:00
ATE 0704,Speed,2026-03,Live,1889.0,2026-09-10 04:00:00
ATE 0704,Speed,2026-04,Live,1881.0,2026-09-10 04:00:00
ATE 0704,Speed,2026-05,Live,1691.0,2026-09-10 04:00:00
ATE 0704,Speed,2026-06,Live,1064.0,2026-09-10 04:00:00
ATE 0704,Speed,2026-07,Live,1166.0,2026-09-10 04:00:00
ATE 0704,Speed,2026-08,Live,1421.0,2026-09-10 04:00:00
ATE 0704,Speed,2026-09,Live,610.0,2026-09-10 04:00:00
ATE 0705,Speed,2024-12,Live,843.0,2026-09-10 04:00:00
ATE 0705,Speed,2025-01,Live,628.0,2026-09-10 04:00:00
ATE 0705,Speed,2025-02,Live,577.0,2026-09-10 04:00:00
ATE 0705,Speed,2025-03,Live,807.0,2026-09-10 04:00:00
ATE 0705,Speed,2025-04,Live,762.0,2026-09-10 04:00:00
ATE 0705,Speed,2025-05,Live,751.0,2026-09-10 04:00:00
ATE 0705,Speed,2025-06,Live,785.0,2026-09-10 04:00:00
ATE 0705,Speed,2025-07,Live,747.0,2026-09-10 04:00:00
ATE 0705,Speed,2025-08,Live,737.0,2026-09-10 04:00:00
ATE 0705,Speed,2025-09,Live,585.0,2026-09-10 04:00:00
ATE 0705,Speed,2025-10,Live,676.0,2026-09-10 04:00:00
ATE 0705,Speed,2025-11,Live,586.0,2026-09-10 04:00:00
ATE 0705,Speed,2025-12,Live,629.0,2026-09-10 04:00:00
ATE 0705,Speed,2026-01,Live,448.0,2026-09-10 04:00:00
ATE 0705,Speed,2026-02,Live,395.0,2026-09-10 04:00:00
ATE 0705,Speed,2026-03,Live,634.0,2026-09-10 04:00:00
ATE 0705,Speed,2026-04,Live,588.0,2026-09-10 04:00:00
ATE 0705,Speed,2026-05,Live,591.0,2026-09-10 04:00:00
ATE 0705,Speed,2026-06,Live,345.0,2026-09-10 04:00:00
ATE 0705,Speed,2026-07,Live,362.0,2026-09-10 04:00:00
ATE 0705,Speed,2026-08,Live,508.0,2026-09-10 04:00:00
ATE 0705,Speed,2026-09,Live,168.0,2026-09-10 04:00:00
ATE 0706,Speed,2024-12,Live,745.0,2026-09-09 04:00:00
ATE 0706,Speed,2025-01,Live,477.0,2026-09-09 04:00:00
ATE 0706,Speed,2025-02,Live,470.0,2026-09-09 04:00:00
ATE 0706,Speed,2025-03,Live,589.0,2026-09-09 04:00:00
ATE 0706,Speed,2025-04,Live,546.0,2026-09-09 04:00:00
ATE 0706,Speed,2025-05,Live,661.0,2026-09-09 04:00:00
ATE 0706,Speed,2025-06,Live,629.0,2026-09-09 04:00:00
ATE 0706,Speed,2025-07,Live,609.0,2026-09-09 04:00:00
ATE 0706,Speed,2025-08,Live,544.0,2026-09-09 04:00:00
ATE 0706,Speed,2025-09,Live,427.0,2026-09-09 04:00:00
ATE 0706,Speed,2025-10,Live,523.0,2026-09-09 04:00:00
ATE 0706,Speed,2025-11,Live,440.0,2026-09-09 04:00:00
ATE 0706,Speed,2025-12,Live,397.0,2026-09-09 04:00:00
ATE 0706,Speed,2026-01,Live,266.0,2026-09-09 04:00:00
ATE 0706,Speed,2026-02,Live,303.0,2026-09-09 04:00:00
ATE 0706,Speed,2026-03,Live,378.0,2026-09-09 04:00:00
ATE 0706,Speed,2026-04,Live,425.0,2026-09-09 04:00:00
ATE 0706,Speed,2026-05,Live,456.0,2026-09-09 04:00:00
ATE 0706,Speed,2026-06,Live,322.0,2026-09-09 04:00:00
ATE 0706,Speed,2026-07,Live,334.0,2026-09-09 04:00:00
ATE 0706,Speed,2026-08,Live,339.0,2026-09-09 04:00:00
ATE 0706,Speed,2026-09,Live,132.0,2026-09-09 04:00:00
ATE 0707,Speed,2024-12,Live,1195.0,2026-09-09 04:00:00
ATE 0707,Speed,2025-01,Live,809.0,2026-09-09 04:00:00
ATE 0707,Speed,2025-02,Live,887.0,2026-09-09 04:00:00
ATE 0707,Speed,2025-03,Live,1058.0,2026-09-09 04:00:00
ATE 0707,Speed,2025-04,Live,977.0,2026-09-09 04:00:00
ATE 0707,Speed,2025-05,Live,978.0,2026-09-09 04:00:00
ATE 0707,Speed,2025-06,Live,646.0,2026-09-09 04:00:00
ATE 0707,Speed,2025-07,Live,7.0,2026-09-09 04:00:00
ATE 0707,Speed,2025-08,Live,268.0,2026-09-09 04:00:00
ATE 0707,Speed,2025-09,Live,228.0,2026-09-09 04:00:00
ATE 0707,Speed,2025-10,Live,305.0,2026-09-09 04:00:00
ATE 0707,Speed,2025-11,Live,273.0,2026-09-09 04:00:00
ATE 0707,Speed,2025-12,Live,368.0,2026-09-09 04:00:00
ATE 0707,Speed,2026-01,Live,290.0,2026-09-09 04:00:00
ATE 0707,Speed,2026-02,Live,259.0,2026-09-09 04:00:00
ATE 0707,Speed,2026-03,Live,339.0,2026-09-09 04:00:00
ATE 0707,Speed,2026-04,Live,362.0,2026-09-09 04:00:00
ATE 0707,Speed,2026-05,Live,395.0,2026-09-09 04:00:00
ATE 0707,Speed,2026-06,Live,153.0,2026-09-09 04:00:00
ATE 0707,Speed,2026-08,Live,195.0,2026-09-09 04:00:00
ATE 0707,Speed,2026-09,Live,67.0,2026-09-09 04:00:00
ATE 0712,Truck Restriction,2024-12,Live,130.0,2026-09-04 04:00:00
ATE 0712,Truck Restriction,2025-01,Live,119.0,2026-09-04 04:00:00
ATE 0712,Truck Restriction,2025-02,Live,67.0,2026-09-04 04:00:00
ATE 0712,Truck Restriction,2025-03,Live,117.0,2026-09-04 04:00:00
ATE 0712,Truck Restriction,2025-04,Live,111.0,2026-09-04 04:00:00
ATE 0712,Truck Restriction,2025-05,Live,99.0,2026-09-04 04:00:00
ATE 0712,Truck Restriction,2025-06,Live,115.0,2026-09-04 04:00:00
ATE 0712,Truck Restriction,2025-07,Live,111.0,2026-09-04 04:00:00
ATE 0712,Truck Restriction,2025-08,Live,113.0,2026-09-04 04:00:00
ATE 0712,Truck Restriction,2025-09,Live,92.0,2026-09-04 04:00:00
ATE 0712,Truck Restriction,2025-10,Live,66.0,2026-09-04 04:00:00
ATE 0712,Truck Restriction,2025-11,Live,55.0,2026-09-04 04:00:00
ATE 0712,Truck Restriction,2025-12,Live,100.0,2026-09-04 04:00:00
ATE 0712,Truck Restriction,2026-01,Live,64.0,2026-09-04 04:00:00
ATE 0712,Truck Restriction,2026-02,Live,59.0,2026-09-04 04:00:00
ATE 0712,Truck Restriction,2026-03,Live,111.0,2026-09-04 04:00:00
ATE 0712,Truck Restriction,2026-04,Live,97.0,2026-09-04 04:00:00
ATE 0712,Truck Restriction,2026-05,Live,102.0,2026-09-04 04:00:00
ATE 0712,Truck Restriction,2026-06,Live,98.0,2026-09-04 04:00:00
ATE 0712,Truck Restriction,2026-07,Live,96.0,2026-09-04 04:00:00
ATE 0712,Truck Restriction,2026-08,Live,106.0,2026-09-04 04:00:00
ATE 0712,Truck Restriction,2026-09,Live,18.0,2026-09-04 04:00:00
ATE 0757,Red Light,2024-12,Live,128.0,2026-09-07 04:00:00
ATE 0757,Red Light,2025-01,Live,119.0,2026-09-07 04:00:00
ATE 0757,Red Light,2025-02,Live,153.0,2026-09-07 04:00:00
ATE 0757,Red Light,2025-03,Live,263.0,2026-09-07 04:00:00
ATE 0757,Red Light,2025-04,Live,249.0,2026-09-07 04:00:00
ATE 0757,Red Light,2025-05,Live,250.0,2026-09-07 04:00:00
ATE 0757,Red Light,2025-06,Live,234.0,2026-09-07 04:00:00
ATE 0757,Red Light,2025-07,Live,238.0,2026-09-07 04:00:00
ATE 0757,Red Light,2025-08,Live,271.0,2026-09-07 04:00:00
ATE 0757,Red Light,2025-09,Live,193.0,2026-09-07 04:00:00
ATE 0757,Red Light,2025-10,Live,213.0,2026-09-07 04:00:00
ATE 0757,Red Light,2025-11,Live,122.0,2026-09-07 04:00:00
ATE 0757,Red Light,2025-12,Live,149.0,2026-09-07 04:00:00
ATE 0757,Red Light,2026-01,Live,116.0,2026-09-07 04:00:00
ATE 0757,Red Light,2026-02,Live,133.0,2026-09-07 04:00:00
ATE 0757,Red Light,2026-03,Live,140.0,2026-09-07 04:00:00
ATE 0757,Red Light,2026-04,Live,191.0,2026-09-07 04:00:00
ATE 0757,Red Light,2026-05,Live,229.0,2026-09-07 04:00:00
ATE 0757,Red Light,2026-06,Live,186.0,2026-09-07 04:00:00
ATE 0757,Red Light,2026-07,Live,251.0,2026-09-07 04:00:00
ATE 0757,Red Light,2026-08,Live,210.0,2026-09-07 04:00:00
ATE 0757,Red Light,2026-09,Live,46.0,2026-09-07 04:00:00
ATE 0784,Red Light,2024-12,Live,164.0,2026-09-06 04:00:00
ATE 0784,Red Light,2025-01,Live,141.0,2026-09-06 04:00:00
ATE 0784,Red Light,2025-02,Live,161.0,2026-09-06 04:00:00
ATE 0784,Red Light,2025-03,Live,156.0,2026-09-06 04:00:00
ATE 0784,Red Light,2025-04,Live,148.0,2026-09-06 04:00:00
ATE 0784,Red Light,2025-05,Live,144.0,2026-09-06 04:00:00
ATE 0784,Red Light,2025-06,Live,143.0,2026-09-06 04:00:00
ATE 0784,Red Light,2025-07,Live,199.0,2026-09-06 04:00:00
ATE 0784,Red Light,2025-08,Live,128.0,2026-09-06 04:00:00
ATE 0784,Red Light,2025-09,Live,139.0,2026-09-06 04:00:00
ATE 0784,Red Light,2025-10,Live,165.0,2026-09-06 04:00:00
ATE 0784,Red Light,2025-11,Live,116.0,2026-09-06 04:00:00
ATE 0784,Red Light,2025-12,Live,111.0,2026-09-06 04:00:00
ATE 0784,Red Light,2026-01,Live,101.0,2026-09-06 04:00:00
ATE 0784,Red Light,2026-02,Live,119.0,2026-09-06 04:00:00
ATE 0784,Red Light,2026-03,Live,123.0,2026-09-06 04:00:00
ATE 0784,Red Light,2026-04,Live,159.0,2026-09-06 04:00:00
ATE 0784,Red Light,2026-05,Live,159.0,2026-09-06 04:00:00
ATE 0784,Red Light,2026-06,Live,175.0,2026-09-06 04:00:00
ATE 0784,Red Light,2026-07,Live,191.0,2026-09-06 04:00:00
ATE 0784,Red Light,2026-08,Live,140.0,2026-09-06 04:00:00
ATE 0784,Red Light,2026-09,Live,30.0,2026-09-06 04:00:00
ATE 0785,Speed,2024-12,Live,437.0,2026-09-09 04:00:00
ATE 0785,Speed,2025-01,Live,1309.0,2026-09-09 04:00:00
ATE 0785,Speed,2025-02,Live,1521.0,2026-09-09 04:00:00
ATE 0785,Speed,2025-03,Live,1309.0,2026-09-09 04:00:00
ATE 0785,Speed,2025-04,Live,1568.0,2026-09-09 04:00:00
ATE 0785,Speed,2025-05,Live,1866.0,2026-09-09 04:00:00
ATE 0785,Speed,2025-06,Live,2173.0,2026-09-09 04:00:00
ATE 0785,Speed,2025-07,Live,2017.0,2026-09-09 04:00:00
ATE 0785,Speed,2025-08,Live,1890.0,2026-09-09 04:00:00
ATE 0785,Speed,2025-09,Live,1524.0,2026-09-09 04:00:00
ATE 0785,Speed,2025-10,Live,736.0,2026-09-09 04:00:00
ATE 0785,Speed,2025-11,Live,425.0,2026-09-09 04:00:00
ATE 0785,Speed,2025-12,Live,483.0,2026-09-09 04:00:00
ATE 0785,Speed,2026-01,Live,543.0,2026-09-09 04:00:00
ATE 0785,Speed,2026-02,Live,393.0,2026-09-09 04:00:00
ATE 0785,Speed,2026-03,Live,702.0,2026-09-09 04:00:00
ATE 0785,Speed,2026-04,Live,387.0,2026-09-09 04:00:00
ATE 0785,Speed,2026-05,Live,209.0,2026-09-09 04:00:00
ATE 0785,Speed,2026-06,Live,139.0,2026-09-09 04:00:00
ATE 0785,Speed,2026-07,Live,96.0,2026-09-09 04:00:00
ATE 0785,Speed,2026-08,Live,63.0,2026-09-09 04:00:00
ATE 0785,Speed,2026-09,Live,10.0,2026-09-09 04:00:00
ATE 0787,Red Light,2024-12,Live,373.0,2026-09-07 04:00:00
ATE 0787,Red Light,2025-01,Live,385.0,2026-09-07 04:00:00
ATE 0787,Red Light,2025-02,Live,310.0,2026-09-07 04:00:00
ATE 0787,Red Light,2025-03,Live,379.0,2026-09-07 04:00:00
ATE 0787,Red Light,2025-04,Live,388.0,2026-09-07 04:00:00
ATE 0787,Red Light,2025-05,Live,442.0,2026-09-07 04:00:00
ATE 0787,Red Light,2025-06,Live,480.0,2026-09-07 04:00:00
ATE 0787,Red Light,2025-07,Live,434.0,2026-09-07 04:00:00
ATE 0787,Red Light,2025-08,Live,414.0,2026-09-07 04:00:00
ATE 0787,Red Light,2025-09,Live,220.0,2026-09-07 04:00:00
ATE 0787,Red Light,2025-10,Live,251.0,2026-09-07 04:00:00
ATE 0787,Red Light,2025-11,Live,353.0,2026-09-07 04:00:00
ATE 0787,Red Light,2025-12,Live,305.0,2026-09-07 04:00:00
ATE 0787,Red Light,2026-01,Live,327.0,2026-09-07 04:00:00
ATE 0787,Red Light,2026-02,Live,522.0,2026-09-07 04:00:00
ATE 0787,Red Light,2026-03,Live,428.0,2026-09-07 04:00:00
ATE 0787,Red Light,2026-04,Live,428.0,2026-09-07 04:00:00
ATE 0787,Red Light,2026-05,Live,485.0,2026-09-07 04:00:00
ATE 0787,Red Light,2026-06,Live,528.0,2026-09-07 04:00:00
ATE 0787,Red Light,2026-07,Live,564.0,2026-09-07 04:00:00
ATE 0787,Red Light,2026-08,Live,437.0,2026-09-07 04:00:00
ATE 0787,Red Light,2026-09,Live,118.0,2026-09-07 04:00:00
ATE 0788,Truck Restriction,2024-12,Live,197.0,2026-09-06 04:00:00
ATE 0788,Truck Restriction,2025-01,Live,171.0,2026-09-06 04:00:00
ATE 0788,Truck Restriction,2025-02,Live,161.0,2026-09-06 04:00:00
ATE 0788,Truck Restriction,2025-03,Live,250.0,2026-09-06 04:00:00
ATE 0788,Truck Restriction,2025-04,Live,254.0,2026-09-06 04:00:00
ATE 0788,Truck Restriction,2025-05,Live,244.0,2026-09-06 04:00:00
ATE 0788,Truck Restriction,2025-06,Live,203.0,2026-09-06 04:00:00
ATE 0788,Truck Restriction,2025-07,Live,238.0,2026-09-06 04:00:00
ATE 0788,Truck Restriction,2025-08,Live,218.0,2026-09-06 04:00:00
ATE 0788,Truck Restriction,2025-09,Live,245.0,2026-09-06 04:00:00
ATE 0788,Truck Restriction,2025-10,Live,143.0,2026-09-06 04:00:00
ATE 0788,Truck Restriction,2025-11,Live,118.0,2026-09-06 04:00:00
ATE 0788,Truck Restriction,2025-12,Live,184.0,2026-09-06 04:00:00
ATE 0788,Truck Restriction,2026-01,Live,91.0,2026-09-06 04:00:00
ATE 0788,Truck Restriction,2026-02,Live,102.0,2026-09-06 04:00:00
ATE 0788,Truck Restriction,2026-03,Live,195.0,2026-09-06 04:00:00
ATE 0788,Truck Restriction,2026-04,Live,303.0,2026-09-06 04:00:00
ATE 0788,Truck Restriction,2026-05,Live,216.0,2026-09-06 04:00:00
ATE 0788,Truck Restriction,2026-06,Live,168.0,2026-09-06 04:00:00
ATE 0788,Truck Restriction,2026-07,Live,165.0,2026-09-06 04:00:00
ATE 0788,Truck Restriction,2026-08,Live,150.0,2026-09-06 04:00:00
ATE 0788,Truck Restriction,2026-09,Live,33.0,2026-09-06 04:00:00
ATE 0800,Truck Restriction,2024-12,Live,147.0,2026-09-06 04:00:00
ATE 0800,Truck Restriction,2025-01,Live,179.0,2026-09-06 04:00:00
ATE 0800,Truck Restriction,2025-02,Live,149.0,2026-09-06 04:00:00
ATE 0800,Truck Restriction,2025-03,Live,235.0,2026-09-06 04:00:00
ATE 0800,Truck Restriction,2025-04,Live,214.0,2026-09-06 04:00:00
ATE 0800,Truck Restriction,2025-05,Live,245.0,2026-09-06 04:00:00
ATE 0800,Truck Restriction,2025-06,Live,227.0,2026-09-06 04:00:00
ATE 0800,Truck Restriction,2025-07,Live,210.0,2026-09-06 04:00:00
ATE 0800,Truck Restriction,2025-08,Live,162.0,2026-09-06 04:00:00
ATE 0800,Truck Restriction,2025-09,Live,195.0,2026-09-06 04:00:00
ATE 0800,Truck Restriction,2025-10,Live,127.0,2026-09-06 04:00:00
ATE 0800,Truck Restriction,2025-11,Live,89.0,2026-09-06 04:00:00
ATE 0800,Truck Restriction,2025-12,Live,151.0,2026-09-06 04:00:00
ATE 0800,Truck Restriction,2026-01,Live,115.0,2026-09-06 04:00:00
ATE 0800,Truck Restriction,2026-02,Live,112.0,2026-09-06 04:00:00
ATE 0800,Truck Restriction,2026-03,Live,275.0,2026-09-06 04:00:00
ATE 0800,Truck Restriction,2026-04,Live,213.0,2026-09-06 04:00:00
ATE 0800,Truck Restriction,2026-05,Live,228.0,2026-09-06 04:00:00
ATE 0800,Truck Restriction,2026-06,Live,86.0,2026-09-06 04:00:00
ATE 0800,Truck Restriction,2026-07,Live,94.0,2026-09-06 04:00:00
ATE 0800,Truck Restriction,2026-08,Live,70.0,2026-09-06 04:00:00
ATE 0800,Truck Restriction,2026-09,Live,26.0,2026-09-06 04:00:00
ATE 0801,Stop Sign,2024-12,Live,1349.0,2026-09-07 04:00:00
ATE 0801,Stop Sign,2025-01,Live,1337.0,2026-09-07 04:00:00
ATE 0801,Stop Sign,2025-02,Live,1353.0,2026-09-07 04:00:00
ATE 0801,Stop Sign,2025-03,Live,1509.0,2026-09-07 04:00:00
ATE 0801,Stop Sign,2025-04,Live,1393.0,2026-09-07 04:00:00
ATE 0801,Stop Sign,2025-05,Live,1347.0,2026-09-07 04:00:00
ATE 0801,Stop Sign,2025-06,Live,1231.0,2026-09-07 04:00:00
ATE 0801,Stop Sign,2025-07,Live,1254.0,2026-09-07 04:00:00
ATE 0801,Stop Sign,2025-08,Live,1226.0,2026-09-07 04:00:00
ATE 0801,Stop Sign,2025-09,Live,1100.0,2026-09-07 04:00:00
ATE 0801,Stop Sign,2025-10,Live,1055.0,2026-09-07 04:00:00
ATE 0801,Stop Sign,2025-11,Live,921.0,2026-09-07 04:00:00
ATE 0801,Stop Sign,2025-12,Live,1039.0,2026-09-07 04:00:00
ATE 0801,Stop Sign,2026-01,Live,925.0,2026-09-07 04:00:00
ATE 0801,Stop Sign,2026-02,Live,805.0,2026-09-07 04:00:00
ATE 0801,Stop Sign,2026-03,Live,799.0,2026-09-07 04:00:00
ATE 0801,Stop Sign,2026-04,Live,693.0,2026-09-07 04:00:00
ATE 0801,Stop Sign,2026-05,Live,717.0,2026-09-07 04:00:00
ATE 0801,Stop Sign,2026-06,Live,659.0,2026-09-07 04:00:00
ATE 0801,Stop Sign,2026-07,Live,642.0,2026-09-07 04:00:00
ATE 0801,Stop Sign,2026-08,Live,594.0,2026-09-07 04:00:00
ATE 0801,Stop Sign,2026-09,Live,115.0,2026-09-07 04:00:00
ATE 0802,Stop Sign,2024-12,Live,1776.0,2026-05-22 04:00:00
ATE 0802,Stop Sign,2025-01,Live,2676.0,2026-05-22 04:00:00
ATE 0802,Stop Sign,2025-02,Live,2658.0,2026-05-22 04:00:00
ATE 0802,Stop Sign,2025-03,Live,3547.0,2026-05-22 04:00:00
ATE 0802,Stop Sign,2025-04,Live,3651.0,2026-05-22 04:00:00
ATE 0802,Stop Sign,2025-05,Live,3919.0,2026-05-22 04:00:00
ATE 0802,Stop Sign,2025-06,Live,3362.0,2026-05-22 04:00:00
ATE 0802,Stop Sign,2025-07,Live,3413.0,2026-05-22 04:00:00
ATE 0802,Stop Sign,2025-08,Live,3007.0,2026-05-22 04:00:00
ATE 0802,Stop Sign,2025-09,Live,2708.0,2026-05-22 04:00:00
ATE 0802,Stop Sign,2025-10,Live,2784.0,2026-05-22 04:00:00
ATE 0802,Stop Sign,2025-11,Live,2120.0,2026-05-22 04:00:00
ATE 0802,Stop Sign,2025-12,Live,2487.0,2026-05-22 04:00:00
ATE 0802,Stop Sign,2026-01,Live,2023.0,2026-05-22 04:00:00
ATE 0802,Stop Sign,2026-02,Live,1899.0,2026-05-22 04:00:00
ATE 0802,Stop Sign,2026-03,Live,1871.0,2026-05-22 04:00:00
ATE 0802,Stop Sign,2026-04,Live,2095.0,2026-05-22 04:00:00
ATE 0802,Stop Sign,2026-05,Idle,217.0,2026-05-29 04:00:00
ATE 0802,Stop Sign,2026-05,Live,1257.0,2026-05-22 04:00:00
ATE 0804,Red Light,2024-12,Live,1108.0,2026-09-07 04:00:00
ATE 0804,Red Light,2025-01,Live,914.0,2026-09-07 04:00:00
ATE 0804,Red Light,2025-02,Live,1049.0,2026-09-07 04:00:00
ATE 0804,Red Light,2025-03,Live,1166.0,2026-09-07 04:00:00
ATE 0804,Red Light,2025-04,Live,1094.0,2026-09-07 04:00:00
ATE 0804,Red Light,2025-05,Live,1213.0,2026-09-07 04:00:00
ATE 0804,Red Light,2025-06,Live,1133.0,2026-09-07 04:00:00
ATE 0804,Red Light,2025-07,Live,1129.0,2026-09-07 04:00:00
ATE 0804,Red Light,2025-08,Live,878.0,2026-09-07 04:00:00
ATE 0804,Red Light,2025-09,Live,836.0,2026-09-07 04:00:00
ATE 0804,Red Light,2025-10,Live,817.0,2026-09-07 04:00:00
ATE 0804,Red Light,2025-11,Live,645.0,2026-09-07 04:00:00
ATE 0804,Red Light,2025-12,Live,617.0,2026-09-07 04:00:00
ATE 0804,Red Light,2026-01,Live,552.0,2026-09-07 04:00:00
ATE 0804,Red Light,2026-02,Live,665.0,2026-09-07 04:00:00
ATE 0804,Red Light,2026-03,Live,815.0,2026-09-07 04:00:00
ATE 0804,Red Light,2026-04,Live,923.0,2026-09-07 04:00:00
ATE 0804,Red Light,2026-05,Live,947.0,2026-09-07 04:00:00
ATE 0804,Red Light,2026-06,Live,957.0,2026-09-07 04:00:00
ATE 0804,Red Light,2026-07,Live,912.0,2026-09-07 04:00:00
ATE 0804,Red Light,2026-08,Live,406.0,2026-09-07 04:00:00
ATE 0804,Red Light,2026-09,Live,183.0,2026-09-07 04:00:00
ATE 0805,Red Light,2024-12,Live,563.0,2026-09-07 04:00:00
ATE 0805,Red Light,2025-01,Live,484.0,2026-09-07 04:00:00
ATE 0805,Red Light,2025-02,Live,269.0,2026-09-07 04:00:00
ATE 0805,Red Light,2025-03,Live,293.0,2026-09-07 04:00:00
ATE 0805,Red Light,2025-04,Live,535.0,2026-09-07 04:00:00
ATE 0805,Red Light,2025-05,Live,579.0,2026-09-07 04:00:00
ATE 0805,Red Light,2025-06,Live,546.0,2026-09-07 04:00:00
ATE 0805,Red Light,2025-07,Live,504.0,2026-09-07 04:00:00
ATE 0805,Red Light,2025-08,Live,379.0,2026-09-07 04:00:00
ATE 0805,Red Light,2025-09,Live,280.0,2026-09-07 04:00:00
ATE 0805,Red Light,2025-10,Live,323.0,2026-09-07 04:00:00
ATE 0805,Red Light,2025-11,Live,318.0,2026-09-07 04:00:00
ATE 0805,Red Light,2025-12,Live,255.0,2026-09-07 04:00:00
ATE 0805,Red Light,2026-01,Live,225.0,2026-09-07 04:00:00
ATE 0805,Red Light,2026-02,Live,307.0,2026-09-07 04:00:00
ATE 0805,Red Light,2026-03,Live,397.0,2026-09-07 04:00:00
ATE 0805,Red Light,2026-04,Live,331.0,2026-09-07 04:00:00
ATE 0805,Red Light,2026-05,Live,363.0,2026-09-07 04:00:00
ATE 0805,Red Light,2026-06,Live,361.0,2026-09-07 04:00:00
ATE 0805,Red Light,2026-07,Live,399.0,2026-09-07 04:00:00
ATE 0805,Red Light,2026-08,Live,354.0,2026-09-07 04:00:00
ATE 0805,Red Light,2026-09,Live,79.0,2026-09-07 04:00:00
ATE 0806,Red Light,2024-12,Live,100.0,2026-09-06 04:00:00
ATE 0806,Red Light,2025-01,Live,115.0,2026-09-06 04:00:00
ATE 0806,Red Light,2025-02,Live,108.0,2026-09-06 04:00:00
ATE 0806,Red Light,2025-03,Live,206.0,2026-09-06 04:00:00
ATE 0806,Red Light,2025-04,Live,126.0,2026-09-06 04:00:00
ATE 0806,Red Light,2025-05,Live,217.0,2026-09-06 04:00:00
ATE 0806,Red Light,2025-06,Live,127.0,2026-09-06 04:00:00
ATE 0806,Red Light,2025-07,Live,325.0,2026-09-06 04:00:00
ATE 0806,Red Light,2025-08,Live,75.0,2026-09-06 04:00:00
ATE 0806,Red Light,2025-09,Live,117.0,2026-09-06 04:00:00
ATE 0806,Red Light,2025-10,Live,143.0,2026-09-06 04:00:00
ATE 0806,Red Light,2025-11,Live,132.0,2026-09-06 04:00:00
ATE 0806,Red Light,2025-12,Live,92.0,2026-09-06 04:00:00
ATE 0806,Red Light,2026-01,Live,176.0,2026-09-06 04:00:00
ATE 0806,Red Light,2026-02,Live,340.0,2026-09-06 04:00:00
ATE 0806,Red Light,2026-03,Live,504.0,2026-09-06 04:00:00
ATE 0806,Red Light,2026-04,Live,578.0,2026-09-06 04:00:00
ATE 0806,Red Light,2026-05,Live,275.0,2026-09-06 04:00:00
ATE 0806,Red Light,2026-06,Live,337.0,2026-09-06 04:00:00
ATE 0806,Red Light,2026-07,Live,337.0,2026-09-06 04:00:00
ATE 0806,Red Light,2026-08,Live,268.0,2026-09-06 04:00:00
ATE 0806,Red Light,2026-09,Live,66.0,2026-09-06 04:00:00
ATE 0807,Speed,2024-12,Live,158.0,2026-09-10 04:00:00
ATE 0807,Speed,2025-01,Live,101.0,2026-09-10 04:00:00
ATE 0807,Speed,2025-02,Live,89.0,2026-09-10 04:00:00
ATE 0807,Speed,2025-03,Live,273.0,2026-09-10 04:00:00
ATE 0807,Speed,2025-04,Live,1104.0,2026-09-10 04:00:00
ATE 0807,Speed,2025-05,Live,957.0,2026-09-10 04:00:00
ATE 0807,Speed,2025-06,Live,932.0,2026-09-10 04:00:00
ATE 0807,Speed,2025-07,Live,772.0,2026-09-10 04:00:00
ATE 0807,Speed,2025-08,Live,869.0,2026-09-10 04:00:00
ATE 0807,Speed,2025-09,Live,686.0,2026-09-10 04:00:00
ATE 0807,Speed,2025-10,Live,712.0,2026-09-10 04:00:00
ATE 0807,Speed,2025-11,Live,604.0,2026-09-10 04:00:00
ATE 0807,Speed,2025-12,Live,664.0,2026-09-10 04:00:00
ATE 0807,Speed,2026-01,Live,516.0,2026-09-10 04:00:00
ATE 0807,Speed,2026-02,Live,630.0,2026-09-10 04:00:00
ATE 0807,Speed,2026-03,Live,308.0,2026-09-10 04:00:00
ATE 0807,Speed,2026-04,Live,152.0,2026-09-10 04:00:00
ATE 0807,Speed,2026-05,Live,432.0,2026-09-10 04:00:00
ATE 0807,Speed,2026-06,Live,411.0,2026-09-10 04:00:00
ATE 0807,Speed,2026-07,Live,468.0,2026-09-10 04:00:00
ATE 0807,Speed,2026-08,Live,478.0,2026-09-10 04:00:00
ATE 0807,Speed,2026-09,Live,182.0,2026-09-10 04:00:00
ATE 0808,Speed,2024-12,Live,740.0,2026-08-31 04:00:00
ATE 0808,Speed,2025-01,Live,505.0,2026-08-31 04:00:00
ATE 0808,Speed,2025-02,Live,549.0,2026-08-31 04:00:00
ATE 0808,Speed,2025-03,Live,628.0,2026-08-31 04:00:00
ATE 0808,Speed,2025-04,Live,651.0,2026-08-31 04:00:00
ATE 0808,Speed,2025-05,Live,590.0,2026-08-31 04:00:00
ATE 0808,Speed,2025-06,Live,275.0,2026-08-31 04:00:00
ATE 0808,Speed,2025-07,Live,582.0,2026-08-31 04:00:00
ATE 0808,Speed,2025-08,Live,625.0,2026-08-31 04:00:00
ATE 0808,Speed,2025-09,Live,517.0,2026-08-31 04:00:00
ATE 0808,Speed,2025-10,Live,589.0,2026-08-31 04:00:00
ATE 0808,Speed,2025-11,Live,614.0,2026-08-31 04:00:00
ATE 0808,Speed,2025-12,Live,622.0,2026-08-31 04:00:00
ATE 0808,Speed,2026-01,Live,409.0,2026-08-31 04:00:00
ATE 0808,Speed,2026-02,Live,373.0,2026-08-31 04:00:00
ATE 0808,Speed,2026-03,Live,455.0,2026-08-31 04:00:00
ATE 0808,Speed,2026-04,Live,529.0,2026-08-31 04:00:00
ATE 0808,Speed,2026-05,Live,440.0,2026-08-31 04:00:00
ATE 0808,Speed,2026-06,Live,330.0,2026-08-31 04:00:00
ATE 0808,Speed,2026-07,Live,410.0,2026-08-31 04:00:00
ATE 0808,Speed,2026-08,Live,393.0,2026-08-31 04:00:00
ATE 0809,Speed,2024-12,Live,99.0,2026-08-18 04:00:00
ATE 0809,Speed,2025-01,Live,137.0,2026-08-18 04:00:00
ATE 0809,Speed,2025-02,Live,139.0,2026-08-18 04:00:00
ATE 0809,Speed,2025-03,Live,149.0,2026-08-18 04:00:00
ATE 0809,Speed,2025-04,Live,157.0,2026-08-18 04:00:00
ATE 0809,Speed,2025-05,Live,182.0,2026-08-18 04:00:00
ATE 0809,Speed,2025-06,Live,176.0,2026-08-18 04:00:00
ATE 0809,Speed,2025-07,Live,167.0,2026-08-18 04:00:00
ATE 0809,Speed,2025-08,Live,94.0,2026-08-18 04:00:00
ATE 0809,Speed,2025-09,Live,37.0,2026-08-18 04:00:00
ATE 0809,Speed,2025-10,Live,118.0,2026-08-18 04:00:00
ATE 0809,Speed,2025-11,Live,104.0,2026-08-18 04:00:00
ATE 0809,Speed,2025-12,Live,89.0,2026-08-18 04:00:00
ATE 0809,Speed,2026-01,Live,92.0,2026-08-18 04:00:00
ATE 0809,Speed,2026-02,Live,70.0,2026-08-18 04:00:00
ATE 0809,Speed,2026-03,Live,127.0,2026-08-18 04:00:00
ATE 0809,Speed,2026-04,Live,100.0,2026-08-18 04:00:00
ATE 0809,Speed,2026-05,Live,95.0,2026-08-18 04:00:00
ATE 0809,Speed,2026-06,Live,76.0,2026-08-18 04:00:00
ATE 0809,Speed,2026-07,Live,103.0,2026-08-18 04:00:00
ATE 0809,Speed,2026-08,Live,49.0,2026-08-18 04:00:00
ATE 0813,Red Light,2024-12,Live,105.0,2026-09-07 04:00:00
ATE 0813,Red Light,2025-01,Live,134.0,2026-09-07 04:00:00
ATE 0813,Red Light,2025-02,Live,125.0,2026-09-07 04:00:00
ATE 0813,Red Light,2025-03,Live,116.0,2026-09-07 04:00:00
ATE 0813,Red Light,2025-04,Live,79.0,2026-09-07 04:00:00
ATE 0813,Red Light,2025-05,Live,10.0,2026-09-07 04:00:00
ATE 0813,Red Light,2025-07,Live,40.0,2026-09-07 04:00:00
ATE 0813,Red Light,2025-08,Live,54.0,2026-09-07 04:00:00
ATE 0813,Red Light,2025-09,Live,71.0,2026-09-07 04:00:00
ATE 0813,Red Light,2025-10,Live,56.0,2026-09-07 04:00:00
ATE 0813,Red Light,2025-11,Live,69.0,2026-09-07 04:00:00
ATE 0813,Red Light,2025-12,Live,88.0,2026-09-07 04:00:00
ATE 0813,Red Light,2026-01,Live,61.0,2026-09-07 04:00:00
ATE 0813,Red Light,2026-02,Live,138.0,2026-09-07 04:00:00
ATE 0813,Red Light,2026-03,Live,121.0,2026-09-07 04:00:00
ATE 0813,Red Light,2026-04,Live,85.0,2026-09-07 04:00:00
ATE 0813,Red Light,2026-05,Live,129.0,2026-09-07 04:00:00
ATE 0813,Red Light,2026-06,Live,143.0,2026-09-07 04:00:00
ATE 0813,Red Light,2026-07,Live,136.0,2026-09-07 04:00:00
ATE 0813,Red Light,2026-08,Live,153.0,2026-09-07 04:00:00
ATE 0813,Red Light,2026-09,Live,28.0,2026-09-07 04:00:00
ATE 0814,Red Light,2024-12,Live,1408.0,2026-09-07 04:00:00
ATE 0814,Red Light,2025-01,Live,1197.0,2026-09-07 04:00:00
ATE 0814,Red Light,2025-02,Live,1049.0,2026-09-07 04:00:00
ATE 0814,Red Light,2025-03,Live,1210.0,2026-09-07 04:00:00
ATE 0814,Red Light,2025-04,Live,1152.0,2026-09-07 04:00:00
ATE 0814,Red Light,2025-05,Live,976.0,2026-09-07 04:00:00
ATE 0814,Red Light,2025-06,Live,914.0,2026-09-07 04:00:00
ATE 0814,Red Light,2025-07,Live,1080.0,2026-09-07 04:00:00
ATE 0814,Red Light,2025-08,Live,850.0,2026-09-07 04:00:00
ATE 0814,Red Light,2025-09,Live,862.0,2026-09-07 04:00:00
ATE 0814,Red Light,2025-10,Live,892.0,2026-09-07 04:00:00
ATE 0814,Red Light,2025-11,Live,804.0,2026-09-07 04:00:00
ATE 0814,Red Light,2025-12,Live,801.0,2026-09-07 04:00:00
ATE 0814,Red Light,2026-01,Live,727.0,2026-09-07 04:00:00
ATE 0814,Red Light,2026-02,Live,730.0,2026-09-07 04:00:00
ATE 0814,Red Light,2026-03,Live,942.0,2026-09-07 04:00:00
ATE 0814,Red Light,2026-04,Live,953.0,2026-09-07 04:00:00
ATE 0814,Red Light,2026-05,Live,1063.0,2026-09-07 04:00:00
ATE 0814,Red Light,2026-06,Live,1096.0,2026-09-07 04:00:00
ATE 0814,Red Light,2026-07,Live,838.0,2026-09-07 04:00:00
ATE 0814,Red Light,2026-08,Live,1006.0,2026-09-07 04:00:00
ATE 0814,Red Light,2026-09,Live,180.0,2026-09-07 04:00:00
ATE 0815,Speed,2024-12,Live,278.0,2026-09-10 04:00:00
ATE 0815,Speed,2025-01,Live,266.0,2026-09-10 04:00:00
ATE 0815,Speed,2025-02,Live,279.0,2026-09-10 04:00:00
ATE 0815,Speed,2025-03,Live,408.0,2026-09-10 04:00:00
ATE 0815,Speed,2025-04,Live,269.0,2026-09-10 04:00:00
ATE 0815,Speed,2025-05,Live,247.0,2026-09-10 04:00:00
ATE 0815,Speed,2025-06,Live,249.0,2026-09-10 04:00:00
ATE 0815,Speed,2025-07,Live,236.0,2026-09-10 04:00:00
ATE 0815,Speed,2025-08,Live,150.0,2026-09-10 04:00:00
ATE 0815,Speed,2025-09,Live,112.0,2026-09-10 04:00:00
ATE 0815,Speed,2025-10,Live,162.0,2026-09-10 04:00:00
ATE 0815,Speed,2025-11,Live,146.0,2026-09-10 04:00:00
ATE 0815,Speed,2025-12,Live,146.0,2026-09-10 04:00:00
ATE 0815,Speed,2026-01,Live,125.0,2026-09-10 04:00:00
ATE 0815,Speed,2026-02,Live,105.0,2026-09-10 04:00:00
ATE 0815,Speed,2026-03,Live,165.0,2026-09-10 04:00:00
ATE 0815,Speed,2026-04,Live,166.0,2026-09-10 04:00:00
ATE 0815,Speed,2026-05,Live,319.0,2026-09-10 04:00:00
ATE 0815,Speed,2026-06,Live,608.0,2026-09-10 04:00:00
ATE 0815,Speed,2026-07,Live,535.0,2026-09-10 04:00:00
ATE 0815,Speed,2026-08,Live,583.0,2026-09-10 04:00:00
ATE 0815,Speed,2026-09,Live,148.0,2026-09-10 04:00:00
ATE 0816,Speed,2024-12,Live,2577.0,2026-09-10 04:00:00
ATE 0816,Speed,2025-01,Live,1562.0,2026-09-10 04:00:00
ATE 0816,Speed,2025-02,Live,1660.0,2026-09-10 04:00:00
ATE 0816,Speed,2025-03,Live,2091.0,2026-09-10 04:00:00
ATE 0816,Speed,2025-04,Live,1789.0,2026-09-10 04:00:00
ATE 0816,Speed,2025-05,Live,1681.0,2026-09-10 04:00:00
ATE 0816,Speed,2025-06,Live,1548.0,2026-09-10 04:00:00
ATE 0816,Speed,2025-07,Live,1553.0,2026-09-10 04:00:00
ATE 0816,Speed,2025-08,Live,1283.0,2026-09-10 04:00:00
ATE 0816,Speed,2025-09,Live,1202.0,2026-09-10 04:00:00
ATE 0816,Speed,2025-10,Live,1258.0,2026-09-10 04:00:00
ATE 0816,Speed,2025-11,Live,1165.0,2026-09-10 04:00:00
ATE 0816,Speed,2025-12,Live,1131.0,2026-09-10 04:00:00
ATE 0816,Speed,2026-01,Live,411.0,2026-09-10 04:00:00
ATE 0816,Speed,2026-03,Live,848.0,2026-09-10 04:00:00
ATE 0816,Speed,2026-04,Live,845.0,2026-09-10 04:00:00
ATE 0816,Speed,2026-05,Live,968.0,2026-09-10 04:00:00
ATE 0816,Speed,2026-06,Live,723.0,2026-09-10 04:00:00
ATE 0816,Speed,2026-07,Live,843.0,2026-09-10 04:00:00
ATE 0816,Speed,2026-08,Live,855.0,2026-09-10 04:00:00
ATE 0816,Speed,2026-09,Live,250.0,2026-09-10 04:00:00
ATE 0817,Red Light,2024-12,Live,297.0,2026-08-18 04:00:00
ATE 0817,Red Light,2025-01,Live,285.0,2026-08-18 04:00:00
ATE 0817,Red Light,2025-02,Live,241.0,2026-08-18 04:00:00
ATE 0817,Red Light,2025-03,Live,257.0,2026-08-18 04:00:00
ATE 0817,Red Light,2025-04,Live,287.0,2026-08-18 04:00:00
ATE 0817,Red Light,2025-05,Live,332.0,2026-08-18 04:00:00
ATE 0817,Red Light,2025-06,Live,294.0,2026-08-18 04:00:00
ATE 0817,Red Light,2025-07,Live,321.0,2026-08-18 04:00:00
ATE 0817,Red Light,2025-08,Live,256.0,2026-08-18 04:00:00
ATE 0817,Red Light,2025-09,Live,254.0,2026-08-18 04:00:00
ATE 0817,Red Light,2025-10,Live,194.0,2026-08-18 04:00:00
ATE 0817,Red Light,2025-11,Live,191.0,2026-08-18 04:00:00
ATE 0817,Red Light,2025-12,Live,220.0,2026-08-18 04:00:00
ATE 0817,Red Light,2026-01,Live,200.0,2026-08-18 04:00:00
ATE 0817,Red Light,2026-02,Live,199.0,2026-08-18 04:00:00
ATE 0817,Red Light,2026-03,Live,232.0,2026-08-18 04:00:00
ATE 0817,Red Light,2026-04,Live,2666.0,2026-08-18 04:00:00
ATE 0817,Red Light,2026-05,Live,4364.0,2026-08-18 04:00:00
ATE 0817,Red Light,2026-06,Live,3753.0,2026-08-18 04:00:00
ATE 0817,Red Light,2026-07,Live,3977.0,2026-08-18 04:00:00
ATE 0817,Red Light,2026-08,Live,2012.0,2026-08-18 04:00:00
ATE 0818,Red Light,2024-12,Live,387.0,2026-09-07 04:00:00
ATE 0818,Red Light,2025-01,Live,576.0,2026-09-07 04:00:00
ATE 0818,Red Light,2025-02,Live,925.0,2026-09-07 04:00:00
ATE 0818,Red Light,2025-03,Live,1144.0,2026-09-07 04:00:00
ATE 0818,Red Light,2025-04,Live,1174.0,2026-09-07 04:00:00
ATE 0818,Red Light,2025-05,Live,1241.0,2026-09-07 04:00:00
ATE 0818,Red Light,2025-06,Live,1211.0,2026-09-07 04:00:00
ATE 0818,Red Light,2025-07,Live,1150.0,2026-09-07 04:00:00
ATE 0818,Red Light,2025-08,Live,897.0,2026-09-07 04:00:00
ATE 0818,Red Light,2025-09,Live,910.0,2026-09-07 04:00:00
ATE 0818,Red Light,2025-10,Live,970.0,2026-09-07 04:00:00
ATE 0818,Red Light,2025-11,Live,770.0,2026-09-07 04:00:00
ATE 0818,Red Light,2025-12,Live,816.0,2026-09-07 04:00:00
ATE 0818,Red Light,2026-01,Live,651.0,2026-09-07 04:00:00
ATE 0818,Red Light,2026-02,Live,738.0,2026-09-07 04:00:00
ATE 0818,Red Light,2026-03,Live,975.0,2026-09-07 04:00:00
ATE 0818,Red Light,2026-04,Live,1167.0,2026-09-07 04:00:00
ATE 0818,Red Light,2026-05,Live,1187.0,2026-09-07 04:00:00
ATE 0818,Red Light,2026-06,Live,1189.0,2026-09-07 04:00:00
ATE 0818,Red Light,2026-07,Live,1275.0,2026-09-07 04:00:00
ATE 0818,Red Light,2026-08,Live,1077.0,2026-09-07 04:00:00
ATE 0818,Red Light,2026-09,Live,208.0,2026-09-07 04:00:00
ATE 0819,Red Light,2024-12,Live,1335.0,2026-09-07 04:00:00
ATE 0819,Red Light,2025-01,Live,1124.0,2026-09-07 04:00:00
ATE 0819,Red Light,2025-02,Live,1092.0,2026-09-07 04:00:00
ATE 0819,Red Light,2025-03,Live,1253.0,2026-09-07 04:00:00
ATE 0819,Red Light,2025-04,Live,1005.0,2026-09-07 04:00:00
ATE 0819,Red Light,2025-05,Live,1471.0,2026-09-07 04:00:00
ATE 0819,Red Light,2025-06,Live,1289.0,2026-09-07 04:00:00
ATE 0819,Red Light,2025-07,Live,1219.0,2026-09-07 04:00:00
ATE 0819,Red Light,2025-08,Live,1136.0,2026-09-07 04:00:00
ATE 0819,Red Light,2025-09,Live,1195.0,2026-09-07 04:00:00
ATE 0819,Red Light,2025-10,Live,1181.0,2026-09-07 04:00:00
ATE 0819,Red Light,2025-11,Live,1101.0,2026-09-07 04:00:00
ATE 0819,Red Light,2025-12,Live,956.0,2026-09-07 04:00:00
ATE 0819,Red Light,2026-01,Live,771.0,2026-09-07 04:00:00
ATE 0819,Red Light,2026-02,Live,1023.0,2026-09-07 04:00:00
ATE 0819,Red Light,2026-03,Live,1170.0,2026-09-07 04:00:00
ATE 0819,Red Light,2026-04,Live,1094.0,2026-09-07 04:00:00
ATE 0819,Red Light,2026-05,Live,1127.0,2026-09-07 04:00:00
ATE 0819,Red Light,2026-06,Live,403.0,2026-09-07 04:00:00
ATE 0819,Red Light,2026-07,Live,266.0,2026-09-07 04:00:00
ATE 0819,Red Light,2026-08,Live,199.0,2026-09-07 04:00:00
ATE 0819,Red Light,2026-09,Live,52.0,2026-09-07 04:00:00
ATE 0820,Red Light,2024-12,Live,580.0,2026-09-07 04:00:00
ATE 0820,Red Light,2025-01,Live,497.0,2026-09-07 04:00:00
ATE 0820,Red Light,2025-02,Live,373.0,2026-09-07 04:00:00
ATE 0820,Red Light,2025-03,Live,509.0,2026-09-07 04:00:00
ATE 0820,Red Light,2025-04,Live,599.0,2026-09-07 04:00:00
ATE 0820,Red Light,2025-05,Live,522.0,2026-09-07 04:00:00
ATE 0820,Red Light,2025-06,Live,514.0,2026-09-07 04:00:00
ATE 0820,Red Light,2025-07,Live,531.0,2026-09-07 04:00:00
ATE 0820,Red Light,2025-08,Live,488.0,2026-09-07 04:00:00
ATE 0820,Red Light,2025-09,Live,469.0,2026-09-07 04:00:00
ATE 0820,Red Light,2025-10,Live,451.0,2026-09-07 04:00:00
ATE 0820,Red Light,2025-11,Live,367.0,2026-09-07 04:00:00
ATE 0820,Red Light,2025-12,Live,377.0,2026-09-07 04:00:00
ATE 0820,Red Light,2026-01,Live,346.0,2026-09-07 04:00:00
ATE 0820,Red Light,2026-02,Live,391.0,2026-09-07 04:00:00
ATE 0820,Red Light,2026-03,Live,403.0,2026-09-07 04:00:00
ATE 0820,Red Light,2026-04,Live,432.0,2026-09-07 04:00:00
ATE 0820,Red Light,2026-05,Live,421.0,2026-09-07 04:00:00
ATE 0820,Red Light,2026-06,Live,439.0,2026-09-07 04:00:00
ATE 0820,Red Light,2026-07,Live,446.0,2026-09-07 04:00:00
ATE 0820,Red Light,2026-08,Live,446.0,2026-09-07 04:00:00
ATE 0820,Red Light,2026-09,Live,100.0,2026-09-07 04:00:00
ATE 0821,Red Light,2024-12,Live,370.0,2026-09-07 04:00:00
ATE 0821,Red Light,2024-12,Warning,384.0,2024-12-14 05:00:00
ATE 0821,Red Light,2025-01,Live,446.0,2026-09-07 04:00:00
ATE 0821,Red Light,2025-02,Live,624.0,2026-09-07 04:00:00
ATE 0821,Red Light,2025-03,Live,578.0,2026-09-07 04:00:00
ATE 0821,Red Light,2025-04,Live,556.0,2026-09-07 04:00:00
ATE 0821,Red Light,2025-05,Live,634.0,2026-09-07 04:00:00
ATE 0821,Red Light,2025-06,Live,550.0,2026-09-07 04:00:00
ATE 0821,Red Light,2025-07,Live,636.0,2026-09-07 04:00:00
ATE 0821,Red Light,2025-08,Live,588.0,2026-09-07 04:00:00
ATE 0821,Red Light,2025-09,Live,527.0,2026-09-07 04:00:00
ATE 0821,Red Light,2025-10,Live,500.0,2026-09-07 04:00:00
ATE 0821,Red Light,2025-11,Live,482.0,2026-09-07 04:00:00
ATE 0821,Red Light,2025-12,Live,450.0,2026-09-07 04:00:00
ATE 0821,Red Light,2026-01,Live,479.0,2026-09-07 04:00:00
ATE 0821,Red Light,2026-02,Live,599.0,2026-09-07 04:00:00
ATE 0821,Red Light,2026-03,Live,649.0,2026-09-07 04:00:00
ATE 0821,Red Light,2026-04,Live,627.0,2026-09-07 04:00:00
ATE 0821,Red Light,2026-05,Live,679.0,2026-09-07 04:00:00
ATE 0821,Red Light,2026-06,Live,664.0,2026-09-07 04:00:00
ATE 0821,Red Light,2026-07,Live,593.0,2026-09-07 04:00:00
ATE 0821,Red Light,2026-08,Live,594.0,2026-09-07 04:00:00
ATE 0821,Red Light,2026-09,Live,162.0,2026-09-07 04:00:00
ATE 0822,Red Light,2024-12,Live,461.0,2026-09-07 04:00:00
ATE 0822,Red Light,2025-01,Live,391.0,2026-09-07 04:00:00
ATE 0822,Red Light,2025-02,Live,457.0,2026-09-07 04:00:00
ATE 0822,Red Light,2025-03,Live,590.0,2026-09-07 04:00:00
ATE 0822,Red Light,2025-04,Live,482.0,2026-09-07 04:00:00
ATE 0822,Red Light,2025-05,Live,452.0,2026-09-07 04:00:00
ATE 0822,Red Light,2025-06,Live,353.0,2026-09-07 04:00:00
ATE 0822,Red Light,2025-07,Live,363.0,2026-09-07 04:00:00
ATE 0822,Red Light,2025-08,Live,314.0,2026-09-07 04:00:00
ATE 0822,Red Light,2025-09,Live,260.0,2026-09-07 04:00:00
ATE 0822,Red Light,2025-10,Live,263.0,2026-09-07 04:00:00
ATE 0822,Red Light,2025-11,Live,281.0,2026-09-07 04:00:00
ATE 0822,Red Light,2025-12,Live,203.0,2026-09-07 04:00:00
ATE 0822,Red Light,2026-01,Live,181.0,2026-09-07 04:00:00
ATE 0822,Red Light,2026-02,Live,258.0,2026-09-07 04:00:00
ATE 0822,Red Light,2026-03,Live,311.0,2026-09-07 04:00:00
ATE 0822,Red Light,2026-04,Live,337.0,2026-09-07 04:00:00
ATE 0822,Red Light,2026-05,Live,360.0,2026-09-07 04:00:00
ATE 0822,Red Light,2026-06,Live,343.0,2026-09-07 04:00:00
ATE 0822,Red Light,2026-07,Live,271.0,2026-09-07 04:00:00
ATE 0822,Red Light,2026-08,Live,303.0,2026-09-07 04:00:00
ATE 0822,Red Light,2026-09,Live,60.0,2026-09-07 04:00:00
ATE 0823,Speed,2024-12,Warning,165.0,2024-12-11 05:00:00
ATE 0823,Speed,2024-12,Live,262.0,2026-09-10 04:00:00
ATE 0823,Speed,2025-01,Live,369.0,2026-09-10 04:00:00
ATE 0823,Speed,2025-02,Live,267.0,2026-09-10 04:00:00
ATE 0823,Speed,2025-03,Live,391.0,2026-09-10 04:00:00
ATE 0823,Speed,2025-04,Live,475.0,2026-09-10 04:00:00
ATE 0823,Speed,2025-05,Live,80.0,2026-09-10 04:00:00
ATE 0823,Speed,2025-06,Live,385.0,2026-09-10 04:00:00
ATE 0823,Speed,2025-07,Live,386.0,2026-09-10 04:00:00
ATE 0823,Speed,2025-08,Live,335.0,2026-09-10 04:00:00
ATE 0823,Speed,2025-09,Live,298.0,2026-09-10 04:00:00
ATE 0823,Speed,2025-10,Live,287.0,2026-09-10 04:00:00
ATE 0823,Speed,2025-11,Live,322.0,2026-09-10 04:00:00
ATE 0823,Speed,2025-12,Live,346.0,2026-09-10 04:00:00
ATE 0823,Speed,2026-01,Live,260.0,2026-09-10 04:00:00
ATE 0823,Speed,2026-02,Live,153.0,2026-09-10 04:00:00
ATE 0823,Speed,2026-03,Live,248.0,2026-09-10 04:00:00
ATE 0823,Speed,2026-04,Live,464.0,2026-09-10 04:00:00
ATE 0823,Speed,2026-05,Live,227.0,2026-09-10 04:00:00
ATE 0823,Speed,2026-06,Live,267.0,2026-09-10 04:00:00
ATE 0823,Speed,2026-07,Live,211.0,2026-09-10 04:00:00
ATE 0823,Speed,2026-08,Live,418.0,2026-09-10 04:00:00
ATE 0823,Speed,2026-09,Live,138.0,2026-09-10 04:00:00
ATE 0824,Speed,2024-12,Warning,204.0,2024-12-11 05:00:00
ATE 0824,Speed,2024-12,Live,421.0,2026-09-10 04:00:00
ATE 0824,Speed,2025-01,Live,469.0,2026-09-10 04:00:00
ATE 0824,Speed,2025-02,Live,383.0,2026-09-10 04:00:00
ATE 0824,Speed,2025-03,Live,479.0,2026-09-10 04:00:00
ATE 0824,Speed,2025-04,Live,485.0,2026-09-10 04:00:00
ATE 0824,Speed,2025-05,Live,462.0,2026-09-10 04:00:00
ATE 0824,Speed,2025-06,Live,432.0,2026-09-10 04:00:00
ATE 0824,Speed,2025-07,Live,423.0,2026-09-10 04:00:00
ATE 0824,Speed,2025-08,Live,380.0,2026-09-10 04:00:00
ATE 0824,Speed,2025-09,Live,272.0,2026-09-10 04:00:00
ATE 0824,Speed,2025-10,Live,237.0,2026-09-10 04:00:00
ATE 0824,Speed,2025-11,Live,176.0,2026-09-10 04:00:00
ATE 0824,Speed,2025-12,Live,248.0,2026-09-10 04:00:00
ATE 0824,Speed,2026-01,Live,169.0,2026-09-10 04:00:00
ATE 0824,Speed,2026-02,Live,119.0,2026-09-10 04:00:00
ATE 0824,Speed,2026-03,Live,213.0,2026-09-10 04:00:00
ATE 0824,Speed,2026-04,Live,234.0,2026-09-10 04:00:00
ATE 0824,Speed,2026-05,Live,263.0,2026-09-10 04:00:00
ATE 0824,Speed,2026-06,Live,167.0,2026-09-10 04:00:00
ATE 0824,Speed,2026-07,Live,206.0,2026-09-10 04:00:00
ATE 0824,Speed,2026-08,Live,197.0,2026-09-10 04:00:00
ATE 0824,Speed,2026-09,Live,77.0,2026-09-10 04:00:00
ATE 0826,Speed,2025-03,Warning,7552.0,2025-03-31 04:00:00
ATE 0826,Speed,2025-04,Live,6765.0,2026-09-09 04:00:00
ATE 0826,Speed,2025-05,Live,6358.0,2026-09-09 04:00:00
ATE 0826,Speed,2025-06,Live,5835.0,2026-09-09 04:00:00
ATE 0826,Speed,2025-07,Live,4951.0,2026-09-09 04:00:00
ATE 0826,Speed,2025-08,Live,4631.0,2026-09-09 04:00:00
ATE 0826,Speed,2025-09,Live,4117.0,2026-09-09 04:00:00
ATE 0826,Speed,2025-10,Live,4317.0,2026-09-09 04:00:00
ATE 0826,Speed,2025-11,Live,3783.0,2026-09-09 04:00:00
ATE 0826,Speed,2025-12,Live,2104.0,2026-09-09 04:00:00
ATE 0826,Speed,2026-01,Live,2821.0,2026-09-09 04:00:00
ATE 0826,Speed,2026-02,Live,3155.0,2026-09-09 04:00:00
ATE 0826,Speed,2026-03,Live,3213.0,2026-09-09 04:00:00
ATE 0826,Speed,2026-04,Live,3368.0,2026-09-09 04:00:00
ATE 0826,Speed,2026-05,Live,3018.0,2026-09-09 04:00:00
ATE 0826,Speed,2026-06,Live,2672.0,2026-09-09 04:00:00
ATE 0826,Speed,2026-07,Live,2810.0,2026-09-09 04:00:00
ATE 0826,Speed,2026-08,Live,3189.0,2026-09-09 04:00:00
ATE 0826,Speed,2026-09,Live,1075.0,2026-09-09 04:00:00
ATE 0827,Speed,2025-03,Warning,300.0,2026-05-28 04:00:00
ATE 0827,Speed,2025-04,Live,239.0,2026-09-10 04:00:00
ATE 0827,Speed,2025-05,Live,176.0,2026-09-10 04:00:00
ATE 0827,Speed,2025-06,Live,187.0,2026-09-10 04:00:00
ATE 0827,Speed,2025-07,Live,175.0,2026-09-10 04:00:00
ATE 0827,Speed,2025-08,Live,152.0,2026-09-10 04:00:00
ATE 0827,Speed,2025-09,Live,148.0,2026-09-10 04:00:00
ATE 0827,Speed,2025-10,Live,76.0,2026-09-10 04:00:00
ATE 0827,Speed,2025-11,Live,185.0,2026-09-10 04:00:00
ATE 0827,Speed,2025-12,Live,282.0,2026-09-10 04:00:00
ATE 0827,Speed,2026-01,Live,184.0,2026-09-10 04:00:00
ATE 0827,Speed,2026-02,Live,167.0,2026-09-10 04:00:00
ATE 0827,Speed,2026-03,Live,302.0,2026-09-10 04:00:00
ATE 0827,Speed,2026-04,Live,206.0,2026-09-10 04:00:00
ATE 0827,Speed,2026-04,Warning,168.0,2026-05-28 04:00:00
ATE 0827,Speed,2026-05,Live,75.0,2026-09-10 04:00:00
ATE 0827,Speed,2026-05,Warning,2029.0,2026-05-28 04:00:00
ATE 0827,Speed,2026-06,Live,1597.0,2026-09-10 04:00:00
ATE 0827,Speed,2026-07,Live,1579.0,2026-09-10 04:00:00
ATE 0827,Speed,2026-08,Live,1808.0,2026-09-10 04:00:00
ATE 0827,Speed,2026-09,Live,739.0,2026-09-10 04:00:00
ATE 0828,Speed,2025-03,Warning,985.0,2025-03-31 04:00:00
ATE 0828,Speed,2025-04,Live,885.0,2026-09-09 04:00:00
ATE 0828,Speed,2025-05,Live,834.0,2026-09-09 04:00:00
ATE 0828,Speed,2025-06,Live,693.0,2026-09-09 04:00:00
ATE 0828,Speed,2025-07,Live,604.0,2026-09-09 04:00:00
ATE 0828,Speed,2025-08,Live,654.0,2026-09-09 04:00:00
ATE 0828,Speed,2025-09,Live,467.0,2026-09-09 04:00:00
ATE 0828,Speed,2025-10,Live,507.0,2026-09-09 04:00:00
ATE 0828,Speed,2025-11,Live,600.0,2026-09-09 04:00:00
ATE 0828,Speed,2025-12,Live,602.0,2026-09-09 04:00:00
ATE 0828,Speed,2026-01,Live,495.0,2026-09-09 04:00:00
ATE 0828,Speed,2026-02,Live,496.0,2026-09-09 04:00:00
ATE 0828,Speed,2026-03,Live,554.0,2026-09-09 04:00:00
ATE 0828,Speed,2026-04,Live,509.0,2026-09-09 04:00:00
ATE 0828,Speed,2026-05,Live,469.0,2026-09-09 04:00:00
ATE 0828,Speed,2026-06,Live,336.0,2026-09-09 04:00:00
ATE 0828,Speed,2026-07,Live,358.0,2026-09-09 04:00:00
ATE 0828,Speed,2026-08,Live,415.0,2026-09-09 04:00:00
ATE 0828,Speed,2026-09,Live,181.0,2026-09-09 04:00:00
ATE 0829,Speed,2025-03,Warning,1294.0,2025-03-31 04:00:00
ATE 0829,Speed,2025-04,Live,953.0,2026-09-09 04:00:00
ATE 0829,Speed,2025-05,Live,828.0,2026-09-09 04:00:00
ATE 0829,Speed,2025-06,Live,621.0,2026-09-09 04:00:00
ATE 0829,Speed,2025-07,Live,537.0,2026-09-09 04:00:00
ATE 0829,Speed,2025-08,Live,550.0,2026-09-09 04:00:00
ATE 0829,Speed,2025-09,Live,467.0,2026-09-09 04:00:00
ATE 0829,Speed,2025-10,Live,528.0,2026-09-09 04:00:00
ATE 0829,Speed,2025-11,Live,577.0,2026-09-09 04:00:00
ATE 0829,Speed,2025-12,Live,369.0,2026-09-09 04:00:00
ATE 0829,Speed,2026-01,Live,456.0,2026-09-09 04:00:00
ATE 0829,Speed,2026-02,Live,595.0,2026-09-09 04:00:00
ATE 0829,Speed,2026-03,Live,703.0,2026-09-09 04:00:00
ATE 0829,Speed,2026-04,Live,594.0,2026-09-09 04:00:00
ATE 0829,Speed,2026-05,Live,365.0,2026-09-09 04:00:00
ATE 0829,Speed,2026-06,Live,215.0,2026-09-09 04:00:00
ATE 0829,Speed,2026-07,Live,202.0,2026-09-09 04:00:00
ATE 0829,Speed,2026-08,Live,237.0,2026-09-09 04:00:00
ATE 0829,Speed,2026-09,Live,131.0,2026-09-09 04:00:00
ATE 0830,Stop Sign,2025-04,Test,1.0,2025-05-23 04:00:00
ATE 0830,Stop Sign,2025-05,Test,2.0,2025-05-23 04:00:00
ATE 0830,Stop Sign,2025-05,Warning,21.0,2025-06-28 04:00:00
ATE 0830,Stop Sign,2025-06,Warning,744.0,2025-06-28 04:00:00
ATE 0830,Stop Sign,2025-06,Live,48.0,2026-09-06 04:00:00
ATE 0830,Stop Sign,2025-07,Live,1176.0,2026-09-06 04:00:00
ATE 0830,Stop Sign,2025-08,Live,890.0,2026-09-06 04:00:00
ATE 0830,Stop Sign,2025-09,Live,950.0,2026-09-06 04:00:00
ATE 0830,Stop Sign,2025-10,Live,894.0,2026-09-06 04:00:00
ATE 0830,Stop Sign,2025-11,Live,1017.0,2026-09-06 04:00:00
ATE 0830,Stop Sign,2025-12,Live,907.0,2026-09-06 04:00:00
ATE 0830,Stop Sign,2026-01,Live,776.0,2026-09-06 04:00:00
ATE 0830,Stop Sign,2026-02,Live,800.0,2026-09-06 04:00:00
ATE 0830,Stop Sign,2026-03,Live,687.0,2026-09-06 04:00:00
ATE 0830,Stop Sign,2026-04,Live,654.0,2026-09-06 04:00:00
ATE 0830,Stop Sign,2026-05,Live,767.0,2026-09-06 04:00:00
ATE 0830,Stop Sign,2026-06,Live,762.0,2026-09-06 04:00:00
ATE 0830,Stop Sign,2026-07,Live,672.0,2026-09-06 04:00:00
ATE 0830,Stop Sign,2026-08,Live,549.0,2026-09-06 04:00:00
ATE 0830,Stop Sign,2026-09,Live,117.0,2026-09-06 04:00:00
ATE 0831,Speed,2025-07,Live,560.0,2026-09-10 04:00:00
ATE 0831,Speed,2025-08,Live,1789.0,2026-09-10 04:00:00
ATE 0831,Speed,2025-09,Live,2319.0,2026-09-10 04:00:00
ATE 0831,Speed,2025-10,Live,1954.0,2026-09-10 04:00:00
ATE 0831,Speed,2025-11,Live,1200.0,2026-09-10 04:00:00
ATE 0831,Speed,2025-12,Live,1635.0,2026-09-10 04:00:00
ATE 0831,Speed,2026-01,Live,1088.0,2026-09-10 04:00:00
ATE 0831,Speed,2026-02,Live,871.0,2026-09-10 04:00:00
ATE 0831,Speed,2026-03,Live,1180.0,2026-09-10 04:00:00
ATE 0831,Speed,2026-04,Live,1285.0,2026-09-10 04:00:00
ATE 0831,Speed,2026-05,Live,961.0,2026-09-10 04:00:00
ATE 0831,Speed,2026-06,Live,757.0,2026-09-10 04:00:00
ATE 0831,Speed,2026-07,Live,809.0,2026-09-10 04:00:00
ATE 0831,Speed,2026-08,Live,934.0,2026-09-10 04:00:00
ATE 0831,Speed,2026-09,Live,354.0,2026-09-10 04:00:00
ATE 0832,Speed,2025-08,Warning,74.0,2025-09-27 04:00:00
ATE 0832,Speed,2025-09,Live,76.0,2026-09-09 04:00:00
ATE 0832,Speed,2025-09,Warning,1131.0,2025-09-27 04:00:00
ATE 0832,Speed,2025-10,Live,1136.0,2026-09-09 04:00:00
ATE 0832,Speed,2025-11,Live,942.0,2026-09-09 04:00:00
ATE 0832,Speed,2025-12,Live,875.0,2026-09-09 04:00:00
ATE 0832,Speed,2026-01,Live,751.0,2026-09-09 04:00:00
ATE 0832,Speed,2026-02,Live,487.0,2026-09-09 04:00:00
ATE 0832,Speed,2026-03,Live,809.0,2026-09-09 04:00:00
ATE 0832,Speed,2026-04,Live,994.0,2026-09-09 04:00:00
ATE 0832,Speed,2026-05,Live,873.0,2026-09-09 04:00:00
ATE 0832,Speed,2026-06,Live,658.0,2026-09-09 04:00:00
ATE 0832,Speed,2026-07,Live,633.0,2026-09-09 04:00:00
ATE 0832,Speed,2026-08,Live,686.0,2026-09-09 04:00:00
ATE 0832,Speed,2026-09,Live,262.0,2026-09-09 04:00:00
ATE 0833,Speed,2025-07,Live,622.0,2026-09-10 04:00:00
ATE 0833,Speed,2025-08,Live,1435.0,2026-09-10 04:00:00
ATE 0833,Speed,2025-09,Live,1271.0,2026-09-10 04:00:00
ATE 0833,Speed,2025-10,Live,1201.0,2026-09-10 04:00:00
ATE 0833,Speed,2025-11,Live,1139.0,2026-09-10 04:00:00
ATE 0833,Speed,2025-12,Live,1120.0,2026-09-10 04:00:00
ATE 0833,Speed,2026-01,Live,857.0,2026-09-10 04:00:00
ATE 0833,Speed,2026-02,Live,797.0,2026-09-10 04:00:00
ATE 0833,Speed,2026-03,Live,1147.0,2026-09-10 04:00:00
ATE 0833,Speed,2026-04,Live,1211.0,2026-09-10 04:00:00
ATE 0833,Speed,2026-05,Live,985.0,2026-09-10 04:00:00
ATE 0833,Speed,2026-06,Live,684.0,2026-09-10 04:00:00
ATE 0833,Speed,2026-07,Live,763.0,2026-09-10 04:00:00
ATE 0833,Speed,2026-08,Live,983.0,2026-09-10 04:00:00
ATE 0833,Speed,2026-09,Live,386.0,2026-09-10 04:00:00
ATE 0834,Speed,2025-07,Live,23.0,2026-09-10 04:00:00
ATE 0834,Speed,2025-08,Live,127.0,2026-09-10 04:00:00
ATE 0834,Speed,2025-09,Live,17.0,2026-09-10 04:00:00
ATE 0834,Speed,2025-10,Live,16.0,2026-09-10 04:00:00
ATE 0834,Speed,2025-11,Live,13.0,2026-09-10 04:00:00
ATE 0834,Speed,2026-01,Warning,25.0,2026-02-14 05:00:00
ATE 0834,Speed,2026-02,Live,345.0,2026-09-10 04:00:00
ATE 0834,Speed,2026-02,Warning,47.0,2026-02-14 05:00:00
ATE 0834,Speed,2026-03,Live,1429.0,2026-09-10 04:00:00
ATE 0834,Speed,2026-04,Live,1457.0,2026-09-10 04:00:00
ATE 0834,Speed,2026-05,Live,1197.0,2026-09-10 04:00:00
ATE 0834,Speed,2026-06,Live,860.0,2026-09-10 04:00:00
ATE 0834,Speed,2026-07,Live,914.0,2026-09-10 04:00:00
ATE 0834,Speed,2026-08,Live,943.0,2026-09-10 04:00:00
ATE 0834,Speed,2026-09,Live,341.0,2026-09-10 04:00:00
ATE 0835,Speed,2025-07,Live,81.0,2026-09-09 04:00:00
ATE 0835,Speed,2025-08,Live,70.0,2026-09-09 04:00:00
ATE 0835,Speed,2025-09,Live,3.0,2026-09-09 04:00:00
ATE 0835,Speed,2025-10,Live,2.0,2026-09-09 04:00:00
ATE 0835,Speed,2025-11,Live,4.0,2026-09-09 04:00:00
ATE 0835,Speed,2025-12,Live,5.0,2026-09-09 04:00:00
ATE 0835,Speed,2026-01,Live,7.0,2026-09-09 04:00:00
ATE 0835,Speed,2026-02,Live,2.0,2026-09-09 04:00:00
ATE 0835,Speed,2026-03,Live,257.0,2026-09-09 04:00:00
ATE 0835,Speed,2026-04,Live,331.0,2026-09-09 04:00:00
ATE 0835,Speed,2026-05,Live,324.0,2026-09-09 04:00:00
ATE 0835,Speed,2026-06,Live,221.0,2026-09-09 04:00:00
ATE 0835,Speed,2026-07,Live,258.0,2026-09-09 04:00:00
ATE 0835,Speed,2026-08,Live,283.0,2026-09-09 04:00:00
ATE 0835,Speed,2026-09,Live,76.0,2026-09-09 04:00:00
ATE 0836,Speed,2025-10,Warning,100.0,2025-10-22 04:00:00
ATE 0836,Speed,2025-11,Live,186.0,2026-09-10 04:00:00
ATE 0836,Speed,2025-12,Live,227.0,2026-09-10 04:00:00
ATE 0836,Speed,2026-01,Live,188.0,2026-09-10 04:00:00
ATE 0836,Speed,2026-02,Live,109.0,2026-09-10 04:00:00
ATE 0836,Speed,2026-03,Live,189.0,2026-09-10 04:00:00
ATE 0836,Speed,2026-04,Live,122.0,2026-09-10 04:00:00
ATE 0836,Speed,2026-05,Live,190.0,2026-09-10 04:00:00
ATE 0836,Speed,2026-06,Live,180.0,2026-09-10 04:00:00
ATE 0836,Speed,2026-07,Live,126.0,2026-09-10 04:00:00
ATE 0836,Speed,2026-08,Live,163.0,2026-09-10 04:00:00
ATE 0836,Speed,2026-09,Live,52.0,2026-09-10 04:00:00
ATE 0837,Speed,2025-10,Warning,175.0,2025-10-22 04:00:00
ATE 0837,Speed,2025-11,Live,212.0,2026-09-09 04:00:00
ATE 0837,Speed,2025-12,Live,252.0,2026-09-09 04:00:00
ATE 0837,Speed,2026-01,Live,159.0,2026-09-09 04:00:00
ATE 0837,Speed,2026-02,Live,119.0,2026-09-09 04:00:00
ATE 0837,Speed,2026-03,Live,155.0,2026-09-09 04:00:00
ATE 0837,Speed,2026-04,Live,190.0,2026-09-09 04:00:00
ATE 0837,Speed,2026-05,Live,159.0,2026-09-09 04:00:00
ATE 0837,Speed,2026-06,Live,138.0,2026-09-09 04:00:00
ATE 0837,Speed,2026-07,Live,101.0,2026-09-09 04:00:00
ATE 0837,Speed,2026-08,Live,69.0,2026-09-09 04:00:00
ATE 0837,Speed,2026-09,Live,29.0,2026-09-09 04:00:00
ATE 0838,Speed,2025-10,Warning,373.0,2025-10-22 04:00:00
ATE 0838,Speed,2025-11,Live,567.0,2026-09-09 04:00:00
ATE 0838,Speed,2025-12,Live,770.0,2026-09-09 04:00:00
ATE 0838,Speed,2026-01,Live,470.0,2026-09-09 04:00:00
ATE 0838,Speed,2026-02,Live,351.0,2026-09-09 04:00:00
ATE 0838,Speed,2026-03,Live,620.0,2026-09-09 04:00:00
ATE 0838,Speed,2026-04,Live,483.0,2026-09-09 04:00:00
ATE 0838,Speed,2026-05,Live,350.0,2026-09-09 04:00:00
ATE 0838,Speed,2026-06,Live,234.0,2026-09-09 04:00:00
ATE 0838,Speed,2026-07,Live,254.0,2026-09-09 04:00:00
ATE 0838,Speed,2026-08,Live,276.0,2026-09-09 04:00:00
ATE 0838,Speed,2026-09,Live,133.0,2026-09-09 04:00:00
ATE 0839,Speed,2025-10,Warning,12.0,2025-10-19 04:00:00
ATE 0839,Speed,2025-11,Live,14.0,2026-09-10 04:00:00
ATE 0839,Speed,2025-12,Live,13.0,2026-09-10 04:00:00
ATE 0839,Speed,2026-01,Live,15.0,2026-09-10 04:00:00
ATE 0839,Speed,2026-02,Live,18.0,2026-09-10 04:00:00
ATE 0839,Speed,2026-03,Live,374.0,2026-09-10 04:00:00
ATE 0839,Speed,2026-04,Live,419.0,2026-09-10 04:00:00
ATE 0839,Speed,2026-05,Live,347.0,2026-09-10 04:00:00
ATE 0839,Speed,2026-06,Live,228.0,2026-09-10 04:00:00
ATE 0839,Speed,2026-07,Live,202.0,2026-09-10 04:00:00
ATE 0839,Speed,2026-08,Live,306.0,2026-09-10 04:00:00
ATE 0839,Speed,2026-09,Live,82.0,2026-09-10 04:00:00
ATE 0840,Speed,2026-03,Warning,32.0,2026-04-24 04:00:00
ATE 0840,Speed,2026-04,Warning,157.0,2026-04-24 04:00:00
ATE 0840,Speed,2026-04,Live,37.0,2026-09-10 04:00:00
ATE 0840,Speed,2026-05,Live,140.0,2026-09-10 04:00:00
ATE 0840,Speed,2026-06,Live,89.0,2026-09-10 04:00:00
ATE 0840,Speed,2026-07,Live,85.0,2026-09-10 04:00:00
ATE 0840,Speed,2026-08,Live,74.0,2026-09-10 04:00:00
ATE 0840,Speed,2026-09,Live,36.0,2026-09-10 04:00:00
ATE 0841,Speed,2025-12,Warning,884.0,2025-12-20 05:00:00
ATE 0841,Speed,2026-01,Live,975.0,2026-09-09 04:00:00
ATE 0841,Speed,2026-02,Live,1035.0,2026-09-09 04:00:00
ATE 0841,Speed,2026-03,Live,1134.0,2026-09-09 04:00:00
ATE 0841,Speed,2026-04,Live,1037.0,2026-09-09 04:00:00
ATE 0841,Speed,2026-05,Live,734.0,2026-09-09 04:00:00
ATE 0841,Speed,2026-06,Live,222.0,2026-09-09 04:00:00
ATE 0841,Speed,2026-07,Live,139.0,2026-09-09 04:00:00
ATE 0841,Speed,2026-08,Live,228.0,2026-09-09 04:00:00
ATE 0841,Speed,2026-09,Live,71.0,2026-09-09 04:00:00
ATE 0842,Speed,2025-12,Warning,972.0,2025-12-20 05:00:00
ATE 0842,Speed,2026-01,Live,1244.0,2026-09-09 04:00:00
ATE 0842,Speed,2026-02,Live,1335.0,2026-09-09 04:00:00
ATE 0842,Speed,2026-03,Live,2122.0,2026-09-09 04:00:00
ATE 0842,Speed,2026-04,Live,1730.0,2026-09-09 04:00:00
ATE 0842,Speed,2026-05,Live,1483.0,2026-09-09 04:00:00
ATE 0842,Speed,2026-06,Live,1191.0,2026-09-09 04:00:00
ATE 0842,Speed,2026-07,Live,1138.0,2026-09-09 04:00:00
ATE 0842,Speed,2026-08,Live,1183.0,2026-09-09 04:00:00
ATE 0842,Speed,2026-09,Live,333.0,2026-09-09 04:00:00
ATE 0843,Speed,2026-02,Warning,37.0,2026-03-29 04:00:00
ATE 0843,Speed,2026-03,Warning,629.0,2026-03-29 04:00:00
ATE 0843,Speed,2026-04,Live,504.0,2026-09-09 04:00:00
ATE 0843,Speed,2026-05,Live,414.0,2026-09-09 04:00:00
ATE 0843,Speed,2026-06,Live,289.0,2026-09-09 04:00:00
ATE 0843,Speed,2026-07,Live,238.0,2026-09-09 04:00:00
ATE 0843,Speed,2026-08,Live,296.0,2026-09-09 04:00:00
ATE 0843,Speed,2026-09,Live,114.0,2026-09-09 04:00:00
ATE 0844,Speed,2026-03,Warning,440.0,2026-03-29 04:00:00
ATE 0844,Speed,2026-04,Live,533.0,2026-09-10 04:00:00
ATE 0844,Speed,2026-05,Live,566.0,2026-09-10 04:00:00
ATE 0844,Speed,2026-06,Live,442.0,2026-09-10 04:00:00
ATE 0844,Speed,2026-07,Live,495.0,2026-09-10 04:00:00
ATE 0844,Speed,2026-08,Live,533.0,2026-09-10 04:00:00
ATE 0844,Speed,2026-09,Live,191.0,2026-09-10 04:00:00
ATE 0845,Red Light,2026-06,Warning,506.0,2026-09-07 04:00:00
ATE 0845,Red Light,2026-07,Warning,1415.0,2026-09-07 04:00:00
ATE 0845,Red Light,2026-08,Warning,1730.0,2026-09-07 04:00:00
ATE 0845,Red Light,2026-09,Warning,367.0,2026-09-07 04:00:00
ATE 0846,Speed,2026-02,Warning,11.0,2026-03-29 04:00:00
ATE 0846,Speed,2026-03,Warning,315.0,2026-03-29 04:00:00
ATE 0846,Speed,2026-04,Live,202.0,2026-09-10 04:00:00
ATE 0846,Speed,2026-05,Live,57.0,2026-09-10 04:00:00
ATE 0846,Speed,2026-06,Live,24.0,2026-09-10 04:00:00
ATE 0846,Speed,2026-07,Live,24.0,2026-09-10 04:00:00
ATE 0846,Speed,2026-08,Live,49.0,2026-09-10 04:00:00
ATE 0846,Speed,2026-09,Live,30.0,2026-09-10 04:00:00
ATE 0847,Speed,2026-03,Warning,30.0,2026-03-30 04:00:00
ATE 0847,Speed,2026-04,Live,77.0,2026-09-10 04:00:00
ATE 0847,Speed,2026-05,Live,56.0,2026-09-10 04:00:00
ATE 0847,Speed,2026-06,Live,59.0,2026-09-10 04:00:00
ATE 0847,Speed,2026-07,Live,37.0,2026-09-10 04:00:00
ATE 0847,Speed,2026-08,Live,45.0,2026-09-10 04:00:00
ATE 0847,Speed,2026-09,Live,13.0,2026-09-10 04:00:00
ATE 0848,Speed,2026-03,Warning,175.0,2026-04-24 04:00:00
ATE 0848,Speed,2026-04,Live,72.0,2026-09-10 04:00:00
ATE 0848,Speed,2026-04,Warning,342.0,2026-04-24 04:00:00
ATE 0848,Speed,2026-05,Live,862.0,2026-09-10 04:00:00
ATE 0848,Speed,2026-06,Live,554.0,2026-09-10 04:00:00
ATE 0848,Speed,2026-07,Live,503.0,2026-09-10 04:00:00
ATE 0848,Speed,2026-08,Live,676.0,2026-09-10 04:00:00
ATE 0848,Speed,2026-09,Live,226.0,2026-09-10 04:00:00
ATE 0849,Speed,2026-03,Warning,238.0,2026-04-24 04:00:00
ATE 0849,Speed,2026-04,Warning,899.0,2026-04-24 04:00:00
ATE 0849,Speed,2026-04,Live,177.0,2026-09-10 04:00:00
ATE 0849,Speed,2026-05,Live,977.0,2026-09-10 04:00:00
ATE 0849,Speed,2026-06,Live,720.0,2026-09-10 04:00:00
ATE 0849,Speed,2026-07,Live,538.0,2026-09-10 04:00:00
ATE 0849,Speed,2026-08,Live,816.0,2026-09-10 04:00:00
ATE 0849,Speed,2026-09,Live,279.0,2026-09-10 04:00:00
ATE 0850,Speed,2026-03,Warning,730.0,2026-04-09 04:00:00
ATE 0850,Speed,2026-04,Warning,262.0,2026-04-09 04:00:00
ATE 0850,Speed,2026-04,Live,528.0,2026-09-10 04:00:00
ATE 0850,Speed,2026-05,Live,530.0,2026-09-10 04:00:00
ATE 0850,Speed,2026-06,Live,310.0,2026-09-10 04:00:00
ATE 0850,Speed,2026-07,Live,413.0,2026-09-10 04:00:00
ATE 0850,Speed,2026-08,Live,493.0,2026-09-10 04:00:00
ATE 0850,Speed,2026-09,Live,183.0,2026-09-10 04:00:00
ATE 0851,Speed,2026-03,Warning,547.0,2026-04-16 04:00:00
ATE 0851,Speed,2026-04,Live,464.0,2026-09-09 04:00:00
ATE 0851,Speed,2026-04,Warning,642.0,2026-04-16 04:00:00
ATE 0851,Speed,2026-05,Live,671.0,2026-09-09 04:00:00
ATE 0851,Speed,2026-06,Live,538.0,2026-09-09 04:00:00
ATE 0851,Speed,2026-07,Live,517.0,2026-09-09 04:00:00
ATE 0851,Speed,2026-08,Live,601.0,2026-09-09 04:00:00
ATE 0851,Speed,2026-09,Live,239.0,2026-09-09 04:00:00
ATE 0852,Speed,2026-03,Warning,537.0,2026-03-29 04:00:00
ATE 0852,Speed,2026-04,Live,440.0,2026-09-09 04:00:00
ATE 0852,Speed,2026-05,Live,395.0,2026-09-09 04:00:00
ATE 0852,Speed,2026-06,Live,317.0,2026-09-09 04:00:00
ATE 0852,Speed,2026-07,Live,337.0,2026-09-09 04:00:00
ATE 0852,Speed,2026-08,Live,392.0,2026-09-09 04:00:00
ATE 0852,Speed,2026-09,Live,111.0,2026-09-09 04:00:00
ATE 0853,Speed,2026-03,Warning,256.0,2026-04-24 04:00:00
ATE 0853,Speed,2026-04,Warning,555.0,2026-04-24 04:00:00
ATE 0853,Speed,2026-04,Live,113.0,2026-09-10 04:00:00
ATE 0853,Speed,2026-05,Live,683.0,2026-09-10 04:00:00
ATE 0853,Speed,2026-06,Live,539.0,2026-09-10 04:00:00
ATE 0853,Speed,2026-07,Live,599.0,2026-09-10 04:00:00
ATE 0853,Speed,2026-08,Live,610.0,2026-09-10 04:00:00
ATE 0853,Speed,2026-09,Live,192.0,2026-09-10 04:00:00
ATE 0854,Speed,2026-04,Warning,833.0,2026-04-24 04:00:00
ATE 0854,Speed,2026-04,Live,216.0,2026-09-09 04:00:00
ATE 0854,Speed,2026-05,Live,1067.0,2026-09-09 04:00:00
ATE 0854,Speed,2026-06,Live,683.0,2026-09-09 04:00:00
ATE 0854,Speed,2026-07,Live,830.0,2026-09-09 04:00:00
ATE 0854,Speed,2026-08,Live,743.0,2026-09-09 04:00:00
ATE 0854,Speed,2026-09,Live,244.0,2026-09-09 04:00:00
ATE 0855,Stop Sign,2026-02,Test,2.0,2026-03-22 04:00:00
ATE 0855,Stop Sign,2026-03,Idle,133.0,2026-03-26 04:00:00
ATE 0855,Stop Sign,2026-03,Test,573.0,2026-03-22 04:00:00
ATE 0855,Stop Sign,2026-04,Warning,1469.0,2026-05-05 04:00:00
ATE 0855,Stop Sign,2026-05,Live,1561.0,2026-09-07 04:00:00
ATE 0855,Stop Sign,2026-05,Warning,380.0,2026-05-05 04:00:00
ATE 0855,Stop Sign,2026-06,Live,1689.0,2026-09-07 04:00:00
ATE 0855,Stop Sign,2026-07,Live,1447.0,2026-09-07 04:00:00
ATE 0855,Stop Sign,2026-08,Live,876.0,2026-09-07 04:00:00
ATE 0855,Stop Sign,2026-09,Live,85.0,2026-09-07 04:00:00
ATE 0856,Stop Sign,2026-02,Test,1.0,2026-03-13 04:00:00
ATE 0856,Stop Sign,2026-03,Warning,704.0,2026-04-14 04:00:00
ATE 0856,Stop Sign,2026-03,Test,6.0,2026-03-13 04:00:00
ATE 0856,Stop Sign,2026-04,Live,1010.0,2026-09-07 04:00:00
ATE 0856,Stop Sign,2026-04,Warning,702.0,2026-04-14 04:00:00
ATE 0856,Stop Sign,2026-05,Live,2103.0,2026-09-07 04:00:00
ATE 0856,Stop Sign,2026-06,Live,1657.0,2026-09-07 04:00:00
ATE 0856,Stop Sign,2026-07,Live,1559.0,2026-09-07 04:00:00
ATE 0856,Stop Sign,2026-08,Live,1292.0,2026-09-07 04:00:00
ATE 0856,Stop Sign,2026-09,Live,147.0,2026-09-07 04:00:00
ATE 0857,Stop Sign,2026-03,Test,1.0,2026-03-06 05:00:00
ATE 0857,Stop Sign,2026-04,Warning,297.0,2026-05-05 04:00:00
ATE 0857,Stop Sign,2026-05,Warning,53.0,2026-05-05 04:00:00
ATE 0857,Stop Sign,2026-05,Live,330.0,2026-09-07 04:00:00
ATE 0857,Stop Sign,2026-06,Live,340.0,2026-09-07 04:00:00
ATE 0857,Stop Sign,2026-07,Live,346.0,2026-09-07 04:00:00
ATE 0857,Stop Sign,2026-08,Live,288.0,2026-09-07 04:00:00
ATE 0857,Stop Sign,2026-09,Live,55.0,2026-09-07 04:00:00
ATE 0858,Stop Sign,2026-02,Test,1.0,2026-03-06 05:00:00
ATE 0858,Stop Sign,2026-03,Test,4.0,2026-03-06 05:00:00
ATE 0858,Stop Sign,2026-03,Warning,622.0,2026-04-14 04:00:00
ATE 0858,Stop Sign,2026-04,Live,724.0,2026-09-07 04:00:00
ATE 0858,Stop Sign,2026-04,Warning,529.0,2026-04-14 04:00:00
ATE 0858,Stop Sign,2026-05,Live,1626.0,2026-09-07 04:00:00
ATE 0858,Stop Sign,2026-06,Live,1450.0,2026-09-07 04:00:00
ATE 0858,Stop Sign,2026-07,Live,1400.0,2026-09-07 04:00:00
ATE 0858,Stop Sign,2026-08,Live,1487.0,2026-09-07 04:00:00
ATE 0858,Stop Sign,2026-09,Live,210.0,2026-09-07 04:00:00
ATE 0859,Stop Sign,2026-03,Test,2.0,2026-03-06 05:00:00
ATE 0859,Stop Sign,2026-03,Warning,102.0,2026-04-14 04:00:00
ATE 0859,Stop Sign,2026-04,Live,99.0,2026-09-07 04:00:00
ATE 0859,Stop Sign,2026-04,Warning,92.0,2026-04-14 04:00:00
ATE 0859,Stop Sign,2026-05,Live,310.0,2026-09-07 04:00:00
ATE 0859,Stop Sign,2026-06,Live,281.0,2026-09-07 04:00:00
ATE 0859,Stop Sign,2026-07,Live,314.0,2026-09-07 04:00:00
ATE 0859,Stop Sign,2026-08,Live,264.0,2026-09-07 04:00:00
ATE 0859,Stop Sign,2026-09,Live,35.0,2026-09-07 04:00:00
ATE 0860,Red Light,2026-09,Warning,130.0,2026-09-07 04:00:00
ATE 0862,Truck Restriction,2026-05,Warning,334.0,2026-05-29 04:00:00
ATE 0862,Truck Restriction,2026-06,Live,234.0,2026-09-05 04:00:00
ATE 0862,Truck Restriction,2026-07,Live,267.0,2026-09-05 04:00:00
ATE 0862,Truck Restriction,2026-08,Live,185.0,2026-09-05 04:00:00
ATE 0862,Truck Restriction,2026-09,Live,23.0,2026-09-05 04:00:00
ATE 0863,Speed,2026-05,Warning,390.0,2026-06-12 04:00:00
ATE 0863,Speed,2026-06,Live,293.0,2026-09-10 04:00:00
ATE 0863,Speed,2026-06,Warning,194.0,2026-06-12 04:00:00
ATE 0863,Speed,2026-07,Live,479.0,2026-09-10 04:00:00
ATE 0863,Speed,2026-08,Live,509.0,2026-09-10 04:00:00
ATE 0863,Speed,2026-09,Live,188.0,2026-09-10 04:00:00
ATE 0865,Speed,2026-05,Test,119.0,2026-06-12 04:00:00
ATE 0865,Speed,2026-06,Test,42.0,2026-06-12 04:00:00
ATE 0865,Speed,2026-06,Live,80.0,2026-09-10 04:00:00
ATE 0865,Speed,2026-07,Live,115.0,2026-09-10 04:00:00
ATE 0865,Speed,2026-08,Live,134.0,2026-09-10 04:00:00
ATE 0865,Speed,2026-09,Live,49.0,2026-09-10 04:00:00
ATE 0866,Stop Sign,2026-03,Test,12.0,2026-03-26 04:00:00
ATE 0866,Stop Sign,2026-04,Warning,430.0,2026-05-26 04:00:00
ATE 0866,Stop Sign,2026-05,Live,265.0,2026-09-07 04:00:00
ATE 0866,Stop Sign,2026-05,Warning,1926.0,2026-05-26 04:00:00
ATE 0866,Stop Sign,2026-06,Live,1797.0,2026-09-07 04:00:00
ATE 0866,Stop Sign,2026-07,Live,1418.0,2026-09-07 04:00:00
ATE 0866,Stop Sign,2026-08,Live,2121.0,2026-09-07 04:00:00
ATE 0866,Stop Sign,2026-09,Live,275.0,2026-09-07 04:00:00
ATE 0867,Stop Sign,2026-03,Test,54.0,2026-03-26 04:00:00
ATE 0867,Stop Sign,2026-04,Warning,645.0,2026-05-26 04:00:00
ATE 0867,Stop Sign,2026-05,Live,469.0,2026-09-07 04:00:00
ATE 0867,Stop Sign,2026-05,Warning,4063.0,2026-05-26 04:00:00
ATE 0867,Stop Sign,2026-06,Live,3290.0,2026-09-07 04:00:00
ATE 0867,Stop Sign,2026-07,Live,3226.0,2026-09-07 04:00:00
ATE 0867,Stop Sign,2026-08,Live,2618.0,2026-09-07 04:00:00
ATE 0867,Stop Sign,2026-09,Live,321.0,2026-09-07 04:00:00
ATE 0868,Stop Sign,2026-03,Test,49.0,2026-03-26 04:00:00
ATE 0868,Stop Sign,2026-04,Warning,482.0,2026-05-23 04:00:00
ATE 0868,Stop Sign,2026-05,Live,389.0,2026-09-07 04:00:00
ATE 0868,Stop Sign,2026-05,Warning,2390.0,2026-05-23 04:00:00
ATE 0868,Stop Sign,2026-06,Live,2577.0,2026-09-07 04:00:00
ATE 0868,Stop Sign,2026-07,Live,2261.0,2026-09-07 04:00:00
ATE 0868,Stop Sign,2026-08,Live,2146.0,2026-09-07 04:00:00
ATE 0868,Stop Sign,2026-09,Live,303.0,2026-09-07 04:00:00
ATE 0869,Speed,2026-08,Live,134.0,2026-09-08 04:00:00
ATE 0869,Speed,2026-09,Live,81.0,2026-09-08 04:00:00
ATE 0872,Truck Restriction,2026-05,Warning,16.0,2026-06-13 04:00:00
ATE 0872,Truck Restriction,2026-06,Warning,10.0,2026-06-13 04:00:00
ATE 0872,Truck Restriction,2026-06,Live,23.0,2026-09-06 04:00:00
ATE 0872,Truck Restriction,2026-07,Live,26.0,2026-09-06 04:00:00
ATE 0872,Truck Restriction,2026-08,Live,31.0,2026-09-06 04:00:00
ATE 0872,Truck Restriction,2026-09,Live,6.0,2026-09-06 04:00:00
ATE 0873,Stop Sign,2026-07,Live,665.0,2026-09-07 04:00:00
ATE 0873,Stop Sign,2026-08,Live,1330.0,2026-09-07 04:00:00
ATE 0873,Stop Sign,2026-09,Live,226.0,2026-09-07 04:00:00
ATE 0874,Speed,2026-06,Warning,15.0,2026-07-18 04:00:00
ATE 0874,Speed,2026-07,Warning,47.0,2026-07-18 04:00:00
ATE 0874,Speed,2026-07,Live,24.0,2026-09-09 04:00:00
ATE 0874,Speed,2026-08,Live,63.0,2026-09-09 04:00:00
ATE 0874,Speed,2026-09,Live,13.0,2026-09-09 04:00:00
ATE 0875,Truck Restriction,2026-07,Warning,8.0,2026-09-06 04:00:00
ATE 0875,Truck Restriction,2026-08,Warning,85.0,2026-09-06 04:00:00
ATE 0875,Truck Restriction,2026-09,Warning,10.0,2026-09-06 04:00:00
ATE 0876,Truck Restriction,2026-08,Warning,323.0,2026-09-05 04:00:00
ATE 0876,Truck Restriction,2026-09,Warning,42.0,2026-09-05 04:00:00
ATE 0880,Truck Restriction,2026-08,Configuration,7.0,2026-09-06 04:00:00
ATE 0880,Truck Restriction,2026-09,Configuration,4.0,2026-09-06 04:00:00
ATE 0881,Stop Sign,2026-08,Configuration,345.0,2026-09-07 04:00:00
ATE 0881,Stop Sign,2026-09,Configuration,279.0,2026-09-07 04:00:00
ATE 0882,Stop Sign,2026-09,Configuration,399.0,2026-09-07 04:00:00
LANE 0001,Bus Lane,2024-12,Live,5.0,2026-08-12 04:00:00
LANE 0001,Bus Lane,2025-02,Live,2.0,2026-08-12 04:00:00
LANE 0001,Bus Lane,2025-03,Live,3.0,2026-08-12 04:00:00
LANE 0001,Bus Lane,2025-04,Live,2.0,2026-08-12 04:00:00
LANE 0001,Bus Lane,2025-05,Live,1.0,2026-08-12 04:00:00
LANE 0001,Bus Lane,2025-06,Live,2.0,2026-08-12 04:00:00
LANE 0001,Bus Lane,2025-07,Live,2.0,2026-08-12 04:00:00
LANE 0001,Bus Lane,2025-10,Live,1.0,2026-08-12 04:00:00
LANE 0001,Bus Lane,2025-11,Live,1.0,2026-08-12 04:00:00
LANE 0001,Bus Lane,2025-12,Live,1.0,2026-08-12 04:00:00
LANE 0001,Bus Lane,2026-02,Live,1.0,2026-08-12 04:00:00
LANE 0001,Bus Lane,2026-03,Live,3.0,2026-08-12 04:00:00
LANE 0001,Bus Lane,2026-04,Live,1.0,2026-08-12 04:00:00
LANE 0001,Bus Lane,2026-06,Live,1.0,2026-08-12 04:00:00
LANE 0001,Bus Lane,2026-07,Live,1.0,2026-08-12 04:00:00
LANE 0001,Bus Lane,2026-08,Live,2.0,2026-08-12 04:00:00
LANE 0003,Bus Lane,2024-12,Live,13.0,2026-09-04 04:00:00
LANE 0003,Bus Lane,2025-01,Live,14.0,2026-09-04 04:00:00
LANE 0003,Bus Lane,2025-02,Live,26.0,2026-09-04 04:00:00
LANE 0003,Bus Lane,2025-03,Live,43.0,2026-09-04 04:00:00
LANE 0003,Bus Lane,2025-04,Live,45.0,2026-09-04 04:00:00
LANE 0003,Bus Lane,2025-05,Live,51.0,2026-09-04 04:00:00
LANE 0003,Bus Lane,2025-06,Live,64.0,2026-09-04 04:00:00
LANE 0003,Bus Lane,2025-07,Live,104.0,2026-09-04 04:00:00
LANE 0003,Bus Lane,2025-08,Live,60.0,2026-09-04 04:00:00
LANE 0003,Bus Lane,2025-09,Live,134.0,2026-09-04 04:00:00
LANE 0003,Bus Lane,2025-10,Live,152.0,2026-09-04 04:00:00
LANE 0003,Bus Lane,2025-11,Live,66.0,2026-09-04 04:00:00
LANE 0003,Bus Lane,2025-12,Live,53.0,2026-09-04 04:00:00
LANE 0003,Bus Lane,2026-01,Live,51.0,2026-09-04 04:00:00
LANE 0003,Bus Lane,2026-02,Live,93.0,2026-09-04 04:00:00
LANE 0003,Bus Lane,2026-03,Live,131.0,2026-09-04 04:00:00
LANE 0003,Bus Lane,2026-04,Live,137.0,2026-09-04 04:00:00
LANE 0003,Bus Lane,2026-05,Live,127.0,2026-09-04 04:00:00
LANE 0003,Bus Lane,2026-06,Live,147.0,2026-09-04 04:00:00
LANE 0003,Bus Lane,2026-07,Live,121.0,2026-09-04 04:00:00
LANE 0003,Bus Lane,2026-08,Live,106.0,2026-09-04 04:00:00
LANE 0003,Bus Lane,2026-09,Live,10.0,2026-09-04 04:00:00
LANE 0004,Bus Lane,2025-02,Live,2.0,2026-08-28 04:00:00
LANE 0004,Bus Lane,2025-03,Live,1.0,2026-08-28 04:00:00
LANE 0004,Bus Lane,2025-04,Live,2.0,2026-08-28 04:00:00
LANE 0004,Bus Lane,2025-05,Live,2.0,2026-08-28 04:00:00
LANE 0004,Bus Lane,2025-06,Live,4.0,2026-08-28 04:00:00
LANE 0004,Bus Lane,2025-07,Live,2.0,2026-08-28 04:00:00
LANE 0004,Bus Lane,2025-10,Live,2.0,2026-08-28 04:00:00
LANE 0004,Bus Lane,2025-12,Live,2.0,2026-08-28 04:00:00
LANE 0004,Bus Lane,2026-01,Live,1.0,2026-08-28 04:00:00
LANE 0004,Bus Lane,2026-02,Live,12.0,2026-08-28 04:00:00
LANE 0004,Bus Lane,2026-04,Live,1.0,2026-08-28 04:00:00
LANE 0004,Bus Lane,2026-05,Live,2.0,2026-08-28 04:00:00
LANE 0004,Bus Lane,2026-06,Live,3.0,2026-08-28 04:00:00
LANE 0004,Bus Lane,2026-07,Live,3.0,2026-08-28 04:00:00
LANE 0004,Bus Lane,2026-08,Live,4.0,2026-08-28 04:00:00
LANE 0005,Bus Lane,2024-12,Live,1.0,2026-09-04 04:00:00
LANE 0005,Bus Lane,2025-01,Live,4.0,2026-09-04 04:00:00
LANE 0005,Bus Lane,2025-02,Live,6.0,2026-09-04 04:00:00
LANE 0005,Bus Lane,2025-03,Live,5.0,2026-09-04 04:00:00
LANE 0005,Bus Lane,2025-04,Live,5.0,2026-09-04 04:00:00
LANE 0005,Bus Lane,2025-05,Live,7.0,2026-09-04 04:00:00
LANE 0005,Bus Lane,2025-06,Live,14.0,2026-09-04 04:00:00
LANE 0005,Bus Lane,2025-07,Live,12.0,2026-09-04 04:00:00
LANE 0005,Bus Lane,2025-08,Live,14.0,2026-09-04 04:00:00
LANE 0005,Bus Lane,2025-09,Live,14.0,2026-09-04 04:00:00
LANE 0005,Bus Lane,2025-10,Live,21.0,2026-09-04 04:00:00
LANE 0005,Bus Lane,2025-11,Live,16.0,2026-09-04 04:00:00
LANE 0005,Bus Lane,2025-12,Live,30.0,2026-09-04 04:00:00
LANE 0005,Bus Lane,2026-01,Live,21.0,2026-09-04 04:00:00
LANE 0005,Bus Lane,2026-02,Live,7.0,2026-09-04 04:00:00
LANE 0005,Bus Lane,2026-03,Live,12.0,2026-09-04 04:00:00
LANE 0005,Bus Lane,2026-04,Live,17.0,2026-09-04 04:00:00
LANE 0005,Bus Lane,2026-05,Live,11.0,2026-09-04 04:00:00
LANE 0005,Bus Lane,2026-06,Live,14.0,2026-09-04 04:00:00
LANE 0005,Bus Lane,2026-07,Live,13.0,2026-09-04 04:00:00
LANE 0005,Bus Lane,2026-08,Live,8.0,2026-09-04 04:00:00
LANE 0005,Bus Lane,2026-09,Live,5.0,2026-09-04 04:00:00
LANE 0006,Bus Lane,2024-12,Live,50.0,2026-09-04 04:00:00
LANE 0006,Bus Lane,2025-01,Live,76.0,2026-09-04 04:00:00
LANE 0006,Bus Lane,2025-02,Live,99.0,2026-09-04 04:00:00
LANE 0006,Bus Lane,2025-03,Live,127.0,2026-09-04 04:00:00
LANE 0006,Bus Lane,2025-04,Live,144.0,2026-09-04 04:00:00
LANE 0006,Bus Lane,2025-05,Live,155.0,2026-09-04 04:00:00
LANE 0006,Bus Lane,2025-06,Live,204.0,2026-09-04 04:00:00
LANE 0006,Bus Lane,2025-07,Live,146.0,2026-09-04 04:00:00
LANE 0006,Bus Lane,2025-08,Live,158.0,2026-09-04 04:00:00
LANE 0006,Bus Lane,2025-09,Live,162.0,2026-09-04 04:00:00
LANE 0006,Bus Lane,2025-10,Live,155.0,2026-09-04 04:00:00
LANE 0006,Bus Lane,2025-11,Live,96.0,2026-09-04 04:00:00
LANE 0006,Bus Lane,2025-12,Live,110.0,2026-09-04 04:00:00
LANE 0006,Bus Lane,2026-01,Live,166.0,2026-09-04 04:00:00
LANE 0006,Bus Lane,2026-02,Live,161.0,2026-09-04 04:00:00
LANE 0006,Bus Lane,2026-03,Live,171.0,2026-09-04 04:00:00
LANE 0006,Bus Lane,2026-04,Live,228.0,2026-09-04 04:00:00
LANE 0006,Bus Lane,2026-05,Live,214.0,2026-09-04 04:00:00
LANE 0006,Bus Lane,2026-06,Live,223.0,2026-09-04 04:00:00
LANE 0006,Bus Lane,2026-07,Live,153.0,2026-09-04 04:00:00
LANE 0006,Bus Lane,2026-08,Live,144.0,2026-09-04 04:00:00
LANE 0006,Bus Lane,2026-09,Live,35.0,2026-09-04 04:00:00
LANE 0007,Bus Lane,2024-12,Live,102.0,2026-09-04 04:00:00
LANE 0007,Bus Lane,2025-01,Live,56.0,2026-09-04 04:00:00
LANE 0007,Bus Lane,2025-02,Live,129.0,2026-09-04 04:00:00
LANE 0007,Bus Lane,2025-03,Live,129.0,2026-09-04 04:00:00
LANE 0007,Bus Lane,2025-04,Live,180.0,2026-09-04 04:00:00
LANE 0007,Bus Lane,2025-05,Live,244.0,2026-09-04 04:00:00
LANE 0007,Bus Lane,2025-06,Live,338.0,2026-09-04 04:00:00
LANE 0007,Bus Lane,2025-07,Live,438.0,2026-09-04 04:00:00
LANE 0007,Bus Lane,2025-08,Live,348.0,2026-09-04 04:00:00
LANE 0007,Bus Lane,2025-09,Live,309.0,2026-09-04 04:00:00
LANE 0007,Bus Lane,2025-10,Live,376.0,2026-09-04 04:00:00
LANE 0007,Bus Lane,2025-11,Live,308.0,2026-09-04 04:00:00
LANE 0007,Bus Lane,2025-12,Live,231.0,2026-09-04 04:00:00
LANE 0007,Bus Lane,2026-01,Live,219.0,2026-09-04 04:00:00
LANE 0007,Bus Lane,2026-02,Live,279.0,2026-09-04 04:00:00
LANE 0007,Bus Lane,2026-03,Live,343.0,2026-09-04 04:00:00
LANE 0007,Bus Lane,2026-04,Live,331.0,2026-09-04 04:00:00
LANE 0007,Bus Lane,2026-05,Live,383.0,2026-09-04 04:00:00
LANE 0007,Bus Lane,2026-06,Live,375.0,2026-09-04 04:00:00
LANE 0007,Bus Lane,2026-07,Live,395.0,2026-09-04 04:00:00
LANE 0007,Bus Lane,2026-08,Live,254.0,2026-09-04 04:00:00
LANE 0007,Bus Lane,2026-09,Live,36.0,2026-09-04 04:00:00
LANE 0008,Bus Lane,2024-12,Live,9.0,2026-09-02 04:00:00
LANE 0008,Bus Lane,2025-01,Live,17.0,2026-09-02 04:00:00
LANE 0008,Bus Lane,2025-02,Live,11.0,2026-09-02 04:00:00
LANE 0008,Bus Lane,2025-03,Live,24.0,2026-09-02 04:00:00
LANE 0008,Bus Lane,2025-04,Live,43.0,2026-09-02 04:00:00
LANE 0008,Bus Lane,2025-05,Live,26.0,2026-09-02 04:00:00
LANE 0008,Bus Lane,2025-06,Live,37.0,2026-09-02 04:00:00
LANE 0008,Bus Lane,2025-07,Live,58.0,2026-09-02 04:00:00
LANE 0008,Bus Lane,2025-08,Live,49.0,2026-09-02 04:00:00
LANE 0008,Bus Lane,2025-09,Live,20.0,2026-09-02 04:00:00
LANE 0008,Bus Lane,2025-10,Live,45.0,2026-09-02 04:00:00
LANE 0008,Bus Lane,2025-11,Live,19.0,2026-09-02 04:00:00
LANE 0008,Bus Lane,2025-12,Live,18.0,2026-09-02 04:00:00
LANE 0008,Bus Lane,2026-01,Live,14.0,2026-09-02 04:00:00
LANE 0008,Bus Lane,2026-02,Live,11.0,2026-09-02 04:00:00
LANE 0008,Bus Lane,2026-03,Live,10.0,2026-09-02 04:00:00
LANE 0008,Bus Lane,2026-04,Live,18.0,2026-09-02 04:00:00
LANE 0008,Bus Lane,2026-05,Live,9.0,2026-09-02 04:00:00
LANE 0008,Bus Lane,2026-06,Live,11.0,2026-09-02 04:00:00
LANE 0008,Bus Lane,2026-07,Live,10.0,2026-09-02 04:00:00
LANE 0008,Bus Lane,2026-08,Live,7.0,2026-09-02 04:00:00
LANE 0008,Bus Lane,2026-09,Live,1.0,2026-09-02 04:00:00
LANE 0009,Bus Lane,2025-02,Live,23.0,2026-09-05 04:00:00
LANE 0009,Bus Lane,2025-03,Live,33.0,2026-09-05 04:00:00
LANE 0009,Bus Lane,2025-04,Live,52.0,2026-09-05 04:00:00
LANE 0009,Bus Lane,2025-05,Live,46.0,2026-09-05 04:00:00
LANE 0009,Bus Lane,2025-06,Live,40.0,2026-09-05 04:00:00
LANE 0009,Bus Lane,2025-07,Live,66.0,2026-09-05 04:00:00
LANE 0009,Bus Lane,2025-08,Live,47.0,2026-09-05 04:00:00
LANE 0009,Bus Lane,2025-09,Live,55.0,2026-09-05 04:00:00
LANE 0009,Bus Lane,2025-10,Live,84.0,2026-09-05 04:00:00
LANE 0009,Bus Lane,2025-11,Live,84.0,2026-09-05 04:00:00
LANE 0009,Bus Lane,2025-12,Live,79.0,2026-09-05 04:00:00
LANE 0009,Bus Lane,2026-01,Live,51.0,2026-09-05 04:00:00
LANE 0009,Bus Lane,2026-02,Live,72.0,2026-09-05 04:00:00
LANE 0009,Bus Lane,2026-03,Live,91.0,2026-09-05 04:00:00
LANE 0009,Bus Lane,2026-04,Live,96.0,2026-09-05 04:00:00
LANE 0009,Bus Lane,2026-05,Live,66.0,2026-09-05 04:00:00
LANE 0009,Bus Lane,2026-06,Live,109.0,2026-09-05 04:00:00
LANE 0009,Bus Lane,2026-07,Live,81.0,2026-09-05 04:00:00
LANE 0009,Bus Lane,2026-08,Live,59.0,2026-09-05 04:00:00
LANE 0009,Bus Lane,2026-09,Live,14.0,2026-09-05 04:00:00
LANE 0010,Bus Lane,2024-12,Live,44.0,2026-09-05 04:00:00
LANE 0010,Bus Lane,2025-01,Live,63.0,2026-09-05 04:00:00
LANE 0010,Bus Lane,2025-02,Live,30.0,2026-09-05 04:00:00
LANE 0010,Bus Lane,2025-03,Live,70.0,2026-09-05 04:00:00
LANE 0010,Bus Lane,2025-04,Live,82.0,2026-09-05 04:00:00
LANE 0010,Bus Lane,2025-05,Live,86.0,2026-09-05 04:00:00
LANE 0010,Bus Lane,2025-06,Live,112.0,2026-09-05 04:00:00
LANE 0010,Bus Lane,2025-07,Live,208.0,2026-09-05 04:00:00
LANE 0010,Bus Lane,2025-08,Live,112.0,2026-09-05 04:00:00
LANE 0010,Bus Lane,2025-09,Live,154.0,2026-09-05 04:00:00
LANE 0010,Bus Lane,2025-10,Live,147.0,2026-09-05 04:00:00
LANE 0010,Bus Lane,2025-11,Live,83.0,2026-09-05 04:00:00
LANE 0010,Bus Lane,2025-12,Live,107.0,2026-09-05 04:00:00
LANE 0010,Bus Lane,2026-01,Live,93.0,2026-09-05 04:00:00
LANE 0010,Bus Lane,2026-02,Live,155.0,2026-09-05 04:00:00
LANE 0010,Bus Lane,2026-03,Live,206.0,2026-09-05 04:00:00
LANE 0010,Bus Lane,2026-04,Live,241.0,2026-09-05 04:00:00
LANE 0010,Bus Lane,2026-05,Live,165.0,2026-09-05 04:00:00
LANE 0010,Bus Lane,2026-06,Live,132.0,2026-09-05 04:00:00
LANE 0010,Bus Lane,2026-07,Live,166.0,2026-09-05 04:00:00
LANE 0010,Bus Lane,2026-08,Live,121.0,2026-09-05 04:00:00
LANE 0010,Bus Lane,2026-09,Live,20.0,2026-09-05 04:00:00
LANE 0011,Bus Lane,2024-12,Live,120.0,2026-09-05 04:00:00
LANE 0011,Bus Lane,2025-01,Live,171.0,2026-09-05 04:00:00
LANE 0011,Bus Lane,2025-02,Live,125.0,2026-09-05 04:00:00
LANE 0011,Bus Lane,2025-03,Live,174.0,2026-09-05 04:00:00
LANE 0011,Bus Lane,2025-04,Live,314.0,2026-09-05 04:00:00
LANE 0011,Bus Lane,2025-05,Live,389.0,2026-09-05 04:00:00
LANE 0011,Bus Lane,2025-06,Live,377.0,2026-09-05 04:00:00
LANE 0011,Bus Lane,2025-07,Live,340.0,2026-09-05 04:00:00
LANE 0011,Bus Lane,2025-08,Live,343.0,2026-09-05 04:00:00
LANE 0011,Bus Lane,2025-09,Live,490.0,2026-09-05 04:00:00
LANE 0011,Bus Lane,2025-10,Live,515.0,2026-09-05 04:00:00
LANE 0011,Bus Lane,2025-11,Live,438.0,2026-09-05 04:00:00
LANE 0011,Bus Lane,2025-12,Live,533.0,2026-09-05 04:00:00
LANE 0011,Bus Lane,2026-01,Live,352.0,2026-09-05 04:00:00
LANE 0011,Bus Lane,2026-02,Live,458.0,2026-09-05 04:00:00
LANE 0011,Bus Lane,2026-03,Live,564.0,2026-09-05 04:00:00
LANE 0011,Bus Lane,2026-04,Live,651.0,2026-09-05 04:00:00
LANE 0011,Bus Lane,2026-05,Live,649.0,2026-09-05 04:00:00
LANE 0011,Bus Lane,2026-06,Live,623.0,2026-09-05 04:00:00
LANE 0011,Bus Lane,2026-07,Live,704.0,2026-09-05 04:00:00
LANE 0011,Bus Lane,2026-08,Live,560.0,2026-09-05 04:00:00
LANE 0011,Bus Lane,2026-09,Live,107.0,2026-09-05 04:00:00
LANE 0012,Bus Lane,2024-12,Live,101.0,2026-09-05 04:00:00
LANE 0012,Bus Lane,2025-01,Live,94.0,2026-09-05 04:00:00
LANE 0012,Bus Lane,2025-02,Live,91.0,2026-09-05 04:00:00
LANE 0012,Bus Lane,2025-03,Live,313.0,2026-09-05 04:00:00
LANE 0012,Bus Lane,2025-04,Live,388.0,2026-09-05 04:00:00
LANE 0012,Bus Lane,2025-05,Live,442.0,2026-09-05 04:00:00
LANE 0012,Bus Lane,2025-06,Live,312.0,2026-09-05 04:00:00
LANE 0012,Bus Lane,2025-07,Live,435.0,2026-09-05 04:00:00
LANE 0012,Bus Lane,2025-08,Live,321.0,2026-09-05 04:00:00
LANE 0012,Bus Lane,2025-09,Live,318.0,2026-09-05 04:00:00
LANE 0012,Bus Lane,2025-10,Live,407.0,2026-09-05 04:00:00
LANE 0012,Bus Lane,2025-11,Live,313.0,2026-09-05 04:00:00
LANE 0012,Bus Lane,2025-12,Live,486.0,2026-09-05 04:00:00
LANE 0012,Bus Lane,2026-01,Live,292.0,2026-09-05 04:00:00
LANE 0012,Bus Lane,2026-02,Live,128.0,2026-09-05 04:00:00
LANE 0012,Bus Lane,2026-03,Live,155.0,2026-09-05 04:00:00
LANE 0012,Bus Lane,2026-04,Live,141.0,2026-09-05 04:00:00
LANE 0012,Bus Lane,2026-05,Live,187.0,2026-09-05 04:00:00
LANE 0012,Bus Lane,2026-06,Live,176.0,2026-09-05 04:00:00
LANE 0012,Bus Lane,2026-07,Live,195.0,2026-09-05 04:00:00
LANE 0012,Bus Lane,2026-08,Live,117.0,2026-09-05 04:00:00
LANE 0012,Bus Lane,2026-09,Live,23.0,2026-09-05 04:00:00
LANE 0013,Bus Lane,2025-01,Live,9.0,2026-09-05 04:00:00
LANE 0013,Bus Lane,2025-02,Live,49.0,2026-09-05 04:00:00
LANE 0013,Bus Lane,2025-03,Live,104.0,2026-09-05 04:00:00
LANE 0013,Bus Lane,2025-04,Live,113.0,2026-09-05 04:00:00
LANE 0013,Bus Lane,2025-05,Live,124.0,2026-09-05 04:00:00
LANE 0013,Bus Lane,2025-06,Live,123.0,2026-09-05 04:00:00
LANE 0013,Bus Lane,2025-07,Live,77.0,2026-09-05 04:00:00
LANE 0013,Bus Lane,2025-08,Live,63.0,2026-09-05 04:00:00
LANE 0013,Bus Lane,2025-09,Live,123.0,2026-09-05 04:00:00
LANE 0013,Bus Lane,2025-10,Live,140.0,2026-09-05 04:00:00
LANE 0013,Bus Lane,2025-11,Live,82.0,2026-09-05 04:00:00
LANE 0013,Bus Lane,2025-12,Live,109.0,2026-09-05 04:00:00
LANE 0013,Bus Lane,2026-01,Live,75.0,2026-09-05 04:00:00
LANE 0013,Bus Lane,2026-02,Live,273.0,2026-09-05 04:00:00
LANE 0013,Bus Lane,2026-03,Live,112.0,2026-09-05 04:00:00
LANE 0013,Bus Lane,2026-04,Live,170.0,2026-09-05 04:00:00
LANE 0013,Bus Lane,2026-05,Live,128.0,2026-09-05 04:00:00
LANE 0013,Bus Lane,2026-06,Live,138.0,2026-09-05 04:00:00
LANE 0013,Bus Lane,2026-07,Live,105.0,2026-09-05 04:00:00
LANE 0013,Bus Lane,2026-08,Live,85.0,2026-09-05 04:00:00
LANE 0013,Bus Lane,2026-09,Live,15.0,2026-09-05 04:00:00
LANE 0014,Bus Lane,2024-12,Live,71.0,2026-06-23 04:00:00
LANE 0014,Bus Lane,2025-01,Live,117.0,2026-06-23 04:00:00
LANE 0014,Bus Lane,2025-02,Live,112.0,2026-06-23 04:00:00
LANE 0014,Bus Lane,2025-03,Live,209.0,2026-06-23 04:00:00
LANE 0014,Bus Lane,2025-04,Live,215.0,2026-06-23 04:00:00
LANE 0014,Bus Lane,2025-05,Live,238.0,2026-06-23 04:00:00
LANE 0014,Bus Lane,2025-06,Live,216.0,2026-06-23 04:00:00
LANE 0014,Bus Lane,2025-07,Live,136.0,2026-06-23 04:00:00
LANE 0014,Bus Lane,2025-08,Live,148.0,2026-06-23 04:00:00
LANE 0014,Bus Lane,2025-09,Live,156.0,2026-06-23 04:00:00
LANE 0014,Bus Lane,2025-10,Live,162.0,2026-06-23 04:00:00
LANE 0014,Bus Lane,2025-11,Live,76.0,2026-06-23 04:00:00
LANE 0014,Bus Lane,2025-12,Live,113.0,2026-06-23 04:00:00
LANE 0014,Bus Lane,2026-01,Live,116.0,2026-06-23 04:00:00
LANE 0014,Bus Lane,2026-02,Live,161.0,2026-06-23 04:00:00
LANE 0014,Bus Lane,2026-03,Live,313.0,2026-06-23 04:00:00
LANE 0014,Bus Lane,2026-04,Live,284.0,2026-06-23 04:00:00
LANE 0014,Bus Lane,2026-05,Live,273.0,2026-06-23 04:00:00
LANE 0014,Bus Lane,2026-06,Live,110.0,2026-06-23 04:00:00
LANE 0016,Bus Lane,2024-12,Live,6.0,2026-08-27 04:00:00
LANE 0016,Bus Lane,2025-01,Live,2.0,2026-08-27 04:00:00
LANE 0016,Bus Lane,2025-02,Live,4.0,2026-08-27 04:00:00
LANE 0016,Bus Lane,2025-03,Live,20.0,2026-08-27 04:00:00
LANE 0016,Bus Lane,2025-04,Live,21.0,2026-08-27 04:00:00
LANE 0016,Bus Lane,2025-05,Live,24.0,2026-08-27 04:00:00
LANE 0016,Bus Lane,2025-06,Live,28.0,2026-08-27 04:00:00
LANE 0016,Bus Lane,2025-07,Live,44.0,2026-08-27 04:00:00
LANE 0016,Bus Lane,2025-08,Live,21.0,2026-08-27 04:00:00
LANE 0016,Bus Lane,2025-09,Live,24.0,2026-08-27 04:00:00
LANE 0016,Bus Lane,2025-10,Live,12.0,2026-08-27 04:00:00
LANE 0016,Bus Lane,2025-11,Live,7.0,2026-08-27 04:00:00
LANE 0016,Bus Lane,2025-12,Live,12.0,2026-08-27 04:00:00
LANE 0016,Bus Lane,2026-01,Live,8.0,2026-08-27 04:00:00
LANE 0016,Bus Lane,2026-02,Live,9.0,2026-08-27 04:00:00
LANE 0016,Bus Lane,2026-03,Live,9.0,2026-08-27 04:00:00
LANE 0016,Bus Lane,2026-04,Live,7.0,2026-08-27 04:00:00
LANE 0016,Bus Lane,2026-05,Live,8.0,2026-08-27 04:00:00
LANE 0016,Bus Lane,2026-06,Live,4.0,2026-08-27 04:00:00
LANE 0016,Bus Lane,2026-07,Live,13.0,2026-08-27 04:00:00
LANE 0016,Bus Lane,2026-08,Live,3.0,2026-08-27 04:00:00
LANE 0017,Bus Lane,2024-12,Live,2.0,2025-07-30 04:00:00
LANE 0017,Bus Lane,2025-01,Live,9.0,2025-07-30 04:00:00
LANE 0017,Bus Lane,2025-02,Live,3.0,2025-07-30 04:00:00
LANE 0017,Bus Lane,2025-03,Live,8.0,2025-07-30 04:00:00
LANE 0017,Bus Lane,2025-04,Live,7.0,2025-07-30 04:00:00
LANE 0017,Bus Lane,2025-05,Live,7.0,2025-07-30 04:00:00
LANE 0017,Bus Lane,2025-06,Live,9.0,2025-07-30 04:00:00
LANE 0017,Bus Lane,2025-07,Live,3.0,2025-07-30 04:00:00
LANE 0019,Bus Lane,2024-12,Live,23.0,2026-05-27 04:00:00
LANE 0019,Bus Lane,2025-01,Live,10.0,2026-05-27 04:00:00
LANE 0019,Bus Lane,2025-02,Live,38.0,2026-05-27 04:00:00
LANE 0019,Bus Lane,2025-03,Live,78.0,2026-05-27 04:00:00
LANE 0019,Bus Lane,2025-04,Live,58.0,2026-05-27 04:00:00
LANE 0019,Bus Lane,2025-05,Live,52.0,2026-05-27 04:00:00
LANE 0019,Bus Lane,2025-06,Live,78.0,2026-05-27 04:00:00
LANE 0019,Bus Lane,2025-07,Live,79.0,2026-05-27 04:00:00
LANE 0019,Bus Lane,2025-08,Live,48.0,2026-05-27 04:00:00
LANE 0019,Bus Lane,2025-09,Live,49.0,2026-05-27 04:00:00
LANE 0019,Bus Lane,2025-10,Live,48.0,2026-05-27 04:00:00
LANE 0019,Bus Lane,2025-11,Live,27.0,2026-05-27 04:00:00
LANE 0019,Bus Lane,2025-12,Live,26.0,2026-05-27 04:00:00
LANE 0019,Bus Lane,2026-01,Live,23.0,2026-05-27 04:00:00
LANE 0019,Bus Lane,2026-02,Live,30.0,2026-05-27 04:00:00
LANE 0019,Bus Lane,2026-03,Live,44.0,2026-05-27 04:00:00
LANE 0019,Bus Lane,2026-04,Live,33.0,2026-05-27 04:00:00
LANE 0019,Bus Lane,2026-05,Live,34.0,2026-05-27 04:00:00
LANE 0020,Bus Lane,2024-12,Live,1.0,2026-09-01 04:00:00
LANE 0020,Bus Lane,2025-02,Live,3.0,2026-09-01 04:00:00
LANE 0020,Bus Lane,2025-04,Live,2.0,2026-09-01 04:00:00
LANE 0020,Bus Lane,2025-05,Live,8.0,2026-09-01 04:00:00
LANE 0020,Bus Lane,2025-06,Live,2.0,2026-09-01 04:00:00
LANE 0020,Bus Lane,2025-07,Live,1.0,2026-09-01 04:00:00
LANE 0020,Bus Lane,2025-09,Live,3.0,2026-09-01 04:00:00
LANE 0020,Bus Lane,2025-10,Live,3.0,2026-09-01 04:00:00
LANE 0020,Bus Lane,2025-11,Live,2.0,2026-09-01 04:00:00
LANE 0020,Bus Lane,2025-12,Live,4.0,2026-09-01 04:00:00
LANE 0020,Bus Lane,2026-01,Live,3.0,2026-09-01 04:00:00
LANE 0020,Bus Lane,2026-02,Live,7.0,2026-09-01 04:00:00
LANE 0020,Bus Lane,2026-03,Live,4.0,2026-09-01 04:00:00
LANE 0020,Bus Lane,2026-04,Live,9.0,2026-09-01 04:00:00
LANE 0020,Bus Lane,2026-05,Live,5.0,2026-09-01 04:00:00
LANE 0020,Bus Lane,2026-06,Live,8.0,2026-09-01 04:00:00
LANE 0020,Bus Lane,2026-07,Live,3.0,2026-09-01 04:00:00
LANE 0020,Bus Lane,2026-08,Live,2.0,2026-09-01 04:00:00
LANE 0020,Bus Lane,2026-09,Live,2.0,2026-09-01 04:00:00
LANE 0021,Bus Lane,2024-12,Live,58.0,2026-05-27 04:00:00
LANE 0021,Bus Lane,2025-01,Live,32.0,2026-05-27 04:00:00
LANE 0021,Bus Lane,2025-02,Live,38.0,2026-05-27 04:00:00
LANE 0021,Bus Lane,2025-03,Live,84.0,2026-05-27 04:00:00
LANE 0021,Bus Lane,2025-04,Live,102.0,2026-05-27 04:00:00
LANE 0021,Bus Lane,2025-05,Live,98.0,2026-05-27 04:00:00
LANE 0021,Bus Lane,2025-06,Live,111.0,2026-05-27 04:00:00
LANE 0021,Bus Lane,2025-07,Live,139.0,2026-05-27 04:00:00
LANE 0021,Bus Lane,2025-08,Live,117.0,2026-05-27 04:00:00
LANE 0021,Bus Lane,2025-09,Live,130.0,2026-05-27 04:00:00
LANE 0021,Bus Lane,2025-10,Live,160.0,2026-05-27 04:00:00
LANE 0021,Bus Lane,2025-11,Live,88.0,2026-05-27 04:00:00
LANE 0021,Bus Lane,2025-12,Live,97.0,2026-05-27 04:00:00
LANE 0021,Bus Lane,2026-01,Live,104.0,2026-05-27 04:00:00
LANE 0021,Bus Lane,2026-02,Live,113.0,2026-05-27 04:00:00
LANE 0021,Bus Lane,2026-03,Live,197.0,2026-05-27 04:00:00
LANE 0021,Bus Lane,2026-04,Live,137.0,2026-05-27 04:00:00
LANE 0021,Bus Lane,2026-05,Live,141.0,2026-05-27 04:00:00
LANE 0022,Bus Lane,2024-12,Live,230.0,2026-09-04 04:00:00
LANE 0022,Bus Lane,2025-01,Live,293.0,2026-09-04 04:00:00
LANE 0022,Bus Lane,2025-02,Live,354.0,2026-09-04 04:00:00
LANE 0022,Bus Lane,2025-03,Live,596.0,2026-09-04 04:00:00
LANE 0022,Bus Lane,2025-04,Live,604.0,2026-09-04 04:00:00
LANE 0022,Bus Lane,2025-05,Live,537.0,2026-09-04 04:00:00
LANE 0022,Bus Lane,2025-06,Live,540.0,2026-09-04 04:00:00
LANE 0022,Bus Lane,2025-07,Live,294.0,2026-09-04 04:00:00
LANE 0022,Bus Lane,2025-08,Live,416.0,2026-09-04 04:00:00
LANE 0022,Bus Lane,2025-09,Live,529.0,2026-09-04 04:00:00
LANE 0022,Bus Lane,2025-10,Live,490.0,2026-09-04 04:00:00
LANE 0022,Bus Lane,2025-11,Live,217.0,2026-09-04 04:00:00
LANE 0022,Bus Lane,2025-12,Live,321.0,2026-09-04 04:00:00
LANE 0022,Bus Lane,2026-01,Live,339.0,2026-09-04 04:00:00
LANE 0022,Bus Lane,2026-02,Live,339.0,2026-09-04 04:00:00
LANE 0022,Bus Lane,2026-03,Live,427.0,2026-09-04 04:00:00
LANE 0022,Bus Lane,2026-04,Live,458.0,2026-09-04 04:00:00
LANE 0022,Bus Lane,2026-05,Live,429.0,2026-09-04 04:00:00
LANE 0022,Bus Lane,2026-06,Live,448.0,2026-09-04 04:00:00
LANE 0022,Bus Lane,2026-07,Live,363.0,2026-09-04 04:00:00
LANE 0022,Bus Lane,2026-08,Live,356.0,2026-09-04 04:00:00
LANE 0022,Bus Lane,2026-09,Live,89.0,2026-09-04 04:00:00
LANE 0024,Bus Lane,2024-12,Live,48.0,2026-09-04 04:00:00
LANE 0024,Bus Lane,2025-01,Live,22.0,2026-09-04 04:00:00
LANE 0024,Bus Lane,2025-02,Live,69.0,2026-09-04 04:00:00
LANE 0024,Bus Lane,2025-03,Live,85.0,2026-09-04 04:00:00
LANE 0024,Bus Lane,2025-04,Live,118.0,2026-09-04 04:00:00
LANE 0024,Bus Lane,2025-05,Live,113.0,2026-09-04 04:00:00
LANE 0024,Bus Lane,2025-06,Live,120.0,2026-09-04 04:00:00
LANE 0024,Bus Lane,2025-07,Live,186.0,2026-09-04 04:00:00
LANE 0024,Bus Lane,2025-08,Live,167.0,2026-09-04 04:00:00
LANE 0024,Bus Lane,2025-09,Live,132.0,2026-09-04 04:00:00
LANE 0024,Bus Lane,2025-10,Live,144.0,2026-09-04 04:00:00
LANE 0024,Bus Lane,2025-11,Live,99.0,2026-09-04 04:00:00
LANE 0024,Bus Lane,2025-12,Live,112.0,2026-09-04 04:00:00
LANE 0024,Bus Lane,2026-01,Live,58.0,2026-09-04 04:00:00
LANE 0024,Bus Lane,2026-02,Live,98.0,2026-09-04 04:00:00
LANE 0024,Bus Lane,2026-03,Live,70.0,2026-09-04 04:00:00
LANE 0024,Bus Lane,2026-04,Live,79.0,2026-09-04 04:00:00
LANE 0024,Bus Lane,2026-05,Live,115.0,2026-09-04 04:00:00
LANE 0024,Bus Lane,2026-06,Live,121.0,2026-09-04 04:00:00
LANE 0024,Bus Lane,2026-07,Live,121.0,2026-09-04 04:00:00
LANE 0024,Bus Lane,2026-08,Live,101.0,2026-09-04 04:00:00
LANE 0024,Bus Lane,2026-09,Live,17.0,2026-09-04 04:00:00
LANE 0025,Bus Lane,2025-01,Live,1.0,2026-08-28 04:00:00
LANE 0025,Bus Lane,2025-02,Live,1.0,2026-08-28 04:00:00
LANE 0025,Bus Lane,2025-03,Live,6.0,2026-08-28 04:00:00
LANE 0025,Bus Lane,2025-04,Live,1.0,2026-08-28 04:00:00
LANE 0025,Bus Lane,2025-05,Live,6.0,2026-08-28 04:00:00
LANE 0025,Bus Lane,2025-06,Live,6.0,2026-08-28 04:00:00
LANE 0025,Bus Lane,2025-08,Live,3.0,2026-08-28 04:00:00
LANE 0025,Bus Lane,2025-09,Live,4.0,2026-08-28 04:00:00
LANE 0025,Bus Lane,2025-10,Live,6.0,2026-08-28 04:00:00
LANE 0025,Bus Lane,2025-11,Live,2.0,2026-08-28 04:00:00
LANE 0025,Bus Lane,2025-12,Live,3.0,2026-08-28 04:00:00
LANE 0025,Bus Lane,2026-01,Live,4.0,2026-08-28 04:00:00
LANE 0025,Bus Lane,2026-02,Live,2.0,2026-08-28 04:00:00
LANE 0025,Bus Lane,2026-03,Live,5.0,2026-08-28 04:00:00
LANE 0025,Bus Lane,2026-04,Live,6.0,2026-08-28 04:00:00
LANE 0025,Bus Lane,2026-05,Live,4.0,2026-08-28 04:00:00
LANE 0025,Bus Lane,2026-06,Live,8.0,2026-08-28 04:00:00
LANE 0025,Bus Lane,2026-07,Live,8.0,2026-08-28 04:00:00
LANE 0025,Bus Lane,2026-08,Live,4.0,2026-08-28 04:00:00
LANE 0027,Bus Lane,2024-12,Live,37.0,2026-09-04 04:00:00
LANE 0027,Bus Lane,2025-01,Live,23.0,2026-09-04 04:00:00
LANE 0027,Bus Lane,2025-02,Live,44.0,2026-09-04 04:00:00
LANE 0027,Bus Lane,2025-03,Live,62.0,2026-09-04 04:00:00
LANE 0027,Bus Lane,2025-04,Live,92.0,2026-09-04 04:00:00
LANE 0027,Bus Lane,2025-05,Live,80.0,2026-09-04 04:00:00
LANE 0027,Bus Lane,2025-06,Live,67.0,2026-09-04 04:00:00
LANE 0027,Bus Lane,2025-07,Live,117.0,2026-09-04 04:00:00
LANE 0027,Bus Lane,2025-08,Live,97.0,2026-09-04 04:00:00
LANE 0027,Bus Lane,2025-09,Live,131.0,2026-09-04 04:00:00
LANE 0027,Bus Lane,2025-10,Live,140.0,2026-09-04 04:00:00
LANE 0027,Bus Lane,2025-11,Live,75.0,2026-09-04 04:00:00
LANE 0027,Bus Lane,2025-12,Live,72.0,2026-09-04 04:00:00
LANE 0027,Bus Lane,2026-01,Live,51.0,2026-09-04 04:00:00
LANE 0027,Bus Lane,2026-02,Live,90.0,2026-09-04 04:00:00
LANE 0027,Bus Lane,2026-03,Live,132.0,2026-09-04 04:00:00
LANE 0027,Bus Lane,2026-04,Live,117.0,2026-09-04 04:00:00
LANE 0027,Bus Lane,2026-05,Live,106.0,2026-09-04 04:00:00
LANE 0027,Bus Lane,2026-06,Live,105.0,2026-09-04 04:00:00
LANE 0027,Bus Lane,2026-07,Live,118.0,2026-09-04 04:00:00
LANE 0027,Bus Lane,2026-08,Live,68.0,2026-09-04 04:00:00
LANE 0027,Bus Lane,2026-09,Live,13.0,2026-09-04 04:00:00
LANE 0028,Bus Lane,2024-12,Live,8.0,2026-09-03 04:00:00
LANE 0028,Bus Lane,2025-01,Live,11.0,2026-09-03 04:00:00
LANE 0028,Bus Lane,2025-02,Live,13.0,2026-09-03 04:00:00
LANE 0028,Bus Lane,2025-03,Live,16.0,2026-09-03 04:00:00
LANE 0028,Bus Lane,2025-04,Live,11.0,2026-09-03 04:00:00
LANE 0028,Bus Lane,2025-05,Live,21.0,2026-09-03 04:00:00
LANE 0028,Bus Lane,2025-06,Live,19.0,2026-09-03 04:00:00
LANE 0028,Bus Lane,2025-07,Live,12.0,2026-09-03 04:00:00
LANE 0028,Bus Lane,2025-08,Live,9.0,2026-09-03 04:00:00
LANE 0028,Bus Lane,2025-09,Live,9.0,2026-09-03 04:00:00
LANE 0028,Bus Lane,2025-10,Live,12.0,2026-09-03 04:00:00
LANE 0028,Bus Lane,2025-11,Live,7.0,2026-09-03 04:00:00
LANE 0028,Bus Lane,2025-12,Live,11.0,2026-09-03 04:00:00
LANE 0028,Bus Lane,2026-01,Live,20.0,2026-09-03 04:00:00
LANE 0028,Bus Lane,2026-02,Live,13.0,2026-09-03 04:00:00
LANE 0028,Bus Lane,2026-03,Live,21.0,2026-09-03 04:00:00
LANE 0028,Bus Lane,2026-04,Live,13.0,2026-09-03 04:00:00
LANE 0028,Bus Lane,2026-05,Live,15.0,2026-09-03 04:00:00
LANE 0028,Bus Lane,2026-06,Live,11.0,2026-09-03 04:00:00
LANE 0028,Bus Lane,2026-07,Live,21.0,2026-09-03 04:00:00
LANE 0028,Bus Lane,2026-08,Live,21.0,2026-09-03 04:00:00
LANE 0028,Bus Lane,2026-09,Live,4.0,2026-09-03 04:00:00
LANE 0030,Bus Lane,2024-12,Live,38.0,2026-09-04 04:00:00
LANE 0030,Bus Lane,2025-01,Live,25.0,2026-09-04 04:00:00
LANE 0030,Bus Lane,2025-02,Live,39.0,2026-09-04 04:00:00
LANE 0030,Bus Lane,2025-03,Live,84.0,2026-09-04 04:00:00
LANE 0030,Bus Lane,2025-04,Live,101.0,2026-09-04 04:00:00
LANE 0030,Bus Lane,2025-05,Live,151.0,2026-09-04 04:00:00
LANE 0030,Bus Lane,2025-06,Live,130.0,2026-09-04 04:00:00
LANE 0030,Bus Lane,2025-07,Live,161.0,2026-09-04 04:00:00
LANE 0030,Bus Lane,2025-08,Live,168.0,2026-09-04 04:00:00
LANE 0030,Bus Lane,2025-09,Live,158.0,2026-09-04 04:00:00
LANE 0030,Bus Lane,2025-10,Live,194.0,2026-09-04 04:00:00
LANE 0030,Bus Lane,2025-11,Live,118.0,2026-09-04 04:00:00
LANE 0030,Bus Lane,2025-12,Live,174.0,2026-09-04 04:00:00
LANE 0030,Bus Lane,2026-01,Live,114.0,2026-09-04 04:00:00
LANE 0030,Bus Lane,2026-02,Live,144.0,2026-09-04 04:00:00
LANE 0030,Bus Lane,2026-03,Live,127.0,2026-09-04 04:00:00
LANE 0030,Bus Lane,2026-04,Live,136.0,2026-09-04 04:00:00
LANE 0030,Bus Lane,2026-05,Live,160.0,2026-09-04 04:00:00
LANE 0030,Bus Lane,2026-06,Live,140.0,2026-09-04 04:00:00
LANE 0030,Bus Lane,2026-07,Live,123.0,2026-09-04 04:00:00
LANE 0030,Bus Lane,2026-08,Live,115.0,2026-09-04 04:00:00
LANE 0030,Bus Lane,2026-09,Live,14.0,2026-09-04 04:00:00
LANE 0031,Bus Lane,2024-12,Live,3.0,2026-09-04 04:00:00
LANE 0031,Bus Lane,2025-01,Live,2.0,2026-09-04 04:00:00
LANE 0031,Bus Lane,2025-02,Live,5.0,2026-09-04 04:00:00
LANE 0031,Bus Lane,2025-03,Live,5.0,2026-09-04 04:00:00
LANE 0031,Bus Lane,2025-04,Live,7.0,2026-09-04 04:00:00
LANE 0031,Bus Lane,2025-05,Live,6.0,2026-09-04 04:00:00
LANE 0031,Bus Lane,2025-06,Live,5.0,2026-09-04 04:00:00
LANE 0031,Bus Lane,2025-07,Live,8.0,2026-09-04 04:00:00
LANE 0031,Bus Lane,2025-08,Live,6.0,2026-09-04 04:00:00
LANE 0031,Bus Lane,2025-09,Live,5.0,2026-09-04 04:00:00
LANE 0031,Bus Lane,2025-10,Live,7.0,2026-09-04 04:00:00
LANE 0031,Bus Lane,2025-11,Live,8.0,2026-09-04 04:00:00
LANE 0031,Bus Lane,2025-12,Live,8.0,2026-09-04 04:00:00
LANE 0031,Bus Lane,2026-01,Live,3.0,2026-09-04 04:00:00
LANE 0031,Bus Lane,2026-02,Live,5.0,2026-09-04 04:00:00
LANE 0031,Bus Lane,2026-03,Live,3.0,2026-09-04 04:00:00
LANE 0031,Bus Lane,2026-04,Live,9.0,2026-09-04 04:00:00
LANE 0031,Bus Lane,2026-05,Live,5.0,2026-09-04 04:00:00
LANE 0031,Bus Lane,2026-06,Live,9.0,2026-09-04 04:00:00
LANE 0031,Bus Lane,2026-07,Live,4.0,2026-09-04 04:00:00
LANE 0031,Bus Lane,2026-08,Live,8.0,2026-09-04 04:00:00
LANE 0031,Bus Lane,2026-09,Live,1.0,2026-09-04 04:00:00
LANE 0033,Bus Lane,2024-12,Live,32.0,2026-09-03 04:00:00
LANE 0033,Bus Lane,2025-01,Live,51.0,2026-09-03 04:00:00
LANE 0033,Bus Lane,2025-02,Live,55.0,2026-09-03 04:00:00
LANE 0033,Bus Lane,2025-03,Live,78.0,2026-09-03 04:00:00
LANE 0033,Bus Lane,2025-04,Live,97.0,2026-09-03 04:00:00
LANE 0033,Bus Lane,2025-05,Live,64.0,2026-09-03 04:00:00
LANE 0033,Bus Lane,2025-06,Live,61.0,2026-09-03 04:00:00
LANE 0033,Bus Lane,2025-07,Live,82.0,2026-09-03 04:00:00
LANE 0033,Bus Lane,2025-08,Live,67.0,2026-09-03 04:00:00
LANE 0033,Bus Lane,2025-09,Live,114.0,2026-09-03 04:00:00
LANE 0033,Bus Lane,2025-10,Live,77.0,2026-09-03 04:00:00
LANE 0033,Bus Lane,2025-11,Live,47.0,2026-09-03 04:00:00
LANE 0033,Bus Lane,2025-12,Live,28.0,2026-09-03 04:00:00
LANE 0033,Bus Lane,2026-01,Live,40.0,2026-09-03 04:00:00
LANE 0033,Bus Lane,2026-02,Live,48.0,2026-09-03 04:00:00
LANE 0033,Bus Lane,2026-03,Live,68.0,2026-09-03 04:00:00
LANE 0033,Bus Lane,2026-04,Live,51.0,2026-09-03 04:00:00
LANE 0033,Bus Lane,2026-05,Live,65.0,2026-09-03 04:00:00
LANE 0033,Bus Lane,2026-06,Live,58.0,2026-09-03 04:00:00
LANE 0033,Bus Lane,2026-07,Live,68.0,2026-09-03 04:00:00
LANE 0033,Bus Lane,2026-08,Live,60.0,2026-09-03 04:00:00
LANE 0033,Bus Lane,2026-09,Live,4.0,2026-09-03 04:00:00
LANE 0034,Bus Lane,2025-03,Live,18.0,2025-08-10 04:00:00
LANE 0034,Bus Lane,2025-03,Warning,6.0,2026-09-06 04:00:00
LANE 0034,Bus Lane,2025-04,Live,52.0,2025-08-10 04:00:00
LANE 0034,Bus Lane,2025-05,Live,90.0,2025-08-10 04:00:00
LANE 0034,Bus Lane,2025-06,Live,80.0,2025-08-10 04:00:00
LANE 0034,Bus Lane,2025-07,Live,92.0,2025-08-10 04:00:00
LANE 0034,Bus Lane,2025-08,Live,26.0,2025-08-10 04:00:00
LANE 0034,Bus Lane,2025-08,Warning,23.0,2026-09-06 04:00:00
LANE 0034,Bus Lane,2025-09,Warning,34.0,2026-09-06 04:00:00
LANE 0034,Bus Lane,2025-10,Warning,21.0,2026-09-06 04:00:00
LANE 0034,Bus Lane,2025-11,Warning,15.0,2026-09-06 04:00:00
LANE 0034,Bus Lane,2025-12,Warning,29.0,2026-09-06 04:00:00
LANE 0034,Bus Lane,2026-01,Warning,15.0,2026-09-06 04:00:00
LANE 0034,Bus Lane,2026-02,Warning,47.0,2026-09-06 04:00:00
LANE 0034,Bus Lane,2026-03,Warning,43.0,2026-09-06 04:00:00
LANE 0034,Bus Lane,2026-04,Warning,46.0,2026-09-06 04:00:00
LANE 0034,Bus Lane,2026-05,Warning,46.0,2026-09-06 04:00:00
LANE 0034,Bus Lane,2026-06,Warning,53.0,2026-09-06 04:00:00
LANE 0034,Bus Lane,2026-07,Warning,45.0,2026-09-06 04:00:00
LANE 0034,Bus Lane,2026-08,Warning,36.0,2026-09-06 04:00:00
LANE 0034,Bus Lane,2026-09,Warning,3.0,2026-09-06 04:00:00
LANE 0035,Bus Lane,2024-12,Live,16.0,2026-09-04 04:00:00
LANE 0035,Bus Lane,2025-01,Live,11.0,2026-09-04 04:00:00
LANE 0035,Bus Lane,2025-02,Live,6.0,2026-09-04 04:00:00
LANE 0035,Bus Lane,2025-03,Live,23.0,2026-09-04 04:00:00
LANE 0035,Bus Lane,2025-04,Live,40.0,2026-09-04 04:00:00
LANE 0035,Bus Lane,2025-05,Live,31.0,2026-09-04 04:00:00
LANE 0035,Bus Lane,2025-06,Live,38.0,2026-09-04 04:00:00
LANE 0035,Bus Lane,2025-07,Live,39.0,2026-09-04 04:00:00
LANE 0035,Bus Lane,2025-08,Live,35.0,2026-09-04 04:00:00
LANE 0035,Bus Lane,2025-09,Live,27.0,2026-09-04 04:00:00
LANE 0035,Bus Lane,2025-10,Live,61.0,2026-09-04 04:00:00
LANE 0035,Bus Lane,2025-11,Live,12.0,2026-09-04 04:00:00
LANE 0035,Bus Lane,2025-12,Live,13.0,2026-09-04 04:00:00
LANE 0035,Bus Lane,2026-01,Live,15.0,2026-09-04 04:00:00
LANE 0035,Bus Lane,2026-02,Live,22.0,2026-09-04 04:00:00
LANE 0035,Bus Lane,2026-03,Live,33.0,2026-09-04 04:00:00
LANE 0035,Bus Lane,2026-04,Live,32.0,2026-09-04 04:00:00
LANE 0035,Bus Lane,2026-05,Live,26.0,2026-09-04 04:00:00
LANE 0035,Bus Lane,2026-06,Live,30.0,2026-09-04 04:00:00
LANE 0035,Bus Lane,2026-07,Live,49.0,2026-09-04 04:00:00
LANE 0035,Bus Lane,2026-08,Live,6.0,2026-09-04 04:00:00
LANE 0035,Bus Lane,2026-09,Live,2.0,2026-09-04 04:00:00
LANE 0036,Bus Lane,2025-03,Live,4.0,2025-08-08 04:00:00
LANE 0036,Bus Lane,2025-03,Warning,3.0,2026-09-05 04:00:00
LANE 0036,Bus Lane,2025-04,Live,6.0,2025-08-08 04:00:00
LANE 0036,Bus Lane,2025-05,Live,16.0,2025-08-08 04:00:00
LANE 0036,Bus Lane,2025-06,Live,20.0,2025-08-08 04:00:00
LANE 0036,Bus Lane,2025-07,Live,16.0,2025-08-08 04:00:00
LANE 0036,Bus Lane,2025-08,Live,8.0,2025-08-08 04:00:00
LANE 0036,Bus Lane,2025-08,Warning,8.0,2026-09-05 04:00:00
LANE 0036,Bus Lane,2025-09,Warning,4.0,2026-09-05 04:00:00
LANE 0036,Bus Lane,2025-10,Warning,5.0,2026-09-05 04:00:00
LANE 0036,Bus Lane,2025-11,Warning,12.0,2026-09-05 04:00:00
LANE 0036,Bus Lane,2025-12,Warning,10.0,2026-09-05 04:00:00
LANE 0036,Bus Lane,2026-01,Warning,8.0,2026-09-05 04:00:00
LANE 0036,Bus Lane,2026-02,Warning,11.0,2026-09-05 04:00:00
LANE 0036,Bus Lane,2026-03,Warning,10.0,2026-09-05 04:00:00
LANE 0036,Bus Lane,2026-04,Warning,7.0,2026-09-05 04:00:00
LANE 0036,Bus Lane,2026-05,Warning,12.0,2026-09-05 04:00:00
LANE 0036,Bus Lane,2026-06,Warning,12.0,2026-09-05 04:00:00
LANE 0036,Bus Lane,2026-07,Warning,8.0,2026-09-05 04:00:00
LANE 0036,Bus Lane,2026-08,Warning,7.0,2026-09-05 04:00:00
LANE 0036,Bus Lane,2026-09,Warning,4.0,2026-09-05 04:00:00
LANE 0037,Bus Lane,2024-12,Live,22.0,2026-09-01 04:00:00
LANE 0037,Bus Lane,2025-01,Live,25.0,2026-09-01 04:00:00
LANE 0037,Bus Lane,2025-02,Live,29.0,2026-09-01 04:00:00
LANE 0037,Bus Lane,2025-03,Live,26.0,2026-09-01 04:00:00
LANE 0037,Bus Lane,2025-04,Live,46.0,2026-09-01 04:00:00
LANE 0037,Bus Lane,2025-05,Live,69.0,2026-09-01 04:00:00
LANE 0037,Bus Lane,2025-06,Live,64.0,2026-09-01 04:00:00
LANE 0037,Bus Lane,2025-07,Live,94.0,2026-09-01 04:00:00
LANE 0037,Bus Lane,2025-08,Live,43.0,2026-09-01 04:00:00
LANE 0037,Bus Lane,2025-09,Live,47.0,2026-09-01 04:00:00
LANE 0037,Bus Lane,2025-10,Live,97.0,2026-09-01 04:00:00
LANE 0037,Bus Lane,2025-11,Live,13.0,2026-09-01 04:00:00
LANE 0037,Bus Lane,2025-12,Live,22.0,2026-09-01 04:00:00
LANE 0037,Bus Lane,2026-01,Live,25.0,2026-09-01 04:00:00
LANE 0037,Bus Lane,2026-02,Live,17.0,2026-09-01 04:00:00
LANE 0037,Bus Lane,2026-03,Live,25.0,2026-09-01 04:00:00
LANE 0037,Bus Lane,2026-04,Live,20.0,2026-09-01 04:00:00
LANE 0037,Bus Lane,2026-05,Live,29.0,2026-09-01 04:00:00
LANE 0037,Bus Lane,2026-06,Live,43.0,2026-09-01 04:00:00
LANE 0037,Bus Lane,2026-07,Live,47.0,2026-09-01 04:00:00
LANE 0037,Bus Lane,2026-08,Live,15.0,2026-09-01 04:00:00
LANE 0037,Bus Lane,2026-09,Live,4.0,2026-09-01 04:00:00
LANE 0038,Bus Lane,2024-12,Live,3.0,2026-09-04 04:00:00
LANE 0038,Bus Lane,2025-01,Live,4.0,2026-09-04 04:00:00
LANE 0038,Bus Lane,2025-02,Live,3.0,2026-09-04 04:00:00
LANE 0038,Bus Lane,2025-03,Live,7.0,2026-09-04 04:00:00
LANE 0038,Bus Lane,2025-04,Live,3.0,2026-09-04 04:00:00
LANE 0038,Bus Lane,2025-05,Live,5.0,2026-09-04 04:00:00
LANE 0038,Bus Lane,2025-06,Live,5.0,2026-09-04 04:00:00
LANE 0038,Bus Lane,2025-07,Live,20.0,2026-09-04 04:00:00
LANE 0038,Bus Lane,2025-08,Live,5.0,2026-09-04 04:00:00
LANE 0038,Bus Lane,2025-09,Live,9.0,2026-09-04 04:00:00
LANE 0038,Bus Lane,2025-10,Live,19.0,2026-09-04 04:00:00
LANE 0038,Bus Lane,2025-11,Live,5.0,2026-09-04 04:00:00
LANE 0038,Bus Lane,2025-12,Live,1.0,2026-09-04 04:00:00
LANE 0038,Bus Lane,2026-01,Live,2.0,2026-09-04 04:00:00
LANE 0038,Bus Lane,2026-02,Live,2.0,2026-09-04 04:00:00
LANE 0038,Bus Lane,2026-03,Live,10.0,2026-09-04 04:00:00
LANE 0038,Bus Lane,2026-04,Live,16.0,2026-09-04 04:00:00
LANE 0038,Bus Lane,2026-05,Live,10.0,2026-09-04 04:00:00
LANE 0038,Bus Lane,2026-06,Live,16.0,2026-09-04 04:00:00
LANE 0038,Bus Lane,2026-07,Live,7.0,2026-09-04 04:00:00
LANE 0038,Bus Lane,2026-08,Live,6.0,2026-09-04 04:00:00
LANE 0038,Bus Lane,2026-09,Live,3.0,2026-09-04 04:00:00
LANE 0039,Bus Lane,2024-12,Live,2.0,2026-09-04 04:00:00
LANE 0039,Bus Lane,2025-01,Live,2.0,2026-09-04 04:00:00
LANE 0039,Bus Lane,2025-02,Live,5.0,2026-09-04 04:00:00
LANE 0039,Bus Lane,2025-03,Live,10.0,2026-09-04 04:00:00
LANE 0039,Bus Lane,2025-04,Live,4.0,2026-09-04 04:00:00
LANE 0039,Bus Lane,2025-05,Live,16.0,2026-09-04 04:00:00
LANE 0039,Bus Lane,2025-06,Live,7.0,2026-09-04 04:00:00
LANE 0039,Bus Lane,2025-07,Live,8.0,2026-09-04 04:00:00
LANE 0039,Bus Lane,2025-08,Live,9.0,2026-09-04 04:00:00
LANE 0039,Bus Lane,2025-09,Live,17.0,2026-09-04 04:00:00
LANE 0039,Bus Lane,2025-10,Live,17.0,2026-09-04 04:00:00
LANE 0039,Bus Lane,2025-11,Live,15.0,2026-09-04 04:00:00
LANE 0039,Bus Lane,2025-12,Live,9.0,2026-09-04 04:00:00
LANE 0039,Bus Lane,2026-01,Live,11.0,2026-09-04 04:00:00
LANE 0039,Bus Lane,2026-02,Live,16.0,2026-09-04 04:00:00
LANE 0039,Bus Lane,2026-03,Live,12.0,2026-09-04 04:00:00
LANE 0039,Bus Lane,2026-04,Live,12.0,2026-09-04 04:00:00
LANE 0039,Bus Lane,2026-05,Live,19.0,2026-09-04 04:00:00
LANE 0039,Bus Lane,2026-06,Live,18.0,2026-09-04 04:00:00
LANE 0039,Bus Lane,2026-07,Live,16.0,2026-09-04 04:00:00
LANE 0039,Bus Lane,2026-08,Live,6.0,2026-09-04 04:00:00
LANE 0039,Bus Lane,2026-09,Live,3.0,2026-09-04 04:00:00
LANE 0040,Bus Lane,2025-02,Live,1.0,2026-09-03 04:00:00
LANE 0040,Bus Lane,2025-03,Live,2.0,2026-09-03 04:00:00
LANE 0040,Bus Lane,2025-04,Live,3.0,2026-09-03 04:00:00
LANE 0040,Bus Lane,2025-06,Live,1.0,2026-09-03 04:00:00
LANE 0040,Bus Lane,2025-07,Live,1.0,2026-09-03 04:00:00
LANE 0040,Bus Lane,2025-08,Live,7.0,2026-09-03 04:00:00
LANE 0040,Bus Lane,2025-09,Live,1.0,2026-09-03 04:00:00
LANE 0040,Bus Lane,2025-11,Live,3.0,2026-09-03 04:00:00
LANE 0040,Bus Lane,2025-12,Live,4.0,2026-09-03 04:00:00
LANE 0040,Bus Lane,2026-02,Live,6.0,2026-09-03 04:00:00
LANE 0040,Bus Lane,2026-03,Live,4.0,2026-09-03 04:00:00
LANE 0040,Bus Lane,2026-04,Live,2.0,2026-09-03 04:00:00
LANE 0040,Bus Lane,2026-05,Live,5.0,2026-09-03 04:00:00
LANE 0040,Bus Lane,2026-06,Live,5.0,2026-09-03 04:00:00
LANE 0040,Bus Lane,2026-07,Live,7.0,2026-09-03 04:00:00
LANE 0040,Bus Lane,2026-09,Live,3.0,2026-09-03 04:00:00
LANE 0041,Bus Lane,2024-12,Live,2.0,2026-09-02 04:00:00
LANE 0041,Bus Lane,2025-03,Live,2.0,2026-09-02 04:00:00
LANE 0041,Bus Lane,2025-04,Live,9.0,2026-09-02 04:00:00
LANE 0041,Bus Lane,2025-05,Live,11.0,2026-09-02 04:00:00
LANE 0041,Bus Lane,2025-06,Live,14.0,2026-09-02 04:00:00
LANE 0041,Bus Lane,2025-07,Live,12.0,2026-09-02 04:00:00
LANE 0041,Bus Lane,2025-08,Live,3.0,2026-09-02 04:00:00
LANE 0041,Bus Lane,2025-09,Live,10.0,2026-09-02 04:00:00
LANE 0041,Bus Lane,2025-10,Live,10.0,2026-09-02 04:00:00
LANE 0041,Bus Lane,2025-11,Live,11.0,2026-09-02 04:00:00
LANE 0041,Bus Lane,2025-12,Live,8.0,2026-09-02 04:00:00
LANE 0041,Bus Lane,2026-01,Live,3.0,2026-09-02 04:00:00
LANE 0041,Bus Lane,2026-02,Live,9.0,2026-09-02 04:00:00
LANE 0041,Bus Lane,2026-03,Live,7.0,2026-09-02 04:00:00
LANE 0041,Bus Lane,2026-04,Live,6.0,2026-09-02 04:00:00
LANE 0041,Bus Lane,2026-05,Live,12.0,2026-09-02 04:00:00
LANE 0041,Bus Lane,2026-06,Live,7.0,2026-09-02 04:00:00
LANE 0041,Bus Lane,2026-07,Live,7.0,2026-09-02 04:00:00
LANE 0041,Bus Lane,2026-08,Live,7.0,2026-09-02 04:00:00
LANE 0041,Bus Lane,2026-09,Live,2.0,2026-09-02 04:00:00
LANE 0042,Bus Lane,2024-12,Live,3.0,2026-09-02 04:00:00
LANE 0042,Bus Lane,2025-01,Live,3.0,2026-09-02 04:00:00
LANE 0042,Bus Lane,2025-03,Live,2.0,2026-09-02 04:00:00
LANE 0042,Bus Lane,2025-04,Live,6.0,2026-09-02 04:00:00
LANE 0042,Bus Lane,2025-05,Live,14.0,2026-09-02 04:00:00
LANE 0042,Bus Lane,2025-06,Live,12.0,2026-09-02 04:00:00
LANE 0042,Bus Lane,2025-07,Live,15.0,2026-09-02 04:00:00
LANE 0042,Bus Lane,2025-08,Live,6.0,2026-09-02 04:00:00
LANE 0042,Bus Lane,2025-09,Live,8.0,2026-09-02 04:00:00
LANE 0042,Bus Lane,2025-10,Live,12.0,2026-09-02 04:00:00
LANE 0042,Bus Lane,2025-11,Live,8.0,2026-09-02 04:00:00
LANE 0042,Bus Lane,2025-12,Live,7.0,2026-09-02 04:00:00
LANE 0042,Bus Lane,2026-01,Live,9.0,2026-09-02 04:00:00
LANE 0042,Bus Lane,2026-02,Live,11.0,2026-09-02 04:00:00
LANE 0042,Bus Lane,2026-03,Live,5.0,2026-09-02 04:00:00
LANE 0042,Bus Lane,2026-04,Live,14.0,2026-09-02 04:00:00
LANE 0042,Bus Lane,2026-05,Live,12.0,2026-09-02 04:00:00
LANE 0042,Bus Lane,2026-06,Live,14.0,2026-09-02 04:00:00
LANE 0042,Bus Lane,2026-07,Live,9.0,2026-09-02 04:00:00
LANE 0042,Bus Lane,2026-08,Live,5.0,2026-09-02 04:00:00
LANE 0042,Bus Lane,2026-09,Live,1.0,2026-09-02 04:00:00
LANE 0045,Bus Lane,2024-12,Live,59.0,2026-09-03 04:00:00
LANE 0045,Bus Lane,2025-01,Live,37.0,2026-09-03 04:00:00
LANE 0045,Bus Lane,2025-02,Live,58.0,2026-09-03 04:00:00
LANE 0045,Bus Lane,2025-03,Live,59.0,2026-09-03 04:00:00
LANE 0045,Bus Lane,2025-04,Live,99.0,2026-09-03 04:00:00
LANE 0045,Bus Lane,2025-05,Live,121.0,2026-09-03 04:00:00
LANE 0045,Bus Lane,2025-06,Live,42.0,2026-09-03 04:00:00
LANE 0045,Bus Lane,2025-07,Live,57.0,2026-09-03 04:00:00
LANE 0045,Bus Lane,2025-08,Live,97.0,2026-09-03 04:00:00
LANE 0045,Bus Lane,2025-09,Live,79.0,2026-09-03 04:00:00
LANE 0045,Bus Lane,2025-10,Live,54.0,2026-09-03 04:00:00
LANE 0045,Bus Lane,2025-11,Live,29.0,2026-09-03 04:00:00
LANE 0045,Bus Lane,2025-12,Live,17.0,2026-09-03 04:00:00
LANE 0045,Bus Lane,2026-01,Live,15.0,2026-09-03 04:00:00
LANE 0045,Bus Lane,2026-02,Live,30.0,2026-09-03 04:00:00
LANE 0045,Bus Lane,2026-03,Live,33.0,2026-09-03 04:00:00
LANE 0045,Bus Lane,2026-04,Live,46.0,2026-09-03 04:00:00
LANE 0045,Bus Lane,2026-05,Live,115.0,2026-09-03 04:00:00
LANE 0045,Bus Lane,2026-06,Live,32.0,2026-09-03 04:00:00
LANE 0045,Bus Lane,2026-07,Live,31.0,2026-09-03 04:00:00
LANE 0045,Bus Lane,2026-08,Live,22.0,2026-09-03 04:00:00
LANE 0045,Bus Lane,2026-09,Live,3.0,2026-09-03 04:00:00
LANE 0048,Bus Lane,2024-12,Live,114.0,2026-06-18 04:00:00
LANE 0048,Bus Lane,2025-01,Live,117.0,2026-06-18 04:00:00
LANE 0048,Bus Lane,2025-02,Live,101.0,2026-06-18 04:00:00
LANE 0048,Bus Lane,2025-03,Live,139.0,2026-06-18 04:00:00
LANE 0048,Bus Lane,2025-04,Live,167.0,2026-06-18 04:00:00
LANE 0048,Bus Lane,2025-05,Live,126.0,2026-06-18 04:00:00
LANE 0048,Bus Lane,2025-06,Live,13.0,2026-06-18 04:00:00
LANE 0048,Bus Lane,2025-07,Live,15.0,2026-06-18 04:00:00
LANE 0048,Bus Lane,2025-08,Live,21.0,2026-06-18 04:00:00
LANE 0048,Bus Lane,2025-09,Live,4.0,2026-06-18 04:00:00
LANE 0048,Bus Lane,2025-10,Live,5.0,2026-06-18 04:00:00
LANE 0048,Bus Lane,2025-11,Live,4.0,2026-06-18 04:00:00
LANE 0048,Bus Lane,2025-12,Live,1.0,2026-06-18 04:00:00
LANE 0048,Bus Lane,2026-01,Live,3.0,2026-06-18 04:00:00
LANE 0048,Bus Lane,2026-02,Live,2.0,2026-06-18 04:00:00
LANE 0048,Bus Lane,2026-03,Live,8.0,2026-06-18 04:00:00
LANE 0048,Bus Lane,2026-04,Live,7.0,2026-06-18 04:00:00
LANE 0048,Bus Lane,2026-05,Live,7.0,2026-06-18 04:00:00
LANE 0048,Bus Lane,2026-06,Live,3.0,2026-06-18 04:00:00
LANE 0051,Bus Lane,2024-12,Live,19.0,2026-07-28 04:00:00
LANE 0051,Bus Lane,2025-01,Live,17.0,2026-07-28 04:00:00
LANE 0051,Bus Lane,2025-02,Live,7.0,2026-07-28 04:00:00
LANE 0051,Bus Lane,2025-03,Live,24.0,2026-07-28 04:00:00
LANE 0051,Bus Lane,2025-04,Live,16.0,2026-07-28 04:00:00
LANE 0051,Bus Lane,2025-05,Live,23.0,2026-07-28 04:00:00
LANE 0051,Bus Lane,2025-06,Live,31.0,2026-07-28 04:00:00
LANE 0051,Bus Lane,2025-07,Live,77.0,2026-07-28 04:00:00
LANE 0051,Bus Lane,2025-08,Live,63.0,2026-07-28 04:00:00
LANE 0051,Bus Lane,2025-09,Live,44.0,2026-07-28 04:00:00
LANE 0051,Bus Lane,2025-10,Live,45.0,2026-07-28 04:00:00
LANE 0051,Bus Lane,2025-11,Live,45.0,2026-07-28 04:00:00
LANE 0051,Bus Lane,2025-12,Live,45.0,2026-07-28 04:00:00
LANE 0051,Bus Lane,2026-01,Live,36.0,2026-07-28 04:00:00
LANE 0051,Bus Lane,2026-02,Live,69.0,2026-07-28 04:00:00
LANE 0051,Bus Lane,2026-03,Live,66.0,2026-07-28 04:00:00
LANE 0051,Bus Lane,2026-04,Live,61.0,2026-07-28 04:00:00
LANE 0051,Bus Lane,2026-05,Live,65.0,2026-07-28 04:00:00
LANE 0051,Bus Lane,2026-06,Live,70.0,2026-07-28 04:00:00
LANE 0051,Bus Lane,2026-07,Live,68.0,2026-07-28 04:00:00
LANE 0053,Bus Lane,2024-12,Live,19.0,2026-07-28 04:00:00
LANE 0053,Bus Lane,2025-01,Live,32.0,2026-07-28 04:00:00
LANE 0053,Bus Lane,2025-02,Live,41.0,2026-07-28 04:00:00
LANE 0053,Bus Lane,2025-03,Live,52.0,2026-07-28 04:00:00
LANE 0053,Bus Lane,2025-04,Live,42.0,2026-07-28 04:00:00
LANE 0053,Bus Lane,2025-05,Live,62.0,2026-07-28 04:00:00
LANE 0053,Bus Lane,2025-06,Live,71.0,2026-07-28 04:00:00
LANE 0053,Bus Lane,2025-07,Live,84.0,2026-07-28 04:00:00
LANE 0053,Bus Lane,2025-08,Live,91.0,2026-07-28 04:00:00
LANE 0053,Bus Lane,2025-09,Live,57.0,2026-07-28 04:00:00
LANE 0053,Bus Lane,2025-10,Live,67.0,2026-07-28 04:00:00
LANE 0053,Bus Lane,2025-11,Live,62.0,2026-07-28 04:00:00
LANE 0053,Bus Lane,2025-12,Live,47.0,2026-07-28 04:00:00
LANE 0053,Bus Lane,2026-01,Live,49.0,2026-07-28 04:00:00
LANE 0053,Bus Lane,2026-02,Live,45.0,2026-07-28 04:00:00
LANE 0053,Bus Lane,2026-03,Live,81.0,2026-07-28 04:00:00
LANE 0053,Bus Lane,2026-04,Live,67.0,2026-07-28 04:00:00
LANE 0053,Bus Lane,2026-05,Live,62.0,2026-07-28 04:00:00
LANE 0053,Bus Lane,2026-06,Live,92.0,2026-07-28 04:00:00
LANE 0053,Bus Lane,2026-07,Live,97.0,2026-07-28 04:00:00
LANE 0054,Bus Lane,2024-12,Live,22.0,2026-07-28 04:00:00
LANE 0054,Bus Lane,2025-01,Live,18.0,2026-07-28 04:00:00
LANE 0054,Bus Lane,2025-02,Live,33.0,2026-07-28 04:00:00
LANE 0054,Bus Lane,2025-03,Live,24.0,2026-07-28 04:00:00
LANE 0054,Bus Lane,2025-04,Live,26.0,2026-07-28 04:00:00
LANE 0054,Bus Lane,2025-05,Live,29.0,2026-07-28 04:00:00
LANE 0054,Bus Lane,2025-06,Live,25.0,2026-07-28 04:00:00
LANE 0054,Bus Lane,2025-07,Live,11.0,2026-07-28 04:00:00
LANE 0054,Bus Lane,2025-08,Live,36.0,2026-07-28 04:00:00
LANE 0054,Bus Lane,2025-09,Live,30.0,2026-07-28 04:00:00
LANE 0054,Bus Lane,2025-10,Live,17.0,2026-07-28 04:00:00
LANE 0054,Bus Lane,2025-11,Live,38.0,2026-07-28 04:00:00
LANE 0054,Bus Lane,2025-12,Live,19.0,2026-07-28 04:00:00
LANE 0054,Bus Lane,2026-01,Live,28.0,2026-07-28 04:00:00
LANE 0054,Bus Lane,2026-02,Live,31.0,2026-07-28 04:00:00
LANE 0054,Bus Lane,2026-03,Live,39.0,2026-07-28 04:00:00
LANE 0054,Bus Lane,2026-04,Live,35.0,2026-07-28 04:00:00
LANE 0054,Bus Lane,2026-05,Live,27.0,2026-07-28 04:00:00
LANE 0054,Bus Lane,2026-06,Live,44.0,2026-07-28 04:00:00
LANE 0054,Bus Lane,2026-07,Live,43.0,2026-07-28 04:00:00
LANE 0055,Bus Lane,2024-12,Live,4.0,2026-07-28 04:00:00
LANE 0055,Bus Lane,2025-01,Live,5.0,2026-07-28 04:00:00
LANE 0055,Bus Lane,2025-02,Live,6.0,2026-07-28 04:00:00
LANE 0055,Bus Lane,2025-03,Live,8.0,2026-07-28 04:00:00
LANE 0055,Bus Lane,2025-04,Live,5.0,2026-07-28 04:00:00
LANE 0055,Bus Lane,2025-05,Live,8.0,2026-07-28 04:00:00
LANE 0055,Bus Lane,2025-06,Live,9.0,2026-07-28 04:00:00
LANE 0055,Bus Lane,2025-07,Live,16.0,2026-07-28 04:00:00
LANE 0055,Bus Lane,2025-08,Live,15.0,2026-07-28 04:00:00
LANE 0055,Bus Lane,2025-09,Live,12.0,2026-07-28 04:00:00
LANE 0055,Bus Lane,2025-10,Live,11.0,2026-07-28 04:00:00
LANE 0055,Bus Lane,2025-11,Live,11.0,2026-07-28 04:00:00
LANE 0055,Bus Lane,2025-12,Live,7.0,2026-07-28 04:00:00
LANE 0055,Bus Lane,2026-01,Live,4.0,2026-07-28 04:00:00
LANE 0055,Bus Lane,2026-02,Live,26.0,2026-07-28 04:00:00
LANE 0055,Bus Lane,2026-03,Live,10.0,2026-07-28 04:00:00
LANE 0055,Bus Lane,2026-04,Live,5.0,2026-07-28 04:00:00
LANE 0055,Bus Lane,2026-05,Live,3.0,2026-07-28 04:00:00
LANE 0055,Bus Lane,2026-06,Live,11.0,2026-07-28 04:00:00
LANE 0055,Bus Lane,2026-07,Live,18.0,2026-07-28 04:00:00
LANE 0056,Bus Lane,2024-12,Live,33.0,2026-07-28 04:00:00
LANE 0056,Bus Lane,2025-01,Live,30.0,2026-07-28 04:00:00
LANE 0056,Bus Lane,2025-02,Live,28.0,2026-07-28 04:00:00
LANE 0056,Bus Lane,2025-03,Live,40.0,2026-07-28 04:00:00
LANE 0056,Bus Lane,2025-04,Live,51.0,2026-07-28 04:00:00
LANE 0056,Bus Lane,2025-05,Live,76.0,2026-07-28 04:00:00
LANE 0056,Bus Lane,2025-06,Live,85.0,2026-07-28 04:00:00
LANE 0056,Bus Lane,2025-07,Live,63.0,2026-07-28 04:00:00
LANE 0056,Bus Lane,2025-08,Live,44.0,2026-07-28 04:00:00
LANE 0056,Bus Lane,2025-09,Live,33.0,2026-07-28 04:00:00
LANE 0056,Bus Lane,2025-10,Live,34.0,2026-07-28 04:00:00
LANE 0056,Bus Lane,2025-11,Live,46.0,2026-07-28 04:00:00
LANE 0056,Bus Lane,2025-12,Live,45.0,2026-07-28 04:00:00
LANE 0056,Bus Lane,2026-01,Live,29.0,2026-07-28 04:00:00
LANE 0056,Bus Lane,2026-02,Live,29.0,2026-07-28 04:00:00
LANE 0056,Bus Lane,2026-03,Live,55.0,2026-07-28 04:00:00
LANE 0056,Bus Lane,2026-04,Live,46.0,2026-07-28 04:00:00
LANE 0056,Bus Lane,2026-05,Live,66.0,2026-07-28 04:00:00
LANE 0056,Bus Lane,2026-06,Live,69.0,2026-07-28 04:00:00
LANE 0056,Bus Lane,2026-07,Live,80.0,2026-07-28 04:00:00
LANE 0058,Bus Lane,2025-04,Live,1.0,2026-06-16 04:00:00
LANE 0058,Bus Lane,2025-08,Live,1.0,2026-06-16 04:00:00
LANE 0058,Bus Lane,2025-09,Live,3.0,2026-06-16 04:00:00
LANE 0058,Bus Lane,2025-10,Live,6.0,2026-06-16 04:00:00
LANE 0058,Bus Lane,2025-11,Live,3.0,2026-06-16 04:00:00
LANE 0058,Bus Lane,2025-12,Live,3.0,2026-06-16 04:00:00
LANE 0058,Bus Lane,2026-01,Live,1.0,2026-06-16 04:00:00
LANE 0058,Bus Lane,2026-02,Live,1.0,2026-06-16 04:00:00
LANE 0058,Bus Lane,2026-03,Live,1.0,2026-06-16 04:00:00
LANE 0058,Bus Lane,2026-05,Live,1.0,2026-06-16 04:00:00
LANE 0058,Bus Lane,2026-06,Live,1.0,2026-06-16 04:00:00
LANE 0059,Bus Lane,2025-01,Live,7.0,2026-08-31 04:00:00
LANE 0059,Bus Lane,2025-05,Live,1.0,2026-08-31 04:00:00
LANE 0059,Bus Lane,2025-06,Live,1.0,2026-08-31 04:00:00
LANE 0059,Bus Lane,2025-07,Live,1.0,2026-08-31 04:00:00
LANE 0059,Bus Lane,2025-10,Live,1.0,2026-08-31 04:00:00
LANE 0059,Bus Lane,2025-12,Live,1.0,2026-08-31 04:00:00
LANE 0059,Bus Lane,2026-04,Live,2.0,2026-08-31 04:00:00
LANE 0059,Bus Lane,2026-06,Live,1.0,2026-08-31 04:00:00
LANE 0059,Bus Lane,2026-08,Live,1.0,2026-08-31 04:00:00
LANE 0060,Bus Lane,2024-12,Live,14.0,2026-08-28 04:00:00
LANE 0060,Bus Lane,2025-01,Live,15.0,2026-08-28 04:00:00
LANE 0060,Bus Lane,2025-02,Live,4.0,2026-08-28 04:00:00
LANE 0060,Bus Lane,2025-03,Live,5.0,2026-08-28 04:00:00
LANE 0060,Bus Lane,2025-04,Live,5.0,2026-08-28 04:00:00
LANE 0060,Bus Lane,2025-05,Live,13.0,2026-08-28 04:00:00
LANE 0060,Bus Lane,2025-06,Live,14.0,2026-08-28 04:00:00
LANE 0060,Bus Lane,2025-07,Live,15.0,2026-08-28 04:00:00
LANE 0060,Bus Lane,2025-08,Live,16.0,2026-08-28 04:00:00
LANE 0060,Bus Lane,2025-09,Live,17.0,2026-08-28 04:00:00
LANE 0060,Bus Lane,2025-10,Live,8.0,2026-08-28 04:00:00
LANE 0060,Bus Lane,2025-11,Live,21.0,2026-08-28 04:00:00
LANE 0060,Bus Lane,2025-12,Live,11.0,2026-08-28 04:00:00
LANE 0060,Bus Lane,2026-01,Live,19.0,2026-08-28 04:00:00
LANE 0060,Bus Lane,2026-02,Live,10.0,2026-08-28 04:00:00
LANE 0060,Bus Lane,2026-03,Live,11.0,2026-08-28 04:00:00
LANE 0060,Bus Lane,2026-04,Live,10.0,2026-08-28 04:00:00
LANE 0060,Bus Lane,2026-05,Live,11.0,2026-08-28 04:00:00
LANE 0060,Bus Lane,2026-06,Live,12.0,2026-08-28 04:00:00
LANE 0060,Bus Lane,2026-07,Live,10.0,2026-08-28 04:00:00
LANE 0060,Bus Lane,2026-08,Live,18.0,2026-08-28 04:00:00
LANE 0061,Bus Lane,2024-12,Live,9.0,2026-07-22 04:00:00
LANE 0061,Bus Lane,2025-01,Live,3.0,2026-07-22 04:00:00
LANE 0061,Bus Lane,2025-02,Live,1.0,2026-07-22 04:00:00
LANE 0061,Bus Lane,2025-03,Live,2.0,2026-07-22 04:00:00
LANE 0061,Bus Lane,2025-04,Live,2.0,2026-07-22 04:00:00
LANE 0061,Bus Lane,2025-05,Live,8.0,2026-07-22 04:00:00
LANE 0061,Bus Lane,2025-06,Live,10.0,2026-07-22 04:00:00
LANE 0061,Bus Lane,2025-07,Live,6.0,2026-07-22 04:00:00
LANE 0061,Bus Lane,2025-08,Live,3.0,2026-07-22 04:00:00
LANE 0061,Bus Lane,2025-09,Live,8.0,2026-07-22 04:00:00
LANE 0061,Bus Lane,2025-10,Live,1.0,2026-07-22 04:00:00
LANE 0061,Bus Lane,2025-11,Live,6.0,2026-07-22 04:00:00
LANE 0061,Bus Lane,2025-12,Live,4.0,2026-07-22 04:00:00
LANE 0061,Bus Lane,2026-01,Live,4.0,2026-07-22 04:00:00
LANE 0061,Bus Lane,2026-02,Live,7.0,2026-07-22 04:00:00
LANE 0061,Bus Lane,2026-03,Live,5.0,2026-07-22 04:00:00
LANE 0061,Bus Lane,2026-04,Live,4.0,2026-07-22 04:00:00
LANE 0061,Bus Lane,2026-05,Live,3.0,2026-07-22 04:00:00
LANE 0061,Bus Lane,2026-06,Live,3.0,2026-07-22 04:00:00
LANE 0061,Bus Lane,2026-07,Live,2.0,2026-07-22 04:00:00
LANE 0062,Bus Lane,2025-01,Live,1.0,2026-05-19 04:00:00
LANE 0062,Bus Lane,2025-02,Live,1.0,2026-05-19 04:00:00
LANE 0062,Bus Lane,2025-03,Live,2.0,2026-05-19 04:00:00
LANE 0062,Bus Lane,2025-12,Live,1.0,2026-05-19 04:00:00
LANE 0062,Bus Lane,2026-05,Live,2.0,2026-05-19 04:00:00
LANE 0063,Bus Lane,2025-07,Live,1.0,2025-08-22 04:00:00
LANE 0063,Bus Lane,2025-08,Live,1.0,2025-08-22 04:00:00
LANE 0064,Bus Lane,2025-12,Live,1.0,2026-08-20 04:00:00
LANE 0064,Bus Lane,2026-03,Live,1.0,2026-08-20 04:00:00
LANE 0064,Bus Lane,2026-05,Live,2.0,2026-08-20 04:00:00
LANE 0064,Bus Lane,2026-07,Live,1.0,2026-08-20 04:00:00
LANE 0064,Bus Lane,2026-08,Live,1.0,2026-08-20 04:00:00
LANE 0065,Bus Lane,2025-03,Live,94.0,2026-09-04 04:00:00
LANE 0065,Bus Lane,2025-04,Live,136.0,2026-09-04 04:00:00
LANE 0065,Bus Lane,2025-05,Live,178.0,2026-09-04 04:00:00
LANE 0065,Bus Lane,2025-06,Live,156.0,2026-09-04 04:00:00
LANE 0065,Bus Lane,2025-07,Live,60.0,2026-09-04 04:00:00
LANE 0065,Bus Lane,2025-08,Live,66.0,2026-09-04 04:00:00
LANE 0065,Bus Lane,2025-09,Live,60.0,2026-09-04 04:00:00
LANE 0065,Bus Lane,2025-10,Live,72.0,2026-09-04 04:00:00
LANE 0065,Bus Lane,2025-11,Live,33.0,2026-09-04 04:00:00
LANE 0065,Bus Lane,2025-12,Live,55.0,2026-09-04 04:00:00
LANE 0065,Bus Lane,2026-01,Live,62.0,2026-09-04 04:00:00
LANE 0065,Bus Lane,2026-02,Live,72.0,2026-09-04 04:00:00
LANE 0065,Bus Lane,2026-03,Live,110.0,2026-09-04 04:00:00
LANE 0065,Bus Lane,2026-04,Live,105.0,2026-09-04 04:00:00
LANE 0065,Bus Lane,2026-05,Live,108.0,2026-09-04 04:00:00
LANE 0065,Bus Lane,2026-06,Live,75.0,2026-09-04 04:00:00
LANE 0065,Bus Lane,2026-07,Live,113.0,2026-09-04 04:00:00
LANE 0065,Bus Lane,2026-08,Live,64.0,2026-09-04 04:00:00
LANE 0065,Bus Lane,2026-09,Live,14.0,2026-09-04 04:00:00
LANE 0066,Bus Lane,2025-03,Warning,20.0,2026-09-06 04:00:00
LANE 0066,Bus Lane,2025-03,Live,92.0,2025-08-10 04:00:00
LANE 0066,Bus Lane,2025-04,Live,194.0,2025-08-10 04:00:00
LANE 0066,Bus Lane,2025-05,Live,240.0,2025-08-10 04:00:00
LANE 0066,Bus Lane,2025-06,Live,240.0,2025-08-10 04:00:00
LANE 0066,Bus Lane,2025-07,Live,150.0,2025-08-10 04:00:00
LANE 0066,Bus Lane,2025-08,Live,42.0,2025-08-10 04:00:00
LANE 0066,Bus Lane,2025-08,Warning,38.0,2026-09-06 04:00:00
LANE 0066,Bus Lane,2025-09,Warning,64.0,2026-09-06 04:00:00
LANE 0066,Bus Lane,2025-10,Warning,58.0,2026-09-06 04:00:00
LANE 0066,Bus Lane,2025-11,Warning,43.0,2026-09-06 04:00:00
LANE 0066,Bus Lane,2025-12,Warning,53.0,2026-09-06 04:00:00
LANE 0066,Bus Lane,2026-01,Warning,60.0,2026-09-06 04:00:00
LANE 0066,Bus Lane,2026-02,Warning,89.0,2026-09-06 04:00:00
LANE 0066,Bus Lane,2026-03,Warning,92.0,2026-09-06 04:00:00
LANE 0066,Bus Lane,2026-04,Warning,111.0,2026-09-06 04:00:00
LANE 0066,Bus Lane,2026-05,Warning,103.0,2026-09-06 04:00:00
LANE 0066,Bus Lane,2026-06,Warning,95.0,2026-09-06 04:00:00
LANE 0066,Bus Lane,2026-07,Warning,96.0,2026-09-06 04:00:00
LANE 0066,Bus Lane,2026-08,Warning,65.0,2026-09-06 04:00:00
LANE 0066,Bus Lane,2026-09,Warning,24.0,2026-09-06 04:00:00
LANE 0067,Bus Lane,2025-02,Live,1.0,2026-09-06 04:00:00
LANE 0067,Bus Lane,2025-03,Live,7.0,2026-09-06 04:00:00
LANE 0067,Bus Lane,2025-04,Live,8.0,2026-09-06 04:00:00
LANE 0067,Bus Lane,2025-05,Live,5.0,2026-09-06 04:00:00
LANE 0067,Bus Lane,2025-06,Live,6.0,2026-09-06 04:00:00
LANE 0067,Bus Lane,2025-07,Live,15.0,2026-09-06 04:00:00
LANE 0067,Bus Lane,2025-08,Live,11.0,2026-09-06 04:00:00
LANE 0067,Bus Lane,2025-09,Live,10.0,2026-09-06 04:00:00
LANE 0067,Bus Lane,2025-10,Live,9.0,2026-09-06 04:00:00
LANE 0067,Bus Lane,2025-11,Live,9.0,2026-09-06 04:00:00
LANE 0067,Bus Lane,2025-12,Live,11.0,2026-09-06 04:00:00
LANE 0067,Bus Lane,2026-01,Live,6.0,2026-09-06 04:00:00
LANE 0067,Bus Lane,2026-02,Live,20.0,2026-09-06 04:00:00
LANE 0067,Bus Lane,2026-03,Live,22.0,2026-09-06 04:00:00
LANE 0067,Bus Lane,2026-04,Live,20.0,2026-09-06 04:00:00
LANE 0067,Bus Lane,2026-05,Live,32.0,2026-09-06 04:00:00
LANE 0067,Bus Lane,2026-06,Live,24.0,2026-09-06 04:00:00
LANE 0067,Bus Lane,2026-07,Live,27.0,2026-09-06 04:00:00
LANE 0067,Bus Lane,2026-08,Live,33.0,2026-09-06 04:00:00
LANE 0067,Bus Lane,2026-09,Live,4.0,2026-09-06 04:00:00
LANE 0068,Bus Lane,2025-03,Live,62.0,2025-08-08 04:00:00
LANE 0068,Bus Lane,2025-03,Warning,30.0,2026-09-06 04:00:00
LANE 0068,Bus Lane,2025-04,Live,120.0,2025-08-08 04:00:00
LANE 0068,Bus Lane,2025-05,Live,178.0,2025-08-08 04:00:00
LANE 0068,Bus Lane,2025-06,Live,190.0,2025-08-08 04:00:00
LANE 0068,Bus Lane,2025-07,Live,200.0,2025-08-08 04:00:00
LANE 0068,Bus Lane,2025-08,Live,56.0,2025-08-08 04:00:00
LANE 0068,Bus Lane,2025-08,Warning,54.0,2026-09-06 04:00:00
LANE 0068,Bus Lane,2025-09,Warning,92.0,2026-09-06 04:00:00
LANE 0068,Bus Lane,2025-10,Warning,86.0,2026-09-06 04:00:00
LANE 0068,Bus Lane,2025-11,Warning,72.0,2026-09-06 04:00:00
LANE 0068,Bus Lane,2025-12,Warning,83.0,2026-09-06 04:00:00
LANE 0068,Bus Lane,2026-01,Warning,80.0,2026-09-06 04:00:00
LANE 0068,Bus Lane,2026-02,Warning,136.0,2026-09-06 04:00:00
LANE 0068,Bus Lane,2026-03,Warning,134.0,2026-09-06 04:00:00
LANE 0068,Bus Lane,2026-04,Warning,129.0,2026-09-06 04:00:00
LANE 0068,Bus Lane,2026-05,Warning,126.0,2026-09-06 04:00:00
LANE 0068,Bus Lane,2026-06,Warning,103.0,2026-09-06 04:00:00
LANE 0068,Bus Lane,2026-07,Warning,128.0,2026-09-06 04:00:00
LANE 0068,Bus Lane,2026-08,Warning,122.0,2026-09-06 04:00:00
LANE 0068,Bus Lane,2026-09,Warning,19.0,2026-09-06 04:00:00
LANE 0069,Bus Lane,2025-03,Warning,2.0,2026-09-03 04:00:00
LANE 0069,Bus Lane,2025-03,Live,2.0,2025-08-08 04:00:00
LANE 0069,Bus Lane,2025-04,Live,26.0,2025-08-08 04:00:00
LANE 0069,Bus Lane,2025-05,Live,42.0,2025-08-08 04:00:00
LANE 0069,Bus Lane,2025-06,Live,44.0,2025-08-08 04:00:00
LANE 0069,Bus Lane,2025-07,Live,60.0,2025-08-08 04:00:00
LANE 0069,Bus Lane,2025-08,Warning,19.0,2026-09-03 04:00:00
LANE 0069,Bus Lane,2025-08,Live,18.0,2025-08-08 04:00:00
LANE 0069,Bus Lane,2025-09,Warning,43.0,2026-09-03 04:00:00
LANE 0069,Bus Lane,2025-10,Warning,31.0,2026-09-03 04:00:00
LANE 0069,Bus Lane,2025-11,Warning,18.0,2026-09-03 04:00:00
LANE 0069,Bus Lane,2025-12,Warning,20.0,2026-09-03 04:00:00
LANE 0069,Bus Lane,2026-01,Warning,22.0,2026-09-03 04:00:00
LANE 0069,Bus Lane,2026-02,Warning,60.0,2026-09-03 04:00:00
LANE 0069,Bus Lane,2026-03,Warning,33.0,2026-09-03 04:00:00
LANE 0069,Bus Lane,2026-04,Warning,59.0,2026-09-03 04:00:00
LANE 0069,Bus Lane,2026-05,Warning,37.0,2026-09-03 04:00:00
LANE 0069,Bus Lane,2026-06,Warning,47.0,2026-09-03 04:00:00
LANE 0069,Bus Lane,2026-07,Warning,36.0,2026-09-03 04:00:00
LANE 0069,Bus Lane,2026-08,Warning,20.0,2026-09-03 04:00:00
LANE 0069,Bus Lane,2026-09,Warning,2.0,2026-09-03 04:00:00
LANE 0070,Bus Lane,2025-04,Live,8.0,2025-08-08 04:00:00
LANE 0070,Bus Lane,2025-05,Live,18.0,2025-08-08 04:00:00
LANE 0070,Bus Lane,2025-06,Live,12.0,2025-08-08 04:00:00
LANE 0070,Bus Lane,2025-07,Live,12.0,2025-08-08 04:00:00
LANE 0070,Bus Lane,2025-08,Warning,4.0,2026-09-06 04:00:00
LANE 0070,Bus Lane,2025-08,Live,6.0,2025-08-08 04:00:00
LANE 0070,Bus Lane,2025-09,Warning,13.0,2026-09-06 04:00:00
LANE 0070,Bus Lane,2025-10,Warning,4.0,2026-09-06 04:00:00
LANE 0070,Bus Lane,2025-11,Warning,4.0,2026-09-06 04:00:00
LANE 0070,Bus Lane,2025-12,Warning,2.0,2026-09-06 04:00:00
LANE 0070,Bus Lane,2026-01,Warning,5.0,2026-09-06 04:00:00
LANE 0070,Bus Lane,2026-02,Warning,13.0,2026-09-06 04:00:00
LANE 0070,Bus Lane,2026-03,Warning,16.0,2026-09-06 04:00:00
LANE 0070,Bus Lane,2026-04,Warning,16.0,2026-09-06 04:00:00
LANE 0070,Bus Lane,2026-05,Warning,24.0,2026-09-06 04:00:00
LANE 0070,Bus Lane,2026-06,Warning,18.0,2026-09-06 04:00:00
LANE 0070,Bus Lane,2026-07,Warning,18.0,2026-09-06 04:00:00
LANE 0070,Bus Lane,2026-08,Warning,17.0,2026-09-06 04:00:00
LANE 0070,Bus Lane,2026-09,Warning,2.0,2026-09-06 04:00:00
LANE 0071,Bus Lane,2025-03,Live,4.0,2026-08-21 04:00:00
LANE 0071,Bus Lane,2025-04,Live,4.0,2026-08-21 04:00:00
LANE 0071,Bus Lane,2025-05,Live,10.0,2026-08-21 04:00:00
LANE 0071,Bus Lane,2025-06,Live,10.0,2026-08-21 04:00:00
LANE 0071,Bus Lane,2025-07,Live,8.0,2026-08-21 04:00:00
LANE 0071,Bus Lane,2025-08,Live,8.0,2026-08-21 04:00:00
LANE 0071,Bus Lane,2025-09,Live,14.0,2026-08-21 04:00:00
LANE 0071,Bus Lane,2025-10,Live,7.0,2026-08-21 04:00:00
LANE 0071,Bus Lane,2025-11,Live,8.0,2026-08-21 04:00:00
LANE 0071,Bus Lane,2025-12,Live,5.0,2026-08-21 04:00:00
LANE 0071,Bus Lane,2026-01,Live,12.0,2026-08-21 04:00:00
LANE 0071,Bus Lane,2026-02,Live,12.0,2026-08-21 04:00:00
LANE 0071,Bus Lane,2026-03,Live,7.0,2026-08-21 04:00:00
LANE 0071,Bus Lane,2026-04,Live,11.0,2026-08-21 04:00:00
LANE 0071,Bus Lane,2026-05,Live,11.0,2026-08-21 04:00:00
LANE 0071,Bus Lane,2026-06,Live,10.0,2026-08-21 04:00:00
LANE 0071,Bus Lane,2026-07,Live,14.0,2026-08-21 04:00:00
LANE 0071,Bus Lane,2026-08,Live,5.0,2026-08-21 04:00:00
LANE 0072,Bus Lane,2024-12,Live,14.0,2026-09-04 04:00:00
LANE 0072,Bus Lane,2025-01,Live,6.0,2026-09-04 04:00:00
LANE 0072,Bus Lane,2025-02,Live,10.0,2026-09-04 04:00:00
LANE 0072,Bus Lane,2025-03,Live,17.0,2026-09-04 04:00:00
LANE 0072,Bus Lane,2025-04,Live,18.0,2026-09-04 04:00:00
LANE 0072,Bus Lane,2025-05,Live,27.0,2026-09-04 04:00:00
LANE 0072,Bus Lane,2025-06,Live,22.0,2026-09-04 04:00:00
LANE 0072,Bus Lane,2025-07,Live,22.0,2026-09-04 04:00:00
LANE 0072,Bus Lane,2025-08,Live,10.0,2026-09-04 04:00:00
LANE 0072,Bus Lane,2025-09,Live,22.0,2026-09-04 04:00:00
LANE 0072,Bus Lane,2025-10,Live,39.0,2026-09-04 04:00:00
LANE 0072,Bus Lane,2025-11,Live,24.0,2026-09-04 04:00:00
LANE 0072,Bus Lane,2025-12,Live,21.0,2026-09-04 04:00:00
LANE 0072,Bus Lane,2026-01,Live,15.0,2026-09-04 04:00:00
LANE 0072,Bus Lane,2026-02,Live,40.0,2026-09-04 04:00:00
LANE 0072,Bus Lane,2026-03,Live,10.0,2026-09-04 04:00:00
LANE 0072,Bus Lane,2026-04,Live,10.0,2026-09-04 04:00:00
LANE 0072,Bus Lane,2026-05,Live,16.0,2026-09-04 04:00:00
LANE 0072,Bus Lane,2026-06,Live,4.0,2026-09-04 04:00:00
LANE 0072,Bus Lane,2026-07,Live,9.0,2026-09-04 04:00:00
LANE 0072,Bus Lane,2026-08,Live,10.0,2026-09-04 04:00:00
LANE 0072,Bus Lane,2026-09,Live,6.0,2026-09-04 04:00:00
LANE 0074,Bus Lane,2025-02,Live,1.0,2026-07-24 04:00:00
LANE 0074,Bus Lane,2025-04,Live,1.0,2026-07-24 04:00:00
LANE 0074,Bus Lane,2025-05,Live,2.0,2026-07-24 04:00:00
LANE 0074,Bus Lane,2025-06,Live,8.0,2026-07-24 04:00:00
LANE 0074,Bus Lane,2025-07,Live,3.0,2026-07-24 04:00:00
LANE 0074,Bus Lane,2025-10,Live,1.0,2026-07-24 04:00:00
LANE 0074,Bus Lane,2025-12,Live,1.0,2026-07-24 04:00:00
LANE 0074,Bus Lane,2026-03,Live,1.0,2026-07-24 04:00:00
LANE 0074,Bus Lane,2026-04,Live,2.0,2026-07-24 04:00:00
LANE 0074,Bus Lane,2026-05,Live,3.0,2026-07-24 04:00:00
LANE 0074,Bus Lane,2026-07,Live,4.0,2026-07-24 04:00:00
LANE 0079,Bus Lane,2024-12,Live,1.0,2026-09-01 04:00:00
LANE 0079,Bus Lane,2025-01,Live,2.0,2026-09-01 04:00:00
LANE 0079,Bus Lane,2025-02,Live,2.0,2026-09-01 04:00:00
LANE 0079,Bus Lane,2025-03,Live,2.0,2026-09-01 04:00:00
LANE 0079,Bus Lane,2025-04,Live,14.0,2026-09-01 04:00:00
LANE 0079,Bus Lane,2025-05,Live,6.0,2026-09-01 04:00:00
LANE 0079,Bus Lane,2025-06,Live,15.0,2026-09-01 04:00:00
LANE 0079,Bus Lane,2025-07,Live,3.0,2026-09-01 04:00:00
LANE 0079,Bus Lane,2025-08,Live,3.0,2026-09-01 04:00:00
LANE 0079,Bus Lane,2025-09,Live,5.0,2026-09-01 04:00:00
LANE 0079,Bus Lane,2025-10,Live,6.0,2026-09-01 04:00:00
LANE 0079,Bus Lane,2025-11,Live,10.0,2026-09-01 04:00:00
LANE 0079,Bus Lane,2025-12,Live,2.0,2026-09-01 04:00:00
LANE 0079,Bus Lane,2026-01,Live,4.0,2026-09-01 04:00:00
LANE 0079,Bus Lane,2026-02,Live,5.0,2026-09-01 04:00:00
LANE 0079,Bus Lane,2026-03,Live,9.0,2026-09-01 04:00:00
LANE 0079,Bus Lane,2026-04,Live,3.0,2026-09-01 04:00:00
LANE 0079,Bus Lane,2026-05,Live,1.0,2026-09-01 04:00:00
LANE 0079,Bus Lane,2026-06,Live,2.0,2026-09-01 04:00:00
LANE 0079,Bus Lane,2026-07,Live,5.0,2026-09-01 04:00:00
LANE 0079,Bus Lane,2026-08,Live,12.0,2026-09-01 04:00:00
LANE 0079,Bus Lane,2026-09,Live,1.0,2026-09-01 04:00:00
LANE 0081,Bus Lane,2025-04,Live,1.0,2026-08-31 04:00:00
LANE 0081,Bus Lane,2025-05,Live,4.0,2026-08-31 04:00:00
LANE 0081,Bus Lane,2025-06,Live,2.0,2026-08-31 04:00:00
LANE 0081,Bus Lane,2025-08,Live,2.0,2026-08-31 04:00:00
LANE 0081,Bus Lane,2025-09,Live,2.0,2026-08-31 04:00:00
LANE 0081,Bus Lane,2025-10,Live,1.0,2026-08-31 04:00:00
LANE 0081,Bus Lane,2025-11,Live,6.0,2026-08-31 04:00:00
LANE 0081,Bus Lane,2025-12,Live,2.0,2026-08-31 04:00:00
LANE 0081,Bus Lane,2026-02,Live,3.0,2026-08-31 04:00:00
LANE 0081,Bus Lane,2026-03,Live,4.0,2026-08-31 04:00:00
LANE 0081,Bus Lane,2026-04,Live,5.0,2026-08-31 04:00:00
LANE 0081,Bus Lane,2026-05,Live,12.0,2026-08-31 04:00:00
LANE 0081,Bus Lane,2026-06,Live,4.0,2026-08-31 04:00:00
LANE 0081,Bus Lane,2026-07,Live,1.0,2026-08-31 04:00:00
LANE 0081,Bus Lane,2026-08,Live,9.0,2026-08-31 04:00:00
LANE 0083,Bus Lane,2024-12,Live,5.0,2026-08-18 04:00:00
LANE 0083,Bus Lane,2025-01,Live,4.0,2026-08-18 04:00:00
LANE 0083,Bus Lane,2025-02,Live,1.0,2026-08-18 04:00:00
LANE 0083,Bus Lane,2025-03,Live,3.0,2026-08-18 04:00:00
LANE 0083,Bus Lane,2025-04,Live,10.0,2026-08-18 04:00:00
LANE 0083,Bus Lane,2025-05,Live,2.0,2026-08-18 04:00:00
LANE 0083,Bus Lane,2025-06,Live,4.0,2026-08-18 04:00:00
LANE 0083,Bus Lane,2025-07,Live,1.0,2026-08-18 04:00:00
LANE 0083,Bus Lane,2025-08,Live,10.0,2026-08-18 04:00:00
LANE 0083,Bus Lane,2025-09,Live,6.0,2026-08-18 04:00:00
LANE 0083,Bus Lane,2025-10,Live,9.0,2026-08-18 04:00:00
LANE 0083,Bus Lane,2025-11,Live,4.0,2026-08-18 04:00:00
LANE 0083,Bus Lane,2025-12,Live,2.0,2026-08-18 04:00:00
LANE 0083,Bus Lane,2026-01,Live,1.0,2026-08-18 04:00:00
LANE 0083,Bus Lane,2026-02,Live,3.0,2026-08-18 04:00:00
LANE 0083,Bus Lane,2026-03,Live,4.0,2026-08-18 04:00:00
LANE 0083,Bus Lane,2026-04,Live,9.0,2026-08-18 04:00:00
LANE 0083,Bus Lane,2026-05,Live,10.0,2026-08-18 04:00:00
LANE 0083,Bus Lane,2026-06,Live,7.0,2026-08-18 04:00:00
LANE 0083,Bus Lane,2026-07,Live,7.0,2026-08-18 04:00:00
LANE 0083,Bus Lane,2026-08,Live,5.0,2026-08-18 04:00:00
LANE 0085,Bus Lane,2026-05,Live,1.0,2026-06-12 04:00:00
LANE 0085,Bus Lane,2026-06,Live,1.0,2026-06-12 04:00:00
LANE 0086,Bus Lane,2024-12,Live,1.0,2026-08-31 04:00:00
LANE 0086,Bus Lane,2025-02,Live,3.0,2026-08-31 04:00:00
LANE 0086,Bus Lane,2025-03,Live,15.0,2026-08-31 04:00:00
LANE 0086,Bus Lane,2025-04,Live,12.0,2026-08-31 04:00:00
LANE 0086,Bus Lane,2025-05,Live,10.0,2026-08-31 04:00:00
LANE 0086,Bus Lane,2025-06,Live,1.0,2026-08-31 04:00:00
LANE 0086,Bus Lane,2025-10,Live,5.0,2026-08-31 04:00:00
LANE 0086,Bus Lane,2025-11,Live,4.0,2026-08-31 04:00:00
LANE 0086,Bus Lane,2025-12,Live,4.0,2026-08-31 04:00:00
LANE 0086,Bus Lane,2026-01,Live,3.0,2026-08-31 04:00:00
LANE 0086,Bus Lane,2026-02,Live,5.0,2026-08-31 04:00:00
LANE 0086,Bus Lane,2026-03,Live,4.0,2026-08-31 04:00:00
LANE 0086,Bus Lane,2026-04,Live,18.0,2026-08-31 04:00:00
LANE 0086,Bus Lane,2026-05,Live,7.0,2026-08-31 04:00:00
LANE 0086,Bus Lane,2026-06,Live,1.0,2026-08-31 04:00:00
LANE 0086,Bus Lane,2026-07,Live,1.0,2026-08-31 04:00:00
LANE 0086,Bus Lane,2026-08,Live,1.0,2026-08-31 04:00:00
LANE 0087,Bus Lane,2024-12,Live,9.0,2026-09-04 04:00:00
LANE 0087,Bus Lane,2025-01,Live,6.0,2026-09-04 04:00:00
LANE 0087,Bus Lane,2025-02,Live,7.0,2026-09-04 04:00:00
LANE 0087,Bus Lane,2025-03,Live,4.0,2026-09-04 04:00:00
LANE 0087,Bus Lane,2025-04,Live,13.0,2026-09-04 04:00:00
LANE 0087,Bus Lane,2025-05,Live,33.0,2026-09-04 04:00:00
LANE 0087,Bus Lane,2025-06,Live,16.0,2026-09-04 04:00:00
LANE 0087,Bus Lane,2025-07,Live,10.0,2026-09-04 04:00:00
LANE 0087,Bus Lane,2025-08,Live,19.0,2026-09-04 04:00:00
LANE 0087,Bus Lane,2025-09,Live,16.0,2026-09-04 04:00:00
LANE 0087,Bus Lane,2025-10,Live,8.0,2026-09-04 04:00:00
LANE 0087,Bus Lane,2025-11,Live,22.0,2026-09-04 04:00:00
LANE 0087,Bus Lane,2025-12,Live,14.0,2026-09-04 04:00:00
LANE 0087,Bus Lane,2026-01,Live,7.0,2026-09-04 04:00:00
LANE 0087,Bus Lane,2026-02,Live,26.0,2026-09-04 04:00:00
LANE 0087,Bus Lane,2026-03,Live,10.0,2026-09-04 04:00:00
LANE 0087,Bus Lane,2026-04,Live,20.0,2026-09-04 04:00:00
LANE 0087,Bus Lane,2026-05,Live,25.0,2026-09-04 04:00:00
LANE 0087,Bus Lane,2026-06,Live,30.0,2026-09-04 04:00:00
LANE 0087,Bus Lane,2026-07,Live,13.0,2026-09-04 04:00:00
LANE 0087,Bus Lane,2026-08,Live,12.0,2026-09-04 04:00:00
LANE 0087,Bus Lane,2026-09,Live,2.0,2026-09-04 04:00:00
LANE 0090,Bus Lane,2025-03,Live,6.0,2026-09-05 04:00:00
LANE 0090,Bus Lane,2025-04,Live,2.0,2026-09-05 04:00:00
LANE 0090,Bus Lane,2025-05,Live,5.0,2026-09-05 04:00:00
LANE 0090,Bus Lane,2025-06,Live,5.0,2026-09-05 04:00:00
LANE 0090,Bus Lane,2025-07,Live,6.0,2026-09-05 04:00:00
LANE 0090,Bus Lane,2025-08,Live,7.0,2026-09-05 04:00:00
LANE 0090,Bus Lane,2025-09,Live,4.0,2026-09-05 04:00:00
LANE 0090,Bus Lane,2025-10,Live,6.0,2026-09-05 04:00:00
LANE 0090,Bus Lane,2025-11,Live,3.0,2026-09-05 04:00:00
LANE 0090,Bus Lane,2025-12,Live,12.0,2026-09-05 04:00:00
LANE 0090,Bus Lane,2026-01,Live,6.0,2026-09-05 04:00:00
LANE 0090,Bus Lane,2026-02,Live,7.0,2026-09-05 04:00:00
LANE 0090,Bus Lane,2026-03,Live,8.0,2026-09-05 04:00:00
LANE 0090,Bus Lane,2026-04,Live,18.0,2026-09-05 04:00:00
LANE 0090,Bus Lane,2026-05,Live,6.0,2026-09-05 04:00:00
LANE 0090,Bus Lane,2026-06,Live,18.0,2026-09-05 04:00:00
LANE 0090,Bus Lane,2026-07,Live,13.0,2026-09-05 04:00:00
LANE 0090,Bus Lane,2026-08,Live,8.0,2026-09-05 04:00:00
LANE 0090,Bus Lane,2026-09,Live,4.0,2026-09-05 04:00:00
LANE 0091,Bus Lane,2024-12,Live,2.0,2026-08-24 04:00:00
LANE 0091,Bus Lane,2025-01,Live,1.0,2026-08-24 04:00:00
LANE 0091,Bus Lane,2025-02,Live,2.0,2026-08-24 04:00:00
LANE 0091,Bus Lane,2025-03,Live,6.0,2026-08-24 04:00:00
LANE 0091,Bus Lane,2025-04,Live,7.0,2026-08-24 04:00:00
LANE 0091,Bus Lane,2025-05,Live,9.0,2026-08-24 04:00:00
LANE 0091,Bus Lane,2025-06,Live,3.0,2026-08-24 04:00:00
LANE 0091,Bus Lane,2025-07,Live,5.0,2026-08-24 04:00:00
LANE 0091,Bus Lane,2025-08,Live,2.0,2026-08-24 04:00:00
LANE 0091,Bus Lane,2025-09,Live,2.0,2026-08-24 04:00:00
LANE 0091,Bus Lane,2025-10,Live,5.0,2026-08-24 04:00:00
LANE 0091,Bus Lane,2025-11,Live,7.0,2026-08-24 04:00:00
LANE 0091,Bus Lane,2026-01,Live,2.0,2026-08-24 04:00:00
LANE 0091,Bus Lane,2026-02,Live,4.0,2026-08-24 04:00:00
LANE 0091,Bus Lane,2026-03,Live,5.0,2026-08-24 04:00:00
LANE 0091,Bus Lane,2026-04,Live,6.0,2026-08-24 04:00:00
LANE 0091,Bus Lane,2026-05,Live,3.0,2026-08-24 04:00:00
LANE 0091,Bus Lane,2026-06,Live,3.0,2026-08-24 04:00:00
LANE 0091,Bus Lane,2026-07,Live,2.0,2026-08-24 04:00:00
LANE 0091,Bus Lane,2026-08,Live,2.0,2026-08-24 04:00:00
LANE 0093,Bus Lane,2024-12,Live,2.0,2026-07-28 04:00:00
LANE 0093,Bus Lane,2025-01,Live,2.0,2026-07-28 04:00:00
LANE 0093,Bus Lane,2025-02,Live,1.0,2026-07-28 04:00:00
LANE 0093,Bus Lane,2025-03,Live,3.0,2026-07-28 04:00:00
LANE 0093,Bus Lane,2025-04,Live,6.0,2026-07-28 04:00:00
LANE 0093,Bus Lane,2025-05,Live,4.0,2026-07-28 04:00:00
LANE 0093,Bus Lane,2025-06,Live,7.0,2026-07-28 04:00:00
LANE 0093,Bus Lane,2025-07,Live,11.0,2026-07-28 04:00:00
LANE 0093,Bus Lane,2025-08,Live,11.0,2026-07-28 04:00:00
LANE 0093,Bus Lane,2025-09,Live,4.0,2026-07-28 04:00:00
LANE 0093,Bus Lane,2025-10,Live,7.0,2026-07-28 04:00:00
LANE 0093,Bus Lane,2025-11,Live,5.0,2026-07-28 04:00:00
LANE 0093,Bus Lane,2025-12,Live,8.0,2026-07-28 04:00:00
LANE 0093,Bus Lane,2026-01,Live,2.0,2026-07-28 04:00:00
LANE 0093,Bus Lane,2026-02,Live,4.0,2026-07-28 04:00:00
LANE 0093,Bus Lane,2026-03,Live,7.0,2026-07-28 04:00:00
LANE 0093,Bus Lane,2026-04,Live,11.0,2026-07-28 04:00:00
LANE 0093,Bus Lane,2026-05,Live,9.0,2026-07-28 04:00:00
LANE 0093,Bus Lane,2026-06,Live,14.0,2026-07-28 04:00:00
LANE 0093,Bus Lane,2026-07,Live,42.0,2026-07-28 04:00:00
LANE 0094,Bus Lane,2024-12,Live,7.0,2026-07-27 04:00:00
LANE 0094,Bus Lane,2025-01,Live,11.0,2026-07-27 04:00:00
LANE 0094,Bus Lane,2025-02,Live,15.0,2026-07-27 04:00:00
LANE 0094,Bus Lane,2025-03,Live,11.0,2026-07-27 04:00:00
LANE 0094,Bus Lane,2025-04,Live,13.0,2026-07-27 04:00:00
LANE 0094,Bus Lane,2025-05,Live,7.0,2026-07-27 04:00:00
LANE 0094,Bus Lane,2025-06,Live,11.0,2026-07-27 04:00:00
LANE 0094,Bus Lane,2025-07,Live,9.0,2026-07-27 04:00:00
LANE 0094,Bus Lane,2025-08,Live,17.0,2026-07-27 04:00:00
LANE 0094,Bus Lane,2025-09,Live,12.0,2026-07-27 04:00:00
LANE 0094,Bus Lane,2025-10,Live,20.0,2026-07-27 04:00:00
LANE 0094,Bus Lane,2025-11,Live,15.0,2026-07-27 04:00:00
LANE 0094,Bus Lane,2025-12,Live,10.0,2026-07-27 04:00:00
LANE 0094,Bus Lane,2026-01,Live,16.0,2026-07-27 04:00:00
LANE 0094,Bus Lane,2026-02,Live,13.0,2026-07-27 04:00:00
LANE 0094,Bus Lane,2026-03,Live,22.0,2026-07-27 04:00:00
LANE 0094,Bus Lane,2026-04,Live,19.0,2026-07-27 04:00:00
LANE 0094,Bus Lane,2026-05,Live,16.0,2026-07-27 04:00:00
LANE 0094,Bus Lane,2026-06,Live,22.0,2026-07-27 04:00:00
LANE 0094,Bus Lane,2026-07,Live,16.0,2026-07-27 04:00:00
LANE 0095,Bus Lane,2024-12,Live,23.0,2026-07-28 04:00:00
LANE 0095,Bus Lane,2025-01,Live,17.0,2026-07-28 04:00:00
LANE 0095,Bus Lane,2025-02,Live,9.0,2026-07-28 04:00:00
LANE 0095,Bus Lane,2025-03,Live,14.0,2026-07-28 04:00:00
LANE 0095,Bus Lane,2025-04,Live,18.0,2026-07-28 04:00:00
LANE 0095,Bus Lane,2025-05,Live,18.0,2026-07-28 04:00:00
LANE 0095,Bus Lane,2025-06,Live,17.0,2026-07-28 04:00:00
LANE 0095,Bus Lane,2025-07,Live,23.0,2026-07-28 04:00:00
LANE 0095,Bus Lane,2025-08,Live,24.0,2026-07-28 04:00:00
LANE 0095,Bus Lane,2025-09,Live,22.0,2026-07-28 04:00:00
LANE 0095,Bus Lane,2025-10,Live,30.0,2026-07-28 04:00:00
LANE 0095,Bus Lane,2025-11,Live,22.0,2026-07-28 04:00:00
LANE 0095,Bus Lane,2025-12,Live,25.0,2026-07-28 04:00:00
LANE 0095,Bus Lane,2026-01,Live,28.0,2026-07-28 04:00:00
LANE 0095,Bus Lane,2026-02,Live,15.0,2026-07-28 04:00:00
LANE 0095,Bus Lane,2026-03,Live,29.0,2026-07-28 04:00:00
LANE 0095,Bus Lane,2026-04,Live,17.0,2026-07-28 04:00:00
LANE 0095,Bus Lane,2026-05,Live,16.0,2026-07-28 04:00:00
LANE 0095,Bus Lane,2026-06,Live,30.0,2026-07-28 04:00:00
LANE 0095,Bus Lane,2026-07,Live,106.0,2026-07-28 04:00:00
LANE 0096,Bus Lane,2024-12,Live,84.0,2026-07-28 04:00:00
LANE 0096,Bus Lane,2025-01,Live,48.0,2026-07-28 04:00:00
LANE 0096,Bus Lane,2025-02,Live,49.0,2026-07-28 04:00:00
LANE 0096,Bus Lane,2025-03,Live,46.0,2026-07-28 04:00:00
LANE 0096,Bus Lane,2025-04,Live,74.0,2026-07-28 04:00:00
LANE 0096,Bus Lane,2025-05,Live,67.0,2026-07-28 04:00:00
LANE 0096,Bus Lane,2025-06,Live,89.0,2026-07-28 04:00:00
LANE 0096,Bus Lane,2025-07,Live,112.0,2026-07-28 04:00:00
LANE 0096,Bus Lane,2025-08,Live,102.0,2026-07-28 04:00:00
LANE 0096,Bus Lane,2025-09,Live,118.0,2026-07-28 04:00:00
LANE 0096,Bus Lane,2025-10,Live,95.0,2026-07-28 04:00:00
LANE 0096,Bus Lane,2025-11,Live,87.0,2026-07-28 04:00:00
LANE 0096,Bus Lane,2025-12,Live,90.0,2026-07-28 04:00:00
LANE 0096,Bus Lane,2026-01,Live,87.0,2026-07-28 04:00:00
LANE 0096,Bus Lane,2026-02,Live,103.0,2026-07-28 04:00:00
LANE 0096,Bus Lane,2026-03,Live,129.0,2026-07-28 04:00:00
LANE 0096,Bus Lane,2026-04,Live,102.0,2026-07-28 04:00:00
LANE 0096,Bus Lane,2026-05,Live,114.0,2026-07-28 04:00:00
LANE 0096,Bus Lane,2026-06,Live,130.0,2026-07-28 04:00:00
LANE 0096,Bus Lane,2026-07,Live,147.0,2026-07-28 04:00:00
LANE 0097,Bus Lane,2025-03,Live,1.0,2026-08-31 04:00:00
LANE 0097,Bus Lane,2025-04,Live,1.0,2026-08-31 04:00:00
LANE 0097,Bus Lane,2025-05,Live,8.0,2026-08-31 04:00:00
LANE 0097,Bus Lane,2025-06,Live,1.0,2026-08-31 04:00:00
LANE 0097,Bus Lane,2025-08,Live,1.0,2026-08-31 04:00:00
LANE 0097,Bus Lane,2025-09,Live,1.0,2026-08-31 04:00:00
LANE 0097,Bus Lane,2025-11,Live,2.0,2026-08-31 04:00:00
LANE 0097,Bus Lane,2025-12,Live,1.0,2026-08-31 04:00:00
LANE 0097,Bus Lane,2026-07,Live,1.0,2026-08-31 04:00:00
LANE 0097,Bus Lane,2026-08,Live,1.0,2026-08-31 04:00:00
LANE 0098,Bus Lane,2024-12,Live,1.0,2026-08-31 04:00:00
LANE 0098,Bus Lane,2025-02,Live,1.0,2026-08-31 04:00:00
LANE 0098,Bus Lane,2025-04,Live,2.0,2026-08-31 04:00:00
LANE 0098,Bus Lane,2025-05,Live,3.0,2026-08-31 04:00:00
LANE 0098,Bus Lane,2025-07,Live,9.0,2026-08-31 04:00:00
LANE 0098,Bus Lane,2025-08,Live,2.0,2026-08-31 04:00:00
LANE 0098,Bus Lane,2025-09,Live,3.0,2026-08-31 04:00:00
LANE 0098,Bus Lane,2025-10,Live,3.0,2026-08-31 04:00:00
LANE 0098,Bus Lane,2025-11,Live,6.0,2026-08-31 04:00:00
LANE 0098,Bus Lane,2025-12,Live,1.0,2026-08-31 04:00:00
LANE 0098,Bus Lane,2026-01,Live,2.0,2026-08-31 04:00:00
LANE 0098,Bus Lane,2026-02,Live,2.0,2026-08-31 04:00:00
LANE 0098,Bus Lane,2026-03,Live,1.0,2026-08-31 04:00:00
LANE 0098,Bus Lane,2026-04,Live,1.0,2026-08-31 04:00:00
LANE 0098,Bus Lane,2026-05,Live,1.0,2026-08-31 04:00:00
LANE 0098,Bus Lane,2026-07,Live,3.0,2026-08-31 04:00:00
LANE 0098,Bus Lane,2026-08,Live,4.0,2026-08-31 04:00:00
LANE 0099,Bus Lane,2025-03,Live,2.0,2026-05-29 04:00:00
LANE 0099,Bus Lane,2025-04,Live,1.0,2026-05-29 04:00:00
LANE 0099,Bus Lane,2025-05,Live,2.0,2026-05-29 04:00:00
LANE 0099,Bus Lane,2025-06,Live,1.0,2026-05-29 04:00:00
LANE 0099,Bus Lane,2025-07,Live,1.0,2026-05-29 04:00:00
LANE 0099,Bus Lane,2025-08,Live,1.0,2026-05-29 04:00:00
LANE 0099,Bus Lane,2025-09,Live,1.0,2026-05-29 04:00:00
LANE 0099,Bus Lane,2025-10,Live,1.0,2026-05-29 04:00:00
LANE 0099,Bus Lane,2025-11,Live,3.0,2026-05-29 04:00:00
LANE 0099,Bus Lane,2025-12,Live,2.0,2026-05-29 04:00:00
LANE 0099,Bus Lane,2026-02,Live,1.0,2026-05-29 04:00:00
LANE 0099,Bus Lane,2026-05,Live,2.0,2026-05-29 04:00:00
LANE 0100,Bus Lane,2024-12,Live,1.0,2026-02-23 05:00:00
LANE 0100,Bus Lane,2025-02,Live,1.0,2026-02-23 05:00:00
LANE 0100,Bus Lane,2025-07,Live,2.0,2026-02-23 05:00:00
LANE 0100,Bus Lane,2025-09,Live,3.0,2026-02-23 05:00:00
LANE 0100,Bus Lane,2025-10,Live,1.0,2026-02-23 05:00:00
LANE 0100,Bus Lane,2025-11,Live,1.0,2026-02-23 05:00:00
LANE 0100,Bus Lane,2025-12,Live,1.0,2026-02-23 05:00:00
LANE 0100,Bus Lane,2026-02,Live,1.0,2026-02-23 05:00:00
LANE 0101,Bus Lane,2024-12,Live,9.0,2026-09-02 04:00:00
LANE 0101,Bus Lane,2025-02,Live,2.0,2026-09-02 04:00:00
LANE 0101,Bus Lane,2025-04,Live,3.0,2026-09-02 04:00:00
LANE 0101,Bus Lane,2025-05,Live,2.0,2026-09-02 04:00:00
LANE 0101,Bus Lane,2025-06,Live,1.0,2026-09-02 04:00:00
LANE 0101,Bus Lane,2025-07,Live,7.0,2026-09-02 04:00:00
LANE 0101,Bus Lane,2025-09,Live,6.0,2026-09-02 04:00:00
LANE 0101,Bus Lane,2025-10,Live,3.0,2026-09-02 04:00:00
LANE 0101,Bus Lane,2025-11,Live,3.0,2026-09-02 04:00:00
LANE 0101,Bus Lane,2026-02,Live,4.0,2026-09-02 04:00:00
LANE 0101,Bus Lane,2026-05,Live,1.0,2026-09-02 04:00:00
LANE 0101,Bus Lane,2026-08,Live,3.0,2026-09-02 04:00:00
LANE 0101,Bus Lane,2026-09,Live,1.0,2026-09-02 04:00:00
LANE 0102,Bus Lane,2024-12,Live,1.0,2026-08-24 04:00:00
LANE 0102,Bus Lane,2025-01,Live,1.0,2026-08-24 04:00:00
LANE 0102,Bus Lane,2025-02,Live,4.0,2026-08-24 04:00:00
LANE 0102,Bus Lane,2025-05,Live,3.0,2026-08-24 04:00:00
LANE 0102,Bus Lane,2025-06,Live,5.0,2026-08-24 04:00:00
LANE 0102,Bus Lane,2025-07,Live,1.0,2026-08-24 04:00:00
LANE 0102,Bus Lane,2025-08,Live,2.0,2026-08-24 04:00:00
LANE 0102,Bus Lane,2025-09,Live,2.0,2026-08-24 04:00:00
LANE 0102,Bus Lane,2025-10,Live,1.0,2026-08-24 04:00:00
LANE 0102,Bus Lane,2025-11,Live,3.0,2026-08-24 04:00:00
LANE 0102,Bus Lane,2026-02,Live,2.0,2026-08-24 04:00:00
LANE 0102,Bus Lane,2026-05,Live,2.0,2026-08-24 04:00:00
LANE 0102,Bus Lane,2026-06,Live,2.0,2026-08-24 04:00:00
LANE 0102,Bus Lane,2026-07,Live,1.0,2026-08-24 04:00:00
LANE 0102,Bus Lane,2026-08,Live,1.0,2026-08-24 04:00:00
LANE 0103,Bus Lane,2024-12,Live,11.0,2026-09-04 04:00:00
LANE 0103,Bus Lane,2025-01,Live,2.0,2026-09-04 04:00:00
LANE 0103,Bus Lane,2025-02,Live,15.0,2026-09-04 04:00:00
LANE 0103,Bus Lane,2025-03,Live,11.0,2026-09-04 04:00:00
LANE 0103,Bus Lane,2025-04,Live,18.0,2026-09-04 04:00:00
LANE 0103,Bus Lane,2025-05,Live,32.0,2026-09-04 04:00:00
LANE 0103,Bus Lane,2025-06,Live,19.0,2026-09-04 04:00:00
LANE 0103,Bus Lane,2025-07,Live,28.0,2026-09-04 04:00:00
LANE 0103,Bus Lane,2025-08,Live,21.0,2026-09-04 04:00:00
LANE 0103,Bus Lane,2025-09,Live,28.0,2026-09-04 04:00:00
LANE 0103,Bus Lane,2025-10,Live,12.0,2026-09-04 04:00:00
LANE 0103,Bus Lane,2025-11,Live,18.0,2026-09-04 04:00:00
LANE 0103,Bus Lane,2025-12,Live,15.0,2026-09-04 04:00:00
LANE 0103,Bus Lane,2026-01,Live,10.0,2026-09-04 04:00:00
LANE 0103,Bus Lane,2026-02,Live,20.0,2026-09-04 04:00:00
LANE 0103,Bus Lane,2026-03,Live,12.0,2026-09-04 04:00:00
LANE 0103,Bus Lane,2026-04,Live,14.0,2026-09-04 04:00:00
LANE 0103,Bus Lane,2026-05,Live,31.0,2026-09-04 04:00:00
LANE 0103,Bus Lane,2026-06,Live,14.0,2026-09-04 04:00:00
LANE 0103,Bus Lane,2026-07,Live,22.0,2026-09-04 04:00:00
LANE 0103,Bus Lane,2026-08,Live,27.0,2026-09-04 04:00:00
LANE 0103,Bus Lane,2026-09,Live,9.0,2026-09-04 04:00:00
LANE 0104,Bus Lane,2025-01,Live,4.0,2026-09-05 04:00:00
LANE 0104,Bus Lane,2025-02,Live,2.0,2026-09-05 04:00:00
LANE 0104,Bus Lane,2025-03,Live,45.0,2026-09-05 04:00:00
LANE 0104,Bus Lane,2025-04,Live,56.0,2026-09-05 04:00:00
LANE 0104,Bus Lane,2025-05,Live,85.0,2026-09-05 04:00:00
LANE 0104,Bus Lane,2025-06,Live,71.0,2026-09-05 04:00:00
LANE 0104,Bus Lane,2025-07,Live,66.0,2026-09-05 04:00:00
LANE 0104,Bus Lane,2025-08,Live,34.0,2026-09-05 04:00:00
LANE 0104,Bus Lane,2025-09,Live,87.0,2026-09-05 04:00:00
LANE 0104,Bus Lane,2025-10,Live,81.0,2026-09-05 04:00:00
LANE 0104,Bus Lane,2025-11,Live,49.0,2026-09-05 04:00:00
LANE 0104,Bus Lane,2025-12,Live,56.0,2026-09-05 04:00:00
LANE 0104,Bus Lane,2026-01,Live,47.0,2026-09-05 04:00:00
LANE 0104,Bus Lane,2026-02,Live,91.0,2026-09-05 04:00:00
LANE 0104,Bus Lane,2026-03,Live,101.0,2026-09-05 04:00:00
LANE 0104,Bus Lane,2026-04,Live,101.0,2026-09-05 04:00:00
LANE 0104,Bus Lane,2026-05,Live,84.0,2026-09-05 04:00:00
LANE 0104,Bus Lane,2026-06,Live,117.0,2026-09-05 04:00:00
LANE 0104,Bus Lane,2026-07,Live,123.0,2026-09-05 04:00:00
LANE 0104,Bus Lane,2026-08,Live,94.0,2026-09-05 04:00:00
LANE 0104,Bus Lane,2026-09,Live,25.0,2026-09-05 04:00:00
LANE 0105,Bus Lane,2025-01,Live,1.0,2026-09-03 04:00:00
LANE 0105,Bus Lane,2025-02,Live,5.0,2026-09-03 04:00:00
LANE 0105,Bus Lane,2025-03,Live,16.0,2026-09-03 04:00:00
LANE 0105,Bus Lane,2025-04,Live,15.0,2026-09-03 04:00:00
LANE 0105,Bus Lane,2025-05,Live,17.0,2026-09-03 04:00:00
LANE 0105,Bus Lane,2025-06,Live,17.0,2026-09-03 04:00:00
LANE 0105,Bus Lane,2025-07,Live,21.0,2026-09-03 04:00:00
LANE 0105,Bus Lane,2025-08,Live,31.0,2026-09-03 04:00:00
LANE 0105,Bus Lane,2025-09,Live,29.0,2026-09-03 04:00:00
LANE 0105,Bus Lane,2025-10,Live,41.0,2026-09-03 04:00:00
LANE 0105,Bus Lane,2025-11,Live,23.0,2026-09-03 04:00:00
LANE 0105,Bus Lane,2025-12,Live,27.0,2026-09-03 04:00:00
LANE 0105,Bus Lane,2026-01,Live,20.0,2026-09-03 04:00:00
LANE 0105,Bus Lane,2026-02,Live,32.0,2026-09-03 04:00:00
LANE 0105,Bus Lane,2026-03,Live,41.0,2026-09-03 04:00:00
LANE 0105,Bus Lane,2026-04,Live,41.0,2026-09-03 04:00:00
LANE 0105,Bus Lane,2026-05,Live,73.0,2026-09-03 04:00:00
LANE 0105,Bus Lane,2026-06,Live,75.0,2026-09-03 04:00:00
LANE 0105,Bus Lane,2026-07,Live,39.0,2026-09-03 04:00:00
LANE 0105,Bus Lane,2026-08,Live,39.0,2026-09-03 04:00:00
LANE 0105,Bus Lane,2026-09,Live,3.0,2026-09-03 04:00:00
LANE 0106,Bus Lane,2025-02,Live,6.0,2026-09-06 04:00:00
LANE 0106,Bus Lane,2025-03,Live,21.0,2026-09-06 04:00:00
LANE 0106,Bus Lane,2025-04,Live,47.0,2026-09-06 04:00:00
LANE 0106,Bus Lane,2025-05,Live,59.0,2026-09-06 04:00:00
LANE 0106,Bus Lane,2025-06,Live,47.0,2026-09-06 04:00:00
LANE 0106,Bus Lane,2025-07,Live,47.0,2026-09-06 04:00:00
LANE 0106,Bus Lane,2025-08,Live,70.0,2026-09-06 04:00:00
LANE 0106,Bus Lane,2025-09,Live,77.0,2026-09-06 04:00:00
LANE 0106,Bus Lane,2025-10,Live,98.0,2026-09-06 04:00:00
LANE 0106,Bus Lane,2025-11,Live,81.0,2026-09-06 04:00:00
LANE 0106,Bus Lane,2025-12,Live,77.0,2026-09-06 04:00:00
LANE 0106,Bus Lane,2026-01,Live,74.0,2026-09-06 04:00:00
LANE 0106,Bus Lane,2026-02,Live,109.0,2026-09-06 04:00:00
LANE 0106,Bus Lane,2026-03,Live,126.0,2026-09-06 04:00:00
LANE 0106,Bus Lane,2026-04,Live,152.0,2026-09-06 04:00:00
LANE 0106,Bus Lane,2026-05,Live,150.0,2026-09-06 04:00:00
LANE 0106,Bus Lane,2026-06,Live,142.0,2026-09-06 04:00:00
LANE 0106,Bus Lane,2026-07,Live,120.0,2026-09-06 04:00:00
LANE 0106,Bus Lane,2026-08,Live,131.0,2026-09-06 04:00:00
LANE 0106,Bus Lane,2026-09,Live,30.0,2026-09-06 04:00:00
LANE 0107,Bus Lane,2025-03,Live,48.0,2025-08-08 04:00:00
LANE 0107,Bus Lane,2025-03,Warning,9.0,2026-09-06 04:00:00
LANE 0107,Bus Lane,2025-04,Live,104.0,2025-08-08 04:00:00
LANE 0107,Bus Lane,2025-05,Live,128.0,2025-08-08 04:00:00
LANE 0107,Bus Lane,2025-06,Live,114.0,2025-08-08 04:00:00
LANE 0107,Bus Lane,2025-07,Live,116.0,2025-08-08 04:00:00
LANE 0107,Bus Lane,2025-08,Live,18.0,2025-08-08 04:00:00
LANE 0107,Bus Lane,2025-08,Warning,32.0,2026-09-06 04:00:00
LANE 0107,Bus Lane,2025-09,Warning,37.0,2026-09-06 04:00:00
LANE 0107,Bus Lane,2025-10,Warning,44.0,2026-09-06 04:00:00
LANE 0107,Bus Lane,2025-11,Warning,24.0,2026-09-06 04:00:00
LANE 0107,Bus Lane,2025-12,Warning,34.0,2026-09-06 04:00:00
LANE 0107,Bus Lane,2026-01,Warning,34.0,2026-09-06 04:00:00
LANE 0107,Bus Lane,2026-02,Warning,48.0,2026-09-06 04:00:00
LANE 0107,Bus Lane,2026-03,Warning,41.0,2026-09-06 04:00:00
LANE 0107,Bus Lane,2026-04,Warning,64.0,2026-09-06 04:00:00
LANE 0107,Bus Lane,2026-05,Warning,57.0,2026-09-06 04:00:00
LANE 0107,Bus Lane,2026-06,Warning,73.0,2026-09-06 04:00:00
LANE 0107,Bus Lane,2026-07,Warning,58.0,2026-09-06 04:00:00
LANE 0107,Bus Lane,2026-08,Warning,81.0,2026-09-06 04:00:00
LANE 0107,Bus Lane,2026-09,Warning,12.0,2026-09-06 04:00:00
LANE 0108,Bus Lane,2025-02,Live,2.0,2026-09-01 04:00:00
LANE 0108,Bus Lane,2025-03,Live,8.0,2026-09-01 04:00:00
LANE 0108,Bus Lane,2025-04,Live,12.0,2026-09-01 04:00:00
LANE 0108,Bus Lane,2025-05,Live,15.0,2026-09-01 04:00:00
LANE 0108,Bus Lane,2025-06,Live,17.0,2026-09-01 04:00:00
LANE 0108,Bus Lane,2025-07,Live,15.0,2026-09-01 04:00:00
LANE 0108,Bus Lane,2025-08,Live,7.0,2026-09-01 04:00:00
LANE 0108,Bus Lane,2025-09,Live,15.0,2026-09-01 04:00:00
LANE 0108,Bus Lane,2025-10,Live,10.0,2026-09-01 04:00:00
LANE 0108,Bus Lane,2025-11,Live,13.0,2026-09-01 04:00:00
LANE 0108,Bus Lane,2025-12,Live,14.0,2026-09-01 04:00:00
LANE 0108,Bus Lane,2026-01,Live,7.0,2026-09-01 04:00:00
LANE 0108,Bus Lane,2026-02,Live,22.0,2026-09-01 04:00:00
LANE 0108,Bus Lane,2026-03,Live,14.0,2026-09-01 04:00:00
LANE 0108,Bus Lane,2026-04,Live,28.0,2026-09-01 04:00:00
LANE 0108,Bus Lane,2026-05,Live,13.0,2026-09-01 04:00:00
LANE 0108,Bus Lane,2026-06,Live,23.0,2026-09-01 04:00:00
LANE 0108,Bus Lane,2026-07,Live,22.0,2026-09-01 04:00:00
LANE 0108,Bus Lane,2026-08,Live,12.0,2026-09-01 04:00:00
LANE 0108,Bus Lane,2026-09,Live,1.0,2026-09-01 04:00:00
LANE 0109,Bus Lane,2024-12,Live,2.0,2026-09-04 04:00:00
LANE 0109,Bus Lane,2025-01,Live,1.0,2026-09-04 04:00:00
LANE 0109,Bus Lane,2025-02,Live,1.0,2026-09-04 04:00:00
LANE 0109,Bus Lane,2025-03,Live,3.0,2026-09-04 04:00:00
LANE 0109,Bus Lane,2025-05,Live,2.0,2026-09-04 04:00:00
LANE 0109,Bus Lane,2025-09,Live,2.0,2026-09-04 04:00:00
LANE 0109,Bus Lane,2025-10,Live,3.0,2026-09-04 04:00:00
LANE 0109,Bus Lane,2025-11,Live,1.0,2026-09-04 04:00:00
LANE 0109,Bus Lane,2025-12,Live,1.0,2026-09-04 04:00:00
LANE 0109,Bus Lane,2026-01,Live,1.0,2026-09-04 04:00:00
LANE 0109,Bus Lane,2026-04,Live,1.0,2026-09-04 04:00:00
LANE 0109,Bus Lane,2026-05,Live,1.0,2026-09-04 04:00:00
LANE 0109,Bus Lane,2026-06,Live,2.0,2026-09-04 04:00:00
LANE 0109,Bus Lane,2026-07,Live,1.0,2026-09-04 04:00:00
LANE 0109,Bus Lane,2026-08,Live,1.0,2026-09-04 04:00:00
LANE 0109,Bus Lane,2026-09,Live,1.0,2026-09-04 04:00:00
LANE 0110,Bus Lane,2024-12,Live,8.0,2026-09-04 04:00:00
LANE 0110,Bus Lane,2025-01,Live,10.0,2026-09-04 04:00:00
LANE 0110,Bus Lane,2025-02,Live,8.0,2026-09-04 04:00:00
LANE 0110,Bus Lane,2025-03,Live,4.0,2026-09-04 04:00:00
LANE 0110,Bus Lane,2025-04,Live,6.0,2026-09-04 04:00:00
LANE 0110,Bus Lane,2025-05,Live,5.0,2026-09-04 04:00:00
LANE 0110,Bus Lane,2025-06,Live,30.0,2026-09-04 04:00:00
LANE 0110,Bus Lane,2025-07,Live,98.0,2026-09-04 04:00:00
LANE 0110,Bus Lane,2025-08,Live,81.0,2026-09-04 04:00:00
LANE 0110,Bus Lane,2025-09,Live,80.0,2026-09-04 04:00:00
LANE 0110,Bus Lane,2025-10,Live,108.0,2026-09-04 04:00:00
LANE 0110,Bus Lane,2025-11,Live,68.0,2026-09-04 04:00:00
LANE 0110,Bus Lane,2025-12,Live,84.0,2026-09-04 04:00:00
LANE 0110,Bus Lane,2026-01,Live,42.0,2026-09-04 04:00:00
LANE 0110,Bus Lane,2026-02,Live,106.0,2026-09-04 04:00:00
LANE 0110,Bus Lane,2026-03,Live,92.0,2026-09-04 04:00:00
LANE 0110,Bus Lane,2026-04,Live,77.0,2026-09-04 04:00:00
LANE 0110,Bus Lane,2026-05,Live,73.0,2026-09-04 04:00:00
LANE 0110,Bus Lane,2026-06,Live,83.0,2026-09-04 04:00:00
LANE 0110,Bus Lane,2026-07,Live,90.0,2026-09-04 04:00:00
LANE 0110,Bus Lane,2026-08,Live,77.0,2026-09-04 04:00:00
LANE 0110,Bus Lane,2026-09,Live,14.0,2026-09-04 04:00:00
LANE 0111,Bus Lane,2024-12,Live,18.0,2026-09-04 04:00:00
LANE 0111,Bus Lane,2025-01,Live,4.0,2026-09-04 04:00:00
LANE 0111,Bus Lane,2025-02,Live,30.0,2026-09-04 04:00:00
LANE 0111,Bus Lane,2025-03,Live,26.0,2026-09-04 04:00:00
LANE 0111,Bus Lane,2025-04,Live,28.0,2026-09-04 04:00:00
LANE 0111,Bus Lane,2025-05,Live,34.0,2026-09-04 04:00:00
LANE 0111,Bus Lane,2025-06,Live,38.0,2026-09-04 04:00:00
LANE 0111,Bus Lane,2025-07,Live,63.0,2026-09-04 04:00:00
LANE 0111,Bus Lane,2025-08,Live,26.0,2026-09-04 04:00:00
LANE 0111,Bus Lane,2025-09,Live,55.0,2026-09-04 04:00:00
LANE 0111,Bus Lane,2025-10,Live,71.0,2026-09-04 04:00:00
LANE 0111,Bus Lane,2025-11,Live,51.0,2026-09-04 04:00:00
LANE 0111,Bus Lane,2025-12,Live,27.0,2026-09-04 04:00:00
LANE 0111,Bus Lane,2026-01,Live,29.0,2026-09-04 04:00:00
LANE 0111,Bus Lane,2026-02,Live,73.0,2026-09-04 04:00:00
LANE 0111,Bus Lane,2026-03,Live,45.0,2026-09-04 04:00:00
LANE 0111,Bus Lane,2026-04,Live,35.0,2026-09-04 04:00:00
LANE 0111,Bus Lane,2026-05,Live,56.0,2026-09-04 04:00:00
LANE 0111,Bus Lane,2026-06,Live,71.0,2026-09-04 04:00:00
LANE 0111,Bus Lane,2026-07,Live,58.0,2026-09-04 04:00:00
LANE 0111,Bus Lane,2026-08,Live,41.0,2026-09-04 04:00:00
LANE 0111,Bus Lane,2026-09,Live,3.0,2026-09-04 04:00:00
LANE 0112,Bus Lane,2024-12,Live,2.0,2026-09-04 04:00:00
LANE 0112,Bus Lane,2025-01,Live,3.0,2026-09-04 04:00:00
LANE 0112,Bus Lane,2025-02,Live,5.0,2026-09-04 04:00:00
LANE 0112,Bus Lane,2025-03,Live,2.0,2026-09-04 04:00:00
LANE 0112,Bus Lane,2025-04,Live,5.0,2026-09-04 04:00:00
LANE 0112,Bus Lane,2025-05,Live,6.0,2026-09-04 04:00:00
LANE 0112,Bus Lane,2025-06,Live,4.0,2026-09-04 04:00:00
LANE 0112,Bus Lane,2025-08,Live,5.0,2026-09-04 04:00:00
LANE 0112,Bus Lane,2025-09,Live,3.0,2026-09-04 04:00:00
LANE 0112,Bus Lane,2025-10,Live,3.0,2026-09-04 04:00:00
LANE 0112,Bus Lane,2025-11,Live,4.0,2026-09-04 04:00:00
LANE 0112,Bus Lane,2025-12,Live,3.0,2026-09-04 04:00:00
LANE 0112,Bus Lane,2026-01,Live,2.0,2026-09-04 04:00:00
LANE 0112,Bus Lane,2026-02,Live,10.0,2026-09-04 04:00:00
LANE 0112,Bus Lane,2026-03,Live,1.0,2026-09-04 04:00:00
LANE 0112,Bus Lane,2026-04,Live,4.0,2026-09-04 04:00:00
LANE 0112,Bus Lane,2026-05,Live,9.0,2026-09-04 04:00:00
LANE 0112,Bus Lane,2026-06,Live,13.0,2026-09-04 04:00:00
LANE 0112,Bus Lane,2026-07,Live,8.0,2026-09-04 04:00:00
LANE 0112,Bus Lane,2026-09,Live,1.0,2026-09-04 04:00:00
LANE 0113,Bus Lane,2024-12,Live,6.0,2026-09-01 04:00:00
LANE 0113,Bus Lane,2025-01,Live,5.0,2026-09-01 04:00:00
LANE 0113,Bus Lane,2025-02,Live,11.0,2026-09-01 04:00:00
LANE 0113,Bus Lane,2025-03,Live,8.0,2026-09-01 04:00:00
LANE 0113,Bus Lane,2025-04,Live,15.0,2026-09-01 04:00:00
LANE 0113,Bus Lane,2025-05,Live,19.0,2026-09-01 04:00:00
LANE 0113,Bus Lane,2025-06,Live,29.0,2026-09-01 04:00:00
LANE 0113,Bus Lane,2025-07,Live,39.0,2026-09-01 04:00:00
LANE 0113,Bus Lane,2025-08,Live,45.0,2026-09-01 04:00:00
LANE 0113,Bus Lane,2025-09,Live,10.0,2026-09-01 04:00:00
LANE 0113,Bus Lane,2025-10,Live,22.0,2026-09-01 04:00:00
LANE 0113,Bus Lane,2025-11,Live,30.0,2026-09-01 04:00:00
LANE 0113,Bus Lane,2025-12,Live,36.0,2026-09-01 04:00:00
LANE 0113,Bus Lane,2026-01,Live,28.0,2026-09-01 04:00:00
LANE 0113,Bus Lane,2026-02,Live,42.0,2026-09-01 04:00:00
LANE 0113,Bus Lane,2026-03,Live,35.0,2026-09-01 04:00:00
LANE 0113,Bus Lane,2026-04,Live,35.0,2026-09-01 04:00:00
LANE 0113,Bus Lane,2026-05,Live,32.0,2026-09-01 04:00:00
LANE 0113,Bus Lane,2026-06,Live,40.0,2026-09-01 04:00:00
LANE 0113,Bus Lane,2026-07,Live,40.0,2026-09-01 04:00:00
LANE 0113,Bus Lane,2026-08,Live,26.0,2026-09-01 04:00:00
LANE 0113,Bus Lane,2026-09,Live,1.0,2026-09-01 04:00:00
LANE 0114,Bus Lane,2024-12,Live,1.0,2026-08-13 04:00:00
LANE 0114,Bus Lane,2025-01,Live,2.0,2026-08-13 04:00:00
LANE 0114,Bus Lane,2025-02,Live,3.0,2026-08-13 04:00:00
LANE 0114,Bus Lane,2025-03,Live,1.0,2026-08-13 04:00:00
LANE 0114,Bus Lane,2025-04,Live,1.0,2026-08-13 04:00:00
LANE 0114,Bus Lane,2025-06,Live,1.0,2026-08-13 04:00:00
LANE 0114,Bus Lane,2025-08,Live,2.0,2026-08-13 04:00:00
LANE 0114,Bus Lane,2025-10,Live,3.0,2026-08-13 04:00:00
LANE 0114,Bus Lane,2025-11,Live,4.0,2026-08-13 04:00:00
LANE 0114,Bus Lane,2025-12,Live,1.0,2026-08-13 04:00:00
LANE 0114,Bus Lane,2026-01,Live,2.0,2026-08-13 04:00:00
LANE 0114,Bus Lane,2026-02,Live,4.0,2026-08-13 04:00:00
LANE 0114,Bus Lane,2026-03,Live,4.0,2026-08-13 04:00:00
LANE 0114,Bus Lane,2026-04,Live,5.0,2026-08-13 04:00:00
LANE 0114,Bus Lane,2026-05,Live,1.0,2026-08-13 04:00:00
LANE 0114,Bus Lane,2026-06,Live,1.0,2026-08-13 04:00:00
LANE 0114,Bus Lane,2026-07,Live,1.0,2026-08-13 04:00:00
LANE 0114,Bus Lane,2026-08,Live,2.0,2026-08-13 04:00:00
LANE 0115,Bus Lane,2024-12,Live,15.0,2026-09-04 04:00:00
LANE 0115,Bus Lane,2025-01,Live,8.0,2026-09-04 04:00:00
LANE 0115,Bus Lane,2025-02,Live,11.0,2026-09-04 04:00:00
LANE 0115,Bus Lane,2025-03,Live,18.0,2026-09-04 04:00:00
LANE 0115,Bus Lane,2025-04,Live,24.0,2026-09-04 04:00:00
LANE 0115,Bus Lane,2025-05,Live,26.0,2026-09-04 04:00:00
LANE 0115,Bus Lane,2025-06,Live,35.0,2026-09-04 04:00:00
LANE 0115,Bus Lane,2025-07,Live,40.0,2026-09-04 04:00:00
LANE 0115,Bus Lane,2025-08,Live,22.0,2026-09-04 04:00:00
LANE 0115,Bus Lane,2025-09,Live,44.0,2026-09-04 04:00:00
LANE 0115,Bus Lane,2025-10,Live,43.0,2026-09-04 04:00:00
LANE 0115,Bus Lane,2025-11,Live,49.0,2026-09-04 04:00:00
LANE 0115,Bus Lane,2025-12,Live,29.0,2026-09-04 04:00:00
LANE 0115,Bus Lane,2026-01,Live,32.0,2026-09-04 04:00:00
LANE 0115,Bus Lane,2026-02,Live,47.0,2026-09-04 04:00:00
LANE 0115,Bus Lane,2026-03,Live,46.0,2026-09-04 04:00:00
LANE 0115,Bus Lane,2026-04,Live,41.0,2026-09-04 04:00:00
LANE 0115,Bus Lane,2026-05,Live,47.0,2026-09-04 04:00:00
LANE 0115,Bus Lane,2026-06,Live,48.0,2026-09-04 04:00:00
LANE 0115,Bus Lane,2026-07,Live,40.0,2026-09-04 04:00:00
LANE 0115,Bus Lane,2026-08,Live,32.0,2026-09-04 04:00:00
LANE 0115,Bus Lane,2026-09,Live,4.0,2026-09-04 04:00:00
LANE 0116,Bus Lane,2024-12,Live,33.0,2026-09-04 04:00:00
LANE 0116,Bus Lane,2025-01,Live,16.0,2026-09-04 04:00:00
LANE 0116,Bus Lane,2025-02,Live,16.0,2026-09-04 04:00:00
LANE 0116,Bus Lane,2025-03,Live,17.0,2026-09-04 04:00:00
LANE 0116,Bus Lane,2025-04,Live,29.0,2026-09-04 04:00:00
LANE 0116,Bus Lane,2025-05,Live,31.0,2026-09-04 04:00:00
LANE 0116,Bus Lane,2025-06,Live,30.0,2026-09-04 04:00:00
LANE 0116,Bus Lane,2025-07,Live,10.0,2026-09-04 04:00:00
LANE 0116,Bus Lane,2025-08,Live,18.0,2026-09-04 04:00:00
LANE 0116,Bus Lane,2025-09,Live,32.0,2026-09-04 04:00:00
LANE 0116,Bus Lane,2025-10,Live,22.0,2026-09-04 04:00:00
LANE 0116,Bus Lane,2025-11,Live,28.0,2026-09-04 04:00:00
LANE 0116,Bus Lane,2025-12,Live,37.0,2026-09-04 04:00:00
LANE 0116,Bus Lane,2026-01,Live,15.0,2026-09-04 04:00:00
LANE 0116,Bus Lane,2026-02,Live,46.0,2026-09-04 04:00:00
LANE 0116,Bus Lane,2026-03,Live,23.0,2026-09-04 04:00:00
LANE 0116,Bus Lane,2026-04,Live,23.0,2026-09-04 04:00:00
LANE 0116,Bus Lane,2026-05,Live,31.0,2026-09-04 04:00:00
LANE 0116,Bus Lane,2026-06,Live,22.0,2026-09-04 04:00:00
LANE 0116,Bus Lane,2026-07,Live,36.0,2026-09-04 04:00:00
LANE 0116,Bus Lane,2026-08,Live,24.0,2026-09-04 04:00:00
LANE 0116,Bus Lane,2026-09,Live,6.0,2026-09-04 04:00:00
LANE 0117,Bus Lane,2024-12,Live,22.0,2026-09-04 04:00:00
LANE 0117,Bus Lane,2025-01,Live,24.0,2026-09-04 04:00:00
LANE 0117,Bus Lane,2025-02,Live,16.0,2026-09-04 04:00:00
LANE 0117,Bus Lane,2025-03,Live,30.0,2026-09-04 04:00:00
LANE 0117,Bus Lane,2025-04,Live,47.0,2026-09-04 04:00:00
LANE 0117,Bus Lane,2025-05,Live,36.0,2026-09-04 04:00:00
LANE 0117,Bus Lane,2025-06,Live,39.0,2026-09-04 04:00:00
LANE 0117,Bus Lane,2025-07,Live,58.0,2026-09-04 04:00:00
LANE 0117,Bus Lane,2025-08,Live,28.0,2026-09-04 04:00:00
LANE 0117,Bus Lane,2025-09,Live,43.0,2026-09-04 04:00:00
LANE 0117,Bus Lane,2025-10,Live,34.0,2026-09-04 04:00:00
LANE 0117,Bus Lane,2025-11,Live,28.0,2026-09-04 04:00:00
LANE 0117,Bus Lane,2025-12,Live,26.0,2026-09-04 04:00:00
LANE 0117,Bus Lane,2026-01,Live,12.0,2026-09-04 04:00:00
LANE 0117,Bus Lane,2026-02,Live,32.0,2026-09-04 04:00:00
LANE 0117,Bus Lane,2026-03,Live,21.0,2026-09-04 04:00:00
LANE 0117,Bus Lane,2026-04,Live,41.0,2026-09-04 04:00:00
LANE 0117,Bus Lane,2026-05,Live,45.0,2026-09-04 04:00:00
LANE 0117,Bus Lane,2026-06,Live,60.0,2026-09-04 04:00:00
LANE 0117,Bus Lane,2026-07,Live,60.0,2026-09-04 04:00:00
LANE 0117,Bus Lane,2026-08,Live,26.0,2026-09-04 04:00:00
LANE 0117,Bus Lane,2026-09,Live,10.0,2026-09-04 04:00:00
LANE 0118,Bus Lane,2024-12,Live,2.0,2026-09-05 04:00:00
LANE 0118,Bus Lane,2025-01,Live,3.0,2026-09-05 04:00:00
LANE 0118,Bus Lane,2025-02,Live,3.0,2026-09-05 04:00:00
LANE 0118,Bus Lane,2025-03,Live,11.0,2026-09-05 04:00:00
LANE 0118,Bus Lane,2025-04,Live,9.0,2026-09-05 04:00:00
LANE 0118,Bus Lane,2025-05,Live,11.0,2026-09-05 04:00:00
LANE 0118,Bus Lane,2025-06,Live,11.0,2026-09-05 04:00:00
LANE 0118,Bus Lane,2025-07,Live,27.0,2026-09-05 04:00:00
LANE 0118,Bus Lane,2025-08,Live,12.0,2026-09-05 04:00:00
LANE 0118,Bus Lane,2025-09,Live,13.0,2026-09-05 04:00:00
LANE 0118,Bus Lane,2025-10,Live,18.0,2026-09-05 04:00:00
LANE 0118,Bus Lane,2025-11,Live,8.0,2026-09-05 04:00:00
LANE 0118,Bus Lane,2025-12,Live,9.0,2026-09-05 04:00:00
LANE 0118,Bus Lane,2026-01,Live,10.0,2026-09-05 04:00:00
LANE 0118,Bus Lane,2026-02,Live,39.0,2026-09-05 04:00:00
LANE 0118,Bus Lane,2026-03,Live,73.0,2026-09-05 04:00:00
LANE 0118,Bus Lane,2026-04,Live,125.0,2026-09-05 04:00:00
LANE 0118,Bus Lane,2026-05,Live,9.0,2026-09-05 04:00:00
LANE 0118,Bus Lane,2026-06,Live,14.0,2026-09-05 04:00:00
LANE 0118,Bus Lane,2026-07,Live,17.0,2026-09-05 04:00:00
LANE 0118,Bus Lane,2026-08,Live,20.0,2026-09-05 04:00:00
LANE 0118,Bus Lane,2026-09,Live,1.0,2026-09-05 04:00:00
LANE 0119,Bus Lane,2024-12,Live,11.0,2026-09-05 04:00:00
LANE 0119,Bus Lane,2025-01,Live,18.0,2026-09-05 04:00:00
LANE 0119,Bus Lane,2025-02,Live,10.0,2026-09-05 04:00:00
LANE 0119,Bus Lane,2025-03,Live,22.0,2026-09-05 04:00:00
LANE 0119,Bus Lane,2025-04,Live,27.0,2026-09-05 04:00:00
LANE 0119,Bus Lane,2025-05,Live,25.0,2026-09-05 04:00:00
LANE 0119,Bus Lane,2025-06,Live,19.0,2026-09-05 04:00:00
LANE 0119,Bus Lane,2025-07,Live,16.0,2026-09-05 04:00:00
LANE 0119,Bus Lane,2025-08,Live,18.0,2026-09-05 04:00:00
LANE 0119,Bus Lane,2025-09,Live,22.0,2026-09-05 04:00:00
LANE 0119,Bus Lane,2025-10,Live,13.0,2026-09-05 04:00:00
LANE 0119,Bus Lane,2025-11,Live,5.0,2026-09-05 04:00:00
LANE 0119,Bus Lane,2025-12,Live,22.0,2026-09-05 04:00:00
LANE 0119,Bus Lane,2026-01,Live,9.0,2026-09-05 04:00:00
LANE 0119,Bus Lane,2026-02,Live,18.0,2026-09-05 04:00:00
LANE 0119,Bus Lane,2026-03,Live,10.0,2026-09-05 04:00:00
LANE 0119,Bus Lane,2026-06,Live,46.0,2026-09-05 04:00:00
LANE 0119,Bus Lane,2026-07,Live,37.0,2026-09-05 04:00:00
LANE 0119,Bus Lane,2026-08,Live,14.0,2026-09-05 04:00:00
LANE 0119,Bus Lane,2026-09,Live,6.0,2026-09-05 04:00:00
LANE 0120,Bus Lane,2024-12,Live,49.0,2026-09-05 04:00:00
LANE 0120,Bus Lane,2025-01,Live,62.0,2026-09-05 04:00:00
LANE 0120,Bus Lane,2025-02,Live,82.0,2026-09-05 04:00:00
LANE 0120,Bus Lane,2025-03,Live,123.0,2026-09-05 04:00:00
LANE 0120,Bus Lane,2025-04,Live,107.0,2026-09-05 04:00:00
LANE 0120,Bus Lane,2025-05,Live,99.0,2026-09-05 04:00:00
LANE 0120,Bus Lane,2025-06,Live,104.0,2026-09-05 04:00:00
LANE 0120,Bus Lane,2025-07,Live,63.0,2026-09-05 04:00:00
LANE 0120,Bus Lane,2025-08,Live,63.0,2026-09-05 04:00:00
LANE 0120,Bus Lane,2025-09,Live,86.0,2026-09-05 04:00:00
LANE 0120,Bus Lane,2025-10,Live,80.0,2026-09-05 04:00:00
LANE 0120,Bus Lane,2025-11,Live,84.0,2026-09-05 04:00:00
LANE 0120,Bus Lane,2025-12,Live,70.0,2026-09-05 04:00:00
LANE 0120,Bus Lane,2026-01,Live,42.0,2026-09-05 04:00:00
LANE 0120,Bus Lane,2026-02,Live,118.0,2026-09-05 04:00:00
LANE 0120,Bus Lane,2026-03,Live,76.0,2026-09-05 04:00:00
LANE 0120,Bus Lane,2026-05,Live,4.0,2026-09-05 04:00:00
LANE 0120,Bus Lane,2026-06,Live,130.0,2026-09-05 04:00:00
LANE 0120,Bus Lane,2026-07,Live,135.0,2026-09-05 04:00:00
LANE 0120,Bus Lane,2026-08,Live,89.0,2026-09-05 04:00:00
LANE 0120,Bus Lane,2026-09,Live,16.0,2026-09-05 04:00:00
LANE 0121,Bus Lane,2024-12,Live,114.0,2026-09-05 04:00:00
LANE 0121,Bus Lane,2025-01,Live,112.0,2026-09-05 04:00:00
LANE 0121,Bus Lane,2025-02,Live,137.0,2026-09-05 04:00:00
LANE 0121,Bus Lane,2025-03,Live,180.0,2026-09-05 04:00:00
LANE 0121,Bus Lane,2025-04,Live,194.0,2026-09-05 04:00:00
LANE 0121,Bus Lane,2025-05,Live,141.0,2026-09-05 04:00:00
LANE 0121,Bus Lane,2025-06,Live,149.0,2026-09-05 04:00:00
LANE 0121,Bus Lane,2025-07,Live,137.0,2026-09-05 04:00:00
LANE 0121,Bus Lane,2025-08,Live,136.0,2026-09-05 04:00:00
LANE 0121,Bus Lane,2025-09,Live,163.0,2026-09-05 04:00:00
LANE 0121,Bus Lane,2025-10,Live,290.0,2026-09-05 04:00:00
LANE 0121,Bus Lane,2025-11,Live,192.0,2026-09-05 04:00:00
LANE 0121,Bus Lane,2025-12,Live,165.0,2026-09-05 04:00:00
LANE 0121,Bus Lane,2026-01,Live,131.0,2026-09-05 04:00:00
LANE 0121,Bus Lane,2026-02,Live,209.0,2026-09-05 04:00:00
LANE 0121,Bus Lane,2026-03,Live,179.0,2026-09-05 04:00:00
LANE 0121,Bus Lane,2026-04,Live,240.0,2026-09-05 04:00:00
LANE 0121,Bus Lane,2026-05,Live,205.0,2026-09-05 04:00:00
LANE 0121,Bus Lane,2026-06,Live,215.0,2026-09-05 04:00:00
LANE 0121,Bus Lane,2026-07,Live,201.0,2026-09-05 04:00:00
LANE 0121,Bus Lane,2026-08,Live,120.0,2026-09-05 04:00:00
LANE 0121,Bus Lane,2026-09,Live,31.0,2026-09-05 04:00:00
LANE 0122,Bus Lane,2024-12,Live,102.0,2026-09-04 04:00:00
LANE 0122,Bus Lane,2025-01,Live,98.0,2026-09-04 04:00:00
LANE 0122,Bus Lane,2025-02,Live,93.0,2026-09-04 04:00:00
LANE 0122,Bus Lane,2025-03,Live,97.0,2026-09-04 04:00:00
LANE 0122,Bus Lane,2025-04,Live,108.0,2026-09-04 04:00:00
LANE 0122,Bus Lane,2025-05,Live,142.0,2026-09-04 04:00:00
LANE 0122,Bus Lane,2025-06,Live,118.0,2026-09-04 04:00:00
LANE 0122,Bus Lane,2025-07,Live,111.0,2026-09-04 04:00:00
LANE 0122,Bus Lane,2025-08,Live,101.0,2026-09-04 04:00:00
LANE 0122,Bus Lane,2025-09,Live,111.0,2026-09-04 04:00:00
LANE 0122,Bus Lane,2025-10,Live,121.0,2026-09-04 04:00:00
LANE 0122,Bus Lane,2025-11,Live,89.0,2026-09-04 04:00:00
LANE 0122,Bus Lane,2025-12,Live,111.0,2026-09-04 04:00:00
LANE 0122,Bus Lane,2026-01,Live,70.0,2026-09-04 04:00:00
LANE 0122,Bus Lane,2026-02,Live,118.0,2026-09-04 04:00:00
LANE 0122,Bus Lane,2026-03,Live,97.0,2026-09-04 04:00:00
LANE 0122,Bus Lane,2026-04,Live,132.0,2026-09-04 04:00:00
LANE 0122,Bus Lane,2026-05,Live,118.0,2026-09-04 04:00:00
LANE 0122,Bus Lane,2026-06,Live,116.0,2026-09-04 04:00:00
LANE 0122,Bus Lane,2026-07,Live,108.0,2026-09-04 04:00:00
LANE 0122,Bus Lane,2026-08,Live,80.0,2026-09-04 04:00:00
LANE 0122,Bus Lane,2026-09,Live,10.0,2026-09-04 04:00:00
LANE 0123,Bus Lane,2024-12,Live,16.0,2026-06-22 04:00:00
LANE 0123,Bus Lane,2025-01,Live,3.0,2026-06-22 04:00:00
LANE 0123,Bus Lane,2025-02,Live,16.0,2026-06-22 04:00:00
LANE 0123,Bus Lane,2025-03,Live,11.0,2026-06-22 04:00:00
LANE 0123,Bus Lane,2025-04,Live,19.0,2026-06-22 04:00:00
LANE 0123,Bus Lane,2025-05,Live,11.0,2026-06-22 04:00:00
LANE 0123,Bus Lane,2025-06,Live,12.0,2026-06-22 04:00:00
LANE 0123,Bus Lane,2025-07,Live,16.0,2026-06-22 04:00:00
LANE 0123,Bus Lane,2025-08,Live,5.0,2026-06-22 04:00:00
LANE 0123,Bus Lane,2025-09,Live,14.0,2026-06-22 04:00:00
LANE 0123,Bus Lane,2025-10,Live,31.0,2026-06-22 04:00:00
LANE 0123,Bus Lane,2025-11,Live,45.0,2026-06-22 04:00:00
LANE 0123,Bus Lane,2025-12,Live,30.0,2026-06-22 04:00:00
LANE 0123,Bus Lane,2026-01,Live,41.0,2026-06-22 04:00:00
LANE 0123,Bus Lane,2026-02,Live,49.0,2026-06-22 04:00:00
LANE 0123,Bus Lane,2026-03,Live,50.0,2026-06-22 04:00:00
LANE 0123,Bus Lane,2026-04,Live,97.0,2026-06-22 04:00:00
LANE 0123,Bus Lane,2026-05,Live,51.0,2026-06-22 04:00:00
LANE 0123,Bus Lane,2026-06,Live,52.0,2026-06-22 04:00:00
LANE 0124,Bus Lane,2024-12,Live,4.0,2026-09-02 04:00:00
LANE 0124,Bus Lane,2025-01,Live,4.0,2026-09-02 04:00:00
LANE 0124,Bus Lane,2025-02,Live,1.0,2026-09-02 04:00:00
LANE 0124,Bus Lane,2025-03,Live,4.0,2026-09-02 04:00:00
LANE 0124,Bus Lane,2025-04,Live,1.0,2026-09-02 04:00:00
LANE 0124,Bus Lane,2025-06,Live,26.0,2026-09-02 04:00:00
LANE 0124,Bus Lane,2025-07,Live,49.0,2026-09-02 04:00:00
LANE 0124,Bus Lane,2025-08,Live,24.0,2026-09-02 04:00:00
LANE 0124,Bus Lane,2025-09,Live,22.0,2026-09-02 04:00:00
LANE 0124,Bus Lane,2025-10,Live,15.0,2026-09-02 04:00:00
LANE 0124,Bus Lane,2025-11,Live,21.0,2026-09-02 04:00:00
LANE 0124,Bus Lane,2025-12,Live,17.0,2026-09-02 04:00:00
LANE 0124,Bus Lane,2026-01,Live,7.0,2026-09-02 04:00:00
LANE 0124,Bus Lane,2026-02,Live,29.0,2026-09-02 04:00:00
LANE 0124,Bus Lane,2026-03,Live,20.0,2026-09-02 04:00:00
LANE 0124,Bus Lane,2026-04,Live,18.0,2026-09-02 04:00:00
LANE 0124,Bus Lane,2026-05,Live,8.0,2026-09-02 04:00:00
LANE 0124,Bus Lane,2026-06,Live,8.0,2026-09-02 04:00:00
LANE 0124,Bus Lane,2026-07,Live,16.0,2026-09-02 04:00:00
LANE 0124,Bus Lane,2026-08,Live,8.0,2026-09-02 04:00:00
LANE 0124,Bus Lane,2026-09,Live,4.0,2026-09-02 04:00:00
LANE 0125,Bus Lane,2024-12,Live,6.0,2026-09-04 04:00:00
LANE 0125,Bus Lane,2025-01,Live,1.0,2026-09-04 04:00:00
LANE 0125,Bus Lane,2025-02,Live,3.0,2026-09-04 04:00:00
LANE 0125,Bus Lane,2025-03,Live,6.0,2026-09-04 04:00:00
LANE 0125,Bus Lane,2025-04,Live,9.0,2026-09-04 04:00:00
LANE 0125,Bus Lane,2025-05,Live,9.0,2026-09-04 04:00:00
LANE 0125,Bus Lane,2025-06,Live,22.0,2026-09-04 04:00:00
LANE 0125,Bus Lane,2025-07,Live,36.0,2026-09-04 04:00:00
LANE 0125,Bus Lane,2025-08,Live,27.0,2026-09-04 04:00:00
LANE 0125,Bus Lane,2025-09,Live,41.0,2026-09-04 04:00:00
LANE 0125,Bus Lane,2025-10,Live,25.0,2026-09-04 04:00:00
LANE 0125,Bus Lane,2025-11,Live,27.0,2026-09-04 04:00:00
LANE 0125,Bus Lane,2025-12,Live,22.0,2026-09-04 04:00:00
LANE 0125,Bus Lane,2026-01,Live,22.0,2026-09-04 04:00:00
LANE 0125,Bus Lane,2026-02,Live,38.0,2026-09-04 04:00:00
LANE 0125,Bus Lane,2026-03,Live,29.0,2026-09-04 04:00:00
LANE 0125,Bus Lane,2026-04,Live,32.0,2026-09-04 04:00:00
LANE 0125,Bus Lane,2026-05,Live,35.0,2026-09-04 04:00:00
LANE 0125,Bus Lane,2026-06,Live,57.0,2026-09-04 04:00:00
LANE 0125,Bus Lane,2026-07,Live,31.0,2026-09-04 04:00:00
LANE 0125,Bus Lane,2026-08,Live,37.0,2026-09-04 04:00:00
LANE 0125,Bus Lane,2026-09,Live,6.0,2026-09-04 04:00:00
LANE 0126,Bus Lane,2024-12,Live,17.0,2026-06-19 04:00:00
LANE 0126,Bus Lane,2025-01,Live,9.0,2026-06-19 04:00:00
LANE 0126,Bus Lane,2025-02,Live,32.0,2026-06-19 04:00:00
LANE 0126,Bus Lane,2025-03,Live,19.0,2026-06-19 04:00:00
LANE 0126,Bus Lane,2025-04,Live,26.0,2026-06-19 04:00:00
LANE 0126,Bus Lane,2025-05,Live,27.0,2026-06-19 04:00:00
LANE 0126,Bus Lane,2025-06,Live,29.0,2026-06-19 04:00:00
LANE 0126,Bus Lane,2025-07,Live,5.0,2026-06-19 04:00:00
LANE 0126,Bus Lane,2025-08,Live,28.0,2026-06-19 04:00:00
LANE 0126,Bus Lane,2025-09,Live,32.0,2026-06-19 04:00:00
LANE 0126,Bus Lane,2025-10,Live,33.0,2026-06-19 04:00:00
LANE 0126,Bus Lane,2025-11,Live,38.0,2026-06-19 04:00:00
LANE 0126,Bus Lane,2025-12,Live,34.0,2026-06-19 04:00:00
LANE 0126,Bus Lane,2026-01,Live,18.0,2026-06-19 04:00:00
LANE 0126,Bus Lane,2026-02,Live,43.0,2026-06-19 04:00:00
LANE 0126,Bus Lane,2026-03,Live,25.0,2026-06-19 04:00:00
LANE 0126,Bus Lane,2026-04,Live,50.0,2026-06-19 04:00:00
LANE 0126,Bus Lane,2026-05,Live,30.0,2026-06-19 04:00:00
LANE 0126,Bus Lane,2026-06,Live,17.0,2026-06-19 04:00:00
LANE 0127,Bus Lane,2024-12,Live,18.0,2026-09-04 04:00:00
LANE 0127,Bus Lane,2025-01,Live,11.0,2026-09-04 04:00:00
LANE 0127,Bus Lane,2025-02,Live,25.0,2026-09-04 04:00:00
LANE 0127,Bus Lane,2025-03,Live,42.0,2026-09-04 04:00:00
LANE 0127,Bus Lane,2025-04,Live,48.0,2026-09-04 04:00:00
LANE 0127,Bus Lane,2025-05,Live,49.0,2026-09-04 04:00:00
LANE 0127,Bus Lane,2025-06,Live,73.0,2026-09-04 04:00:00
LANE 0127,Bus Lane,2025-07,Live,102.0,2026-09-04 04:00:00
LANE 0127,Bus Lane,2025-08,Live,70.0,2026-09-04 04:00:00
LANE 0127,Bus Lane,2025-09,Live,55.0,2026-09-04 04:00:00
LANE 0127,Bus Lane,2025-10,Live,45.0,2026-09-04 04:00:00
LANE 0127,Bus Lane,2025-11,Live,34.0,2026-09-04 04:00:00
LANE 0127,Bus Lane,2025-12,Live,68.0,2026-09-04 04:00:00
LANE 0127,Bus Lane,2026-01,Live,46.0,2026-09-04 04:00:00
LANE 0127,Bus Lane,2026-02,Live,48.0,2026-09-04 04:00:00
LANE 0127,Bus Lane,2026-03,Live,55.0,2026-09-04 04:00:00
LANE 0127,Bus Lane,2026-04,Live,64.0,2026-09-04 04:00:00
LANE 0127,Bus Lane,2026-05,Live,82.0,2026-09-04 04:00:00
LANE 0127,Bus Lane,2026-06,Live,62.0,2026-09-04 04:00:00
LANE 0127,Bus Lane,2026-07,Live,59.0,2026-09-04 04:00:00
LANE 0127,Bus Lane,2026-08,Live,40.0,2026-09-04 04:00:00
LANE 0127,Bus Lane,2026-09,Live,5.0,2026-09-04 04:00:00
LANE 0128,Bus Lane,2024-12,Live,6.0,2026-09-02 04:00:00
LANE 0128,Bus Lane,2025-01,Live,3.0,2026-09-02 04:00:00
LANE 0128,Bus Lane,2025-02,Live,1.0,2026-09-02 04:00:00
LANE 0128,Bus Lane,2025-03,Live,8.0,2026-09-02 04:00:00
LANE 0128,Bus Lane,2025-04,Live,3.0,2026-09-02 04:00:00
LANE 0128,Bus Lane,2025-05,Live,2.0,2026-09-02 04:00:00
LANE 0128,Bus Lane,2025-06,Live,12.0,2026-09-02 04:00:00
LANE 0128,Bus Lane,2025-07,Live,29.0,2026-09-02 04:00:00
LANE 0128,Bus Lane,2025-08,Live,16.0,2026-09-02 04:00:00
LANE 0128,Bus Lane,2025-09,Live,20.0,2026-09-02 04:00:00
LANE 0128,Bus Lane,2025-10,Live,18.0,2026-09-02 04:00:00
LANE 0128,Bus Lane,2025-11,Live,14.0,2026-09-02 04:00:00
LANE 0128,Bus Lane,2025-12,Live,23.0,2026-09-02 04:00:00
LANE 0128,Bus Lane,2026-01,Live,13.0,2026-09-02 04:00:00
LANE 0128,Bus Lane,2026-02,Live,32.0,2026-09-02 04:00:00
LANE 0128,Bus Lane,2026-03,Live,28.0,2026-09-02 04:00:00
LANE 0128,Bus Lane,2026-04,Live,31.0,2026-09-02 04:00:00
LANE 0128,Bus Lane,2026-05,Live,18.0,2026-09-02 04:00:00
LANE 0128,Bus Lane,2026-06,Live,23.0,2026-09-02 04:00:00
LANE 0128,Bus Lane,2026-07,Live,20.0,2026-09-02 04:00:00
LANE 0128,Bus Lane,2026-08,Live,15.0,2026-09-02 04:00:00
LANE 0128,Bus Lane,2026-09,Live,5.0,2026-09-02 04:00:00
LANE 0129,Bus Lane,2024-12,Live,2.0,2026-06-02 04:00:00
LANE 0129,Bus Lane,2025-03,Live,1.0,2026-06-02 04:00:00
LANE 0129,Bus Lane,2025-05,Live,1.0,2026-06-02 04:00:00
LANE 0129,Bus Lane,2025-07,Live,1.0,2026-06-02 04:00:00
LANE 0129,Bus Lane,2025-08,Live,4.0,2026-06-02 04:00:00
LANE 0129,Bus Lane,2026-01,Live,1.0,2026-06-02 04:00:00
LANE 0129,Bus Lane,2026-05,Live,3.0,2026-06-02 04:00:00
LANE 0129,Bus Lane,2026-06,Live,1.0,2026-06-02 04:00:00
LANE 0130,Bus Lane,2024-12,Live,21.0,2026-09-02 04:00:00
LANE 0130,Bus Lane,2025-01,Live,26.0,2026-09-02 04:00:00
LANE 0130,Bus Lane,2025-02,Live,85.0,2026-09-02 04:00:00
LANE 0130,Bus Lane,2025-03,Live,167.0,2026-09-02 04:00:00
LANE 0130,Bus Lane,2025-04,Live,36.0,2026-09-02 04:00:00
LANE 0130,Bus Lane,2025-05,Live,42.0,2026-09-02 04:00:00
LANE 0130,Bus Lane,2025-06,Live,45.0,2026-09-02 04:00:00
LANE 0130,Bus Lane,2025-07,Live,53.0,2026-09-02 04:00:00
LANE 0130,Bus Lane,2025-08,Live,29.0,2026-09-02 04:00:00
LANE 0130,Bus Lane,2025-09,Live,45.0,2026-09-02 04:00:00
LANE 0130,Bus Lane,2025-10,Live,23.0,2026-09-02 04:00:00
LANE 0130,Bus Lane,2025-11,Live,15.0,2026-09-02 04:00:00
LANE 0130,Bus Lane,2025-12,Live,22.0,2026-09-02 04:00:00
LANE 0130,Bus Lane,2026-01,Live,33.0,2026-09-02 04:00:00
LANE 0130,Bus Lane,2026-02,Live,38.0,2026-09-02 04:00:00
LANE 0130,Bus Lane,2026-03,Live,42.0,2026-09-02 04:00:00
LANE 0130,Bus Lane,2026-04,Live,38.0,2026-09-02 04:00:00
LANE 0130,Bus Lane,2026-05,Live,47.0,2026-09-02 04:00:00
LANE 0130,Bus Lane,2026-06,Live,33.0,2026-09-02 04:00:00
LANE 0130,Bus Lane,2026-07,Live,24.0,2026-09-02 04:00:00
LANE 0130,Bus Lane,2026-08,Live,14.0,2026-09-02 04:00:00
LANE 0130,Bus Lane,2026-09,Live,1.0,2026-09-02 04:00:00
LANE 0131,Bus Lane,2024-12,Live,1.0,2026-09-03 04:00:00
LANE 0131,Bus Lane,2025-06,Live,2.0,2026-09-03 04:00:00
LANE 0131,Bus Lane,2025-09,Live,3.0,2026-09-03 04:00:00
LANE 0131,Bus Lane,2025-10,Live,1.0,2026-09-03 04:00:00
LANE 0131,Bus Lane,2025-11,Live,2.0,2026-09-03 04:00:00
LANE 0131,Bus Lane,2025-12,Live,2.0,2026-09-03 04:00:00
LANE 0131,Bus Lane,2026-02,Live,10.0,2026-09-03 04:00:00
LANE 0131,Bus Lane,2026-03,Live,4.0,2026-09-03 04:00:00
LANE 0131,Bus Lane,2026-04,Live,1.0,2026-09-03 04:00:00
LANE 0131,Bus Lane,2026-05,Live,3.0,2026-09-03 04:00:00
LANE 0131,Bus Lane,2026-06,Live,5.0,2026-09-03 04:00:00
LANE 0131,Bus Lane,2026-07,Live,4.0,2026-09-03 04:00:00
LANE 0131,Bus Lane,2026-08,Live,4.0,2026-09-03 04:00:00
LANE 0131,Bus Lane,2026-09,Live,1.0,2026-09-03 04:00:00
LANE 0132,Bus Lane,2025-06,Live,2.0,2026-06-03 04:00:00
LANE 0132,Bus Lane,2025-11,Live,4.0,2026-06-03 04:00:00
LANE 0132,Bus Lane,2025-12,Live,1.0,2026-06-03 04:00:00
LANE 0132,Bus Lane,2026-06,Live,1.0,2026-06-03 04:00:00
LANE 0133,Bus Lane,2024-12,Live,26.0,2026-05-27 04:00:00
LANE 0133,Bus Lane,2025-01,Live,17.0,2026-05-27 04:00:00
LANE 0133,Bus Lane,2025-02,Live,69.0,2026-05-27 04:00:00
LANE 0133,Bus Lane,2025-03,Live,106.0,2026-05-27 04:00:00
LANE 0133,Bus Lane,2025-04,Live,141.0,2026-05-27 04:00:00
LANE 0133,Bus Lane,2025-05,Live,208.0,2026-05-27 04:00:00
LANE 0133,Bus Lane,2025-06,Live,216.0,2026-05-27 04:00:00
LANE 0133,Bus Lane,2025-07,Live,409.0,2026-05-27 04:00:00
LANE 0133,Bus Lane,2025-08,Live,301.0,2026-05-27 04:00:00
LANE 0133,Bus Lane,2025-09,Live,200.0,2026-05-27 04:00:00
LANE 0133,Bus Lane,2025-10,Live,239.0,2026-05-27 04:00:00
LANE 0133,Bus Lane,2025-11,Live,189.0,2026-05-27 04:00:00
LANE 0133,Bus Lane,2025-12,Live,207.0,2026-05-27 04:00:00
LANE 0133,Bus Lane,2026-01,Live,190.0,2026-05-27 04:00:00
LANE 0133,Bus Lane,2026-02,Live,280.0,2026-05-27 04:00:00
LANE 0133,Bus Lane,2026-03,Live,494.0,2026-05-27 04:00:00
LANE 0133,Bus Lane,2026-04,Live,474.0,2026-05-27 04:00:00
LANE 0133,Bus Lane,2026-05,Live,366.0,2026-05-27 04:00:00
LANE 0134,Bus Lane,2025-01,Live,1.0,2026-08-14 04:00:00
LANE 0134,Bus Lane,2025-03,Live,2.0,2026-08-14 04:00:00
LANE 0134,Bus Lane,2025-06,Live,5.0,2026-08-14 04:00:00
LANE 0134,Bus Lane,2025-07,Live,6.0,2026-08-14 04:00:00
LANE 0134,Bus Lane,2025-08,Live,12.0,2026-08-14 04:00:00
LANE 0134,Bus Lane,2025-09,Live,14.0,2026-08-14 04:00:00
LANE 0134,Bus Lane,2025-10,Live,7.0,2026-08-14 04:00:00
LANE 0134,Bus Lane,2025-11,Live,9.0,2026-08-14 04:00:00
LANE 0134,Bus Lane,2025-12,Live,6.0,2026-08-14 04:00:00
LANE 0134,Bus Lane,2026-01,Live,2.0,2026-08-14 04:00:00
LANE 0134,Bus Lane,2026-02,Live,3.0,2026-08-14 04:00:00
LANE 0134,Bus Lane,2026-03,Live,6.0,2026-08-14 04:00:00
LANE 0134,Bus Lane,2026-04,Live,15.0,2026-08-14 04:00:00
LANE 0134,Bus Lane,2026-05,Live,3.0,2026-08-14 04:00:00
LANE 0134,Bus Lane,2026-06,Live,6.0,2026-08-14 04:00:00
LANE 0134,Bus Lane,2026-07,Live,2.0,2026-08-14 04:00:00
LANE 0134,Bus Lane,2026-08,Live,1.0,2026-08-14 04:00:00
LANE 0135,Bus Lane,2024-12,Live,143.0,2026-09-04 04:00:00
LANE 0135,Bus Lane,2025-01,Live,75.0,2026-09-04 04:00:00
LANE 0135,Bus Lane,2025-02,Live,122.0,2026-09-04 04:00:00
LANE 0135,Bus Lane,2025-03,Live,125.0,2026-09-04 04:00:00
LANE 0135,Bus Lane,2025-04,Live,154.0,2026-09-04 04:00:00
LANE 0135,Bus Lane,2025-05,Live,146.0,2026-09-04 04:00:00
LANE 0135,Bus Lane,2025-06,Live,114.0,2026-09-04 04:00:00
LANE 0135,Bus Lane,2025-07,Live,80.0,2026-09-04 04:00:00
LANE 0135,Bus Lane,2025-08,Live,131.0,2026-09-04 04:00:00
LANE 0135,Bus Lane,2025-09,Live,118.0,2026-09-04 04:00:00
LANE 0135,Bus Lane,2025-10,Live,213.0,2026-09-04 04:00:00
LANE 0135,Bus Lane,2025-11,Live,177.0,2026-09-04 04:00:00
LANE 0135,Bus Lane,2025-12,Live,241.0,2026-09-04 04:00:00
LANE 0135,Bus Lane,2026-01,Live,162.0,2026-09-04 04:00:00
LANE 0135,Bus Lane,2026-02,Live,229.0,2026-09-04 04:00:00
LANE 0135,Bus Lane,2026-03,Live,262.0,2026-09-04 04:00:00
LANE 0135,Bus Lane,2026-04,Live,310.0,2026-09-04 04:00:00
LANE 0135,Bus Lane,2026-05,Live,197.0,2026-09-04 04:00:00
LANE 0135,Bus Lane,2026-06,Live,207.0,2026-09-04 04:00:00
LANE 0135,Bus Lane,2026-07,Live,185.0,2026-09-04 04:00:00
LANE 0135,Bus Lane,2026-08,Live,159.0,2026-09-04 04:00:00
LANE 0135,Bus Lane,2026-09,Live,48.0,2026-09-04 04:00:00
LANE 0136,Bus Lane,2024-12,Live,30.0,2026-05-27 04:00:00
LANE 0136,Bus Lane,2025-01,Live,51.0,2026-05-27 04:00:00
LANE 0136,Bus Lane,2025-02,Live,44.0,2026-05-27 04:00:00
LANE 0136,Bus Lane,2025-03,Live,31.0,2026-05-27 04:00:00
LANE 0136,Bus Lane,2025-04,Live,53.0,2026-05-27 04:00:00
LANE 0136,Bus Lane,2025-05,Live,40.0,2026-05-27 04:00:00
LANE 0136,Bus Lane,2025-06,Live,73.0,2026-05-27 04:00:00
LANE 0136,Bus Lane,2025-07,Live,101.0,2026-05-27 04:00:00
LANE 0136,Bus Lane,2025-08,Live,47.0,2026-05-27 04:00:00
LANE 0136,Bus Lane,2025-09,Live,45.0,2026-05-27 04:00:00
LANE 0136,Bus Lane,2025-10,Live,100.0,2026-05-27 04:00:00
LANE 0136,Bus Lane,2025-11,Live,77.0,2026-05-27 04:00:00
LANE 0136,Bus Lane,2025-12,Live,68.0,2026-05-27 04:00:00
LANE 0136,Bus Lane,2026-01,Live,68.0,2026-05-27 04:00:00
LANE 0136,Bus Lane,2026-02,Live,109.0,2026-05-27 04:00:00
LANE 0136,Bus Lane,2026-03,Live,97.0,2026-05-27 04:00:00
LANE 0136,Bus Lane,2026-04,Live,124.0,2026-05-27 04:00:00
LANE 0136,Bus Lane,2026-05,Live,123.0,2026-05-27 04:00:00
LANE 0137,Bus Lane,2025-06,Live,4.0,2026-08-21 04:00:00
LANE 0137,Bus Lane,2025-08,Live,1.0,2026-08-21 04:00:00
LANE 0137,Bus Lane,2025-09,Live,2.0,2026-08-21 04:00:00
LANE 0137,Bus Lane,2025-10,Live,2.0,2026-08-21 04:00:00
LANE 0137,Bus Lane,2025-11,Live,2.0,2026-08-21 04:00:00
LANE 0137,Bus Lane,2025-12,Live,1.0,2026-08-21 04:00:00
LANE 0137,Bus Lane,2026-02,Live,8.0,2026-08-21 04:00:00
LANE 0137,Bus Lane,2026-04,Live,2.0,2026-08-21 04:00:00
LANE 0137,Bus Lane,2026-05,Live,12.0,2026-08-21 04:00:00
LANE 0137,Bus Lane,2026-06,Live,11.0,2026-08-21 04:00:00
LANE 0137,Bus Lane,2026-07,Live,4.0,2026-08-21 04:00:00
LANE 0137,Bus Lane,2026-08,Live,1.0,2026-08-21 04:00:00
LANE 0138,Bus Lane,2024-12,Live,13.0,2026-09-03 04:00:00
LANE 0138,Bus Lane,2025-01,Live,4.0,2026-09-03 04:00:00
LANE 0138,Bus Lane,2025-02,Live,20.0,2026-09-03 04:00:00
LANE 0138,Bus Lane,2025-03,Live,22.0,2026-09-03 04:00:00
LANE 0138,Bus Lane,2025-04,Live,13.0,2026-09-03 04:00:00
LANE 0138,Bus Lane,2025-05,Live,16.0,2026-09-03 04:00:00
LANE 0138,Bus Lane,2025-06,Live,14.0,2026-09-03 04:00:00
LANE 0138,Bus Lane,2025-07,Live,4.0,2026-09-03 04:00:00
LANE 0138,Bus Lane,2025-08,Live,17.0,2026-09-03 04:00:00
LANE 0138,Bus Lane,2025-09,Live,12.0,2026-09-03 04:00:00
LANE 0138,Bus Lane,2025-10,Live,25.0,2026-09-03 04:00:00
LANE 0138,Bus Lane,2025-11,Live,11.0,2026-09-03 04:00:00
LANE 0138,Bus Lane,2025-12,Live,26.0,2026-09-03 04:00:00
LANE 0138,Bus Lane,2026-01,Live,27.0,2026-09-03 04:00:00
LANE 0138,Bus Lane,2026-02,Live,26.0,2026-09-03 04:00:00
LANE 0138,Bus Lane,2026-03,Live,22.0,2026-09-03 04:00:00
LANE 0138,Bus Lane,2026-04,Live,52.0,2026-09-03 04:00:00
LANE 0138,Bus Lane,2026-05,Live,40.0,2026-09-03 04:00:00
LANE 0138,Bus Lane,2026-06,Live,26.0,2026-09-03 04:00:00
LANE 0138,Bus Lane,2026-07,Live,18.0,2026-09-03 04:00:00
LANE 0138,Bus Lane,2026-08,Live,29.0,2026-09-03 04:00:00
LANE 0138,Bus Lane,2026-09,Live,3.0,2026-09-03 04:00:00
LANE 0139,Bus Lane,2024-12,Live,26.0,2026-09-02 04:00:00
LANE 0139,Bus Lane,2025-01,Live,4.0,2026-09-02 04:00:00
LANE 0139,Bus Lane,2025-02,Live,16.0,2026-09-02 04:00:00
LANE 0139,Bus Lane,2025-03,Live,36.0,2026-09-02 04:00:00
LANE 0139,Bus Lane,2025-04,Live,43.0,2026-09-02 04:00:00
LANE 0139,Bus Lane,2025-05,Live,88.0,2026-09-02 04:00:00
LANE 0139,Bus Lane,2025-06,Live,47.0,2026-09-02 04:00:00
LANE 0139,Bus Lane,2025-07,Live,64.0,2026-09-02 04:00:00
LANE 0139,Bus Lane,2025-08,Live,50.0,2026-09-02 04:00:00
LANE 0139,Bus Lane,2025-09,Live,49.0,2026-09-02 04:00:00
LANE 0139,Bus Lane,2025-10,Live,73.0,2026-09-02 04:00:00
LANE 0139,Bus Lane,2025-11,Live,67.0,2026-09-02 04:00:00
LANE 0139,Bus Lane,2025-12,Live,53.0,2026-09-02 04:00:00
LANE 0139,Bus Lane,2026-01,Live,60.0,2026-09-02 04:00:00
LANE 0139,Bus Lane,2026-02,Live,48.0,2026-09-02 04:00:00
LANE 0139,Bus Lane,2026-03,Live,45.0,2026-09-02 04:00:00
LANE 0139,Bus Lane,2026-04,Live,75.0,2026-09-02 04:00:00
LANE 0139,Bus Lane,2026-05,Live,65.0,2026-09-02 04:00:00
LANE 0139,Bus Lane,2026-06,Live,64.0,2026-09-02 04:00:00
LANE 0139,Bus Lane,2026-07,Live,56.0,2026-09-02 04:00:00
LANE 0139,Bus Lane,2026-08,Live,62.0,2026-09-02 04:00:00
LANE 0139,Bus Lane,2026-09,Live,6.0,2026-09-02 04:00:00
LANE 0140,Bus Lane,2025-03,Live,3.0,2026-05-14 04:00:00
LANE 0140,Bus Lane,2025-04,Live,1.0,2026-05-14 04:00:00
LANE 0140,Bus Lane,2025-05,Live,3.0,2026-05-14 04:00:00
LANE 0140,Bus Lane,2025-07,Live,1.0,2026-05-14 04:00:00
LANE 0140,Bus Lane,2025-08,Live,2.0,2026-05-14 04:00:00
LANE 0140,Bus Lane,2025-10,Live,3.0,2026-05-14 04:00:00
LANE 0140,Bus Lane,2025-11,Live,4.0,2026-05-14 04:00:00
LANE 0140,Bus Lane,2026-03,Live,2.0,2026-05-14 04:00:00
LANE 0140,Bus Lane,2026-05,Live,4.0,2026-05-14 04:00:00
LANE 0141,Bus Lane,2024-12,Live,3.0,2026-08-31 04:00:00
LANE 0141,Bus Lane,2025-02,Live,1.0,2026-08-31 04:00:00
LANE 0141,Bus Lane,2025-03,Live,27.0,2026-08-31 04:00:00
LANE 0141,Bus Lane,2025-04,Live,8.0,2026-08-31 04:00:00
LANE 0141,Bus Lane,2025-05,Live,3.0,2026-08-31 04:00:00
LANE 0141,Bus Lane,2025-06,Live,6.0,2026-08-31 04:00:00
LANE 0141,Bus Lane,2025-07,Live,6.0,2026-08-31 04:00:00
LANE 0141,Bus Lane,2025-08,Live,8.0,2026-08-31 04:00:00
LANE 0141,Bus Lane,2025-10,Live,6.0,2026-08-31 04:00:00
LANE 0141,Bus Lane,2025-11,Live,18.0,2026-08-31 04:00:00
LANE 0141,Bus Lane,2025-12,Live,12.0,2026-08-31 04:00:00
LANE 0141,Bus Lane,2026-01,Live,6.0,2026-08-31 04:00:00
LANE 0141,Bus Lane,2026-02,Live,26.0,2026-08-31 04:00:00
LANE 0141,Bus Lane,2026-03,Live,3.0,2026-08-31 04:00:00
LANE 0141,Bus Lane,2026-04,Live,4.0,2026-08-31 04:00:00
LANE 0141,Bus Lane,2026-05,Live,7.0,2026-08-31 04:00:00
LANE 0141,Bus Lane,2026-06,Live,11.0,2026-08-31 04:00:00
LANE 0141,Bus Lane,2026-07,Live,2.0,2026-08-31 04:00:00
LANE 0141,Bus Lane,2026-08,Live,12.0,2026-08-31 04:00:00
LANE 0142,Bus Lane,2024-12,Live,43.0,2026-09-04 04:00:00
LANE 0142,Bus Lane,2025-01,Live,14.0,2026-09-04 04:00:00
LANE 0142,Bus Lane,2025-02,Live,60.0,2026-09-04 04:00:00
LANE 0142,Bus Lane,2025-03,Live,69.0,2026-09-04 04:00:00
LANE 0142,Bus Lane,2025-04,Live,106.0,2026-09-04 04:00:00
LANE 0142,Bus Lane,2025-05,Live,176.0,2026-09-04 04:00:00
LANE 0142,Bus Lane,2025-06,Live,199.0,2026-09-04 04:00:00
LANE 0142,Bus Lane,2025-07,Live,234.0,2026-09-04 04:00:00
LANE 0142,Bus Lane,2025-08,Live,149.0,2026-09-04 04:00:00
LANE 0142,Bus Lane,2025-09,Live,184.0,2026-09-04 04:00:00
LANE 0142,Bus Lane,2025-10,Live,207.0,2026-09-04 04:00:00
LANE 0142,Bus Lane,2025-11,Live,126.0,2026-09-04 04:00:00
LANE 0142,Bus Lane,2025-12,Live,184.0,2026-09-04 04:00:00
LANE 0142,Bus Lane,2026-01,Live,115.0,2026-09-04 04:00:00
LANE 0142,Bus Lane,2026-02,Live,127.0,2026-09-04 04:00:00
LANE 0142,Bus Lane,2026-03,Live,169.0,2026-09-04 04:00:00
LANE 0142,Bus Lane,2026-04,Live,159.0,2026-09-04 04:00:00
LANE 0142,Bus Lane,2026-05,Live,166.0,2026-09-04 04:00:00
LANE 0142,Bus Lane,2026-06,Live,189.0,2026-09-04 04:00:00
LANE 0142,Bus Lane,2026-07,Live,152.0,2026-09-04 04:00:00
LANE 0142,Bus Lane,2026-08,Live,120.0,2026-09-04 04:00:00
LANE 0142,Bus Lane,2026-09,Live,13.0,2026-09-04 04:00:00
LANE 0143,Bus Lane,2024-12,Live,4.0,2026-09-04 04:00:00
LANE 0143,Bus Lane,2025-01,Live,19.0,2026-09-04 04:00:00
LANE 0143,Bus Lane,2025-02,Live,20.0,2026-09-04 04:00:00
LANE 0143,Bus Lane,2025-03,Live,29.0,2026-09-04 04:00:00
LANE 0143,Bus Lane,2025-04,Live,34.0,2026-09-04 04:00:00
LANE 0143,Bus Lane,2025-05,Live,23.0,2026-09-04 04:00:00
LANE 0143,Bus Lane,2025-06,Live,60.0,2026-09-04 04:00:00
LANE 0143,Bus Lane,2025-07,Live,71.0,2026-09-04 04:00:00
LANE 0143,Bus Lane,2025-08,Live,61.0,2026-09-04 04:00:00
LANE 0143,Bus Lane,2025-09,Live,58.0,2026-09-04 04:00:00
LANE 0143,Bus Lane,2025-10,Live,49.0,2026-09-04 04:00:00
LANE 0143,Bus Lane,2025-11,Live,20.0,2026-09-04 04:00:00
LANE 0143,Bus Lane,2025-12,Live,15.0,2026-09-04 04:00:00
LANE 0143,Bus Lane,2026-01,Live,21.0,2026-09-04 04:00:00
LANE 0143,Bus Lane,2026-02,Live,33.0,2026-09-04 04:00:00
LANE 0143,Bus Lane,2026-03,Live,40.0,2026-09-04 04:00:00
LANE 0143,Bus Lane,2026-04,Live,57.0,2026-09-04 04:00:00
LANE 0143,Bus Lane,2026-05,Live,38.0,2026-09-04 04:00:00
LANE 0143,Bus Lane,2026-06,Live,47.0,2026-09-04 04:00:00
LANE 0143,Bus Lane,2026-07,Live,42.0,2026-09-04 04:00:00
LANE 0143,Bus Lane,2026-08,Live,43.0,2026-09-04 04:00:00
LANE 0143,Bus Lane,2026-09,Live,14.0,2026-09-04 04:00:00
LANE 0144,Bus Lane,2024-12,Live,1.0,2026-08-17 04:00:00
LANE 0144,Bus Lane,2025-01,Live,4.0,2026-08-17 04:00:00
LANE 0144,Bus Lane,2025-03,Live,3.0,2026-08-17 04:00:00
LANE 0144,Bus Lane,2025-05,Live,2.0,2026-08-17 04:00:00
LANE 0144,Bus Lane,2025-06,Live,4.0,2026-08-17 04:00:00
LANE 0144,Bus Lane,2025-07,Live,4.0,2026-08-17 04:00:00
LANE 0144,Bus Lane,2025-08,Live,2.0,2026-08-17 04:00:00
LANE 0144,Bus Lane,2025-09,Live,7.0,2026-08-17 04:00:00
LANE 0144,Bus Lane,2025-10,Live,5.0,2026-08-17 04:00:00
LANE 0144,Bus Lane,2025-11,Live,4.0,2026-08-17 04:00:00
LANE 0144,Bus Lane,2025-12,Live,4.0,2026-08-17 04:00:00
LANE 0144,Bus Lane,2026-01,Live,4.0,2026-08-17 04:00:00
LANE 0144,Bus Lane,2026-02,Live,8.0,2026-08-17 04:00:00
LANE 0144,Bus Lane,2026-03,Live,5.0,2026-08-17 04:00:00
LANE 0144,Bus Lane,2026-04,Live,5.0,2026-08-17 04:00:00
LANE 0144,Bus Lane,2026-05,Live,1.0,2026-08-17 04:00:00
LANE 0144,Bus Lane,2026-06,Live,1.0,2026-08-17 04:00:00
LANE 0144,Bus Lane,2026-07,Live,6.0,2026-08-17 04:00:00
LANE 0144,Bus Lane,2026-08,Live,1.0,2026-08-17 04:00:00
LANE 0145,Bus Lane,2024-12,Live,176.0,2026-09-04 04:00:00
LANE 0145,Bus Lane,2025-01,Live,115.0,2026-09-04 04:00:00
LANE 0145,Bus Lane,2025-02,Live,146.0,2026-09-04 04:00:00
LANE 0145,Bus Lane,2025-03,Live,205.0,2026-09-04 04:00:00
LANE 0145,Bus Lane,2025-04,Live,261.0,2026-09-04 04:00:00
LANE 0145,Bus Lane,2025-05,Live,336.0,2026-09-04 04:00:00
LANE 0145,Bus Lane,2025-06,Live,253.0,2026-09-04 04:00:00
LANE 0145,Bus Lane,2025-07,Live,460.0,2026-09-04 04:00:00
LANE 0145,Bus Lane,2025-08,Live,450.0,2026-09-04 04:00:00
LANE 0145,Bus Lane,2025-09,Live,440.0,2026-09-04 04:00:00
LANE 0145,Bus Lane,2025-10,Live,389.0,2026-09-04 04:00:00
LANE 0145,Bus Lane,2025-11,Live,221.0,2026-09-04 04:00:00
LANE 0145,Bus Lane,2025-12,Live,196.0,2026-09-04 04:00:00
LANE 0145,Bus Lane,2026-01,Live,172.0,2026-09-04 04:00:00
LANE 0145,Bus Lane,2026-02,Live,245.0,2026-09-04 04:00:00
LANE 0145,Bus Lane,2026-03,Live,341.0,2026-09-04 04:00:00
LANE 0145,Bus Lane,2026-04,Live,368.0,2026-09-04 04:00:00
LANE 0145,Bus Lane,2026-05,Live,385.0,2026-09-04 04:00:00
LANE 0145,Bus Lane,2026-06,Live,384.0,2026-09-04 04:00:00
LANE 0145,Bus Lane,2026-07,Live,458.0,2026-09-04 04:00:00
LANE 0145,Bus Lane,2026-08,Live,382.0,2026-09-04 04:00:00
LANE 0145,Bus Lane,2026-09,Live,46.0,2026-09-04 04:00:00
SCHOOL_BUS,School Bus,2025-01,Live,8.0,2026-09-03 04:00:00
SCHOOL_BUS,School Bus,2025-02,Live,32.0,2026-09-03 04:00:00
SCHOOL_BUS,School Bus,2025-03,Live,42.0,2026-09-03 04:00:00
SCHOOL_BUS,School Bus,2025-04,Live,2.0,2026-09-03 04:00:00
SCHOOL_BUS,School Bus,2025-06,Live,33.0,2026-09-03 04:00:00
SCHOOL_BUS,School Bus,2025-07,Live,4.0,2026-09-03 04:00:00
SCHOOL_BUS,School Bus,2025-08,Live,14.0,2026-09-03 04:00:00
SCHOOL_BUS,School Bus,2025-09,Live,84.0,2026-09-03 04:00:00
SCHOOL_BUS,School Bus,2025-10,Live,91.0,2026-09-03 04:00:00
SCHOOL_BUS,School Bus,2025-11,Live,24.0,2026-09-03 04:00:00
SCHOOL_BUS,School Bus,2025-12,Live,39.0,2026-09-03 04:00:00
SCHOOL_BUS,School Bus,2026-01,Live,34.0,2026-09-03 04:00:00
SCHOOL_BUS,School Bus,2026-02,Live,20.0,2026-09-03 04:00:00
SCHOOL_BUS,School Bus,2026-03,Live,51.0,2026-09-03 04:00:00
SCHOOL_BUS,School Bus,2026-04,Live,107.0,2026-09-03 04:00:00
SCHOOL_BUS,School Bus,2026-05,Live,82.0,2026-09-03 04:00:00
SCHOOL_BUS,School Bus,2026-06,Live,38.0,2026-09-03 04:00:00
SCHOOL_BUS,School Bus,2026-07,Live,35.0,2026-09-03 04:00:00
SCHOOL_BUS,School Bus,2026-08,Live,23.0,2026-09-03 04:00:00
SCHOOL_BUS,School Bus,2026-09,Live,4.0,2026-09-03 04:00:00
