{"type": "FeatureCollection", "features": [{"type": "Feature", "geometry": {"type": "MultiPolygon", "coordinates": [[[[-77.046935, 38.991194], [-77.047045, 38.991239], [-77.047103, 38.991194], [-77.046935, 38.991194]]], [[[-77.044032, 38.992105], [-77.043961, 38.992465], [-77.043879, 38.992696], [-77.04371, 38.993022], [-77.043567, 38.993221], [-77.043246, 38.993538], [-77.042646, 38.993914], [-77.042341, 38.994167], [-77.042072, 38.994458], [-77.041688, 38.994979], [-77.041315, 38.995335], [-77.041567, 38.995531], [-77.046891, 38.99136], [-77.046715, 38.991287], [-77.046021, 38.991666], [-77.044772, 38.992643], [-77.044687, 38.990735], [-77.04462, 38.990367], [-77.044496, 38.989989], [-77.044323, 38.98963], [-77.043903, 38.989011], [-77.04368, 38.988606], [-77.04351, 38.988177], [-77.043349, 38.987575], [-77.043244, 38.987358], [-77.042563, 38.986612], [-77.042486, 38.986579], [-77.042403, 38.986588], [-77.042336, 38.986637], [-77.0423, 38.986712], [-77.042517, 38.987555], [-77.042704, 38.987989], [-77.043121, 38.98879], [-77.043685, 38.990192], [-77.043855, 38.990698], [-77.043995, 38.991395], [-77.044032, 38.992105]]]]}, "properties": {"NAME": "Beach Parkway"}}, {"type": "Feature", "geometry": {"type": "MultiPolygon", "coordinates": [[[[-77.03572, 38.990753], [-77.035447, 38.990813], [-77.035105, 38.991064], [-77.036042, 38.991793], [-77.036044, 38.990753], [-77.03572, 38.990753]]], [[[-77.036605, 38.991998], [-77.038349, 38.990701], [-77.04038, 38.98926], [-77.041424, 38.988393], [-77.041719, 38.98821], [-77.042291, 38.987925], [-77.042353, 38.987788], [-77.042313, 38.987673], [-77.042211, 38.987608], [-77.04209, 38.987621], [-77.041056, 38.988162], [-77.040729, 38.988409], [-77.039856, 38.989182], [-77.037934, 38.990521], [-77.037616, 38.990656], [-77.03728, 38.990737], [-77.036606, 38.990762], [-77.036605, 38.991998]]]]}, "properties": {"NAME": "North Portal"}}, {"type": "Feature", "geometry": {"type": "Polygon", "coordinates": [[[-77.018582, 38.97809], [-77.018514, 38.978197], [-77.018648, 38.978257], [-77.019089, 38.978043], [-77.018865, 38.977694], [-77.018582, 38.97809]]]}, "properties": {"NAME": "Piney Branch Portal"}}, {"type": "Feature", "geometry": {"type": "Polygon", "coordinates": [[[-77.026325, 38.970647], [-77.026295, 38.970996], [-77.02701, 38.971044], [-77.027055, 38.970462], [-77.026352, 38.970415], [-77.026325, 38.970647]]]}, "properties": {"NAME": "Battleground National Cemetery"}}, {"type": "Feature", "geometry": {"type": "Polygon", "coordinates": [[[-77.076099, 38.96773], [-77.076204, 38.967985], [-77.076428, 38.967806], [-77.076403, 38.96773], [-77.076099, 38.96773]]]}, "properties": {"NAME": "Curb Parking"}}, {"type": "Feature", "geometry": {"type": "Polygon", "coordinates": [[[-77.077502, 38.967429], [-77.077409, 38.967303], [-77.077274, 38.967223], [-77.077119, 38.967202], [-77.076968, 38.967243], [-77.076845, 38.96734], [-77.076769, 38.967477], [-77.076753, 38.967633], [-77.076798, 38.967782], [-77.076899, 38.967902], [-77.077502, 38.967429]]]}, "properties": {"NAME": "Chevy Chase Circle"}}, {"type": "Feature", "geometry": {"type": "Polygon", "coordinates": [[[-77.076719, 38.966864], [-77.076803, 38.96706], [-77.076819, 38.967187], [-77.076954, 38.967147], [-77.076825, 38.967039], [-77.076719, 38.966864]]]}, "properties": {"NAME": "Triangle"}}, {"type": "Feature", "geometry": {"type": "Polygon", "coordinates": [[[-77.029772, 38.964102], [-77.029586, 38.963964], [-77.029371, 38.963883], [-77.028755, 38.963865], [-77.028589, 38.964564], [-77.028567, 38.964886], [-77.029629, 38.964886], [-77.029696, 38.964859], [-77.029846, 38.964673], [-77.029899, 38.964515], [-77.029883, 38.964293], [-77.029772, 38.964102]]]}, "properties": {"NAME": "Fort Stevens Park"}}, {"type": "Feature", "geometry": {"type": "Polygon", "coordinates": [[[-77.029815, 38.963539], [-77.029912, 38.963832], [-77.03015, 38.964178], [-77.030394, 38.964178], [-77.030437, 38.964006], [-77.030916, 38.963514], [-77.031108, 38.963048], [-77.030509, 38.962962], [-77.030423, 38.963157], [-77.030053, 38.963457], [-77.030157, 38.963457], [-77.030157, 38.963539], [-77.029815, 38.963539]]]}, "properties": {"NAME": "Fort Circle Park"}}, {"type": "Feature", "geometry": {"type": "Polygon", "coordinates": [[[-77.026098, 38.963665], [-77.027628, 38.963664], [-77.027628, 38.963486], [-77.026465, 38.963483], [-77.026098, 38.963445], [-77.026098, 38.963665]]]}, "properties": {"NAME": "Fort Circle Park"}}, {"type": "Feature", "geometry": {"type": "Polygon", "coordinates": [[[-77.024983, 38.963422], [-77.024984, 38.963656], [-77.025792, 38.963656], [-77.025792, 38.962832], [-77.02435, 38.962832], [-77.02435, 38.963217], [-77.024649, 38.963217], [-77.024667, 38.963409], [-77.024983, 38.963422]]]}, "properties": {"NAME": "Fort Circle Park"}}, {"type": "Feature", "geometry": {"type": "Polygon", "coordinates": [[[-77.034225, 38.962484], [-77.034581, 38.962533], [-77.03483, 38.962635], [-77.034914, 38.962685], [-77.03481, 38.96278], [-77.035397, 38.963176], [-77.036121, 38.963252], [-77.036121, 38.963147], [-77.03586, 38.963092], [-77.035567, 38.962973], [-77.035303, 38.962798], [-77.035046, 38.96257], [-77.034777, 38.96242], [-77.03438, 38.96231], [-77.033635, 38.962203], [-77.03358, 38.962239], [-77.033576, 38.962484], [-77.034225, 38.962484]]]}, "properties": {"NAME": "Fort Circle Park"}}, {"type": "Feature", "geometry": {"type": "Polygon", "coordinates": [[[-77.057583, 38.961142], [-77.057592, 38.962621], [-77.057629, 38.962754], [-77.057732, 38.962932], [-77.057942, 38.963107], [-77.058075, 38.963161], [-77.058157, 38.963052], [-77.058277, 38.962979], [-77.059011, 38.962868], [-77.059867, 38.962344], [-77.059705, 38.961752], [-77.05965, 38.961141], [-77.057583, 38.961142]]]}, "properties": {"NAME": "Francis G. Newlands Park (Little Forest)"}}, {"type": "Feature", "geometry": {"type": "MultiPolygon", "coordinates": [[[[-77.035658, 38.962538], [-77.035521, 38.962562], [-77.035452, 38.96268], [-77.035486, 38.962754], [-77.035667, 38.962866], [-77.035887, 38.962955], [-77.036021, 38.962966], [-77.036158, 38.962918], [-77.036236, 38.962819], [-77.036259, 38.962653], [-77.035658, 38.962538]]], [[[-77.035419, 38.962797], [-77.035847, 38.963013], [-77.036263, 38.963073], [-77.036264, 38.962963], [-77.036234, 38.962938], [-77.036101, 38.963003], [-77.035904, 38.963012], [-77.035685, 38.962935], [-77.03545, 38.962794], [-77.035395, 38.962716], [-77.035398, 38.962621], [-77.035465, 38.96254], [-77.035561, 38.962501], [-77.034784, 38.962346], [-77.035118, 38.962534], [-77.035419, 38.962797]]]]}, "properties": {"NAME": "Fort Circle Park"}}, {"type": "Feature", "geometry": {"type": "MultiPolygon", "coordinates": [[[[-77.031286, 38.961928], [-77.030809, 38.962573], [-77.031243, 38.962754], [-77.031424, 38.962501], [-77.031582, 38.962402], [-77.031955, 38.962258], [-77.032128, 38.962016], [-77.031193, 38.961882], [-77.031286, 38.961928]]], [[[-77.030696, 38.962774], [-77.031195, 38.962848], [-77.031209, 38.962814], [-77.030757, 38.962636], [-77.030696, 38.962774]]]]}, "properties": {"NAME": "Fort Circle Park"}}, {"type": "Feature", "geometry": {"type": "Polygon", "coordinates": [[[-77.023753, 38.96145], [-77.023753, 38.961714], [-77.0237, 38.961714], [-77.0237, 38.961979], [-77.023826, 38.962033], [-77.024057, 38.962589], [-77.024056, 38.96145], [-77.023753, 38.96145]]]}, "properties": {"NAME": "Fort Circle Park"}}, {"type": "Feature", "geometry": {"type": "Polygon", "coordinates": [[[-77.032675, 38.961663], [-77.032388, 38.961692], [-77.032293, 38.961712], [-77.032287, 38.961736], [-77.033229, 38.961872], [-77.033294, 38.961833], [-77.033296, 38.961647], [-77.032675, 38.961663]]]}, "properties": {"NAME": "Fort Circle Park"}}, {"type": "Feature", "geometry": {"type": "Polygon", "coordinates": [[[-77.012483, 38.961252], [-77.01603, 38.961251], [-77.01603, 38.958834], [-77.013511, 38.958835], [-77.012186, 38.960608], [-77.01221, 38.960658], [-77.011799, 38.961211], [-77.012464, 38.96121], [-77.012483, 38.961252]]]}, "properties": {"NAME": "Fort Slocum Park"}}, {"type": "Feature", "geometry": {"type": "Polygon", "coordinates": [[[-77.010065, 38.96065], [-77.00965, 38.96065], [-77.009716, 38.960823], [-77.009993, 38.961213], [-77.011328, 38.961213], [-77.012037, 38.960266], [-77.011489, 38.960266], [-77.011489, 38.960467], [-77.010881, 38.96065], [-77.010065, 38.96065]]]}, "properties": {"NAME": "Fort Circle Park"}}, {"type": "Feature", "geometry": {"type": "Polygon", "coordinates": [[[-77.023744, 38.960256], [-77.023745, 38.9612], [-77.024044, 38.9612], [-77.024043, 38.960256], [-77.023744, 38.960256]]]}, "properties": {"NAME": "Fort Circle Park"}}, {"type": "Feature", "geometry": {"type": "Polygon", "coordinates": [[[-77.006472, 38.960669], [-77.006417, 38.960743], [-77.006706, 38.961103], [-77.009365, 38.961018], [-77.009255, 38.960856], [-77.009083, 38.960409], [-77.008889, 38.960467], [-77.008889, 38.960043], [-77.00836, 38.960043], [-77.00808, 38.959936], [-77.007899, 38.96009], [-77.008561, 38.960563], [-77.00823, 38.960661], [-77.007183, 38.959912], [-77.006776, 38.960259], [-77.006472, 38.960669]]]}, "properties": {"NAME": "Fort Circle Park"}}, {"type": "Feature", "geometry": {"type": "MultiPolygon", "coordinates": [[[[-77.023349, 38.959819], [-77.023507, 38.959915], [-77.023507, 38.960094], [-77.024105, 38.960094], [-77.024105, 38.959842], [-77.022558, 38.959336], [-77.022558, 38.959778], [-77.023233, 38.959778], [-77.023349, 38.959819]]], [[[-77.023419, 38.960053], [-77.023419, 38.960094], [-77.023455, 38.960094], [-77.023455, 38.959929], [-77.023419, 38.959896], [-77.023419, 38.960053]]]]}, "properties": {"NAME": "Fort Circle Park"}}, {"type": "Feature", "geometry": {"type": "Polygon", "coordinates": [[[-77.024304, 38.960089], [-77.02499, 38.960089], [-77.024304, 38.959865], [-77.024304, 38.960089]]]}, "properties": {"NAME": "Triangle"}}, {"type": "Feature", "geometry": {"type": "Polygon", "coordinates": [[[-77.023186, 38.959298], [-77.024109, 38.959602], [-77.024093, 38.959276], [-77.023186, 38.959298]]]}, "properties": {"NAME": "Triangle"}}, {"type": "Feature", "geometry": {"type": "Polygon", "coordinates": [[[-77.02127, 38.958915], [-77.021268, 38.959149], [-77.022352, 38.959503], [-77.02235, 38.959213], [-77.021271, 38.95886], [-77.02127, 38.958915]]]}, "properties": {"NAME": "Fort Circle Park"}}, {"type": "Feature", "geometry": {"type": "Polygon", "coordinates": [[[-77.020561, 38.95912], [-77.021067, 38.95912], [-77.021067, 38.958848], [-77.020996, 38.958825], [-77.020491, 38.958825], [-77.020491, 38.959099], [-77.020561, 38.95912]]]}, "properties": {"NAME": "Fort Circle Park"}}, {"type": "Feature", "geometry": {"type": "Polygon", "coordinates": [[[-77.067563, 38.95756], [-77.067104, 38.958039], [-77.066375, 38.958592], [-77.067105, 38.958962], [-77.06949, 38.956139], [-77.069495, 38.956027], [-77.069192, 38.955488], [-77.069105, 38.955731], [-77.069055, 38.95572], [-77.068762, 38.956145], [-77.068428, 38.956537], [-77.068471, 38.95656], [-77.067607, 38.957583], [-77.067563, 38.95756]]]}, "properties": {"NAME": "Fort Circle Park"}}, {"type": "Feature", "geometry": {"type": "Polygon", "coordinates": [[[-77.065338, 38.958772], [-77.065386, 38.958795], [-77.065665, 38.958785], [-77.065788, 38.958729], [-77.0658, 38.95868], [-77.065758, 38.958641], [-77.065317, 38.958588], [-77.06528, 38.958639], [-77.065338, 38.958772]]]}, "properties": {"NAME": "Fort Circle Park"}}, {"type": "Feature", "geometry": {"type": "Polygon", "coordinates": [[[-77.020009, 38.958696], [-77.020252, 38.958688], [-77.020518, 38.958623], [-77.020048, 38.958474], [-77.020009, 38.958696]]]}, "properties": {"NAME": "Triangle"}}, {"type": "Feature", "geometry": {"type": "Polygon", "coordinates": [[[-77.017894, 38.95841], [-77.01719, 38.95841], [-77.01719, 38.958697], [-77.01793, 38.958697], [-77.01793, 38.95841], [-77.017894, 38.95841]]]}, "properties": {"NAME": "Fort Circle Park"}}, {"type": "Feature", "geometry": {"type": "Polygon", "coordinates": [[[-77.016979, 38.95841], [-77.016275, 38.95841], [-77.016275, 38.958697], [-77.017015, 38.958697], [-77.017014, 38.95841], [-77.016979, 38.95841]]]}, "properties": {"NAME": "Fort Circle Park"}}, {"type": "Feature", "geometry": {"type": "MultiPolygon", "coordinates": [[[[-77.06401, 38.958287], [-77.064155, 38.958238], [-77.063903, 38.958201], [-77.06401, 38.958287]]], [[[-77.063827, 38.958276], [-77.063904, 38.958338], [-77.064775, 38.958648], [-77.064829, 38.958527], [-77.063693, 38.95819], [-77.063827, 38.958276]]]]}, "properties": {"NAME": "Fort Circle Park"}}, {"type": "Feature", "geometry": {"type": "MultiPolygon", "coordinates": [[[[-77.018141, 38.958655], [-77.019387, 38.958654], [-77.019387, 38.958508], [-77.018141, 38.958313], [-77.018141, 38.958655]]], [[[-77.019444, 38.958472], [-77.019444, 38.958654], [-77.019795, 38.958654], [-77.019795, 38.958425], [-77.018982, 38.958159], [-77.018895, 38.958406], [-77.019444, 38.958472]]]]}, "properties": {"NAME": "Fort Circle Park"}}, {"type": "Feature", "geometry": {"type": "MultiPolygon", "coordinates": [[[[-77.068671, 38.955565], [-77.068578, 38.955732], [-77.068578, 38.95582], [-77.068341, 38.95582], [-77.068385, 38.955842], [-77.068443, 38.955957], [-77.068524, 38.955996], [-77.068787, 38.955565], [-77.068671, 38.955565]]], [[[-77.065054, 38.958079], [-77.066144, 38.95845], [-77.066896, 38.957898], [-77.067283, 38.957536], [-77.066815, 38.957812], [-77.066395, 38.957917], [-77.06607, 38.957922], [-77.065117, 38.957775], [-77.064826, 38.957825], [-77.065054, 38.958079]]]]}, "properties": {"NAME": "Fort Circle Park"}}, {"type": "Feature", "geometry": {"type": "Polygon", "coordinates": [[[-77.062977, 38.957787], [-77.063722, 38.957839], [-77.064596, 38.957975], [-77.064257, 38.957598], [-77.063909, 38.957789], [-77.063764, 38.95727], [-77.06361, 38.95742], [-77.062539, 38.957347], [-77.06242, 38.95777], [-77.062977, 38.957787]]]}, "properties": {"NAME": "Fort Circle Park"}}, {"type": "Feature", "geometry": {"type": "Polygon", "coordinates": [[[-77.090764, 38.954873], [-77.090765, 38.955983], [-77.091216, 38.956298], [-77.092487, 38.9553], [-77.092487, 38.954871], [-77.090764, 38.954873]]]}, "properties": {"NAME": "Fort Bayard Park"}}, {"type": "Feature", "geometry": {"type": "MultiPolygon", "coordinates": [[[[-77.068906, 38.954816], [-77.068906, 38.955159], [-77.068963, 38.955159], [-77.069091, 38.954816], [-77.068906, 38.954816]]], [[[-77.068727, 38.955203], [-77.068727, 38.955434], [-77.06886, 38.955434], [-77.068946, 38.955203], [-77.068727, 38.955203]]]]}, "properties": {"NAME": "Fort Circle Park"}}, {"type": "Feature", "geometry": {"type": "Polygon", "coordinates": [[[-77.069302, 38.95463], [-77.069433, 38.954632], [-77.069351, 38.954492], [-77.069302, 38.95463]]]}, "properties": {"NAME": "Triangle"}}, {"type": "Feature", "geometry": {"type": "Polygon", "coordinates": [[[-77.071871, 38.954583], [-77.072478, 38.954583], [-77.072233, 38.954161], [-77.071871, 38.954583]]]}, "properties": {"NAME": "Triangle"}}, {"type": "Feature", "geometry": {"type": "Polygon", "coordinates": [[[-77.068879, 38.954427], [-77.068879, 38.954537], [-77.069186, 38.954537], [-77.06922, 38.954445], [-77.068987, 38.954045], [-77.068879, 38.954427]]]}, "properties": {"NAME": "Fort Circle Park"}}, {"type": "Feature", "geometry": {"type": "Polygon", "coordinates": [[[-77.004709, 38.953696], [-77.004707, 38.954019], [-77.005867, 38.953965], [-77.005869, 38.953618], [-77.006833, 38.953618], [-77.006833, 38.952368], [-77.005866, 38.95216], [-77.005866, 38.952138], [-77.004832, 38.951765], [-77.004068, 38.951398], [-77.003682, 38.951107], [-77.003439, 38.951079], [-77.001965, 38.951073], [-77.002371, 38.952061], [-77.002649, 38.952051], [-77.00293, 38.95216], [-77.003334, 38.952363], [-77.003842, 38.952693], [-77.004203, 38.952976], [-77.004521, 38.953305], [-77.004707, 38.953548], [-77.004709, 38.953696]]]}, "properties": {"NAME": "Fort Circle Park"}}, {"type": "Feature", "geometry": {"type": "Polygon", "coordinates": [[[-77.069151, 38.953392], [-77.069449, 38.953901], [-77.069638, 38.953392], [-77.069151, 38.953392]]]}, "properties": {"NAME": "Fort Circle Park"}}, {"type": "Feature", "geometry": {"type": "Polygon", "coordinates": [[[-76.995241, 38.952217], [-76.994627, 38.952348], [-76.994099, 38.952412], [-76.991722, 38.952477], [-76.989334, 38.952487], [-76.988577, 38.953216], [-76.989451, 38.953388], [-76.990334, 38.953498], [-76.991273, 38.953559], [-76.991917, 38.953543], [-76.992558, 38.953474], [-76.993329, 38.953339], [-76.995219, 38.952825], [-76.99572, 38.952722], [-76.996481, 38.952617], [-76.995806, 38.952098], [-76.995241, 38.952217]]]}, "properties": {"NAME": "Fort Circle Park"}}, {"type": "Feature", "geometry": {"type": "MultiPolygon", "coordinates": [[[[-76.97795, 38.946541], [-76.978578, 38.947078], [-76.978463, 38.947167], [-76.982852, 38.950597], [-76.98299, 38.95031], [-76.983008, 38.950232], [-76.982974, 38.950228], [-76.98297, 38.95014], [-76.978098, 38.946332], [-76.97795, 38.946541]]], [[[-76.985738, 38.95253], [-76.986088, 38.952537], [-76.986432, 38.952597], [-76.988343, 38.953167], [-76.989041, 38.952495], [-76.988356, 38.952433], [-76.987526, 38.952212], [-76.987053, 38.952005], [-76.986335, 38.951572], [-76.985744, 38.95129], [-76.985729, 38.951313], [-76.984314, 38.950858], [-76.983736, 38.950595], [-76.983186, 38.950276], [-76.983132, 38.950288], [-76.982967, 38.950687], [-76.985347, 38.952547], [-76.985738, 38.95253]]]]}, "properties": {"NAME": "Fort Circle Park"}}, {"type": "Feature", "geometry": {"type": "Polygon", "coordinates": [[[-77.071704, 38.952194], [-77.071777, 38.952545], [-77.071894, 38.952884], [-77.072588, 38.952712], [-77.073012, 38.952657], [-77.073011, 38.9527], [-77.073407, 38.952231], [-77.072301, 38.952231], [-77.072299, 38.952193], [-77.071704, 38.952194]]]}, "properties": {"NAME": "Fort Circle Park"}}, {"type": "Feature", "geometry": {"type": "Polygon", "coordinates": [[[-76.996998, 38.952564], [-76.998701, 38.952524], [-76.999469, 38.952412], [-76.999499, 38.952481], [-77.000491, 38.952202], [-77.002104, 38.952129], [-77.001845, 38.951558], [-77.001699, 38.95109], [-77.000863, 38.951092], [-77.00022, 38.951459], [-76.999793, 38.951624], [-76.999346, 38.951745], [-76.998849, 38.951825], [-76.998427, 38.951851], [-76.998427, 38.951884], [-76.997393, 38.951911], [-76.996301, 38.952028], [-76.996998, 38.952564]]]}, "properties": {"NAME": "Fort Circle Park"}}, {"type": "Feature", "geometry": {"type": "Polygon", "coordinates": [[[-77.004947, 38.945959], [-77.004462, 38.945927], [-77.003485, 38.94631], [-77.003078, 38.946892], [-77.002696, 38.947751], [-77.002691, 38.948051], [-77.002962, 38.948566], [-77.003738, 38.949575], [-77.003856, 38.951127], [-77.004571, 38.951501], [-77.005213, 38.951769], [-77.005876, 38.951992], [-77.005876, 38.952015], [-77.006599, 38.95218], [-77.00767, 38.952333], [-77.007675, 38.951738], [-77.007603, 38.95145], [-77.006429, 38.949789], [-77.00632, 38.949569], [-77.005903, 38.947154], [-77.005806, 38.946864], [-77.005563, 38.94645], [-77.004947, 38.945959]]]}, "properties": {"NAME": "Fort Totten Park"}}, {"type": "Feature", "geometry": {"type": "Polygon", "coordinates": [[[-77.101368, 38.948804], [-77.1013, 38.948666], [-77.101182, 38.948567], [-77.101035, 38.948523], [-77.100882, 38.948541], [-77.100749, 38.948619], [-77.100658, 38.948743], [-77.100624, 38.948893], [-77.100636, 38.948995], [-77.100704, 38.949133], [-77.100822, 38.949233], [-77.101368, 38.948804]]]}, "properties": {"NAME": "Westmoreland Circle"}}, {"type": "Feature", "geometry": {"type": "MultiPolygon", "coordinates": [[[[-77.103667, 38.938554], [-77.103597, 38.938556], [-77.103541, 38.93862], [-77.10389, 38.938824], [-77.10397, 38.938806], [-77.104346, 38.937932], [-77.104868, 38.937136], [-77.105276, 38.936666], [-77.105485, 38.93648], [-77.105824, 38.936233], [-77.106323, 38.935941], [-77.106354, 38.935882], [-77.106329, 38.935822], [-77.104238, 38.935793], [-77.104383, 38.93658], [-77.104111, 38.93666], [-77.103851, 38.938469], [-77.103768, 38.938426], [-77.103667, 38.938554]]], [[[-77.100687, 38.948434], [-77.100905, 38.948391], [-77.101269, 38.948448], [-77.101304, 38.948419], [-77.102334, 38.947234], [-77.102695, 38.946764], [-77.103006, 38.94626], [-77.103337, 38.945542], [-77.103559, 38.944758], [-77.103638, 38.944171], [-77.103784, 38.93985], [-77.103822, 38.939459], [-77.103914, 38.939003], [-77.103887, 38.938936], [-77.103746, 38.938852], [-77.103583, 38.940115], [-77.103618, 38.940118], [-77.103587, 38.940336], [-77.103337, 38.940307], [-77.103343, 38.944362], [-77.102614, 38.946413], [-77.10147, 38.947546], [-77.100587, 38.94835], [-77.100687, 38.948434]]], [[[-77.106179, 38.936226], [-77.105594, 38.936621], [-77.10508, 38.937165], [-77.104565, 38.937929], [-77.104255, 38.938597], [-77.104093, 38.939119], [-77.103986, 38.939823], [-77.103846, 38.944127], [-77.10378, 38.944683], [-77.103654, 38.945228], [-77.103396, 38.945927], [-77.103121, 38.946447], [-77.102634, 38.947162], [-77.101462, 38.948519], [-77.101446, 38.948553], [-77.101532, 38.948641], [-77.104435, 38.94637], [-77.103482, 38.946284], [-77.103718, 38.945775], [-77.1039, 38.945244], [-77.104079, 38.944327], [-77.104235, 38.939814], [-77.104278, 38.939469], [-77.104391, 38.938961], [-77.104562, 38.938469], [-77.104789, 38.938], [-77.105069, 38.937561], [-77.10546, 38.937066], [-77.105762, 38.936768], [-77.105985, 38.936594], [-77.106035, 38.93665], [-77.10645, 38.936404], [-77.106287, 38.936235], [-77.106179, 38.936226]]], [[[-77.100069, 38.948929], [-77.100038, 38.948959], [-77.100299, 38.949162], [-77.100347, 38.949124], [-77.10029, 38.948929], [-77.100069, 38.948929]]]]}, "properties": {"NAME": "Dalecarlia Parkway"}}, {"type": "Feature", "geometry": {"type": "Polygon", "coordinates": [[[-77.021292, 38.948352], [-77.021836, 38.948335], [-77.021819, 38.947971], [-77.021603, 38.947935], [-77.021292, 38.948352]]]}, "properties": {"NAME": "Triangle"}}, {"type": "Feature", "geometry": {"type": "Polygon", "coordinates": [[[-77.022008, 38.947967], [-77.022027, 38.94833], [-77.022365, 38.94832], [-77.02213, 38.947947], [-77.022008, 38.947967]]]}, "properties": {"NAME": "Triangle"}}, {"type": "Feature", "geometry": {"type": "Polygon", "coordinates": [[[-77.02218, 38.947775], [-77.022281, 38.947712], [-77.022401, 38.947579], [-77.022479, 38.947354], [-77.022451, 38.947118], [-77.022322, 38.946918], [-77.022119, 38.946794], [-77.021882, 38.946772], [-77.021711, 38.946825], [-77.021458, 38.946992], [-77.021324, 38.947196], [-77.021291, 38.947377], [-77.021321, 38.947558], [-77.021453, 38.947763], [-77.021605, 38.947866], [-77.021783, 38.947911], [-77.021966, 38.947893], [-77.02218, 38.947775]]]}, "properties": {"NAME": "Sherman Circle"}}, {"type": "Feature", "geometry": {"type": "Polygon", "coordinates": [[[-77.021929, 38.946339], [-77.021947, 38.946703], [-77.022141, 38.94673], [-77.022187, 38.946712], [-77.022475, 38.946323], [-77.021929, 38.946339]]]}, "properties": {"NAME": "Triangle"}}, {"type": "Feature", "geometry": {"type": "Polygon", "coordinates": [[[-77.021404, 38.946353], [-77.021626, 38.946711], [-77.02176, 38.94671], [-77.021742, 38.946344], [-77.021404, 38.946353]]]}, "properties": {"NAME": "Triangle"}}, {"type": "Feature", "geometry": {"type": "Polygon", "coordinates": [[[-77.078548, 38.946189], [-77.078464, 38.946356], [-77.078483, 38.946489], [-77.078606, 38.946567], [-77.078745, 38.946542], [-77.078548, 38.946189]]]}, "properties": {"NAME": "Tenley Circle"}}, {"type": "Feature", "geometry": {"type": "Polygon", "coordinates": [[[-77.078897, 38.945999], [-77.07878, 38.946021], [-77.078976, 38.946375], [-77.079055, 38.946226], [-77.079061, 38.946108], [-77.079009, 38.946038], [-77.078897, 38.945999]]]}, "properties": {"NAME": "Tenley Circle"}}, {"type": "Feature", "geometry": {"type": "Polygon", "coordinates": [[[-76.973987, 38.943265], [-76.973953, 38.943291], [-76.977723, 38.946241], [-76.97784, 38.946165], [-76.97406, 38.943208], [-76.973987, 38.943265]]]}, "properties": {"NAME": "Fort Circle Park"}}, {"type": "Feature", "geometry": {"type": "Polygon", "coordinates": [[[-77.069938, 38.944713], [-77.070147, 38.944713], [-77.069938, 38.944385], [-77.069938, 38.944713]]]}, "properties": {"NAME": "Triangle"}}, {"type": "Feature", "geometry": {"type": "Polygon", "coordinates": [[[-77.080424, 38.944178], [-77.081225, 38.943241], [-77.080421, 38.943241], [-77.080424, 38.944178]]]}, "properties": {"NAME": "Triangle"}}, {"type": "Feature", "geometry": {"type": "Polygon", "coordinates": [[[-77.019381, 38.943762], [-77.0194, 38.944123], [-77.019727, 38.944112], [-77.019499, 38.943742], [-77.019381, 38.943762]]]}, "properties": {"NAME": "Triangle"}}, {"type": "Feature", "geometry": {"type": "Polygon", "coordinates": [[[-77.019512, 38.94358], [-77.019666, 38.943485], [-77.019806, 38.943288], [-77.019845, 38.943051], [-77.019802, 38.942875], [-77.019659, 38.942681], [-77.019504, 38.942588], [-77.019265, 38.942555], [-77.01909, 38.942601], [-77.01884, 38.942771], [-77.018726, 38.942911], [-77.018658, 38.943141], [-77.0187, 38.943377], [-77.018842, 38.943571], [-77.019056, 38.94368], [-77.019296, 38.943684], [-77.019512, 38.94358]]]}, "properties": {"NAME": "Grant Circle"}}, {"type": "Feature", "geometry": {"type": "Polygon", "coordinates": [[[-77.081635, 38.943097], [-77.081949, 38.943096], [-77.081952, 38.942728], [-77.081635, 38.943097]]]}, "properties": {"NAME": "Triangle"}}, {"type": "Feature", "geometry": {"type": "Polygon", "coordinates": [[[-76.972275, 38.941331], [-76.972275, 38.941929], [-76.973724, 38.943061], [-76.973969, 38.942869], [-76.973658, 38.942626], [-76.973658, 38.941283], [-76.972753, 38.941283], [-76.972639, 38.941193], [-76.972639, 38.940809], [-76.972428, 38.940809], [-76.972419, 38.940255], [-76.972275, 38.94002], [-76.972275, 38.941331]]]}, "properties": {"NAME": "Fort Circle Park"}}, {"type": "Feature", "geometry": {"type": "Polygon", "coordinates": [[[-77.018786, 38.942161], [-77.019009, 38.942518], [-77.019127, 38.942498], [-77.019111, 38.942151], [-77.018786, 38.942161]]]}, "properties": {"NAME": "Triangle"}}, {"type": "Feature", "geometry": {"type": "Polygon", "coordinates": [[[-76.970378, 38.937875], [-76.96774, 38.937875], [-76.967169, 38.937934], [-76.972275, 38.941929], [-76.972275, 38.94002], [-76.972157, 38.93988], [-76.972085, 38.939711], [-76.972057, 38.939002], [-76.971961, 38.938681], [-76.971727, 38.938356], [-76.971527, 38.93819], [-76.971317, 38.938067], [-76.970883, 38.937919], [-76.970378, 38.937875]]]}, "properties": {"NAME": "Barnard Hill"}}, {"type": "Feature", "geometry": {"type": "Polygon", "coordinates": [[[-77.05277, 38.940805], [-77.053006, 38.940935], [-77.053273, 38.940984], [-77.053995, 38.940875], [-77.054048, 38.940817], [-77.054029, 38.940769], [-77.05398, 38.940751], [-77.053138, 38.940834], [-77.052963, 38.940807], [-77.052693, 38.940709], [-77.05277, 38.940805]]]}, "properties": {"NAME": "Center Parking"}}, {"type": "Feature", "geometry": {"type": "Polygon", "coordinates": [[[-77.067623, 38.940539], [-77.067405, 38.940657], [-77.067674, 38.940724], [-77.067623, 38.940539]]]}, "properties": {"NAME": "Triangle"}}, {"type": "Feature", "geometry": {"type": "Polygon", "coordinates": [[[-77.035774, 38.937857], [-77.034131, 38.937875], [-77.034426, 38.938187], [-77.034427, 38.939659], [-77.03451, 38.939681], [-77.034538, 38.939748], [-77.034483, 38.93983], [-77.034483, 38.940296], [-77.034443, 38.940296], [-77.034444, 38.940687], [-77.034713, 38.940687], [-77.036158, 38.939005], [-77.03616, 38.937857], [-77.035774, 38.937857]]]}, "properties": {"NAME": "Rock Creek Park & Piney Branch Parkway"}}, {"type": "Feature", "geometry": {"type": "MultiPolygon", "coordinates": [[[[-77.055992, 38.939066], [-77.056678, 38.939195], [-77.057115, 38.939525], [-77.057445, 38.939727], [-77.057803, 38.939872], [-77.058181, 38.939956], [-77.058504, 38.940416], [-77.059651, 38.940415], [-77.05965, 38.939888], [-77.059367, 38.939403], [-77.060055, 38.938992], [-77.060247, 38.938924], [-77.060036, 38.938562], [-77.059844, 38.93863], [-77.058718, 38.938545], [-77.057454, 38.938175], [-77.057484, 38.938093], [-77.057404, 38.938083], [-77.057043, 38.937703], [-77.055908, 38.93742], [-77.054975, 38.937448], [-77.054689, 38.936982], [-77.053764, 38.936986], [-77.053689, 38.937099], [-77.053582, 38.937123], [-77.053504, 38.937093], [-77.053451, 38.937029], [-77.05345, 38.936893], [-77.05326, 38.937074], [-77.053135, 38.937086], [-77.053049, 38.937061], [-77.052987, 38.937002], [-77.0524, 38.937305], [-77.052819, 38.937735], [-77.052922, 38.93794], [-77.052974, 38.938163], [-77.053173, 38.938257], [-77.053088, 38.93868], [-77.055165, 38.938396], [-77.055648, 38.938524], [-77.055992, 38.939066]]], [[[-77.064248, 38.940448], [-77.064954, 38.940393], [-77.065663, 38.940396], [-77.066368, 38.940456], [-77.067272, 38.940594], [-77.067478, 38.940554], [-77.067538, 38.940426], [-77.067241, 38.939724], [-77.067056, 38.939476], [-77.06676, 38.939187], [-77.064967, 38.939189], [-77.06439, 38.939151], [-77.063821, 38.93905], [-77.063449, 38.938948], [-77.062166, 38.938492], [-77.062158, 38.938649], [-77.062248, 38.93866], [-77.062248, 38.938701], [-77.061954, 38.938724], [-77.061954, 38.938625], [-77.061866, 38.938615], [-77.061866, 38.938739], [-77.061691, 38.938768], [-77.061475, 38.938669], [-77.061295, 38.938631], [-77.061025, 38.9386], [-77.060671, 38.938641], [-77.060671, 38.938475], [-77.06053, 38.938458], [-77.06053, 38.938619], [-77.060564, 38.938676], [-77.061025, 38.938622], [-77.061464, 38.93869], [-77.061691, 38.938794], [-77.061505, 38.93937], [-77.062288, 38.939611], [-77.064248, 38.940448]]]]}, "properties": {"NAME": "Reservation 630"}}, {"type": "Feature", "geometry": {"type": "Polygon", "coordinates": [[[-77.084896, 38.93934], [-77.084192, 38.940175], [-77.08429, 38.940258], [-77.085745, 38.938532], [-77.085909, 38.938644], [-77.086011, 38.938559], [-77.086083, 38.938441], [-77.085879, 38.938449], [-77.085679, 38.938411], [-77.084896, 38.93934]]]}, "properties": {"NAME": "Fort Circle Park"}}, {"type": "Feature", "geometry": {"type": "Polygon", "coordinates": [[[-77.086284, 38.93778], [-77.086173, 38.938017], [-77.085934, 38.938247], [-77.086091, 38.938235], [-77.086243, 38.938132], [-77.086315, 38.937962], [-77.086284, 38.93778]]]}, "properties": {"NAME": "Ward Circle"}}, {"type": "Feature", "geometry": {"type": "Polygon", "coordinates": [[[-77.086189, 38.937721], [-77.086139, 38.937651], [-77.086071, 38.937637], [-77.085942, 38.937672], [-77.085794, 38.937763], [-77.085661, 38.937952], [-77.085625, 38.938122], [-77.085652, 38.938182], [-77.08571, 38.938212], [-77.085817, 38.938194], [-77.08602, 38.938082], [-77.086152, 38.937892], [-77.086189, 38.937721]]]}, "properties": {"NAME": "Ward Circle"}}, {"type": "Feature", "geometry": {"type": "Polygon", "coordinates": [[[-77.085872, 38.937593], [-77.085688, 38.937623], [-77.085549, 38.937747], [-77.085497, 38.937925], [-77.085529, 38.938065], [-77.085644, 38.937828], [-77.085888, 38.937618], [-77.085872, 38.937593]]]}, "properties": {"NAME": "Ward Circle"}}, {"type": "Feature", "geometry": {"type": "Polygon", "coordinates": [[[-76.966401, 38.937345], [-76.966882, 38.937722], [-76.967379, 38.937722], [-76.966445, 38.936991], [-76.966401, 38.937345]]]}, "properties": {"NAME": "Fort Circle Park"}}, {"type": "Feature", "geometry": {"type": "Polygon", "coordinates": [[[-76.966039, 38.937071], [-76.96614, 38.937148], [-76.966386, 38.936952], [-76.966286, 38.936875], [-76.966039, 38.937071]]]}, "properties": {"NAME": "Fort Circle Park"}}, {"type": "Feature", "geometry": {"type": "Polygon", "coordinates": [[[-76.965727, 38.936536], [-76.965861, 38.936548], [-76.965893, 38.936261], [-76.965408, 38.936265], [-76.96539, 38.936538], [-76.965727, 38.936536]]]}, "properties": {"NAME": "Fort Circle Park"}}, {"type": "Feature", "geometry": {"type": "Polygon", "coordinates": [[[-76.986482, 38.936057], [-76.988545, 38.936057], [-76.988723, 38.935042], [-76.988771, 38.93505], [-76.988744, 38.934722], [-76.987243, 38.934797], [-76.987453, 38.934832], [-76.986625, 38.934875], [-76.986482, 38.936057]]]}, "properties": {"NAME": "Fort Bunker Hill"}}, {"type": "Feature", "geometry": {"type": "Polygon", "coordinates": [[[-76.965088, 38.935748], [-76.964536, 38.935748], [-76.964536, 38.935886], [-76.964748, 38.936052], [-76.965165, 38.936052], [-76.965202, 38.935748], [-76.965088, 38.935748]]]}, "properties": {"NAME": "Fort Circle Park"}}, {"type": "Feature", "geometry": {"type": "MultiPolygon", "coordinates": [[[[-76.963985, 38.935435], [-76.963966, 38.93545], [-76.964343, 38.935745], [-76.964343, 38.935435], [-76.963985, 38.935435]]], [[[-76.96428, 38.935215], [-76.964027, 38.935215], [-76.964027, 38.935393], [-76.964343, 38.935394], [-76.964343, 38.935215], [-76.96428, 38.935215]]]]}, "properties": {"NAME": "Fort Circle Park"}}, {"type": "Feature", "geometry": {"type": "Polygon", "coordinates": [[[-77.074246, 38.935067], [-77.074932, 38.935373], [-77.075901, 38.935552], [-77.076139, 38.934166], [-77.076019, 38.934152], [-77.075968, 38.93419], [-77.07506, 38.934074], [-77.074246, 38.935067]]]}, "properties": {"NAME": null}}, {"type": "Feature", "geometry": {"type": "Polygon", "coordinates": [[[-76.963342, 38.934608], [-76.962949, 38.934656], [-76.963356, 38.934974], [-76.963478, 38.934975], [-76.963643, 38.934896], [-76.96341, 38.9346], [-76.963342, 38.934608]]]}, "properties": {"NAME": "Fort Circle Park"}}, {"type": "Feature", "geometry": {"type": "Polygon", "coordinates": [[[-77.088731, 38.934616], [-77.088731, 38.934777], [-77.088935, 38.934623], [-77.088731, 38.934616]]]}, "properties": {"NAME": "Triangle"}}, {"type": "Feature", "geometry": {"type": "Polygon", "coordinates": [[[-76.962358, 38.934191], [-76.962745, 38.934494], [-76.962745, 38.934191], [-76.962358, 38.934191]]]}, "properties": {"NAME": "Fort Circle Park"}}, {"type": "Feature", "geometry": {"type": "Polygon", "coordinates": [[[-76.962088, 38.933385], [-76.961645, 38.933625], [-76.961898, 38.933822], [-76.962419, 38.933541], [-76.962218, 38.933315], [-76.962088, 38.933385]]]}, "properties": {"NAME": "Fort Circle Park"}}, {"type": "Feature", "geometry": {"type": "Polygon", "coordinates": [[[-76.959235, 38.931756], [-76.96143, 38.933467], [-76.96198, 38.933169], [-76.959681, 38.931374], [-76.959235, 38.931756]]]}, "properties": {"NAME": "Fort Circle Park"}}, {"type": "Feature", "geometry": {"type": "Polygon", "coordinates": [[[-76.97202, 38.931215], [-76.97176, 38.93134], [-76.972067, 38.931634], [-76.972068, 38.931215], [-76.97202, 38.931215]]]}, "properties": {"NAME": null}}, {"type": "Feature", "geometry": {"type": "Polygon", "coordinates": [[[-77.036327, 38.931045], [-77.03629, 38.931035], [-77.03605, 38.931424], [-77.036304, 38.931533], [-77.036327, 38.931045]]]}, "properties": {"NAME": "Triangle"}}, {"type": "Feature", "geometry": {"type": "MultiPolygon", "coordinates": [[[[-77.060145, 38.929759], [-77.059463, 38.929759], [-77.059463, 38.93], [-77.060264, 38.929999], [-77.060264, 38.929759], [-77.060145, 38.929759]]], [[[-77.05807, 38.931062], [-77.058322, 38.931231], [-77.058752, 38.930858], [-77.059236, 38.930522], [-77.059417, 38.930421], [-77.059669, 38.930421], [-77.059859, 38.930284], [-77.059663, 38.930284], [-77.059808, 38.930203], [-77.060488, 38.930132], [-77.060385, 38.930044], [-77.059407, 38.930043], [-77.059406, 38.929759], [-77.058558, 38.929782], [-77.05873, 38.930121], [-77.058748, 38.930233], [-77.058717, 38.930381], [-77.058621, 38.930529], [-77.058594, 38.930512], [-77.05807, 38.931062]]]]}, "properties": {"NAME": "Woodley Park"}}, {"type": "Feature", "geometry": {"type": "Polygon", "coordinates": [[[-77.000695, 38.931231], [-77.000835, 38.931166], [-77.000691, 38.930971], [-77.000695, 38.931231]]]}, "properties": {"NAME": null}}, {"type": "Feature", "geometry": {"type": "Polygon", "coordinates": [[[-77.036962, 38.930422], [-77.036902, 38.930536], [-77.036994, 38.930576], [-77.037011, 38.93055], [-77.036962, 38.930422]]]}, "properties": {"NAME": "Curb Parking"}}, {"type": "Feature", "geometry": {"type": "Polygon", "coordinates": [[[-77.036611, 38.929989], [-77.03661, 38.930436], [-77.036786, 38.930489], [-77.036847, 38.930445], [-77.03687, 38.930374], [-77.036738, 38.930051], [-77.036611, 38.929989]]]}, "properties": {"NAME": "Triangle"}}, {"type": "Feature", "geometry": {"type": "MultiPolygon", "coordinates": [[[[-77.069034, 38.903881], [-77.069066, 38.903823], [-77.069032, 38.903817], [-77.069034, 38.903881]]], [[[-77.099795, 38.91188], [-77.099795, 38.911928], [-77.099852, 38.911932], [-77.099795, 38.91188]]], [[[-77.100388, 38.912887], [-77.100436, 38.912926], [-77.100476, 38.912908], [-77.100412, 38.912862], [-77.100388, 38.912887]]], [[[-77.103815, 38.918556], [-77.103938, 38.918551], [-77.103879, 38.918455], [-77.103823, 38.918425], [-77.103771, 38.918534], [-77.103815, 38.918556]]], [[[-77.104062, 38.918555], [-77.10406, 38.918589], [-77.104119, 38.918585], [-77.104062, 38.918555]]], [[[-77.10387, 38.918615], [-77.103837, 38.918703], [-77.103856, 38.918724], [-77.103908, 38.918643], [-77.10387, 38.918615]]], [[[-77.104045, 38.918699], [-77.104077, 38.918757], [-77.10414, 38.918745], [-77.104155, 38.918628], [-77.104081, 38.918663], [-77.104029, 38.918634], [-77.103956, 38.918654], [-77.103982, 38.918704], [-77.104045, 38.918699]]], [[[-77.103044, 38.918938], [-77.103064, 38.918961], [-77.103122, 38.91893], [-77.103102, 38.918907], [-77.103044, 38.918938]]], [[[-77.10298, 38.918973], [-77.103, 38.918995], [-77.103058, 38.918964], [-77.103038, 38.918941], [-77.10298, 38.918973]]], [[[-77.11169, 38.930041], [-77.111794, 38.930161], [-77.111987, 38.930199], [-77.115931, 38.92955], [-77.115961, 38.929437], [-77.115861, 38.929163], [-77.115738, 38.929025], [-77.115676, 38.929006], [-77.11558, 38.929092], [-77.115503, 38.929078], [-77.115476, 38.92898], [-77.115499, 38.92891], [-77.115454, 38.92889], [-77.115506, 38.92882], [-77.11543, 38.928782], [-77.115495, 38.928711], [-77.115438, 38.928702], [-77.11545, 38.928674], [-77.11552, 38.928681], [-77.115478, 38.928584], [-77.115488, 38.92852], [-77.115407, 38.928491], [-77.115361, 38.928412], [-77.115207, 38.928423], [-77.115254, 38.928358], [-77.115194, 38.928347], [-77.115231, 38.928293], [-77.115134, 38.928236], [-77.115134, 38.928184], [-77.115082, 38.928188], [-77.115088, 38.928144], [-77.114966, 38.928141], [-77.114941, 38.928054], [-77.11497, 38.928055], [-77.114989, 38.92801], [-77.11493, 38.928016], [-77.114822, 38.927878], [-77.114723, 38.927878], [-77.114566, 38.927695], [-77.114461, 38.927666], [-77.114449, 38.927552], [-77.114414, 38.927583], [-77.114369, 38.927521], [-77.114287, 38.927509], [-77.114244, 38.927433], [-77.114161, 38.927395], [-77.114103, 38.927276], [-77.113952, 38.927168], [-77.114018, 38.927129], [-77.113973, 38.927122], [-77.113977, 38.927071], [-77.113776, 38.927099], [-77.113681, 38.92685], [-77.113736, 38.926761], [-77.113684, 38.926749], [-77.113648, 38.926693], [-77.113554, 38.926711], [-77.113579, 38.926653], [-77.113497, 38.92663], [-77.113509, 38.926584], [-77.113552, 38.926572], [-77.113517, 38.926541], [-77.113465, 38.926588], [-77.113409, 38.926566], [-77.113394, 38.92653], [-77.113434, 38.92646], [-77.113413, 38.926435], [-77.113376, 38.92646], [-77.113259, 38.926429], [-77.113257, 38.926317], [-77.113181, 38.926265], [-77.113109, 38.926263], [-77.113014, 38.926151], [-77.112921, 38.926144], [-77.112914, 38.926095], [-77.112714, 38.925928], [-77.112659, 38.92594], [-77.11245, 38.925831], [-77.112038, 38.925483], [-77.111993, 38.925408], [-77.112022, 38.92534], [-77.111975, 38.925293], [-77.111898, 38.925291], [-77.11189, 38.925327], [-77.111838, 38.925252], [-77.111737, 38.925216], [-77.111723, 38.925067], [-77.111674, 38.925041], [-77.111705, 38.924972], [-77.111669, 38.924924], [-77.111614, 38.924991], [-77.111604, 38.924895], [-77.111539, 38.924951], [-77.111448, 38.924886], [-77.111455, 38.924725], [-77.111398, 38.924732], [-77.111396, 38.924646], [-77.111298, 38.924658], [-77.111317, 38.924561], [-77.111297, 38.924526], [-77.111192, 38.924528], [-77.111126, 38.924474], [-77.111019, 38.924499], [-77.110942, 38.924429], [-77.110874, 38.924412], [-77.110851, 38.924353], [-77.1108, 38.924369], [-77.110802, 38.924402], [-77.110687, 38.924502], [-77.110672, 38.924407], [-77.110621, 38.924421], [-77.110621, 38.924327], [-77.110566, 38.924296], [-77.110614, 38.924278], [-77.110553, 38.924239], [-77.110541, 38.924192], [-77.110486, 38.92427], [-77.110337, 38.924222], [-77.110314, 38.92423], [-77.110336, 38.924283], [-77.110276, 38.924289], [-77.110208, 38.924194], [-77.109851, 38.924022], [-77.109838, 38.923974], [-77.109908, 38.9239], [-77.110021, 38.923933], [-77.110036, 38.923866], [-77.110082, 38.92385], [-77.110159, 38.9236], [-77.110038, 38.923603], [-77.109879, 38.92343], [-77.10984, 38.923422], [-77.10978, 38.923547], [-77.109728, 38.923598], [-77.10969, 38.923588], [-77.109671, 38.923345], [-77.109612, 38.923349], [-77.109598, 38.923261], [-77.109476, 38.923232], [-77.109481, 38.923167], [-77.109343, 38.923125], [-77.109325, 38.92306], [-77.109283, 38.923114], [-77.109363, 38.923211], [-77.109368, 38.923262], [-77.109329, 38.923259], [-77.109198, 38.923176], [-77.109117, 38.923054], [-77.109069, 38.923044], [-77.109061, 38.922971], [-77.109138, 38.922944], [-77.109047, 38.922886], [-77.108964, 38.922945], [-77.108888, 38.922949], [-77.108651, 38.922777], [-77.108564, 38.922666], [-77.108591, 38.92258], [-77.108488, 38.922418], [-77.108287, 38.922261], [-77.107871, 38.922216], [-77.107743, 38.922155], [-77.107564, 38.921927], [-77.107059, 38.921422], [-77.10659, 38.921279], [-77.106429, 38.921044], [-77.106265, 38.92092], [-77.106093, 38.920841], [-77.105679, 38.920782], [-77.10542, 38.920699], [-77.105148, 38.920489], [-77.105013, 38.920183], [-77.104298, 38.919651], [-77.104359, 38.919109], [-77.104304, 38.919006], [-77.10411, 38.918929], [-77.10414, 38.918883], [-77.104212, 38.918884], [-77.104225, 38.918819], [-77.10402, 38.918858], [-77.103813, 38.918745], [-77.103717, 38.918647], [-77.103556, 38.918987], [-77.103476, 38.918992], [-77.103699, 38.919087], [-77.103718, 38.919134], [-77.103497, 38.91905], [-77.103325, 38.919026], [-77.103262, 38.919217], [-77.103185, 38.919287], [-77.102755, 38.91937], [-77.102611, 38.919514], [-77.102545, 38.919783], [-77.102451, 38.919862], [-77.102363, 38.91986], [-77.102191, 38.919921], [-77.102169, 38.919895], [-77.102188, 38.919871], [-77.102485, 38.919743], [-77.102644, 38.919308], [-77.102709, 38.91924], [-77.102714, 38.91919], [-77.102822, 38.919138], [-77.102793, 38.918967], [-77.102567, 38.91876], [-77.102654, 38.91871], [-77.10279, 38.918866], [-77.102827, 38.918847], [-77.102708, 38.918703], [-77.102617, 38.918657], [-77.102647, 38.918702], [-77.102553, 38.918753], [-77.102414, 38.918638], [-77.102433, 38.918583], [-77.102525, 38.918537], [-77.10247, 38.918253], [-77.102219, 38.917417], [-77.102299, 38.917325], [-77.102306, 38.917223], [-77.102063, 38.916902], [-77.10207, 38.916845], [-77.101955, 38.916772], [-77.101864, 38.916657], [-77.101708, 38.916237], [-77.10146, 38.915799], [-77.101323, 38.915459], [-77.1013, 38.915352], [-77.101349, 38.915291], [-77.101335, 38.915085], [-77.101491, 38.914863], [-77.101467, 38.914639], [-77.101349, 38.914422], [-77.101396, 38.914378], [-77.101495, 38.914359], [-77.101495, 38.914336], [-77.101435, 38.914284], [-77.101434, 38.914216], [-77.101363, 38.914216], [-77.101333, 38.914164], [-77.101359, 38.914117], [-77.101409, 38.914106], [-77.101494, 38.914184], [-77.101589, 38.91401], [-77.101637, 38.913771], [-77.101507, 38.913408], [-77.101419, 38.913436], [-77.101377, 38.913415], [-77.101344, 38.913289], [-77.101263, 38.913156], [-77.101307, 38.91313], [-77.101169, 38.912994], [-77.100932, 38.912836], [-77.100745, 38.912534], [-77.100636, 38.912442], [-77.100588, 38.912459], [-77.100489, 38.912381], [-77.100402, 38.912365], [-77.100477, 38.91254], [-77.100555, 38.912618], [-77.100712, 38.912911], [-77.10086, 38.913246], [-77.10083, 38.913298], [-77.100902, 38.913359], [-77.101009, 38.913635], [-77.101108, 38.913771], [-77.101013, 38.913834], [-77.100996, 38.913759], [-77.100918, 38.913711], [-77.100904, 38.913661], [-77.100783, 38.913593], [-77.100738, 38.913502], [-77.100601, 38.913432], [-77.100411, 38.913114], [-77.100367, 38.912943], [-77.100296, 38.912831], [-77.100298, 38.912764], [-77.10021, 38.912738], [-77.100189, 38.912658], [-77.100154, 38.912749], [-77.100112, 38.912753], [-77.099953, 38.912535], [-77.099963, 38.912455], [-77.100029, 38.912502], [-77.100049, 38.912446], [-77.099988, 38.91235], [-77.099963, 38.912197], [-77.099854, 38.912151], [-77.099806, 38.912086], [-77.099606, 38.912017], [-77.099487, 38.911871], [-77.099424, 38.911956], [-77.099364, 38.911968], [-77.099101, 38.911771], [-77.098815, 38.911713], [-77.098671, 38.911783], [-77.098647, 38.911751], [-77.098749, 38.91168], [-77.09872, 38.911568], [-77.098013, 38.911101], [-77.097806, 38.91101], [-77.097245, 38.910595], [-77.096342, 38.910049], [-77.096289, 38.909938], [-77.096285, 38.90984], [-77.09613, 38.909758], [-77.096083, 38.909691], [-77.096102, 38.90967], [-77.096038, 38.909655], [-77.096037, 38.909612], [-77.095986, 38.909567], [-77.095953, 38.909612], [-77.095945, 38.909541], [-77.095834, 38.909535], [-77.095802, 38.909455], [-77.095716, 38.90942], [-77.095716, 38.909352], [-77.095542, 38.909175], [-77.095392, 38.909128], [-77.094691, 38.908616], [-77.094258, 38.90824], [-77.094017, 38.908124], [-77.093383, 38.907924], [-77.093154, 38.907881], [-77.093059, 38.907892], [-77.092831, 38.908024], [-77.0928, 38.907809], [-77.091961, 38.907639], [-77.091514, 38.907455], [-77.091452, 38.907341], [-77.091277, 38.907326], [-77.090937, 38.907198], [-77.090572, 38.907149], [-77.090369, 38.907083], [-77.089951, 38.906766], [-77.08979, 38.906704], [-77.089752, 38.906699], [-77.089709, 38.906795], [-77.08989, 38.906858], [-77.090199, 38.907093], [-77.090235, 38.907177], [-77.090191, 38.907183], [-77.089759, 38.90699], [-77.089704, 38.906945], [-77.089724, 38.906859], [-77.089676, 38.906812], [-77.089022, 38.906676], [-77.088745, 38.906686], [-77.088459, 38.906637], [-77.087451, 38.906342], [-77.087171, 38.906306], [-77.086689, 38.90618], [-77.086446, 38.906068], [-77.086194, 38.906028], [-77.085525, 38.905803], [-77.084978, 38.905606], [-77.084762, 38.905482], [-77.084204, 38.905317], [-77.084127, 38.905268], [-77.084073, 38.905275], [-77.083111, 38.904903], [-77.082946, 38.904886], [-77.082789, 38.904811], [-77.082527, 38.904757], [-77.082382, 38.904779], [-77.081983, 38.904743], [-77.081461, 38.904751], [-77.080843, 38.904845], [-77.08039, 38.904881], [-77.080136, 38.904866], [-77.079943, 38.904932], [-77.079579, 38.90496], [-77.07943, 38.904935], [-77.079382, 38.904872], [-77.079148, 38.904955], [-77.079055, 38.90505], [-77.079069, 38.905124], [-77.079233, 38.905242], [-77.079123, 38.905309], [-77.07904, 38.905286], [-77.078871, 38.905341], [-77.078815, 38.905295], [-77.078761, 38.90503], [-77.078644, 38.90489], [-77.078453, 38.904885], [-77.078391, 38.904915], [-77.078217, 38.905156], [-77.078139, 38.905119], [-77.078045, 38.904867], [-77.077941, 38.904768], [-77.077888, 38.904769], [-77.077833, 38.904911], [-77.077503, 38.904877], [-77.077502, 38.904832], [-77.076981, 38.904811], [-77.076904, 38.90485], [-77.075919, 38.904874], [-77.075844, 38.904929], [-77.075769, 38.904868], [-77.073908, 38.904862], [-77.073166, 38.904789], [-77.072012, 38.904558], [-77.071897, 38.904615], [-77.071661, 38.904588], [-77.071507, 38.90455], [-77.071374, 38.904444], [-77.071005, 38.904307], [-77.070497, 38.904309], [-77.070445, 38.904278], [-77.070452, 38.904107], [-77.070316, 38.904096], [-77.069803, 38.903927], [-77.069788, 38.903956], [-77.069306, 38.90386], [-77.069194, 38.9041], [-77.069993, 38.90428], [-77.070314, 38.904296], [-77.0703, 38.904785], [-77.071485, 38.904988], [-77.07149, 38.904967], [-77.072377, 38.905179], [-77.074004, 38.905384], [-77.075587, 38.905377], [-77.075955, 38.905415], [-77.076502, 38.905509], [-77.07767, 38.905806], [-77.077999, 38.90585], [-77.078662, 38.905855], [-77.079207, 38.905771], [-77.081131, 38.90525], [-77.081545, 38.905184], [-77.082477, 38.905229], [-77.082685, 38.905264], [-77.085425, 38.906223], [-77.089649, 38.907529], [-77.090635, 38.907931], [-77.091601, 38.908381], [-77.092232, 38.908707], [-77.093021, 38.909181], [-77.093549, 38.909534], [-77.095361, 38.910952], [-77.096065, 38.911621], [-77.096509, 38.912092], [-77.097335, 38.913088], [-77.098085, 38.914232], [-77.098924, 38.915699], [-77.099687, 38.916894], [-77.100861, 38.919447], [-77.101112, 38.919878], [-77.101807, 38.920661], [-77.103477, 38.922235], [-77.104513, 38.923159], [-77.104896, 38.923413], [-77.107594, 38.924995], [-77.108334, 38.925573], [-77.109033, 38.9262], [-77.109742, 38.926925], [-77.110222, 38.927536], [-77.11169, 38.930041]]]]}, "properties": {"NAME": "Potomac Palisades Parkway"}}, {"type": "Feature", "geometry": {"type": "Polygon", "coordinates": [[[-77.061586, 38.929758], [-77.061628, 38.92988], [-77.061563, 38.929995], [-77.061439, 38.930052], [-77.061059, 38.930085], [-77.061109, 38.930164], [-77.061988, 38.930091], [-77.061586, 38.929758]]]}, "properties": {"NAME": "Woodley Park"}}, {"type": "Feature", "geometry": {"type": "MultiPolygon", "coordinates": [[[[-77.036211, 38.928513], [-77.036251, 38.928612], [-77.036351, 38.928612], [-77.036351, 38.928513], [-77.036211, 38.928513]]], [[[-77.036303, 38.928737], [-77.036381, 38.928886], [-77.036382, 38.928754], [-77.036303, 38.928737]]]]}, "properties": {"NAME": "Triangle"}}, {"type": "Feature", "geometry": {"type": "Polygon", "coordinates": [[[-77.03665, 38.927301], [-77.03662, 38.92733], [-77.03662, 38.927971], [-77.036912, 38.927936], [-77.03665, 38.927301]]]}, "properties": {"NAME": "Triangle"}}, {"type": "Feature", "geometry": {"type": "Polygon", "coordinates": [[[-77.042537, 38.927307], [-77.042651, 38.927365], [-77.043134, 38.92693], [-77.04313, 38.926862], [-77.04299, 38.926968], [-77.042811, 38.927011], [-77.042709, 38.92698], [-77.042537, 38.927307]]]}, "properties": {"NAME": "National Zoo Entrance"}}, {"type": "Feature", "geometry": {"type": "Polygon", "coordinates": [[[-77.086895, 38.926768], [-77.086895, 38.927001], [-77.08795, 38.927], [-77.08795, 38.926863], [-77.088477, 38.926863], [-77.088477, 38.926748], [-77.088604, 38.926669], [-77.088696, 38.926675], [-77.088774, 38.926723], [-77.088809, 38.926794], [-77.088793, 38.926862], [-77.089551, 38.926862], [-77.089551, 38.926656], [-77.090048, 38.926655], [-77.089999, 38.926327], [-77.08985, 38.92632], [-77.089813, 38.92607], [-77.089243, 38.926131], [-77.08867, 38.926093], [-77.086366, 38.925595], [-77.086367, 38.926521], [-77.086895, 38.926521], [-77.086895, 38.926768]]]}, "properties": {"NAME": "Park"}}, {"type": "Feature", "geometry": {"type": "Polygon", "coordinates": [[[-77.036797, 38.926454], [-77.036733, 38.926575], [-77.036727, 38.926733], [-77.036825, 38.927023], [-77.037339, 38.92691], [-77.037348, 38.926852], [-77.036909, 38.92639], [-77.036797, 38.926454]]]}, "properties": {"NAME": "Rabaut Park"}}, {"type": "Feature", "geometry": {"type": "Polygon", "coordinates": [[[-77.094434, 38.925647], [-77.090122, 38.92599], [-77.090151, 38.926502], [-77.090991, 38.926528], [-77.091835, 38.926671], [-77.092239, 38.92666], [-77.094317, 38.926144], [-77.094434, 38.925647]]]}, "properties": {"NAME": "Park"}}, {"type": "Feature", "geometry": {"type": "Polygon", "coordinates": [[[-77.10693, 38.925835], [-77.106791, 38.926195], [-77.107317, 38.925868], [-77.106897, 38.925524], [-77.10693, 38.925835]]]}, "properties": {"NAME": "Chesapeake & Ohio Canal National Historical Park"}}, {"type": "Feature", "geometry": {"type": "Polygon", "coordinates": [[[-77.034808, 38.919284], [-77.034894, 38.920612], [-77.034966, 38.920716], [-77.035172, 38.920797], [-77.035263, 38.920931], [-77.035384, 38.923186], [-77.036366, 38.923154], [-77.036364, 38.919284], [-77.034808, 38.919284]]]}, "properties": {"NAME": "Meridian Hill Park"}}, {"type": "Feature", "geometry": {"type": "Polygon", "coordinates": [[[-77.056667, 38.919748], [-77.056759, 38.919893], [-77.05707, 38.920219], [-77.057642, 38.920714], [-77.058209, 38.920968], [-77.058978, 38.921544], [-77.059132, 38.9216], [-77.059242, 38.921604], [-77.059011, 38.921466], [-77.058881, 38.92131], [-77.058803, 38.921123], [-77.058783, 38.920921], [-77.05719, 38.920127], [-77.056667, 38.919748]]]}, "properties": {"NAME": "Normanstone Parkway"}}, {"type": "Feature", "geometry": {"type": "Polygon", "coordinates": [[[-76.945954, 38.921457], [-76.94924, 38.920814], [-76.94926, 38.920603], [-76.949402, 38.920027], [-76.949382, 38.919823], [-76.949336, 38.919695], [-76.949265, 38.919578], [-76.949119, 38.919434], [-76.948871, 38.919321], [-76.947029, 38.919021], [-76.947043, 38.918969], [-76.944315, 38.918574], [-76.945954, 38.921457]]]}, "properties": {"NAME": null}}, {"type": "Feature", "geometry": {"type": "Polygon", "coordinates": [[[-77.025846, 38.920246], [-77.025826, 38.920256], [-77.025896, 38.920339], [-77.025896, 38.920246], [-77.025846, 38.920246]]]}, "properties": {"NAME": "Triangle"}}, {"type": "Feature", "geometry": {"type": "Polygon", "coordinates": [[[-77.056349, 38.920277], [-77.056435, 38.920296], [-77.056776, 38.92025], [-77.056826, 38.920199], [-77.056373, 38.919657], [-77.056093, 38.919834], [-77.055888, 38.920055], [-77.056349, 38.920277]]]}, "properties": {"NAME": "Center Parking"}}, {"type": "Feature", "geometry": {"type": "Polygon", "coordinates": [[[-77.098852, 38.917219], [-77.100125, 38.919553], [-77.100698, 38.919373], [-77.100163, 38.918623], [-77.099551, 38.917602], [-77.099268, 38.917293], [-77.099166, 38.91723], [-77.09898, 38.917173], [-77.098852, 38.917219]]]}, "properties": {"NAME": "Potomac Palisades Parkway"}}, {"type": "Feature", "geometry": {"type": "Polygon", "coordinates": [[[-77.048014, 38.918743], [-77.047803, 38.918748], [-77.047878, 38.918963], [-77.047859, 38.919114], [-77.047814, 38.919205], [-77.047891, 38.919235], [-77.048173, 38.918792], [-77.048014, 38.918743]]]}, "properties": {"NAME": "Curb Parking"}}, {"type": "Feature", "geometry": {"type": "MultiPolygon", "coordinates": [[[[-76.953661, 38.91785], [-76.953604, 38.917877], [-76.953582, 38.91794], [-76.953682, 38.91785], [-76.953661, 38.91785]]], [[[-76.948276, 38.917667], [-76.947353, 38.917744], [-76.947176, 38.918404], [-76.949627, 38.91881], [-76.949783, 38.918801], [-76.950073, 38.918748], [-76.950357, 38.918639], [-76.951438, 38.917894], [-76.951853, 38.917715], [-76.952367, 38.91764], [-76.953803, 38.917713], [-76.953643, 38.917604], [-76.948857, 38.917381], [-76.948276, 38.917667]]], [[[-76.952395, 38.917792], [-76.951884, 38.917879], [-76.951615, 38.917996], [-76.951475, 38.918132], [-76.951387, 38.918308], [-76.951379, 38.91844], [-76.951419, 38.918602], [-76.951553, 38.918779], [-76.951668, 38.918858], [-76.951919, 38.918947], [-76.952253, 38.918995], [-76.952429, 38.918982], [-76.953569, 38.917952], [-76.953482, 38.917948], [-76.953444, 38.917866], [-76.953362, 38.917833], [-76.952395, 38.917792]]], [[[-76.952236, 38.917725], [-76.951894, 38.917793], [-76.951603, 38.917909], [-76.950508, 38.918651], [-76.950279, 38.918766], [-76.949941, 38.918861], [-76.950937, 38.918997], [-76.951855, 38.91902], [-76.951515, 38.918864], [-76.951383, 38.918731], [-76.951299, 38.918566], [-76.951278, 38.918398], [-76.951304, 38.918263], [-76.951416, 38.91807], [-76.951549, 38.917953], [-76.951869, 38.917809], [-76.952234, 38.917734], [-76.953763, 38.917776], [-76.952236, 38.917725]]]]}, "properties": {"NAME": null}}, {"type": "Feature", "geometry": {"type": "Polygon", "coordinates": [[[-77.034702, 38.918659], [-77.034737, 38.918766], [-77.034795, 38.918704], [-77.034702, 38.918659]]]}, "properties": {"NAME": null}}, {"type": "Feature", "geometry": {"type": "Polygon", "coordinates": [[[-77.048587, 38.918735], [-77.048705, 38.918756], [-77.048785, 38.918701], [-77.048809, 38.918584], [-77.048757, 38.918502], [-77.04864, 38.918475], [-77.048248, 38.918611], [-77.048587, 38.918735]]]}, "properties": {"NAME": "Center Parking"}}, {"type": "Feature", "geometry": {"type": "Polygon", "coordinates": [[[-77.063411, 38.917078], [-77.063681, 38.917209], [-77.063737, 38.918347], [-77.066367, 38.918424], [-77.066652, 38.918323], [-77.066401, 38.917488], [-77.066769, 38.917234], [-77.06515, 38.916081], [-77.064301, 38.915618], [-77.062809, 38.915544], [-77.061878, 38.915456], [-77.061633, 38.915303], [-77.061581, 38.915199], [-77.061567, 38.915026], [-77.061549, 38.915131], [-77.061615, 38.915487], [-77.061824, 38.915704], [-77.060796, 38.915695], [-77.059731, 38.916095], [-77.059704, 38.916681], [-77.060609, 38.916692], [-77.060884, 38.916421], [-77.06135, 38.916661], [-77.061642, 38.917117], [-77.061984, 38.917356], [-77.06256, 38.917433], [-77.062755, 38.916933], [-77.063411, 38.917078]]]}, "properties": {"NAME": "Dumbarton Oaks Park"}}, {"type": "Feature", "geometry": {"type": "Polygon", "coordinates": [[[-77.039115, 38.918236], [-77.039131, 38.918267], [-77.03938, 38.918199], [-77.039115, 38.918198], [-77.039115, 38.918236]]]}, "properties": {"NAME": "Triangle"}}, {"type": "Feature", "geometry": {"type": "Polygon", "coordinates": [[[-77.036156, 38.917597], [-77.03624, 38.917645], [-77.036364, 38.917645], [-77.036364, 38.917375], [-77.036156, 38.917597]]]}, "properties": {"NAME": "Triangle"}}, {"type": "Feature", "geometry": {"type": "MultiPolygon", "coordinates": [[[[-77.098861, 38.916558], [-77.098021, 38.91507], [-77.098108, 38.915022], [-77.099277, 38.9171], [-77.099311, 38.917085], [-77.09834, 38.915208], [-77.097555, 38.913889], [-77.097242, 38.914096], [-77.09852, 38.916335], [-77.098861, 38.916558]]], [[[-77.098861, 38.916558], [-77.098643, 38.916776], [-77.098801, 38.916827], [-77.098891, 38.916984], [-77.099175, 38.917124], [-77.098861, 38.916558]]]]}, "properties": {"NAME": "Potomac Palisades Parkway"}}, {"type": "Feature", "geometry": {"type": "MultiPolygon", "coordinates": [[[[-77.046385, 38.916781], [-77.046443, 38.916804], [-77.046607, 38.916754], [-77.046498, 38.916537], [-77.046379, 38.916384], [-77.046329, 38.916711], [-77.046385, 38.916781]]], [[[-77.046263, 38.916749], [-77.046207, 38.916825], [-77.046222, 38.916863], [-77.046368, 38.916845], [-77.046263, 38.916749]]]]}, "properties": {"NAME": "Triangle"}}, {"type": "Feature", "geometry": {"type": "Polygon", "coordinates": [[[-77.036647, 38.916471], [-77.036646, 38.916729], [-77.036854, 38.916508], [-77.036789, 38.916471], [-77.036647, 38.916471]]]}, "properties": {"NAME": "Triangle"}}, {"type": "Feature", "geometry": {"type": "Polygon", "coordinates": [[[-77.043503, 38.91564], [-77.043499, 38.915737], [-77.043522, 38.915753], [-77.043729, 38.915646], [-77.043503, 38.91564]]]}, "properties": {"NAME": "Triangle"}}, {"type": "Feature", "geometry": {"type": "Polygon", "coordinates": [[[-77.020836, 38.915674], [-77.020814, 38.915706], [-77.020836, 38.915699], [-77.020836, 38.915674]]]}, "properties": {"NAME": "Triangle"}}, {"type": "Feature", "geometry": {"type": "Polygon", "coordinates": [[[-77.025936, 38.915271], [-77.025917, 38.915503], [-77.026029, 38.9155], [-77.026045, 38.915463], [-77.025936, 38.915271]]]}, "properties": {"NAME": "Triangle"}}, {"type": "Feature", "geometry": {"type": "Polygon", "coordinates": [[[-77.026099, 38.915308], [-77.026157, 38.915312], [-77.026213, 38.915218], [-77.026057, 38.915188], [-77.026099, 38.915308]]]}, "properties": {"NAME": "Triangle"}}, {"type": "Feature", "geometry": {"type": "Polygon", "coordinates": [[[-77.02691, 38.914464], [-77.026774, 38.914587], [-77.026623, 38.914806], [-77.026904, 38.914615], [-77.02691, 38.914464]]]}, "properties": {"NAME": "Triangle"}}, {"type": "Feature", "geometry": {"type": "Polygon", "coordinates": [[[-76.990198, 38.912804], [-76.990178, 38.912945], [-76.989631, 38.913617], [-76.988943, 38.913848], [-76.9891, 38.914092], [-76.992128, 38.91304], [-76.991961, 38.912834], [-76.991752, 38.912671], [-76.991511, 38.91256], [-76.991251, 38.912507], [-76.99024, 38.912509], [-76.990198, 38.912804]]]}, "properties": {"NAME": "Brentwood Park (Patterson Tract)"}}, {"type": "Feature", "geometry": {"type": "Polygon", "coordinates": [[[-77.046729, 38.913671], [-77.046732, 38.913757], [-77.046804, 38.913677], [-77.046729, 38.913671]]]}, "properties": {"NAME": "Triangle"}}, {"type": "Feature", "geometry": {"type": "Polygon", "coordinates": [[[-77.027466, 38.913321], [-77.027198, 38.913533], [-77.027164, 38.913748], [-77.027362, 38.913503], [-77.027466, 38.913321]]]}, "properties": {"NAME": "Triangle"}}, {"type": "Feature", "geometry": {"type": "Polygon", "coordinates": [[[-77.027187, 38.913308], [-77.027193, 38.913365], [-77.027263, 38.913318], [-77.027187, 38.913308]]]}, "properties": {"NAME": "Triangle"}}, {"type": "Feature", "geometry": {"type": "Polygon", "coordinates": [[[-76.994224, 38.910216], [-76.99371, 38.910387], [-76.993241, 38.910656], [-76.992835, 38.911015], [-76.992583, 38.911333], [-76.992325, 38.911809], [-76.992256, 38.912092], [-76.992262, 38.912479], [-76.992339, 38.912759], [-76.992424, 38.912934], [-76.99665, 38.911465], [-76.995708, 38.909812], [-76.994224, 38.910216]]]}, "properties": {"NAME": "Brentwood Park (Patterson Tract)"}}, {"type": "Feature", "geometry": {"type": "Polygon", "coordinates": [[[-77.044961, 38.912694], [-77.044961, 38.912832], [-77.045047, 38.912824], [-77.044961, 38.912694]]]}, "properties": {"NAME": "Triangle"}}, {"type": "Feature", "geometry": {"type": "Polygon", "coordinates": [[[-77.013723, 38.912685], [-77.013887, 38.912734], [-77.013887, 38.912685], [-77.013723, 38.912685]]]}, "properties": {"NAME": "Triangle"}}, {"type": "Feature", "geometry": {"type": "Polygon", "coordinates": [[[-77.012262, 38.912534], [-77.012886, 38.912534], [-77.012262, 38.912271], [-77.012262, 38.912534]]]}, "properties": {"NAME": "Triangle"}}, {"type": "Feature", "geometry": {"type": "Polygon", "coordinates": [[[-77.05068, 38.911927], [-77.050559, 38.911919], [-77.050484, 38.911948], [-77.050398, 38.912032], [-77.050368, 38.912108], [-77.050365, 38.912189], [-77.05041, 38.912301], [-77.050541, 38.912391], [-77.050821, 38.912379], [-77.050914, 38.912303], [-77.05095, 38.912231], [-77.050955, 38.91211], [-77.0509, 38.912003], [-77.0508, 38.911936], [-77.05068, 38.911927]]]}, "properties": {"NAME": "Sheridan Circle"}}, {"type": "Feature", "geometry": {"type": "Polygon", "coordinates": [[[-77.028008, 38.91153], [-77.028005, 38.912157], [-77.028163, 38.911829], [-77.028008, 38.91153]]]}, "properties": {"NAME": "Triangle"}}, {"type": "Feature", "geometry": {"type": "Polygon", "coordinates": [[[-77.028193, 38.911606], [-77.028263, 38.911731], [-77.028318, 38.911637], [-77.028193, 38.911606]]]}, "properties": {"NAME": "Triangle"}}, {"type": "Feature", "geometry": {"type": "Polygon", "coordinates": [[[-77.044562, 38.911212], [-77.04479, 38.911599], [-77.044789, 38.911211], [-77.044562, 38.911212]]]}, "properties": {"NAME": "Triangle"}}, {"type": "Feature", "geometry": {"type": "Polygon", "coordinates": [[[-77.048256, 38.911209], [-77.048667, 38.911352], [-77.048667, 38.911209], [-77.048256, 38.911209]]]}, "properties": {"NAME": "Triangle"}}, {"type": "Feature", "geometry": {"type": "Polygon", "coordinates": [[[-77.010244, 38.911204], [-77.010405, 38.911272], [-77.010405, 38.911204], [-77.010244, 38.911204]]]}, "properties": {"NAME": "Triangle"}}, {"type": "Feature", "geometry": {"type": "Polygon", "coordinates": [[[-77.046734, 38.911061], [-77.04716, 38.91106], [-77.046733, 38.910912], [-77.046734, 38.911061]]]}, "properties": {"NAME": "Triangle"}}, {"type": "Feature", "geometry": {"type": "Polygon", "coordinates": [[[-77.016295, 38.910035], [-77.016279, 38.910355], [-77.01637, 38.910258], [-77.016295, 38.910035]]]}, "properties": {"NAME": "Triangle"}}, {"type": "Feature", "geometry": {"type": "Polygon", "coordinates": [[[-77.029622, 38.909162], [-77.029385, 38.909162], [-77.029221, 38.909233], [-77.029093, 38.909357], [-77.029014, 38.909517], [-77.029004, 38.909754], [-77.029069, 38.909921], [-77.029235, 38.910089], [-77.029401, 38.910155], [-77.029756, 38.910161], [-77.02993, 38.910128], [-77.030125, 38.909997], [-77.03024, 38.909791], [-77.030259, 38.909674], [-77.030236, 38.909499], [-77.030114, 38.909297], [-77.02997, 38.909194], [-77.029858, 38.909156], [-77.029622, 38.909162]]]}, "properties": {"NAME": "Logan Circle"}}, {"type": "Feature", "geometry": {"type": "Polygon", "coordinates": [[[-77.043854, 38.910014], [-77.043998, 38.909829], [-77.044042, 38.909599], [-77.043975, 38.909375], [-77.043813, 38.909206], [-77.04365, 38.909138], [-77.043416, 38.909145], [-77.043078, 38.909249], [-77.042911, 38.909412], [-77.042839, 38.909636], [-77.042858, 38.909813], [-77.042938, 38.909971], [-77.043068, 38.910092], [-77.043233, 38.910159], [-77.04341, 38.910164], [-77.0437, 38.910092], [-77.043854, 38.910014]]]}, "properties": {"NAME": "Dupont Circle"}}, {"type": "Feature", "geometry": {"type": "Polygon", "coordinates": [[[-77.028188, 38.909731], [-77.028204, 38.910002], [-77.028739, 38.909815], [-77.028758, 38.909781], [-77.028718, 38.90973], [-77.028188, 38.909731]]]}, "properties": {"NAME": "Triangle"}}, {"type": "Feature", "geometry": {"type": "Polygon", "coordinates": [[[-77.044424, 38.909724], [-77.044376, 38.90978], [-77.044393, 38.909847], [-77.044791, 38.909986], [-77.044791, 38.909724], [-77.044424, 38.909724]]]}, "properties": {"NAME": "Triangle"}}, {"type": "Feature", "geometry": {"type": "Polygon", "coordinates": [[[-77.006805, 38.909721], [-77.006925, 38.909772], [-77.006925, 38.909721], [-77.006805, 38.909721]]]}, "properties": {"NAME": "Triangle"}}, {"type": "Feature", "geometry": {"type": "Polygon", "coordinates": [[[-77.029791, 38.908659], [-77.029791, 38.908887], [-77.029839, 38.908926], [-77.02989, 38.908922], [-77.030056, 38.908659], [-77.029791, 38.908659]]]}, "properties": {"NAME": "Triangle"}}, {"type": "Feature", "geometry": {"type": "Polygon", "coordinates": [[[-77.006166, 38.908499], [-77.006476, 38.908501], [-77.006476, 38.908457], [-77.006443, 38.908399], [-77.006166, 38.908499]]]}, "properties": {"NAME": "Triangle"}}, {"type": "Feature", "geometry": {"type": "Polygon", "coordinates": [[[-77.030741, 38.908162], [-77.031193, 38.908326], [-77.031211, 38.908263], [-77.030774, 38.908105], [-77.030741, 38.908162]]]}, "properties": {"NAME": "Mary McLeod Bethune Council House"}}, {"type": "Feature", "geometry": {"type": "Polygon", "coordinates": [[[-77.015293, 38.907905], [-77.015519, 38.907874], [-77.015334, 38.907359], [-77.015292, 38.907329], [-77.015293, 38.907905]]]}, "properties": {"NAME": "Triangle"}}, {"type": "Feature", "geometry": {"type": "MultiPolygon", "coordinates": [[[[-77.035587, 38.907273], [-77.035485, 38.90728], [-77.035474, 38.907352], [-77.03566, 38.907423], [-77.035769, 38.907364], [-77.035587, 38.907273]]], [[[-77.035653, 38.9071], [-77.035475, 38.907154], [-77.035477, 38.907213], [-77.035613, 38.90722], [-77.035764, 38.907145], [-77.035696, 38.90709], [-77.035653, 38.9071]]], [[[-77.035481, 38.906991], [-77.035475, 38.907144], [-77.035684, 38.907084], [-77.035481, 38.906991]]], [[[-77.035473, 38.907498], [-77.03565, 38.907429], [-77.035474, 38.907362], [-77.035473, 38.907498]]], [[[-77.035689, 38.907264], [-77.035737, 38.907304], [-77.035759, 38.90722], [-77.035729, 38.907202], [-77.035689, 38.907264]]], [[[-77.035803, 38.907161], [-77.035785, 38.907182], [-77.035817, 38.907232], [-77.035902, 38.907231], [-77.035803, 38.907161]]], [[[-77.03583, 38.907269], [-77.035798, 38.907343], [-77.035904, 38.907279], [-77.03583, 38.907269]]]]}, "properties": {"NAME": "Triangle"}}, {"type": "Feature", "geometry": {"type": "Polygon", "coordinates": [[[-77.037023, 38.907454], [-77.03727, 38.907498], [-77.037028, 38.907334], [-77.036913, 38.907438], [-77.037023, 38.907454]]]}, "properties": {"NAME": "Triangle"}}, {"type": "Feature", "geometry": {"type": "Polygon", "coordinates": [[[-77.03596, 38.907392], [-77.035804, 38.907499], [-77.036134, 38.907437], [-77.03603, 38.907338], [-77.03596, 38.907392]]]}, "properties": {"NAME": "Triangle"}}, {"type": "Feature", "geometry": {"type": "MultiPolygon", "coordinates": [[[[-77.037549, 38.906999], [-77.03729, 38.90715], [-77.037431, 38.907228], [-77.037574, 38.907221], [-77.037586, 38.90702], [-77.037549, 38.906999]]], [[[-77.037426, 38.907271], [-77.037288, 38.907361], [-77.037396, 38.907422], [-77.037584, 38.907312], [-77.037558, 38.907269], [-77.037426, 38.907271]]], [[[-77.037236, 38.907183], [-77.037162, 38.907227], [-77.037179, 38.907291], [-77.037292, 38.907316], [-77.037374, 38.907278], [-77.037361, 38.907206], [-77.037236, 38.907183]]], [[[-77.037521, 38.907387], [-77.037425, 38.907436], [-77.037573, 38.907492], [-77.037585, 38.907345], [-77.037521, 38.907387]]]]}, "properties": {"NAME": "Triangle"}}, {"type": "Feature", "geometry": {"type": "Polygon", "coordinates": [[[-77.036461, 38.907088], [-77.036309, 38.907128], [-77.036224, 38.907194], [-77.036213, 38.907283], [-77.036263, 38.907345], [-77.036398, 38.907401], [-77.036619, 38.90741], [-77.03674, 38.907377], [-77.03684, 38.907302], [-77.036843, 38.9072], [-77.036748, 38.907125], [-77.036461, 38.907088]]]}, "properties": {"NAME": "Scott Circle"}}, {"type": "Feature", "geometry": {"type": "Polygon", "coordinates": [[[-77.008505, 38.907323], [-77.008535, 38.907402], [-77.008569, 38.907386], [-77.008571, 38.907331], [-77.008505, 38.907323]]]}, "properties": {"NAME": "Triangle"}}, {"type": "Feature", "geometry": {"type": "Polygon", "coordinates": [[[-77.001151, 38.907313], [-77.001237, 38.907368], [-77.001249, 38.90735], [-77.001249, 38.907313], [-77.001151, 38.907313]]]}, "properties": {"NAME": "Triangle"}}, {"type": "Feature", "geometry": {"type": "Polygon", "coordinates": [[[-77.008705, 38.90729], [-77.00872, 38.907338], [-77.008834, 38.907295], [-77.008705, 38.90729]]]}, "properties": {"NAME": "Triangle"}}, {"type": "Feature", "geometry": {"type": "Polygon", "coordinates": [[[-77.009882, 38.90721], [-77.010063, 38.90721], [-77.01004, 38.907155], [-77.009882, 38.90721]]]}, "properties": {"NAME": "Triangle"}}, {"type": "Feature", "geometry": {"type": "Polygon", "coordinates": [[[-77.041764, 38.907069], [-77.041745, 38.907183], [-77.041822, 38.907193], [-77.041764, 38.907069]]]}, "properties": {"NAME": "Triangle"}}, {"type": "Feature", "geometry": {"type": "Polygon", "coordinates": [[[-77.037249, 38.906997], [-77.036926, 38.907061], [-77.037022, 38.907167], [-77.037249, 38.906997]]]}, "properties": {"NAME": "Triangle"}}, {"type": "Feature", "geometry": {"type": "Polygon", "coordinates": [[[-77.010218, 38.907099], [-77.010174, 38.907127], [-77.010204, 38.90717], [-77.010233, 38.907161], [-77.010218, 38.907099]]]}, "properties": {"NAME": "Triangle"}}, {"type": "Feature", "geometry": {"type": "MultiPolygon", "coordinates": [[[[-76.962093, 38.905659], [-76.961916, 38.905714], [-76.961439, 38.906139], [-76.960862, 38.90633], [-76.96079, 38.906383], [-76.96065, 38.906709], [-76.960714, 38.906986], [-76.960815, 38.907119], [-76.960899, 38.907157], [-76.961016, 38.907125], [-76.96124, 38.906818], [-76.961476, 38.906571], [-76.96197, 38.906319], [-76.962218, 38.906107], [-76.962324, 38.905966], [-76.962327, 38.905822], [-76.962264, 38.905698], [-76.962093, 38.905659]]], [[[-76.961787, 38.906501], [-76.961644, 38.906649], [-76.961819, 38.906585], [-76.961839, 38.906519], [-76.961787, 38.906501]]]]}, "properties": {"NAME": "Anacostia Park, Section G"}}, {"type": "Feature", "geometry": {"type": "MultiPolygon", "coordinates": [[[[-77.079563, 38.906367], [-77.079635, 38.906545], [-77.07966, 38.90671], [-77.080553, 38.906597], [-77.080652, 38.906621], [-77.080582, 38.90649], [-77.080472, 38.906373], [-77.080093, 38.906151], [-77.079692, 38.906038], [-77.079351, 38.906063], [-77.079341, 38.9061], [-77.079563, 38.906367]]], [[[-77.078133, 38.906637], [-77.078389, 38.90674], [-77.078661, 38.906789], [-77.079339, 38.90675], [-77.079295, 38.906519], [-77.079193, 38.906348], [-77.079046, 38.906216], [-77.078812, 38.906098], [-77.078494, 38.906115], [-77.078077, 38.906086], [-77.076455, 38.905691], [-77.075749, 38.905576], [-77.073914, 38.905564], [-77.072341, 38.905365], [-77.071608, 38.905212], [-77.071628, 38.90577], [-77.072682, 38.905746], [-77.072675, 38.905554], [-77.07278, 38.905551], [-77.072787, 38.905912], [-77.072899, 38.905909], [-77.073147, 38.90597], [-77.075009, 38.905927], [-77.07501, 38.905955], [-77.076697, 38.905939], [-77.076705, 38.906158], [-77.077141, 38.906148], [-77.077215, 38.906188], [-77.07721, 38.906138], [-77.078133, 38.906637]]]]}, "properties": {"NAME": "Potomac Palisades Parkway"}}, {"type": "Feature", "geometry": {"type": "Polygon", "coordinates": [[[-77.031632, 38.906605], [-77.031739, 38.906605], [-77.031739, 38.906421], [-77.031632, 38.906605]]]}, "properties": {"NAME": "Triangle"}}, {"type": "Feature", "geometry": {"type": "Polygon", "coordinates": [[[-77.041376, 38.905767], [-77.041359, 38.905788], [-77.041586, 38.906154], [-77.041584, 38.905795], [-77.041541, 38.905767], [-77.041376, 38.905767]]]}, "properties": {"NAME": "Triangle"}}, {"type": "Feature", "geometry": {"type": "Polygon", "coordinates": [[[-77.012259, 38.90573], [-77.012259, 38.906081], [-77.012282, 38.906097], [-77.013196, 38.905777], [-77.013023, 38.90573], [-77.012259, 38.90573]]]}, "properties": {"NAME": "Triangle"}}, {"type": "Feature", "geometry": {"type": "Polygon", "coordinates": [[[-77.060175, 38.905333], [-77.060183, 38.906074], [-77.06042, 38.906072], [-77.060411, 38.905331], [-77.060175, 38.905333]]]}, "properties": {"NAME": "Old stone House"}}, {"type": "Feature", "geometry": {"type": "Polygon", "coordinates": [[[-77.031952, 38.905362], [-77.031814, 38.905361], [-77.03169, 38.90542], [-77.031604, 38.905527], [-77.031577, 38.905615], [-77.031589, 38.905752], [-77.031629, 38.905835], [-77.031732, 38.905927], [-77.031818, 38.905959], [-77.032137, 38.905944], [-77.032251, 38.905867], [-77.03232, 38.905748], [-77.032329, 38.90561], [-77.032248, 38.905447], [-77.032133, 38.905372], [-77.031952, 38.905362]]]}, "properties": {"NAME": "Thomas Circle"}}, {"type": "Feature", "geometry": {"type": "MultiPolygon", "coordinates": [[[[-77.040475, 38.905689], [-77.040447, 38.905724], [-77.040519, 38.905787], [-77.040753, 38.905701], [-77.040475, 38.905689]]], [[[-77.040187, 38.905784], [-77.040226, 38.905852], [-77.04037, 38.905785], [-77.040332, 38.905753], [-77.040187, 38.905753], [-77.040187, 38.905784]]]]}, "properties": {"NAME": "Triangle"}}, {"type": "Feature", "geometry": {"type": "Polygon", "coordinates": [[[-77.032853, 38.905745], [-77.032777, 38.905777], [-77.032958, 38.905846], [-77.032994, 38.905745], [-77.032853, 38.905745]]]}, "properties": {"NAME": "Triangle"}}, {"type": "Feature", "geometry": {"type": "Polygon", "coordinates": [[[-76.997392, 38.905725], [-76.997534, 38.905788], [-76.997547, 38.905769], [-76.997547, 38.905725], [-76.997392, 38.905725]]]}, "properties": {"NAME": "Triangle"}}, {"type": "Feature", "geometry": {"type": "Polygon", "coordinates": [[[-77.013265, 38.905669], [-77.013373, 38.905721], [-77.013526, 38.905669], [-77.013265, 38.905669]]]}, "properties": {"NAME": "Triangle"}}, {"type": "Feature", "geometry": {"type": "Polygon", "coordinates": [[[-77.015121, 38.905596], [-77.015143, 38.905582], [-77.015137, 38.905406], [-77.014963, 38.905459], [-77.015004, 38.905591], [-77.015121, 38.905596]]]}, "properties": {"NAME": "Center Parking"}}, {"type": "Feature", "geometry": {"type": "Polygon", "coordinates": [[[-77.030885, 38.905578], [-77.031084, 38.905577], [-77.031141, 38.905549], [-77.03092, 38.905466], [-77.030885, 38.905578]]]}, "properties": {"NAME": "Triangle"}}, {"type": "Feature", "geometry": {"type": "Polygon", "coordinates": [[[-76.971701, 38.905155], [-76.97084, 38.905505], [-76.971789, 38.905506], [-76.971789, 38.905155], [-76.971701, 38.905155]]]}, "properties": {"NAME": "Triangle"}}, {"type": "Feature", "geometry": {"type": "Polygon", "coordinates": [[[-77.061278, 38.904214], [-77.061278, 38.904351], [-77.062651, 38.90435], [-77.062651, 38.90418], [-77.061278, 38.904101], [-77.061278, 38.904214]]]}, "properties": {"NAME": "Chesapeake & Ohio Canal National Historical Park"}}, {"type": "Feature", "geometry": {"type": "Polygon", "coordinates": [[[-77.060651, 38.904302], [-77.061067, 38.904302], [-77.061063, 38.904135], [-77.060637, 38.904135], [-77.060637, 38.90409], [-77.060267, 38.90409], [-77.060271, 38.904276], [-77.060651, 38.904276], [-77.060651, 38.904302]]]}, "properties": {"NAME": "Chesapeake & Ohio Canal National Historical Park"}}, {"type": "Feature", "geometry": {"type": "Polygon", "coordinates": [[[-77.059689, 38.904291], [-77.06006, 38.904291], [-77.060054, 38.90408], [-77.059685, 38.904037], [-77.05926, 38.904037], [-77.059266, 38.90428], [-77.059689, 38.904291]]]}, "properties": {"NAME": "Chesapeake & Ohio Canal National Historical Park"}}, {"type": "Feature", "geometry": {"type": "Polygon", "coordinates": [[[-77.058191, 38.904123], [-77.059036, 38.904192], [-77.059032, 38.903936], [-77.058189, 38.903929], [-77.058191, 38.904123]]]}, "properties": {"NAME": "Chesapeake & Ohio Canal National Historical Park"}}, {"type": "Feature", "geometry": {"type": "Polygon", "coordinates": [[[-77.027205, 38.903816], [-77.027205, 38.903888], [-77.027973, 38.904154], [-77.027973, 38.903816], [-77.027205, 38.903816]]]}, "properties": {"NAME": "Triangle"}}, {"type": "Feature", "geometry": {"type": "Polygon", "coordinates": [[[-77.027195, 38.904082], [-77.027162, 38.904089], [-77.027173, 38.904132], [-77.027305, 38.904129], [-77.027195, 38.904082]]]}, "properties": {"NAME": "Samuel Gompers Memorial Park"}}, {"type": "Feature", "geometry": {"type": "Polygon", "coordinates": [[[-77.018854, 38.904086], [-77.018718, 38.90413], [-77.01883, 38.904131], [-77.018854, 38.904086]]]}, "properties": {"NAME": "Triangle"}}, {"type": "Feature", "geometry": {"type": "Polygon", "coordinates": [[[-77.026078, 38.904104], [-77.02689, 38.904104], [-77.02689, 38.904046], [-77.026077, 38.903749], [-77.026078, 38.904104]]]}, "properties": {"NAME": "Samuel Gompers Memorial Park"}}, {"type": "Feature", "geometry": {"type": "Polygon", "coordinates": [[[-77.019099, 38.904005], [-77.019051, 38.904042], [-77.019052, 38.904091], [-77.019127, 38.904092], [-77.019127, 38.903994], [-77.019099, 38.904005]]]}, "properties": {"NAME": "Triangle"}}, {"type": "Feature", "geometry": {"type": "Polygon", "coordinates": [[[-77.018227, 38.903783], [-77.018227, 38.903976], [-77.018254, 38.904022], [-77.018822, 38.903815], [-77.01882, 38.903783], [-77.018227, 38.903783]]]}, "properties": {"NAME": "Triangle"}}, {"type": "Feature", "geometry": {"type": "Polygon", "coordinates": [[[-76.99292, 38.903809], [-76.993136, 38.903901], [-76.99329, 38.903809], [-76.99292, 38.903809]]]}, "properties": {"NAME": "Triangle"}}, {"type": "Feature", "geometry": {"type": "Polygon", "coordinates": [[[-77.026832, 38.903791], [-77.026914, 38.903823], [-77.026908, 38.903791], [-77.026832, 38.903791]]]}, "properties": {"NAME": "Triangle"}}, {"type": "Feature", "geometry": {"type": "Polygon", "coordinates": [[[-77.050718, 38.90245], [-77.050613, 38.902282], [-77.050462, 38.902152], [-77.050279, 38.902074], [-77.050015, 38.902061], [-77.049826, 38.90212], [-77.049662, 38.902233], [-77.049511, 38.90245], [-77.049504, 38.902575], [-77.049577, 38.902732], [-77.049768, 38.902912], [-77.04995, 38.90299], [-77.050213, 38.903003], [-77.050402, 38.902944], [-77.050611, 38.902784], [-77.050717, 38.902617], [-77.050718, 38.90245]]]}, "properties": {"NAME": "Washington Circle"}}, {"type": "Feature", "geometry": {"type": "Polygon", "coordinates": [[[-77.024139, 38.902633], [-77.024139, 38.902816], [-77.024381, 38.902901], [-77.024432, 38.90281], [-77.024432, 38.902633], [-77.024139, 38.902633]]]}, "properties": {"NAME": "Triangle"}}, {"type": "Feature", "geometry": {"type": "Polygon", "coordinates": [[[-77.02149, 38.902639], [-77.02149, 38.902841], [-77.021518, 38.902891], [-77.021759, 38.902808], [-77.021759, 38.902639], [-77.02149, 38.902639]]]}, "properties": {"NAME": "Triangle"}}, {"type": "Feature", "geometry": {"type": "Polygon", "coordinates": [[[-77.031531, 38.901434], [-77.029783, 38.901434], [-77.029783, 38.902436], [-77.031795, 38.902435], [-77.031795, 38.901434], [-77.031531, 38.901434]]]}, "properties": {"NAME": "Franklin Square"}}, {"type": "Feature", "geometry": {"type": "Polygon", "coordinates": [[[-77.033752, 38.901454], [-77.033751, 38.902433], [-77.034464, 38.902434], [-77.034471, 38.901454], [-77.033752, 38.901454]]]}, "properties": {"NAME": "Mcpherson Square"}}, {"type": "Feature", "geometry": {"type": "Polygon", "coordinates": [[[-77.038633, 38.901452], [-77.038629, 38.90243], [-77.039308, 38.902429], [-77.039308, 38.90145], [-77.038633, 38.901452]]]}, "properties": {"NAME": "Farragut Square"}}, {"type": "Feature", "geometry": {"type": "Polygon", "coordinates": [[[-77.024168, 38.902276], [-77.024135, 38.902305], [-77.024134, 38.902426], [-77.024416, 38.902426], [-77.024401, 38.902196], [-77.024168, 38.902276]]]}, "properties": {"NAME": "Triangle"}}, {"type": "Feature", "geometry": {"type": "Polygon", "coordinates": [[[-77.021597, 38.902181], [-77.021532, 38.902217], [-77.021538, 38.902393], [-77.021576, 38.90242], [-77.021759, 38.90242], [-77.021759, 38.902234], [-77.021597, 38.902181]]]}, "properties": {"NAME": "Triangle"}}, {"type": "Feature", "geometry": {"type": "Polygon", "coordinates": [[[-77.013415, 38.901332], [-77.013572, 38.901764], [-77.013521, 38.901826], [-77.013596, 38.901957], [-77.013613, 38.901332], [-77.013415, 38.901332]]]}, "properties": {"NAME": "Triangle"}}, {"type": "Feature", "geometry": {"type": "Polygon", "coordinates": [[[-76.998943, 38.901531], [-76.999337, 38.901484], [-76.999337, 38.901451], [-76.998943, 38.901451], [-76.998943, 38.901531]]]}, "properties": {"NAME": "Curb Parking"}}, {"type": "Feature", "geometry": {"type": "Polygon", "coordinates": [[[-76.987263, 38.901401], [-76.987412, 38.901465], [-76.987413, 38.901401], [-76.987263, 38.901401]]]}, "properties": {"NAME": "Triangle"}}, {"type": "Feature", "geometry": {"type": "Polygon", "coordinates": [[[-77.013504, 38.901055], [-77.013329, 38.901093], [-77.013415, 38.901332], [-77.013613, 38.901332], [-77.013613, 38.901055], [-77.013504, 38.901055]]]}, "properties": {"NAME": "Triangle"}}, {"type": "Feature", "geometry": {"type": "Polygon", "coordinates": [[[-77.045015, 38.901258], [-77.045995, 38.901258], [-77.045015, 38.900922], [-77.045015, 38.901258]]]}, "properties": {"NAME": "James Monroe Park"}}, {"type": "Feature", "geometry": {"type": "Polygon", "coordinates": [[[-77.019046, 38.901051], [-77.01956, 38.901231], [-77.019722, 38.901253], [-77.019722, 38.900978], [-77.019046, 38.900961], [-77.019046, 38.901051]]]}, "properties": {"NAME": "Triangle"}}, {"type": "Feature", "geometry": {"type": "Polygon", "coordinates": [[[-77.027879, 38.901252], [-77.02797, 38.901227], [-77.027962, 38.900965], [-77.027205, 38.901221], [-77.027205, 38.901252], [-77.027879, 38.901252]]]}, "properties": {"NAME": "Triangle"}}, {"type": "Feature", "geometry": {"type": "Polygon", "coordinates": [[[-77.01824, 38.901252], [-77.018823, 38.901252], [-77.018823, 38.901218], [-77.01824, 38.901018], [-77.01824, 38.901252]]]}, "properties": {"NAME": null}}, {"type": "Feature", "geometry": {"type": "Polygon", "coordinates": [[[-77.046562, 38.901133], [-77.04656, 38.900781], [-77.045537, 38.90078], [-77.046562, 38.901133]]]}, "properties": {"NAME": "Triangle"}}, {"type": "Feature", "geometry": {"type": "Polygon", "coordinates": [[[-77.018657, 38.900935], [-77.018823, 38.900992], [-77.018823, 38.900935], [-77.018657, 38.900935]]]}, "properties": {"NAME": "Triangle"}}, {"type": "Feature", "geometry": {"type": "Polygon", "coordinates": [[[-77.056154, 38.900557], [-77.056143, 38.90064], [-77.056301, 38.900644], [-77.056154, 38.900557]]]}, "properties": {"NAME": "Triangle"}}, {"type": "Feature", "geometry": {"type": "MultiPolygon", "coordinates": [[[[-77.052798, 38.899662], [-77.052391, 38.900104], [-77.052826, 38.899662], [-77.052798, 38.899662]]], [[[-77.052333, 38.900189], [-77.052307, 38.90017], [-77.051924, 38.900602], [-77.052333, 38.900189]]]]}, "properties": {"NAME": "Center Parking"}}, {"type": "Feature", "geometry": {"type": "MultiPolygon", "coordinates": [[[[-76.943554, 38.900183], [-76.94329, 38.900183], [-76.94329, 38.900458], [-76.943681, 38.900458], [-76.944021, 38.900184], [-76.943554, 38.900183]]], [[[-76.943642, 38.899868], [-76.943378, 38.899867], [-76.943378, 38.900142], [-76.943729, 38.900142], [-76.943729, 38.899868], [-76.943642, 38.899868]]]]}, "properties": {"NAME": "Fort Circle Park"}}, {"type": "Feature", "geometry": {"type": "MultiPolygon", "coordinates": [[[[-76.942851, 38.899867], [-76.942763, 38.899867], [-76.942763, 38.900142], [-76.942939, 38.900142], [-76.942939, 38.899867], [-76.942851, 38.899867]]], [[[-76.942851, 38.900183], [-76.942763, 38.900183], [-76.942763, 38.900457], [-76.942938, 38.900458], [-76.942939, 38.900183], [-76.942851, 38.900183]]]]}, "properties": {"NAME": "Fort Circle Park"}}, {"type": "Feature", "geometry": {"type": "Polygon", "coordinates": [[[-77.030371, 38.90018], [-77.030277, 38.90016], [-77.03019, 38.900186], [-77.03025, 38.900285], [-77.030512, 38.900286], [-77.030371, 38.90018]]]}, "properties": {"NAME": "Triangle"}}, {"type": "Feature", "geometry": {"type": "Polygon", "coordinates": [[[-77.030584, 38.900051], [-77.030693, 38.900128], [-77.030889, 38.900126], [-77.030841, 38.89996], [-77.030584, 38.900051]]]}, "properties": {"NAME": "Triangle"}}, {"type": "Feature", "geometry": {"type": "Polygon", "coordinates": [[[-77.03527, 38.89894], [-77.035272, 38.900093], [-77.037823, 38.90009], [-77.03782, 38.898938], [-77.03527, 38.89894]]]}, "properties": {"NAME": "Lafayette Square"}}, {"type": "Feature", "geometry": {"type": "Polygon", "coordinates": [[[-77.02979, 38.89992], [-77.029747, 38.899948], [-77.029763, 38.900061], [-77.030023, 38.89997], [-77.02979, 38.89992]]]}, "properties": {"NAME": "Triangle"}}, {"type": "Feature", "geometry": {"type": "MultiPolygon", "coordinates": [[[[-76.943284, 38.8994], [-76.942757, 38.8994], [-76.942757, 38.89962], [-76.94339, 38.89962], [-76.94339, 38.8994], [-76.943284, 38.8994]]], [[[-76.943179, 38.899139], [-76.942758, 38.899139], [-76.942757, 38.899359], [-76.943284, 38.899359], [-76.943285, 38.89914], [-76.943179, 38.899139]]]]}, "properties": {"NAME": "Fort Circle Park"}}, {"type": "Feature", "geometry": {"type": "Polygon", "coordinates": [[[-77.053345, 38.899468], [-77.053182, 38.899534], [-77.053295, 38.899563], [-77.053345, 38.899468]]]}, "properties": {"NAME": null}}, {"type": "Feature", "geometry": {"type": "Polygon", "coordinates": [[[-77.052976, 38.899493], [-77.053167, 38.899424], [-77.053065, 38.899398], [-77.052976, 38.899493]]]}, "properties": {"NAME": null}}, {"type": "Feature", "geometry": {"type": "Polygon", "coordinates": [[[-76.985639, 38.898994], [-76.985639, 38.899095], [-76.985886, 38.898994], [-76.985639, 38.898994]]]}, "properties": {"NAME": "Triangle"}}, {"type": "Feature", "geometry": {"type": "MultiPolygon", "coordinates": [[[[-76.943074, 38.898522], [-76.942758, 38.898521], [-76.942758, 38.898741], [-76.94318, 38.898741], [-76.94318, 38.898522], [-76.943074, 38.898522]]], [[[-76.943074, 38.898782], [-76.942758, 38.898782], [-76.942758, 38.899002], [-76.943179, 38.899002], [-76.943179, 38.898783], [-76.943074, 38.898782]]]]}, "properties": {"NAME": "Fort Circle Park"}}, {"type": "Feature", "geometry": {"type": "Polygon", "coordinates": [[[-76.986816, 38.898894], [-76.987346, 38.898896], [-76.987093, 38.89878], [-76.986816, 38.898894]]]}, "properties": {"NAME": "Triangle"}}, {"type": "Feature", "geometry": {"type": "Polygon", "coordinates": [[[-76.987216, 38.898732], [-76.987338, 38.898792], [-76.987283, 38.898705], [-76.987216, 38.898732]]]}, "properties": {"NAME": "Triangle"}}, {"type": "Feature", "geometry": {"type": "Polygon", "coordinates": [[[-77.03383, 38.892215], [-77.033833, 38.898694], [-77.039257, 38.898692], [-77.039253, 38.892213], [-77.03383, 38.892215]]]}, "properties": {"NAME": "President's Park, White House Ground, Exec. Office, Treasury Bldg."}}, {"type": "Feature", "geometry": {"type": "Polygon", "coordinates": [[[-77.052926, 38.898504], [-77.053087, 38.898591], [-77.053143, 38.898499], [-77.052926, 38.898504]]]}, "properties": {"NAME": "Triangle"}}, {"type": "Feature", "geometry": {"type": "Polygon", "coordinates": [[[-77.011731, 38.898419], [-77.012156, 38.898594], [-77.01209, 38.898419], [-77.011731, 38.898419]]]}, "properties": {"NAME": "Triangle"}}, {"type": "Feature", "geometry": {"type": "Polygon", "coordinates": [[[-77.051776, 38.898252], [-77.051522, 38.89811], [-77.05152, 38.898252], [-77.051776, 38.898252]]]}, "properties": {"NAME": "Triangle"}}, {"type": "Feature", "geometry": {"type": "Polygon", "coordinates": [[[-77.054836, 38.897426], [-77.054483, 38.897866], [-77.054791, 38.897556], [-77.054854, 38.897441], [-77.054836, 38.897426]]]}, "properties": {"NAME": "Center Parking"}}, {"type": "Feature", "geometry": {"type": "Polygon", "coordinates": [[[-77.009268, 38.897428], [-77.009633, 38.897576], [-77.009692, 38.897483], [-77.009691, 38.897428], [-77.009268, 38.897428]]]}, "properties": {"NAME": "Triangle"}}, {"type": "Feature", "geometry": {"type": "Polygon", "coordinates": [[[-77.012002, 38.896917], [-77.011891, 38.896942], [-77.012005, 38.897266], [-77.012052, 38.897266], [-77.012052, 38.896917], [-77.012002, 38.896917]]]}, "properties": {"NAME": "Triangle"}}, {"type": "Feature", "geometry": {"type": "Polygon", "coordinates": [[[-76.990843, 38.897259], [-76.991426, 38.897264], [-76.991427, 38.897014], [-76.990843, 38.897259]]]}, "properties": {"NAME": "Triangle"}}, {"type": "Feature", "geometry": {"type": "Polygon", "coordinates": [[[-77.049486, 38.897226], [-77.049885, 38.897226], [-77.049486, 38.897011], [-77.049486, 38.897226]]]}, "properties": {"NAME": "Triangle"}}, {"type": "Feature", "geometry": {"type": "MultiPolygon", "coordinates": [[[[-76.962836, 38.884619], [-76.962168, 38.885089], [-76.961774, 38.886265], [-76.962077, 38.886341], [-76.962268, 38.886283], [-76.962978, 38.88452], [-76.962836, 38.884619]]], [[[-76.962644, 38.886345], [-76.962791, 38.886444], [-76.962466, 38.887263], [-76.961818, 38.888337], [-76.961348, 38.888822], [-76.961361, 38.888891], [-76.961901, 38.888952], [-76.962055, 38.889808], [-76.961361, 38.889808], [-76.96136, 38.891891], [-76.961312, 38.892254], [-76.961245, 38.89249], [-76.961095, 38.892824], [-76.960889, 38.893128], [-76.960634, 38.893391], [-76.960255, 38.893693], [-76.960015, 38.893962], [-76.959777, 38.894378], [-76.959666, 38.89472], [-76.959628, 38.895123], [-76.959715, 38.895622], [-76.960317, 38.896799], [-76.961206, 38.896871], [-76.961231, 38.896651], [-76.961212, 38.896452], [-76.960995, 38.895793], [-76.960976, 38.895616], [-76.961097, 38.894606], [-76.96131, 38.893725], [-76.961272, 38.893691], [-76.961325, 38.893672], [-76.961399, 38.893454], [-76.962216, 38.890593], [-76.96239, 38.8901], [-76.962501, 38.88951], [-76.962694, 38.888868], [-76.963024, 38.888077], [-76.96367, 38.886943], [-76.9644, 38.88599], [-76.964981, 38.885371], [-76.965862, 38.884625], [-76.968953, 38.882184], [-76.969558, 38.881551], [-76.969759, 38.881286], [-76.969916, 38.880983], [-76.970058, 38.880841], [-76.967481, 38.881669], [-76.966122, 38.882309], [-76.963538, 38.884126], [-76.962644, 38.886345]]]]}, "properties": {"NAME": "Anacostia Park, Section F"}}, {"type": "Feature", "geometry": {"type": "MultiPolygon", "coordinates": [[[[-76.992718, 38.896167], [-76.992718, 38.896253], [-76.992879, 38.896185], [-76.992718, 38.896167]]], [[[-76.992363, 38.896198], [-76.992421, 38.896336], [-76.992549, 38.896284], [-76.992549, 38.896198], [-76.992363, 38.896198]]]]}, "properties": {"NAME": "Triangle"}}, {"type": "Feature", "geometry": {"type": "Polygon", "coordinates": [[[-77.033096, 38.895665], [-77.032158, 38.895665], [-77.032158, 38.895939], [-77.033448, 38.896306], [-77.033448, 38.895665], [-77.033096, 38.895665]]]}, "properties": {"NAME": "Commerce Building Plaza (Pershing Square)"}}, {"type": "Feature", "geometry": {"type": "Polygon", "coordinates": [[[-77.048532, 38.896068], [-77.048353, 38.896073], [-77.048515, 38.89616], [-77.048532, 38.896068]]]}, "properties": {"NAME": "Triangle"}}, {"type": "Feature", "geometry": {"type": "Polygon", "coordinates": [[[-76.993866, 38.896027], [-76.994188, 38.896045], [-76.994188, 38.896], [-76.994134, 38.895919], [-76.993866, 38.896027]]]}, "properties": {"NAME": "Triangle"}}, {"type": "Feature", "geometry": {"type": "Polygon", "coordinates": [[[-77.048175, 38.895856], [-77.048442, 38.89596], [-77.048701, 38.89598], [-77.048701, 38.895549], [-77.048299, 38.89555], [-77.048299, 38.89546], [-77.047988, 38.89546], [-77.047966, 38.895422], [-77.047879, 38.895443], [-77.047818, 38.895534], [-77.047844, 38.895641], [-77.048175, 38.895856]]]}, "properties": {"NAME": "Park (Adjoining Dept. of State)"}}, {"type": "Feature", "geometry": {"type": "Polygon", "coordinates": [[[-77.04775, 38.895432], [-77.047601, 38.895512], [-77.047488, 38.895631], [-77.048123, 38.895961], [-77.048256, 38.895961], [-77.04778, 38.895701], [-77.047722, 38.895584], [-77.04775, 38.895432]]]}, "properties": {"NAME": "Triangle"}}, {"type": "Feature", "geometry": {"type": "Polygon", "coordinates": [[[-77.043304, 38.8959], [-77.043341, 38.895879], [-77.04334, 38.895519], [-77.043317, 38.895495], [-77.04191, 38.895493], [-77.041874, 38.895521], [-77.041874, 38.895882], [-77.041898, 38.8959], [-77.043304, 38.8959]]]}, "properties": {"NAME": "Rawlins Park"}}, {"type": "Feature", "geometry": {"type": "Polygon", "coordinates": [[[-77.002965, 38.894867], [-77.00342, 38.895054], [-77.00342, 38.894867], [-77.002965, 38.894867]]]}, "properties": {"NAME": "Triangle"}}, {"type": "Feature", "geometry": {"type": "Polygon", "coordinates": [[[-76.995703, 38.894888], [-76.995764, 38.894983], [-76.99604, 38.894867], [-76.995703, 38.894866], [-76.995703, 38.894888]]]}, "properties": {"NAME": "Triangle"}}, {"type": "Feature", "geometry": {"type": "Polygon", "coordinates": [[[-77.019772, 38.894607], [-77.019745, 38.894588], [-77.019258, 38.894728], [-77.019755, 38.894726], [-77.019772, 38.894607]]]}, "properties": {"NAME": "Triangle"}}, {"type": "Feature", "geometry": {"type": "Polygon", "coordinates": [[[-76.997043, 38.894723], [-76.997487, 38.894723], [-76.997487, 38.894639], [-76.997435, 38.89456], [-76.997043, 38.894723]]]}, "properties": {"NAME": "Triangle"}}, {"type": "Feature", "geometry": {"type": "Polygon", "coordinates": [[[-77.001536, 38.894656], [-77.001536, 38.894723], [-77.001948, 38.894723], [-77.001948, 38.8947], [-77.001601, 38.894559], [-77.001536, 38.894656]]]}, "properties": {"NAME": "Triangle"}}, {"type": "Feature", "geometry": {"type": "Polygon", "coordinates": [[[-77.00997, 38.894687], [-77.010737, 38.894684], [-77.010579, 38.894241], [-77.00997, 38.894687]]]}, "properties": {"NAME": null}}, {"type": "Feature", "geometry": {"type": "Polygon", "coordinates": [[[-77.021699, 38.893542], [-77.021618, 38.893463], [-77.021526, 38.893464], [-77.021446, 38.893544], [-77.021446, 38.893635], [-77.021526, 38.893716], [-77.021618, 38.893717], [-77.021706, 38.893625], [-77.021699, 38.893542]]]}, "properties": {"NAME": "Circle"}}, {"type": "Feature", "geometry": {"type": "Polygon", "coordinates": [[[-77.044026, 38.893666], [-77.044096, 38.893673], [-77.04477, 38.89344], [-77.043675, 38.89344], [-77.043675, 38.893485], [-77.043924, 38.893628], [-77.044026, 38.893628], [-77.044026, 38.893666]]]}, "properties": {"NAME": "Triangle"}}, {"type": "Feature", "geometry": {"type": "Polygon", "coordinates": [[[-77.011961, 38.893246], [-77.011684, 38.89346], [-77.011929, 38.893459], [-77.012007, 38.893424], [-77.012045, 38.893351], [-77.012014, 38.893256], [-77.012031, 38.893199], [-77.011961, 38.893246]]]}, "properties": {"NAME": null}}, {"type": "Feature", "geometry": {"type": "Polygon", "coordinates": [[[-77.041871, 38.893241], [-77.041871, 38.893428], [-77.042874, 38.893427], [-77.04187, 38.892884], [-77.041871, 38.893241]]]}, "properties": {"NAME": "Triangle"}}, {"type": "Feature", "geometry": {"type": "MultiPolygon", "coordinates": [[[[-76.945246, 38.892116], [-76.94507, 38.892304], [-76.945334, 38.892304], [-76.945334, 38.89203], [-76.945246, 38.892116]]], [[[-76.944961, 38.892397], [-76.944735, 38.89262], [-76.945017, 38.89262], [-76.945018, 38.892341], [-76.944961, 38.892397]]], [[[-76.944677, 38.891434], [-76.944674, 38.891877], [-76.944595, 38.891988], [-76.944456, 38.892029], [-76.943525, 38.892029], [-76.943524, 38.892647], [-76.942769, 38.892646], [-76.942769, 38.89283], [-76.943524, 38.893088], [-76.944455, 38.893277], [-76.944455, 38.89263], [-76.945318, 38.891777], [-76.946047, 38.891778], [-76.946047, 38.89139], [-76.945991, 38.89139], [-76.945991, 38.891348], [-76.946399, 38.891349], [-76.946399, 38.890961], [-76.946265, 38.890961], [-76.946265, 38.890823], [-76.946607, 38.890824], [-76.946607, 38.890395], [-76.947102, 38.890395], [-76.947103, 38.890007], [-76.94503, 38.890006], [-76.945029, 38.890823], [-76.944678, 38.890823], [-76.944677, 38.891434]]]]}, "properties": {"NAME": "Fort Circle Park"}}, {"type": "Feature", "geometry": {"type": "Polygon", "coordinates": [[[-77.04304, 38.892223], [-77.041859, 38.892223], [-77.04186, 38.892499], [-77.043287, 38.893264], [-77.043286, 38.892223], [-77.04304, 38.892223]]]}, "properties": {"NAME": "Square 147 (Pan American Annex)"}}, {"type": "Feature", "geometry": {"type": "Polygon", "coordinates": [[[-77.047758, 38.89224], [-77.046829, 38.89224], [-77.046829, 38.892288], [-77.048695, 38.892645], [-77.048694, 38.89224], [-77.047758, 38.89224]]]}, "properties": {"NAME": null}}, {"type": "Feature", "geometry": {"type": "Polygon", "coordinates": [[[-77.04964, 38.892274], [-77.048987, 38.892274], [-77.048988, 38.892424], [-77.04995, 38.89262], [-77.04995, 38.892274], [-77.04964, 38.892274]]]}, "properties": {"NAME": "Curb Parking"}}, {"type": "Feature", "geometry": {"type": "Polygon", "coordinates": [[[-77.019295, 38.892213], [-77.019134, 38.892235], [-77.018977, 38.892303], [-77.01975, 38.892502], [-77.019743, 38.892218], [-77.019295, 38.892213]]]}, "properties": {"NAME": "Triangle - Mellon Fountain"}}, {"type": "Feature", "geometry": {"type": "Polygon", "coordinates": [[[-77.041264, 38.892233], [-77.04158, 38.892404], [-77.04158, 38.892233], [-77.041264, 38.892233]]]}, "properties": {"NAME": "Triangle"}}, {"type": "Feature", "geometry": {"type": "Polygon", "coordinates": [[[-77.002135, 38.89236], [-77.002293, 38.892274], [-77.002135, 38.892207], [-77.002135, 38.89236]]]}, "properties": {"NAME": "Triangle"}}, {"type": "Feature", "geometry": {"type": "Polygon", "coordinates": [[[-76.941522, 38.892028], [-76.942015, 38.89223], [-76.942046, 38.892215], [-76.942046, 38.892029], [-76.941522, 38.892028]]]}, "properties": {"NAME": "Triangle"}}, {"type": "Feature", "geometry": {"type": "Polygon", "coordinates": [[[-77.00214, 38.892079], [-77.00245, 38.892207], [-77.002774, 38.892065], [-77.00214, 38.892048], [-77.00214, 38.892079]]]}, "properties": {"NAME": "Triangle"}}, {"type": "Feature", "geometry": {"type": "Polygon", "coordinates": [[[-76.940757, 38.892028], [-76.941046, 38.892147], [-76.941126, 38.892028], [-76.940757, 38.892028]]]}, "properties": {"NAME": "Triangle"}}, {"type": "Feature", "geometry": {"type": "Polygon", "coordinates": [[[-77.018466, 38.892146], [-77.018719, 38.892042], [-77.018092, 38.892041], [-77.018466, 38.892146]]]}, "properties": {"NAME": "Triangle - Mellon Fountain"}}, {"type": "Feature", "geometry": {"type": "Polygon", "coordinates": [[[-77.033745, 38.891989], [-77.039481, 38.891994], [-77.039479, 38.887936], [-77.038837, 38.887891], [-77.038748, 38.887868], [-77.038714, 38.88779], [-77.038256, 38.887681], [-77.037865, 38.887529], [-77.037784, 38.887431], [-77.037778, 38.887295], [-77.037869, 38.887178], [-77.038093, 38.887074], [-77.038122, 38.887002], [-77.038108, 38.886814], [-77.038009, 38.886713], [-77.03783, 38.886602], [-77.037472, 38.886457], [-77.037085, 38.886116], [-77.036918, 38.885867], [-77.036751, 38.885422], [-77.036578, 38.885179], [-77.036353, 38.885023], [-77.036141, 38.884968], [-77.035391, 38.884974], [-77.035066, 38.884936], [-77.034602, 38.884773], [-77.034256, 38.88459], [-77.033992, 38.88438], [-77.033593, 38.88394], [-77.033045, 38.882964], [-77.033056, 38.882936], [-77.032753, 38.882781], [-77.032432, 38.883308], [-77.032229, 38.883871], [-77.033481, 38.884645], [-77.033482, 38.8877], [-77.03321, 38.887715], [-77.032911, 38.887679], [-77.032225, 38.887514], [-77.032148, 38.887462], [-77.03215, 38.891903], [-77.033745, 38.891902], [-77.033745, 38.891989]]]}, "properties": {"NAME": "Washington Monument & Grounds"}}, {"type": "Feature", "geometry": {"type": "MultiPolygon", "coordinates": [[[[-77.028279, 38.887686], [-77.028241, 38.887728], [-77.028242, 38.888588], [-77.028272, 38.888619], [-77.031772, 38.88857], [-77.031827, 38.88854], [-77.031827, 38.887731], [-77.031786, 38.88769], [-77.028279, 38.887686]]], [[[-77.025062, 38.888899], [-77.025626, 38.889007], [-77.0262, 38.889014], [-77.026824, 38.8889], [-77.026896, 38.888836], [-77.027033, 38.888783], [-77.02715, 38.88878], [-77.027457, 38.888665], [-77.027908, 38.888621], [-77.027903, 38.887711], [-77.027875, 38.887687], [-77.027233, 38.887709], [-77.027171, 38.887687], [-77.022094, 38.887686], [-77.022053, 38.88772], [-77.022053, 38.888665], [-77.022083, 38.888699], [-77.024084, 38.888687], [-77.024429, 38.888741], [-77.025062, 38.888899]]], [[[-77.022051, 38.890464], [-77.022091, 38.8905], [-77.031782, 38.890369], [-77.031828, 38.890331], [-77.031827, 38.888703], [-77.031778, 38.88867], [-77.027695, 38.888719], [-77.027462, 38.888765], [-77.02664, 38.889046], [-77.025935, 38.889122], [-77.02537, 38.88907], [-77.024091, 38.888785], [-77.022104, 38.888794], [-77.022051, 38.888828], [-77.022051, 38.890464]]], [[[-77.022157, 38.890664], [-77.022153, 38.891888], [-77.02388, 38.89189], [-77.02388, 38.890643], [-77.022157, 38.890664]]], [[[-77.024032, 38.890572], [-77.024039, 38.891922], [-77.024076, 38.891971], [-77.027686, 38.891982], [-77.027775, 38.891962], [-77.027858, 38.891874], [-77.027856, 38.890551], [-77.027825, 38.890525], [-77.024032, 38.890572]]], [[[-77.031777, 38.891987], [-77.031829, 38.891954], [-77.031828, 38.890506], [-77.031803, 38.890475], [-77.02946, 38.89053], [-77.029377, 38.890502], [-77.028284, 38.890513], [-77.028243, 38.890542], [-77.028243, 38.891935], [-77.02828, 38.891977], [-77.031777, 38.891987]]]]}, "properties": {"NAME": "The Mall, Smithsonian Grounds"}}, {"type": "Feature", "geometry": {"type": "MultiPolygon", "coordinates": [[[[-77.017695, 38.887686], [-77.017653, 38.887725], [-77.017655, 38.888713], [-77.017692, 38.888756], [-77.021737, 38.888708], [-77.021782, 38.888669], [-77.021783, 38.887723], [-77.021755, 38.887688], [-77.017695, 38.887686]]], [[[-77.015335, 38.88876], [-77.015367, 38.888783], [-77.017437, 38.888754], [-77.01746, 38.888719], [-77.017459, 38.887737], [-77.01741, 38.8877], [-77.016679, 38.887703], [-77.016229, 38.88799], [-77.015355, 38.888236], [-77.015327, 38.888269], [-77.015335, 38.88876]]], [[[-77.021729, 38.8888], [-77.017686, 38.888857], [-77.017655, 38.888888], [-77.017655, 38.890525], [-77.017697, 38.890557], [-77.021761, 38.890499], [-77.021783, 38.890468], [-77.021782, 38.888837], [-77.021729, 38.8888]]], [[[-77.017461, 38.888884], [-77.017437, 38.888859], [-77.015342, 38.888893], [-77.015333, 38.89057], [-77.01744, 38.890551], [-77.017461, 38.888884]]], [[[-77.015376, 38.890683], [-77.015326, 38.890715], [-77.015327, 38.891293], [-77.015371, 38.891353], [-77.017396, 38.891918], [-77.017458, 38.891894], [-77.017445, 38.890666], [-77.015376, 38.890683]]], [[[-77.019913, 38.890624], [-77.017678, 38.890659], [-77.017655, 38.890692], [-77.017672, 38.891968], [-77.021739, 38.891974], [-77.021777, 38.891952], [-77.021764, 38.890607], [-77.019913, 38.890624]]]]}, "properties": {"NAME": "The Mall"}}, {"type": "Feature", "geometry": {"type": "Polygon", "coordinates": [[[-77.015377, 38.89195], [-77.015694, 38.89195], [-77.015893, 38.891857], [-77.015377, 38.891707], [-77.015377, 38.89195]]]}, "properties": {"NAME": "Triangle"}}, {"type": "Feature", "geometry": {"type": "Polygon", "coordinates": [[[-77.004403, 38.891892], [-77.004775, 38.891899], [-77.004775, 38.891804], [-77.004715, 38.891715], [-77.004533, 38.891789], [-77.004519, 38.891769], [-77.004403, 38.891892]]]}, "properties": {"NAME": "Triangle"}}, {"type": "Feature", "geometry": {"type": "Polygon", "coordinates": [[[-77.003893, 38.891816], [-77.004288, 38.891868], [-77.004653, 38.891516], [-77.003893, 38.891816]]]}, "properties": {"NAME": "Triangle"}}, {"type": "Feature", "geometry": {"type": "Polygon", "coordinates": [[[-76.988479, 38.889312], [-76.988438, 38.889337], [-76.988437, 38.89022], [-76.988529, 38.8903], [-76.991305, 38.8903], [-76.991398, 38.890223], [-76.991402, 38.889385], [-76.991341, 38.889316], [-76.988479, 38.889312]]]}, "properties": {"NAME": "Lincoln Park"}}, {"type": "Feature", "geometry": {"type": "Polygon", "coordinates": [[[-76.931165, 38.889664], [-76.930116, 38.889496], [-76.930275, 38.889662], [-76.931165, 38.889664]]]}, "properties": {"NAME": "Triangle"}}, {"type": "Feature", "geometry": {"type": "Polygon", "coordinates": [[[-76.941529, 38.886606], [-76.941472, 38.88705], [-76.941318, 38.887579], [-76.941146, 38.887954], [-76.940439, 38.889221], [-76.940332, 38.889576], [-76.946592, 38.889575], [-76.944184, 38.887164], [-76.944391, 38.886855], [-76.943827, 38.886806], [-76.943628, 38.886607], [-76.941529, 38.886606]]]}, "properties": {"NAME": "Fort Chaplin Park"}}, {"type": "Feature", "geometry": {"type": "Polygon", "coordinates": [[[-76.946592, 38.889575], [-76.946894, 38.889575], [-76.946895, 38.889132], [-76.946859, 38.889132], [-76.946379, 38.888648], [-76.94652, 38.888648], [-76.946521, 38.888143], [-76.946469, 38.888143], [-76.946469, 38.88772], [-76.947086, 38.887925], [-76.947705, 38.887548], [-76.946618, 38.88646], [-76.946342, 38.886602], [-76.946069, 38.88665], [-76.946092, 38.886608], [-76.943628, 38.886607], [-76.943827, 38.886806], [-76.944391, 38.886855], [-76.944184, 38.887164], [-76.946592, 38.889575]]]}, "properties": {"NAME": "Fort Circle Park"}}, {"type": "Feature", "geometry": {"type": "Polygon", "coordinates": [[[-77.015373, 38.887729], [-77.015374, 38.888019], [-77.015907, 38.887869], [-77.016132, 38.887728], [-77.015373, 38.887729]]]}, "properties": {"NAME": "Triangle"}}, {"type": "Feature", "geometry": {"type": "Polygon", "coordinates": [[[-77.00302, 38.887536], [-77.003365, 38.887609], [-77.003379, 38.887568], [-77.002777, 38.887325], [-77.002684, 38.887314], [-77.002593, 38.887352], [-77.00302, 38.887536]]]}, "properties": {"NAME": "Center Parking"}}, {"type": "Feature", "geometry": {"type": "Polygon", "coordinates": [[[-77.002208, 38.88752], [-77.002631, 38.887529], [-77.002397, 38.887436], [-77.002208, 38.88752]]]}, "properties": {"NAME": "Center Parking"}}, {"type": "Feature", "geometry": {"type": "Polygon", "coordinates": [[[-77.002144, 38.887465], [-77.002298, 38.887397], [-77.002142, 38.887334], [-77.002144, 38.887465]]]}, "properties": {"NAME": "Center Parking"}}, {"type": "Feature", "geometry": {"type": "Polygon", "coordinates": [[[-77.019417, 38.887157], [-77.019051, 38.887426], [-77.019793, 38.887426], [-77.019781, 38.887055], [-77.019417, 38.887157]]]}, "properties": {"NAME": "The Mall, Seaton Park, West"}}, {"type": "Feature", "geometry": {"type": "Polygon", "coordinates": [[[-77.00219, 38.887067], [-77.002159, 38.887082], [-77.002174, 38.887193], [-77.002469, 38.887312], [-77.002614, 38.887255], [-77.00219, 38.887067]]]}, "properties": {"NAME": "Center Parking"}}, {"type": "Feature", "geometry": {"type": "Polygon", "coordinates": [[[-77.000685, 38.886587], [-77.001899, 38.887081], [-77.001926, 38.887068], [-77.001918, 38.886954], [-77.000685, 38.886457], [-77.000685, 38.886587]]]}, "properties": {"NAME": "Center Parking"}}, {"type": "Feature", "geometry": {"type": "Polygon", "coordinates": [[[-76.998703, 38.886472], [-77.00002, 38.886472], [-76.999368, 38.886212], [-76.998703, 38.886472]]]}, "properties": {"NAME": "Triangle"}}, {"type": "Feature", "geometry": {"type": "Polygon", "coordinates": [[[-76.945082, 38.886394], [-76.945124, 38.886436], [-76.946139, 38.886437], [-76.946162, 38.886396], [-76.946322, 38.886362], [-76.946204, 38.886321], [-76.946243, 38.886252], [-76.945735, 38.885737], [-76.945288, 38.885223], [-76.945097, 38.884867], [-76.945095, 38.883777], [-76.945135, 38.883777], [-76.945136, 38.882844], [-76.945193, 38.882772], [-76.945266, 38.882762], [-76.945265, 38.882452], [-76.945527, 38.882471], [-76.945527, 38.881946], [-76.945988, 38.881835], [-76.945595, 38.880978], [-76.944694, 38.881261], [-76.944257, 38.88144], [-76.943622, 38.881756], [-76.943807, 38.882215], [-76.943862, 38.882224], [-76.944128, 38.882883], [-76.943383, 38.883067], [-76.943682, 38.883722], [-76.944056, 38.884385], [-76.943642, 38.884541], [-76.943908, 38.884974], [-76.944253, 38.885446], [-76.945082, 38.886394]]]}, "properties": {"NAME": "Fort Circle Park"}}, {"type": "Feature", "geometry": {"type": "Polygon", "coordinates": [[[-76.999552, 38.886125], [-77.000331, 38.886441], [-77.000417, 38.886432], [-77.000466, 38.886382], [-76.999722, 38.886059], [-76.999552, 38.886125]]]}, "properties": {"NAME": "Center Parking"}}, {"type": "Feature", "geometry": {"type": "Polygon", "coordinates": [[[-76.998562, 38.886332], [-76.999124, 38.886105], [-76.998562, 38.88588], [-76.998562, 38.886332]]]}, "properties": {"NAME": "Triangle"}}, {"type": "Feature", "geometry": {"type": "Polygon", "coordinates": [[[-77.022112, 38.886258], [-77.023859, 38.886257], [-77.023859, 38.885884], [-77.023384, 38.885958], [-77.023064, 38.885974], [-77.022584, 38.885947], [-77.022112, 38.88586], [-77.022112, 38.886258]]]}, "properties": {"NAME": "Park"}}, {"type": "Feature", "geometry": {"type": "Polygon", "coordinates": [[[-76.999914, 38.885981], [-77.000475, 38.886209], [-77.000475, 38.885753], [-76.999914, 38.885981]]]}, "properties": {"NAME": "Triangle"}}, {"type": "Feature", "geometry": {"type": "Polygon", "coordinates": [[[-76.998786, 38.885683], [-76.998648, 38.88567], [-76.998568, 38.885716], [-76.999327, 38.886032], [-76.999484, 38.885985], [-76.998786, 38.885683]]]}, "properties": {"NAME": "Center Parking"}}, {"type": "Feature", "geometry": {"type": "Polygon", "coordinates": [[[-77.000218, 38.885618], [-76.999022, 38.885618], [-76.999669, 38.885881], [-77.000313, 38.885618], [-77.000218, 38.885618]]]}, "properties": {"NAME": "Triangle"}}, {"type": "Feature", "geometry": {"type": "Polygon", "coordinates": [[[-76.996279, 38.884684], [-76.996279, 38.884787], [-76.998359, 38.885636], [-76.998359, 38.885507], [-76.996279, 38.884658], [-76.996279, 38.884684]]]}, "properties": {"NAME": "Center Parking"}}, {"type": "Feature", "geometry": {"type": "Polygon", "coordinates": [[[-77.026268, 38.885188], [-77.026268, 38.885508], [-77.026356, 38.885508], [-77.026356, 38.885312], [-77.026751, 38.885203], [-77.026752, 38.885056], [-77.026268, 38.885188]]]}, "properties": {"NAME": null}}, {"type": "Feature", "geometry": {"type": "Polygon", "coordinates": [[[-77.020041, 38.884948], [-77.020037, 38.885003], [-77.020356, 38.885092], [-77.020356, 38.884947], [-77.020041, 38.884948]]]}, "properties": {"NAME": "Triangle"}}, {"type": "Feature", "geometry": {"type": "Polygon", "coordinates": [[[-77.002141, 38.884356], [-77.002141, 38.884995], [-77.003419, 38.884995], [-77.003419, 38.884356], [-77.002141, 38.884356]]]}, "properties": {"NAME": "Folger Park"}}, {"type": "Feature", "geometry": {"type": "MultiPolygon", "coordinates": [[[[-77.009193, 38.8837], [-77.009403, 38.883735], [-77.009193, 38.883541], [-77.009193, 38.8837]]], [[[-77.010343, 38.884446], [-77.010576, 38.884718], [-77.010888, 38.884951], [-77.010854, 38.884824], [-77.010343, 38.884446]]], [[[-77.009193, 38.883896], [-77.010646, 38.884972], [-77.010675, 38.884963], [-77.010333, 38.884629], [-77.009985, 38.88418], [-77.009625, 38.883914], [-77.009418, 38.88381], [-77.009193, 38.883761], [-77.009193, 38.883896]]]]}, "properties": {"NAME": null}}, {"type": "Feature", "geometry": {"type": "Polygon", "coordinates": [[[-77.027401, 38.884939], [-77.027968, 38.884939], [-77.027982, 38.884778], [-77.027401, 38.884939]]]}, "properties": {"NAME": null}}, {"type": "Feature", "geometry": {"type": "Polygon", "coordinates": [[[-76.945333, 38.884406], [-76.945333, 38.884816], [-76.945529, 38.884816], [-76.945547, 38.884358], [-76.945333, 38.884358], [-76.945333, 38.884406]]]}, "properties": {"NAME": "Fort Circle Park"}}, {"type": "Feature", "geometry": {"type": "Polygon", "coordinates": [[[-76.995116, 38.884186], [-76.995099, 38.884315], [-76.996073, 38.884705], [-76.996075, 38.884577], [-76.995116, 38.884186]]]}, "properties": {"NAME": "Center Parking"}}, {"type": "Feature", "geometry": {"type": "Polygon", "coordinates": [[[-76.993872, 38.883677], [-76.993856, 38.883801], [-76.994851, 38.884205], [-76.994851, 38.884076], [-76.993872, 38.883677]]]}, "properties": {"NAME": "Center Parking"}}, {"type": "Feature", "geometry": {"type": "Polygon", "coordinates": [[[-76.992761, 38.883229], [-76.992736, 38.883225], [-76.992736, 38.883346], [-76.99368, 38.883727], [-76.993677, 38.8836], [-76.992761, 38.883229]]]}, "properties": {"NAME": "Center Parking"}}, {"type": "Feature", "geometry": {"type": "Polygon", "coordinates": [[[-77.009373, 38.88325], [-77.009315, 38.883272], [-77.009296, 38.883342], [-77.009534, 38.883668], [-77.009533, 38.88325], [-77.009373, 38.88325]]]}, "properties": {"NAME": null}}, {"type": "Feature", "geometry": {"type": "MultiPolygon", "coordinates": [[[[-77.005221, 38.883476], [-77.005294, 38.883586], [-77.005423, 38.883516], [-77.005614, 38.883346], [-77.005221, 38.883336], [-77.005221, 38.883476]]], [[[-77.005461, 38.883609], [-77.005783, 38.883487], [-77.005784, 38.883375], [-77.005764, 38.883356], [-77.005461, 38.883609]]]]}, "properties": {"NAME": null}}, {"type": "Feature", "geometry": {"type": "Polygon", "coordinates": [[[-76.952968, 38.883548], [-76.956494, 38.883569], [-76.956574, 38.883467], [-76.956501, 38.883467], [-76.957114, 38.882836], [-76.957903, 38.882836], [-76.960941, 38.87858], [-76.960794, 38.87846], [-76.960695, 38.878297], [-76.960655, 38.878112], [-76.960679, 38.877923], [-76.943467, 38.870927], [-76.939738, 38.871686], [-76.93938, 38.871813], [-76.939007, 38.872002], [-76.938334, 38.872479], [-76.939044, 38.874891], [-76.939899, 38.875343], [-76.94126, 38.87619], [-76.941731, 38.876441], [-76.942306, 38.876632], [-76.943594, 38.877189], [-76.94487, 38.878415], [-76.945192, 38.878792], [-76.945472, 38.879307], [-76.946582, 38.882109], [-76.946994, 38.882774], [-76.947686, 38.882774], [-76.952968, 38.883548]]]}, "properties": {"NAME": "Fort Dupont Park"}}, {"type": "Feature", "geometry": {"type": "Polygon", "coordinates": [[[-76.991685, 38.882916], [-76.992565, 38.883266], [-76.992565, 38.883145], [-76.991683, 38.88279], [-76.991685, 38.882916]]]}, "properties": {"NAME": "Center Parking"}}, {"type": "Feature", "geometry": {"type": "Polygon", "coordinates": [[[-76.998556, 38.882809], [-76.998556, 38.883143], [-77.000472, 38.883143], [-77.000472, 38.882809], [-76.998556, 38.882809]]]}, "properties": {"NAME": "Marion Park"}}, {"type": "Feature", "geometry": {"type": "Polygon", "coordinates": [[[-76.992125, 38.882809], [-76.992548, 38.88298], [-76.992549, 38.882807], [-76.992125, 38.882809]]]}, "properties": {"NAME": "Triangle"}}, {"type": "Feature", "geometry": {"type": "Polygon", "coordinates": [[[-76.922588, 38.882753], [-76.922564, 38.882772], [-76.922723, 38.882794], [-76.92276, 38.882619], [-76.922588, 38.882753]]]}, "properties": {"NAME": null}}, {"type": "Feature", "geometry": {"type": "Polygon", "coordinates": [[[-76.990347, 38.882371], [-76.991389, 38.882792], [-76.991389, 38.882665], [-76.990347, 38.88224], [-76.990347, 38.882371]]]}, "properties": {"NAME": "Center Parking"}}, {"type": "Feature", "geometry": {"type": "Polygon", "coordinates": [[[-76.990354, 38.882759], [-76.990934, 38.882759], [-76.990354, 38.882526], [-76.990354, 38.882759]]]}, "properties": {"NAME": "Triangle"}}, {"type": "Feature", "geometry": {"type": "Polygon", "coordinates": [[[-77.032367, 38.881982], [-77.032546, 38.882281], [-77.032657, 38.882321], [-77.032919, 38.882552], [-77.033281, 38.882638], [-77.03364, 38.882578], [-77.033888, 38.882482], [-77.034114, 38.88234], [-77.034477, 38.882035], [-77.034859, 38.881904], [-77.035103, 38.881901], [-77.035589, 38.882037], [-77.035922, 38.882052], [-77.036181, 38.882159], [-77.036457, 38.882209], [-77.036737, 38.882199], [-77.037009, 38.882129], [-77.037179, 38.88205], [-77.037534, 38.882024], [-77.037686, 38.881916], [-77.037784, 38.881768], [-77.037873, 38.88145], [-77.037946, 38.880907], [-77.038128, 38.880606], [-77.038295, 38.880475], [-77.038491, 38.880394], [-77.039526, 38.88031], [-77.039885, 38.880202], [-77.040108, 38.879988], [-77.040219, 38.879821], [-77.040341, 38.879362], [-77.037773, 38.87788], [-77.036456, 38.876962], [-77.035411, 38.876163], [-77.03422, 38.875149], [-77.033329, 38.874306], [-77.03245, 38.873399], [-77.031409, 38.872193], [-77.030597, 38.871142], [-77.030034, 38.870349], [-77.029337, 38.869281], [-77.02888, 38.868516], [-77.022615, 38.856918], [-77.022529, 38.856839], [-77.022372, 38.856768], [-77.022192, 38.856752], [-77.022034, 38.856786], [-77.021867, 38.856894], [-77.021783, 38.85706], [-77.022143, 38.868618], [-77.022243, 38.869267], [-77.022395, 38.869809], [-77.023556, 38.872867], [-77.023882, 38.873657], [-77.024307, 38.874376], [-77.02562, 38.876003], [-77.025882, 38.87629], [-77.026501, 38.87686], [-77.031663, 38.880704], [-77.032367, 38.881982]]]}, "properties": {"NAME": "East Potomac Park"}}, {"type": "Feature", "geometry": {"type": "Polygon", "coordinates": [[[-76.922934, 38.882483], [-76.922869, 38.882535], [-76.923065, 38.882558], [-76.923106, 38.88235], [-76.922934, 38.882483]]]}, "properties": {"NAME": null}}, {"type": "Feature", "geometry": {"type": "Polygon", "coordinates": [[[-76.988438, 38.881465], [-76.988422, 38.881593], [-76.990152, 38.882288], [-76.990152, 38.882157], [-76.988438, 38.881465]]]}, "properties": {"NAME": "Center Parking"}}, {"type": "Feature", "geometry": {"type": "Polygon", "coordinates": [[[-76.923438, 38.882088], [-76.92336, 38.882151], [-76.923416, 38.882195], [-76.923555, 38.882214], [-76.923607, 38.881953], [-76.923438, 38.882088]]]}, "properties": {"NAME": null}}, {"type": "Feature", "geometry": {"type": "Polygon", "coordinates": [[[-76.924336, 38.881384], [-76.924087, 38.881577], [-76.9244, 38.881619], [-76.924453, 38.88137], [-76.924336, 38.881384]]]}, "properties": {"NAME": null}}, {"type": "Feature", "geometry": {"type": "Polygon", "coordinates": [[[-76.988642, 38.881356], [-76.988582, 38.881364], [-76.989019, 38.881543], [-76.989035, 38.88152], [-76.989035, 38.881356], [-76.988642, 38.881356]]]}, "properties": {"NAME": "Triangle"}}, {"type": "Feature", "geometry": {"type": "Polygon", "coordinates": [[[-76.987658, 38.881274], [-76.98822, 38.881502], [-76.98822, 38.881372], [-76.987868, 38.881228], [-76.987658, 38.881274]]]}, "properties": {"NAME": "Center Parking"}}, {"type": "Feature", "geometry": {"type": "Polygon", "coordinates": [[[-76.924803, 38.881337], [-76.924657, 38.881354], [-76.924652, 38.881378], [-76.924929, 38.881414], [-76.92495, 38.881319], [-76.924803, 38.881337]]]}, "properties": {"NAME": null}}, {"type": "Feature", "geometry": {"type": "Polygon", "coordinates": [[[-76.926682, 38.881117], [-76.926193, 38.881176], [-76.926794, 38.881257], [-76.926829, 38.881099], [-76.926682, 38.881117]]]}, "properties": {"NAME": null}}, {"type": "Feature", "geometry": {"type": "Polygon", "coordinates": [[[-76.98607, 38.880506], [-76.985954, 38.880592], [-76.987658, 38.881274], [-76.987868, 38.881228], [-76.98607, 38.880506]]]}, "properties": {"NAME": "Triangle"}}, {"type": "Feature", "geometry": {"type": "Polygon", "coordinates": [[[-76.984894, 38.880546], [-76.984829, 38.880607], [-76.984911, 38.88058], [-76.984894, 38.880546]]]}, "properties": {"NAME": " "}}, {"type": "Feature", "geometry": {"type": "Polygon", "coordinates": [[[-76.984953, 38.880424], [-76.984982, 38.880524], [-76.985014, 38.880541], [-76.985521, 38.880533], [-76.985007, 38.880315], [-76.984953, 38.880424]]]}, "properties": {"NAME": "Triangle"}}, {"type": "Feature", "geometry": {"type": "Polygon", "coordinates": [[[-76.985227, 38.880151], [-76.98509, 38.88023], [-76.985786, 38.880513], [-76.985933, 38.88044], [-76.985227, 38.880151]]]}, "properties": {"NAME": "Triangle"}}, {"type": "Feature", "geometry": {"type": "Polygon", "coordinates": [[[-76.985558, 38.88013], [-76.986048, 38.880331], [-76.986083, 38.88023], [-76.98605, 38.880129], [-76.985558, 38.88013]]]}, "properties": {"NAME": "Center Parking"}}, {"type": "Feature", "geometry": {"type": "Polygon", "coordinates": [[[-76.983755, 38.879686], [-76.984949, 38.880172], [-76.985075, 38.88009], [-76.983759, 38.879552], [-76.983755, 38.879686]]]}, "properties": {"NAME": "Center Parking"}}, {"type": "Feature", "geometry": {"type": "Polygon", "coordinates": [[[-76.986214, 38.880063], [-76.986091, 38.88009], [-76.986138, 38.880141], [-76.986214, 38.880063]]]}, "properties": {"NAME": "Triangle"}}, {"type": "Feature", "geometry": {"type": "Polygon", "coordinates": [[[-76.981709, 38.878725], [-76.981673, 38.878827], [-76.983561, 38.879602], [-76.983561, 38.879472], [-76.981709, 38.878725]]]}, "properties": {"NAME": "Center Parking"}}, {"type": "Feature", "geometry": {"type": "Polygon", "coordinates": [[[-77.000196, 38.879371], [-77.000152, 38.879418], [-77.000169, 38.879471], [-77.000475, 38.879597], [-77.000475, 38.879371], [-77.000196, 38.879371]]]}, "properties": {"NAME": "Triangle"}}, {"type": "Feature", "geometry": {"type": "MultiPolygon", "coordinates": [[[[-76.961915, 38.877792], [-76.961738, 38.877624], [-76.961566, 38.87756], [-76.961322, 38.877572], [-76.961157, 38.877653], [-76.96103, 38.877786], [-76.960944, 38.878014], [-76.960952, 38.878197], [-76.961023, 38.878367], [-76.961121, 38.878463], [-76.961469, 38.878077], [-76.961915, 38.877792]]], [[[-76.96201, 38.877908], [-76.961886, 38.877948], [-76.961615, 38.87812], [-76.961381, 38.878339], [-76.961249, 38.878525], [-76.961368, 38.878573], [-76.961544, 38.878589], [-76.961817, 38.878487], [-76.96194, 38.87836], [-76.962014, 38.8782], [-76.96201, 38.877908]]]]}, "properties": {"NAME": "Randle Circle"}}, {"type": "Feature", "geometry": {"type": "Polygon", "coordinates": [[[-76.996028, 38.878451], [-76.996131, 38.878487], [-76.996126, 38.878453], [-76.996028, 38.878451]]]}, "properties": {"NAME": "Triangle"}}, {"type": "Feature", "geometry": {"type": "Polygon", "coordinates": [[[-76.970933, 38.874321], [-76.971011, 38.874302], [-76.971183, 38.874075], [-76.97033, 38.874021], [-76.970933, 38.874321]]]}, "properties": {"NAME": "Center Parking"}}, {"type": "Feature", "geometry": {"type": "Polygon", "coordinates": [[[-76.970022, 38.87385], [-76.970249, 38.873905], [-76.970983, 38.873982], [-76.971153, 38.873934], [-76.970479, 38.873623], [-76.970022, 38.87385]]]}, "properties": {"NAME": "Center Parking"}}, {"type": "Feature", "geometry": {"type": "Polygon", "coordinates": [[[-76.971455, 38.873138], [-76.971059, 38.873335], [-76.971215, 38.873506], [-76.971468, 38.873626], [-76.971489, 38.873603], [-76.97147, 38.873423], [-76.971513, 38.87325], [-76.971612, 38.873101], [-76.971755, 38.872995], [-76.971455, 38.873138]]]}, "properties": {"NAME": "Center Parking"}}, {"type": "Feature", "geometry": {"type": "Polygon", "coordinates": [[[-76.971621, 38.873272], [-76.971583, 38.873397], [-76.971607, 38.873561], [-76.971628, 38.873481], [-76.971752, 38.873311], [-76.971639, 38.873241], [-76.971621, 38.873272]]]}, "properties": {"NAME": "Center Parking"}}, {"type": "Feature", "geometry": {"type": "Polygon", "coordinates": [[[-76.96788, 38.872868], [-76.968858, 38.872871], [-76.967873, 38.87247], [-76.96788, 38.872868]]]}, "properties": {"NAME": "Triangle"}}, {"type": "Feature", "geometry": {"type": "Polygon", "coordinates": [[[-76.947764, 38.87226], [-76.948554, 38.872582], [-76.948527, 38.872245], [-76.948776, 38.872291], [-76.948923, 38.871636], [-76.948827, 38.871609], [-76.948947, 38.871362], [-76.948998, 38.871115], [-76.949186, 38.870905], [-76.949506, 38.870629], [-76.949863, 38.870405], [-76.950251, 38.870238], [-76.950521, 38.87016], [-76.950504, 38.869936], [-76.95055, 38.869717], [-76.950657, 38.869519], [-76.950815, 38.86936], [-76.952468, 38.868588], [-76.95271, 38.868411], [-76.952901, 38.868128], [-76.952991, 38.867877], [-76.953022, 38.867612], [-76.952971, 38.866938], [-76.953011, 38.866743], [-76.953101, 38.866566], [-76.952639, 38.866377], [-76.952638, 38.86822], [-76.949053, 38.868219], [-76.948957, 38.868321], [-76.949087, 38.868635], [-76.949103, 38.868939], [-76.949021, 38.869234], [-76.948866, 38.869479], [-76.948388, 38.869917], [-76.94788, 38.87028], [-76.947281, 38.870619], [-76.946894, 38.870756], [-76.947035, 38.871286], [-76.947619, 38.871437], [-76.947343, 38.872089], [-76.947764, 38.87226]]]}, "properties": {"NAME": "Fort Circle Park"}}, {"type": "Feature", "geometry": {"type": "Polygon", "coordinates": [[[-76.960338, 38.867902], [-76.960484, 38.868677], [-76.960677, 38.868624], [-76.960858, 38.868511], [-76.960955, 38.868396], [-76.961088, 38.867879], [-76.961362, 38.867914], [-76.961473, 38.867477], [-76.961657, 38.867241], [-76.96195, 38.867069], [-76.962358, 38.866994], [-76.962529, 38.866924], [-76.962695, 38.866929], [-76.964093, 38.867274], [-76.964301, 38.867556], [-76.964616, 38.867557], [-76.964616, 38.86746], [-76.964934, 38.867461], [-76.964933, 38.867605], [-76.965296, 38.867605], [-76.965296, 38.86755], [-76.965712, 38.867653], [-76.965771, 38.867561], [-76.965874, 38.867526], [-76.966568, 38.867676], [-76.966819, 38.86763], [-76.96762, 38.867579], [-76.967621, 38.865793], [-76.967521, 38.865653], [-76.967304, 38.865718], [-76.967034, 38.865711], [-76.966388, 38.865435], [-76.966129, 38.865852], [-76.966033, 38.865896], [-76.965931, 38.865868], [-76.965821, 38.86577], [-76.965061, 38.865694], [-76.959921, 38.865682], [-76.960338, 38.867902]]]}, "properties": {"NAME": "Fort Circle Park"}}, {"type": "Feature", "geometry": {"type": "Polygon", "coordinates": [[[-76.952376, 38.865784], [-76.958635, 38.868339], [-76.95866, 38.86817], [-76.958643, 38.868056], [-76.958437, 38.867673], [-76.958386, 38.867448], [-76.958398, 38.867217], [-76.958473, 38.866999], [-76.958659, 38.866755], [-76.95885, 38.866625], [-76.95907, 38.866553], [-76.959638, 38.866475], [-76.959445, 38.865448], [-76.957276, 38.865697], [-76.957077, 38.8655], [-76.956564, 38.86551], [-76.956182, 38.86546], [-76.954843, 38.864505], [-76.952377, 38.865377], [-76.952376, 38.865784]]]}, "properties": {"NAME": "Fort Circle Park"}}, {"type": "Feature", "geometry": {"type": "Polygon", "coordinates": [[[-76.951347, 38.865849], [-76.951, 38.866108], [-76.950686, 38.866407], [-76.949053, 38.868219], [-76.952638, 38.86822], [-76.952639, 38.866377], [-76.951347, 38.865849]]]}, "properties": {"NAME": "Fort Davis"}}, {"type": "Feature", "geometry": {"type": "Polygon", "coordinates": [[[-76.967927, 38.866255], [-76.967927, 38.867464], [-76.969799, 38.867925], [-76.970151, 38.867562], [-76.970048, 38.867189], [-76.970014, 38.866941], [-76.970013, 38.866566], [-76.97007, 38.866196], [-76.96944, 38.86615], [-76.968524, 38.865972], [-76.968099, 38.865937], [-76.967928, 38.865827], [-76.967927, 38.866255]]]}, "properties": {"NAME": "Fort Circle Park"}}, {"type": "Feature", "geometry": {"type": "Polygon", "coordinates": [[[-77.010261, 38.867208], [-77.010588, 38.867208], [-77.010588, 38.866481], [-77.010261, 38.867208]]]}, "properties": {"NAME": "Triangle"}}, {"type": "Feature", "geometry": {"type": "Polygon", "coordinates": [[[-76.970393, 38.866188], [-76.970332, 38.866676], [-76.970376, 38.867166], [-76.970751, 38.867166], [-76.970751, 38.866713], [-76.970935, 38.866535], [-76.971506, 38.866901], [-76.971503, 38.866958], [-76.970943, 38.866593], [-76.970804, 38.866728], [-76.970804, 38.867166], [-76.972069, 38.867167], [-76.973336, 38.864469], [-76.973881, 38.863695], [-76.97281, 38.863235], [-76.972493, 38.863679], [-76.972241, 38.863879], [-76.972002, 38.863976], [-76.97095, 38.864269], [-76.970983, 38.864573], [-76.970933, 38.864974], [-76.970827, 38.865258], [-76.970524, 38.865793], [-76.970393, 38.866188]]]}, "properties": {"NAME": "Fort Circle Park"}}, {"type": "Feature", "geometry": {"type": "Polygon", "coordinates": [[[-76.951565, 38.865585], [-76.952112, 38.865809], [-76.952113, 38.865392], [-76.951565, 38.865585]]]}, "properties": {"NAME": "Fort Circle Park"}}, {"type": "Feature", "geometry": {"type": "Polygon", "coordinates": [[[-76.984529, 38.86171], [-76.984163, 38.862988], [-76.984214, 38.862998], [-76.98399, 38.863779], [-76.985812, 38.86411], [-76.986213, 38.862757], [-76.98583, 38.8625], [-76.98539, 38.862417], [-76.985237, 38.861754], [-76.984725, 38.86142], [-76.984638, 38.861497], [-76.984587, 38.861694], [-76.984541, 38.861665], [-76.984529, 38.86171]]]}, "properties": {"NAME": "Frederick Douglass Home"}}, {"type": "Feature", "geometry": {"type": "Polygon", "coordinates": [[[-76.974694, 38.86274], [-76.974858, 38.862711], [-76.97502, 38.862745], [-76.975699, 38.863036], [-76.977012, 38.863669], [-76.977508, 38.86385], [-76.978194, 38.864002], [-76.978896, 38.86405], [-76.978892, 38.862923], [-76.976898, 38.861567], [-76.974679, 38.860133], [-76.974415, 38.86038], [-76.974534, 38.860532], [-76.974601, 38.860708], [-76.974608, 38.860886], [-76.974558, 38.861058], [-76.97315, 38.863022], [-76.974126, 38.863441], [-76.974544, 38.862852], [-76.974694, 38.86274]]]}, "properties": {"NAME": "Fort Circle Park"}}, {"type": "Feature", "geometry": {"type": "Polygon", "coordinates": [[[-76.976898, 38.861567], [-76.97817, 38.862432], [-76.978492, 38.862141], [-76.978121, 38.861889], [-76.97872, 38.861349], [-76.97964, 38.861903], [-76.981555, 38.86018], [-76.982221, 38.860799], [-76.982842, 38.861052], [-76.982889, 38.861197], [-76.983554, 38.860572], [-76.983555, 38.859512], [-76.980858, 38.857709], [-76.980202, 38.857398], [-76.980038, 38.857398], [-76.980037, 38.858134], [-76.979462, 38.858134], [-76.979432, 38.85864], [-76.979735, 38.860017], [-76.979278, 38.860079], [-76.978662, 38.860055], [-76.978575, 38.85994], [-76.978348, 38.85981], [-76.977934, 38.85976], [-76.978137, 38.859428], [-76.978269, 38.85911], [-76.977729, 38.857937], [-76.977073, 38.857397], [-76.976929, 38.857311], [-76.975974, 38.858921], [-76.974679, 38.860133], [-76.976898, 38.861567]]]}, "properties": {"NAME": "Fort Stanton Park"}}, {"type": "Feature", "geometry": {"type": "Polygon", "coordinates": [[[-76.975961, 38.855771], [-76.976064, 38.855838], [-76.975563, 38.856304], [-76.977004, 38.857242], [-76.977103, 38.85715], [-76.977973, 38.85715], [-76.977974, 38.855716], [-76.977316, 38.855294], [-76.977277, 38.855294], [-76.977277, 38.854371], [-76.97557, 38.853745], [-76.974461, 38.854783], [-76.975961, 38.855771]]]}, "properties": {"NAME": "Fort Circle Park"}}, {"type": "Feature", "geometry": {"type": "Polygon", "coordinates": [[[-77.005916, 38.852358], [-77.006261, 38.851834], [-77.006553, 38.851287], [-77.0068, 38.850668], [-77.006911, 38.850089], [-77.00694, 38.849528], [-77.006922, 38.84874], [-77.007028, 38.847176], [-77.006972, 38.847142], [-77.006987, 38.846019], [-77.006456, 38.846015], [-77.006097, 38.845957], [-77.00588, 38.845764], [-77.006043, 38.845299], [-77.006043, 38.845206], [-77.003393, 38.845215], [-77.003431, 38.845346], [-77.003646, 38.845481], [-77.004646, 38.845613], [-77.004979, 38.845716], [-77.005218, 38.845876], [-77.005406, 38.846129], [-77.005585, 38.847235], [-77.005807, 38.849112], [-77.00575, 38.849542], [-77.005653, 38.849771], [-77.005535, 38.849928], [-77.005267, 38.850127], [-77.00501, 38.850219], [-77.004804, 38.850215], [-77.004551, 38.850113], [-77.004399, 38.849973], [-77.004326, 38.849857], [-77.004257, 38.849592], [-77.004265, 38.849455], [-77.004329, 38.84926], [-77.004509, 38.849077], [-77.002898, 38.848103], [-77.002346, 38.848646], [-77.002101, 38.848795], [-77.001831, 38.84889], [-77.001452, 38.848931], [-77.001076, 38.848871], [-77.000184, 38.848434], [-76.99992, 38.848735], [-77.005916, 38.852358]]]}, "properties": {"NAME": "Shepherd Parkway"}}, {"type": "Feature", "geometry": {"type": "Polygon", "coordinates": [[[-76.988602, 38.844796], [-76.987517, 38.845089], [-76.987461, 38.846093], [-76.986857, 38.846669], [-76.987108, 38.846846], [-76.989128, 38.844734], [-76.988602, 38.844796]]]}, "properties": {"NAME": "Fort Circle Park"}}, {"type": "Feature", "geometry": {"type": "Polygon", "coordinates": [[[-76.997719, 38.844971], [-77.001976, 38.844971], [-77.001976, 38.844752], [-76.997902, 38.844725], [-76.997719, 38.844971]]]}, "properties": {"NAME": "Shepherd Parkway"}}, {"type": "Feature", "geometry": {"type": "Polygon", "coordinates": [[[-77.002149, 38.844971], [-77.006014, 38.844971], [-77.006073, 38.844656], [-77.00602, 38.844309], [-77.006308, 38.844056], [-77.006489, 38.843969], [-77.006753, 38.843934], [-77.00695, 38.84397], [-77.007112, 38.843762], [-77.007214, 38.843142], [-77.007428, 38.842214], [-77.008255, 38.838971], [-77.008254, 38.838598], [-77.008192, 38.838055], [-77.007826, 38.836363], [-77.007732, 38.836145], [-77.007676, 38.836154], [-77.006658, 38.837496], [-77.007039, 38.837704], [-77.006483, 38.838436], [-77.006935, 38.838684], [-77.007051, 38.839674], [-77.00687, 38.840234], [-77.006544, 38.840863], [-77.005036, 38.842879], [-77.004755, 38.843176], [-77.004528, 38.843364], [-77.00399, 38.843701], [-77.003403, 38.84394], [-77.002783, 38.844075], [-77.002149, 38.8441], [-77.002149, 38.844971]]]}, "properties": {"NAME": "Shepherd Parkway"}}, {"type": "Feature", "geometry": {"type": "Polygon", "coordinates": [[[-77.01484, 38.828507], [-77.014094, 38.828572], [-77.013971, 38.829075], [-77.013753, 38.829717], [-77.013498, 38.830278], [-77.013192, 38.830766], [-77.009458, 38.835477], [-77.008288, 38.835715], [-77.008248, 38.835882], [-77.008109, 38.836036], [-77.008506, 38.837088], [-77.008987, 38.837964], [-77.009346, 38.837571], [-77.010586, 38.835885], [-77.011214, 38.835145], [-77.014309, 38.831119], [-77.015426, 38.829774], [-77.015613, 38.829397], [-77.015761, 38.828946], [-77.015728, 38.828587], [-77.01563, 38.828518], [-77.01484, 38.828507]]]}, "properties": {"NAME": "Shepherd Parkway"}}, {"type": "Feature", "geometry": {"type": "Polygon", "coordinates": [[[-77.000817, 38.835438], [-77.000912, 38.835667], [-77.000958, 38.835642], [-77.000993, 38.835428], [-77.000961, 38.835344], [-77.000817, 38.835438]]]}, "properties": {"NAME": null}}, {"type": "Feature", "geometry": {"type": "Polygon", "coordinates": [[[-77.015152, 38.826237], [-77.015152, 38.828293], [-77.016365, 38.828153], [-77.01644, 38.827577], [-77.016266, 38.82723], [-77.016109, 38.826732], [-77.016032, 38.825063], [-77.016155, 38.824858], [-77.016241, 38.824426], [-77.015899, 38.82399], [-77.015467, 38.823726], [-77.015137, 38.823408], [-77.01269, 38.823014], [-77.011148, 38.81999], [-77.011167, 38.820959], [-77.011283, 38.821636], [-77.011421, 38.822025], [-77.012141, 38.823685], [-77.013079, 38.823732], [-77.0135, 38.823959], [-77.013774, 38.824228], [-77.01393, 38.824471], [-77.014016, 38.824769], [-77.014027, 38.826237], [-77.015152, 38.826237]]]}, "properties": {"NAME": "Shepherd Parkway"}}, {"type": "Feature", "geometry": {"type": "Polygon", "coordinates": [[[-77.006085, 38.818531], [-77.005228, 38.8192], [-77.005228, 38.819942], [-77.00745, 38.819607], [-77.007677, 38.819484], [-77.007841, 38.819434], [-77.009407, 38.819196], [-77.009289, 38.819068], [-77.009507, 38.81882], [-77.009589, 38.818673], [-77.009786, 38.817292], [-77.009874, 38.817208], [-77.01004, 38.817175], [-77.010588, 38.817213], [-77.010861, 38.815988], [-77.008594, 38.817038], [-77.00677, 38.817692], [-77.006653, 38.81848], [-77.006263, 38.818416], [-77.006085, 38.818531]]]}, "properties": {"NAME": "Bald Eagle Hill"}}, {"type": "Feature", "geometry": {"type": "Polygon", "coordinates": [[[-77.006317, 38.817136], [-77.00638, 38.817554], [-77.006269, 38.817812], [-77.006265, 38.818416], [-77.006655, 38.81848], [-77.006771, 38.817692], [-77.008595, 38.817038], [-77.010863, 38.815988], [-77.009562, 38.814605], [-77.006317, 38.817136]]]}, "properties": {"NAME": " "}}, {"type": "Feature", "geometry": {"type": "Polygon", "coordinates": [[[-77.005191, 38.955479], [-77.005877, 38.955324], [-77.005718, 38.954893], [-77.005718, 38.954577], [-77.005866, 38.954577], [-77.005867, 38.953965], [-77.004707, 38.954019], [-77.00471, 38.954334], [-77.00519, 38.95433], [-77.005191, 38.955479]]]}, "properties": {"NAME": "Fort Circle Park"}}, {"type": "Feature", "geometry": {"type": "Polygon", "coordinates": [[[-77.072395, 38.953904], [-77.072832, 38.954654], [-77.074766, 38.954652], [-77.074743, 38.953985], [-77.073796, 38.954005], [-77.073912, 38.953719], [-77.073912, 38.953581], [-77.074346, 38.952502], [-77.07638, 38.952501], [-77.076381, 38.952775], [-77.076258, 38.952775], [-77.07626, 38.954651], [-77.079214, 38.954649], [-77.079459, 38.953466], [-77.079433, 38.953307], [-77.079567, 38.952786], [-77.078362, 38.952787], [-77.078283, 38.952705], [-77.078283, 38.952469], [-77.076732, 38.95247], [-77.076731, 38.9518], [-77.076897, 38.9518], [-77.076896, 38.950787], [-77.075046, 38.950788], [-77.073571, 38.952516], [-77.073687, 38.952544], [-77.07354, 38.952932], [-77.073522, 38.953], [-77.073547, 38.953006], [-77.073505, 38.953118], [-77.073464, 38.953108], [-77.073323, 38.953469], [-77.072848, 38.953361], [-77.072395, 38.953904]], [[-77.076732, 38.952706], [-77.076732, 38.952501], [-77.077523, 38.9525], [-77.077524, 38.952775], [-77.076732, 38.952775], [-77.076732, 38.952706]], [[-77.07764, 38.952706], [-77.077639, 38.9525], [-77.077991, 38.9525], [-77.077991, 38.952774], [-77.07764, 38.952774], [-77.07764, 38.952706]], [[-77.076671, 38.953567], [-77.07667, 38.953033], [-77.076896, 38.952895], [-77.076951, 38.952927], [-77.077197, 38.952925], [-77.077197, 38.952856], [-77.077939, 38.952856], [-77.07794, 38.953467], [-77.078008, 38.953467], [-77.078008, 38.953715], [-77.07794, 38.953715], [-77.07794, 38.953741], [-77.07803, 38.953741], [-77.07803, 38.953988], [-77.077198, 38.953989], [-77.077198, 38.953512], [-77.077166, 38.953512], [-77.077167, 38.953675], [-77.076724, 38.953675], [-77.076671, 38.953567]]]}, "properties": {"NAME": "Fort Circle Park"}}, {"type": "Feature", "geometry": {"type": "Polygon", "coordinates": [[[-77.070309, 38.953391], [-77.069932, 38.953392], [-77.069788, 38.953776], [-77.070421, 38.953416], [-77.070421, 38.953391], [-77.070309, 38.953391]]]}, "properties": {"NAME": "Fort Circle Park"}}, {"type": "Feature", "geometry": {"type": "Polygon", "coordinates": [[[-77.019018, 38.978274], [-77.018839, 38.978366], [-77.018835, 38.978432], [-77.019492, 38.978962], [-77.019891, 38.979497], [-77.019164, 38.9782], [-77.019018, 38.978274]]]}, "properties": {"NAME": "Piney Branch Portal"}}, {"type": "Feature", "geometry": {"type": "Polygon", "coordinates": [[[-77.028022, 38.963617], [-77.028794, 38.963617], [-77.028841, 38.963416], [-77.028042, 38.963375], [-77.028022, 38.963617]]]}, "properties": {"NAME": "Fort Circle Park"}}, {"type": "Feature", "geometry": {"type": "Polygon", "coordinates": [[[-77.028794, 38.963617], [-77.029543, 38.963616], [-77.029543, 38.963418], [-77.028841, 38.963416], [-77.028794, 38.963617]]]}, "properties": {"NAME": "Fort Circle Park"}}, {"type": "Feature", "geometry": {"type": "Polygon", "coordinates": [[[-77.033571, 38.96188], [-77.033613, 38.961939], [-77.034484, 38.962065], [-77.035038, 38.962097], [-77.034345, 38.961851], [-77.03357, 38.961687], [-77.033571, 38.96188]]]}, "properties": {"NAME": "Fort Circle Park"}}, {"type": "Feature", "geometry": {"type": "Polygon", "coordinates": [[[-77.080453, 38.958962], [-77.08064, 38.958962], [-77.080583, 38.9589], [-77.080554, 38.958695], [-77.080453, 38.958695], [-77.080453, 38.958962]]]}, "properties": {"NAME": "Curb Parking"}}, {"type": "Feature", "geometry": {"type": "Polygon", "coordinates": [[[-77.0574, 38.903812], [-77.057408, 38.904098], [-77.057971, 38.904093], [-77.057968, 38.903802], [-77.0574, 38.903812]]]}, "properties": {"NAME": "Chesapeake & Ohio Canal National Historical Park"}}, {"type": "Feature", "geometry": {"type": "MultiPolygon", "coordinates": [[[[-77.101558, 38.921518], [-77.102339, 38.922181], [-77.103339, 38.923194], [-77.103866, 38.923323], [-77.104109, 38.923326], [-77.104351, 38.923133], [-77.103631, 38.92251], [-77.10185, 38.920871], [-77.100994, 38.919855], [-77.100737, 38.919412], [-77.098717, 38.920046], [-77.098769, 38.92123], [-77.09913, 38.921599], [-77.099268, 38.921296], [-77.099155, 38.921221], [-77.099442, 38.92137], [-77.100215, 38.920453], [-77.100505, 38.920604], [-77.100859, 38.920188], [-77.100997, 38.920466], [-77.100709, 38.920819], [-77.10103, 38.921237], [-77.101177, 38.920946], [-77.101252, 38.921236], [-77.101171, 38.921396], [-77.101317, 38.92155], [-77.101348, 38.921787], [-77.101505, 38.921474], [-77.101558, 38.921518]]], [[[-77.104693, 38.923961], [-77.106073, 38.924763], [-77.10623, 38.924987], [-77.106483, 38.925564], [-77.106543, 38.925953], [-77.106492, 38.92636], [-77.106599, 38.926308], [-77.106774, 38.925843], [-77.106717, 38.925271], [-77.106975, 38.924892], [-77.104422, 38.923203], [-77.104148, 38.923395], [-77.103836, 38.923391], [-77.10363, 38.923343], [-77.104693, 38.923961]]]]}, "properties": {"NAME": "Potomac Palisades Parkway"}}, {"type": "Feature", "geometry": {"type": "MultiPolygon", "coordinates": [[[[-76.957978, 38.930777], [-76.958858, 38.931464], [-76.958889, 38.931224], [-76.958413, 38.930486], [-76.957978, 38.930777]]], [[[-76.959017, 38.931252], [-76.959086, 38.931187], [-76.958944, 38.931075], [-76.959017, 38.931252]]]]}, "properties": {"NAME": "Fort Circle Park"}}, {"type": "Feature", "geometry": {"type": "Polygon", "coordinates": [[[-77.069104, 38.904287], [-77.069009, 38.904494], [-77.069009, 38.904953], [-77.070074, 38.904952], [-77.070073, 38.904566], [-77.07024, 38.904494], [-77.069941, 38.904479], [-77.069104, 38.904287]]]}, "properties": {"NAME": "Potomac Palisades Parkway"}}, {"type": "Feature", "geometry": {"type": "Polygon", "coordinates": [[[-77.11109, 38.930463], [-77.111211, 38.930653], [-77.111734, 38.93048], [-77.11004, 38.927565], [-77.109245, 38.92665], [-77.108293, 38.925759], [-77.107668, 38.925287], [-77.107159, 38.924993], [-77.106978, 38.925254], [-77.108537, 38.926535], [-77.108865, 38.926879], [-77.109678, 38.928194], [-77.10971, 38.928183], [-77.11109, 38.930463]]]}, "properties": {"NAME": "Clara Barton Parkway, Maryland"}}, {"type": "Feature", "geometry": {"type": "Polygon", "coordinates": [[[-77.072831, 38.927624], [-77.072157, 38.927625], [-77.072979, 38.92823], [-77.072978, 38.927624], [-77.072831, 38.927624]]]}, "properties": {"NAME": "Bryce Park"}}, {"type": "Feature", "geometry": {"type": "Polygon", "coordinates": [[[-77.056787, 38.904961], [-77.056678, 38.905139], [-77.056927, 38.905139], [-77.056927, 38.905015], [-77.056787, 38.904961]]]}, "properties": {"NAME": "Park"}}, {"type": "Feature", "geometry": {"type": "Polygon", "coordinates": [[[-77.025755, 38.916513], [-77.025557, 38.916854], [-77.025573, 38.916887], [-77.025888, 38.916887], [-77.025888, 38.916511], [-77.025755, 38.916513]]]}, "properties": {"NAME": "Triangle"}}, {"type": "Feature", "geometry": {"type": "Polygon", "coordinates": [[[-77.025888, 38.91647], [-77.025888, 38.9165], [-77.026072, 38.9165], [-77.026068, 38.916164], [-77.026044, 38.916155], [-77.025888, 38.916424], [-77.025888, 38.91647]]]}, "properties": {"NAME": "Triangle"}}, {"type": "Feature", "geometry": {"type": "Polygon", "coordinates": [[[-76.94987, 38.912272], [-76.949887, 38.912292], [-76.949928, 38.91229], [-76.94987, 38.912272]]]}, "properties": {"NAME": "Anacostia Park, Section G"}}, {"type": "Feature", "geometry": {"type": "Polygon", "coordinates": [[[-76.976318, 38.892088], [-76.976318, 38.892301], [-76.976581, 38.892301], [-76.976581, 38.892088], [-76.976318, 38.892088]]]}, "properties": {"NAME": "Anacostia Park, Section F"}}, {"type": "Feature", "geometry": {"type": "MultiPolygon", "coordinates": [[[[-77.013817, 38.864535], [-77.015307, 38.864534], [-77.015307, 38.86409], [-77.014644, 38.864088], [-77.014646, 38.863985], [-77.014352, 38.863977], [-77.013872, 38.863572], [-77.013817, 38.863572], [-77.013817, 38.864535]]], [[[-77.012324, 38.86385], [-77.01306, 38.863497], [-77.012324, 38.863555], [-77.012324, 38.86385]]], [[[-77.013817, 38.864754], [-77.013817, 38.865374], [-77.014766, 38.865374], [-77.014765, 38.864754], [-77.013817, 38.864754]]]]}, "properties": {"NAME": "Park"}}, {"type": "Feature", "geometry": {"type": "Polygon", "coordinates": [[[-77.041815, 38.900147], [-77.042679, 38.900147], [-77.042748, 38.9001], [-77.042699, 38.900067], [-77.041815, 38.899889], [-77.041815, 38.900147]]]}, "properties": {"NAME": "Triangle"}}, {"type": "Feature", "geometry": {"type": "Polygon", "coordinates": [[[-77.042091, 38.899662], [-77.043394, 38.899942], [-77.043394, 38.899662], [-77.042091, 38.899662]]]}, "properties": {"NAME": "Triangle"}}, {"type": "Feature", "geometry": {"type": "Polygon", "coordinates": [[[-77.053664, 38.89858], [-77.053556, 38.898534], [-77.053408, 38.898536], [-77.053305, 38.898581], [-77.053232, 38.898666], [-77.053808, 38.898975], [-77.053745, 38.898913], [-77.053801, 38.898851], [-77.053783, 38.898763], [-77.053664, 38.89858]]]}, "properties": {"NAME": "Center Parking"}}, {"type": "Feature", "geometry": {"type": "MultiPolygon", "coordinates": [[[[-77.011522, 38.898815], [-77.011714, 38.898697], [-77.011522, 38.898616], [-77.011522, 38.898815]]], [[[-77.011669, 38.898843], [-77.012035, 38.898838], [-77.011819, 38.898758], [-77.011669, 38.898843]]]]}, "properties": {"NAME": "Triangle"}}, {"type": "Feature", "geometry": {"type": "Polygon", "coordinates": [[[-76.942761, 38.897001], [-76.94276, 38.898253], [-76.943199, 38.898254], [-76.9432, 38.896864], [-76.943253, 38.896864], [-76.943253, 38.897118], [-76.945624, 38.897119], [-76.945625, 38.897006], [-76.946674, 38.896721], [-76.948247, 38.895255], [-76.945734, 38.894185], [-76.945935, 38.893897], [-76.945882, 38.893875], [-76.943391, 38.89337], [-76.942764, 38.893156], [-76.942761, 38.897001]]]}, "properties": {"NAME": "Fort Mahan Park"}}, {"type": "Feature", "geometry": {"type": "Polygon", "coordinates": [[[-76.989354, 38.897426], [-76.98941, 38.897564], [-76.989753, 38.897426], [-76.989354, 38.897426]]]}, "properties": {"NAME": "Triangle"}}, {"type": "Feature", "geometry": {"type": "Polygon", "coordinates": [[[-77.017104, 38.896238], [-77.017105, 38.897251], [-77.018005, 38.89725], [-77.018004, 38.896238], [-77.017104, 38.896238]]]}, "properties": {"NAME": "Judiciary Square"}}, {"type": "Feature", "geometry": {"type": "Polygon", "coordinates": [[[-77.054782, 38.894571], [-77.054888, 38.894098], [-77.055416, 38.894372], [-77.05643, 38.894183], [-77.055944, 38.893089], [-77.05587, 38.892815], [-77.055825, 38.892823], [-77.05558, 38.892435], [-77.055438, 38.892306], [-77.055502, 38.89212], [-77.055436, 38.891876], [-77.055062, 38.891872], [-77.054994, 38.891842], [-77.054626, 38.891302], [-77.054164, 38.890822], [-77.053682, 38.890473], [-77.05294, 38.890093], [-77.0529, 38.89004], [-77.052835, 38.88987], [-77.052841, 38.889709], [-77.052876, 38.889659], [-77.052841, 38.889534], [-77.052864, 38.889216], [-77.052805, 38.888864], [-77.052693, 38.888593], [-77.052509, 38.888286], [-77.052137, 38.887843], [-77.051649, 38.887392], [-77.049383, 38.88558], [-77.044882, 38.882177], [-77.041975, 38.880242], [-77.041631, 38.880033], [-77.04139, 38.879939], [-77.040881, 38.880025], [-77.040702, 38.880111], [-77.040554, 38.880236], [-77.040398, 38.880419], [-77.040495, 38.880985], [-77.040601, 38.881211], [-77.040918, 38.881682], [-77.041128, 38.882544], [-77.041225, 38.882803], [-77.041353, 38.882997], [-77.041636, 38.883264], [-77.041886, 38.883417], [-77.042551, 38.883693], [-77.043346, 38.883946], [-77.043721, 38.884138], [-77.043954, 38.884295], [-77.044237, 38.884539], [-77.044403, 38.884761], [-77.044517, 38.885014], [-77.04455, 38.885276], [-77.044455, 38.885548], [-77.044222, 38.88584], [-77.04396, 38.886048], [-77.04356, 38.886244], [-77.042859, 38.88638], [-77.042314, 38.886406], [-77.041525, 38.886393], [-77.041172, 38.886465], [-77.040974, 38.886618], [-77.040856, 38.886839], [-77.040866, 38.88707], [-77.041068, 38.88716], [-77.041148, 38.887263], [-77.041145, 38.887393], [-77.041088, 38.887474], [-77.040659, 38.887663], [-77.040252, 38.887776], [-77.040218, 38.887808], [-77.040224, 38.887864], [-77.039479, 38.887936], [-77.039481, 38.891994], [-77.050322, 38.89199], [-77.050322, 38.892196], [-77.05043, 38.892196], [-77.051575, 38.892511], [-77.05317, 38.893413], [-77.05317, 38.893957], [-77.053487, 38.893957], [-77.054782, 38.894571]]]}, "properties": {"NAME": "West Potomac Park, Lincoln Mem., Viet. Vet. Mem., FDR Mem"}}, {"type": "Feature", "geometry": {"type": "Polygon", "coordinates": [[[-76.998537, 38.894017], [-77.000487, 38.894017], [-77.000487, 38.893153], [-76.998537, 38.893153], [-76.998537, 38.894017]]]}, "properties": {"NAME": "Stanton Park"}}, {"type": "Feature", "geometry": {"type": "Polygon", "coordinates": [[[-77.023243, 38.893311], [-77.023236, 38.893477], [-77.023778, 38.893632], [-77.023809, 38.893598], [-77.023807, 38.89316], [-77.023243, 38.893311]]]}, "properties": {"NAME": "The Mall, L'enfant Square"}}, {"type": "Feature", "geometry": {"type": "Polygon", "coordinates": [[[-76.97329, 38.843199], [-76.973814, 38.843083], [-76.97459, 38.842789], [-76.974899, 38.842468], [-76.975015, 38.842416], [-76.976697, 38.842462], [-76.977073, 38.84205], [-76.977533, 38.841781], [-76.977775, 38.841766], [-76.978221, 38.841965], [-76.978467, 38.842194], [-76.978716, 38.842177], [-76.979436, 38.841325], [-76.979577, 38.841297], [-76.979007, 38.843044], [-76.983163, 38.84124], [-76.984645, 38.840659], [-76.98578, 38.840289], [-76.986933, 38.839977], [-76.988386, 38.839732], [-76.988353, 38.838686], [-76.987911, 38.837508], [-76.987839, 38.83738], [-76.987586, 38.837017], [-76.986765, 38.83609], [-76.985, 38.837471], [-76.984666, 38.83721], [-76.98381, 38.83788], [-76.981998, 38.836462], [-76.978872, 38.838906], [-76.977689, 38.839759], [-76.978486, 38.84128], [-76.977582, 38.841563], [-76.976646, 38.8417], [-76.976032, 38.841712], [-76.975525, 38.841676], [-76.975471, 38.841495], [-76.97329, 38.843199]]]}, "properties": {"NAME": "Oxon Run Parkway"}}, {"type": "Feature", "geometry": {"type": "Polygon", "coordinates": [[[-77.011581, 38.883056], [-77.011662, 38.88311], [-77.011697, 38.883201], [-77.011994, 38.883189], [-77.011581, 38.883056]]]}, "properties": {"NAME": null}}, {"type": "Feature", "geometry": {"type": "Polygon", "coordinates": [[[-76.99719, 38.87875], [-76.997243, 38.878631], [-76.997243, 38.878487], [-76.997042, 38.878487], [-76.996977, 38.878649], [-76.996857, 38.878614], [-76.996837, 38.878545], [-76.996639, 38.878488], [-76.996292, 38.878488], [-76.99719, 38.87875]]]}, "properties": {"NAME": "Triangle"}}, {"type": "Feature", "geometry": {"type": "Polygon", "coordinates": [[[-76.976932, 38.875697], [-76.976168, 38.875951], [-76.9766, 38.876167], [-76.980253, 38.875038], [-76.982461, 38.874235], [-76.984642, 38.873239], [-76.988423, 38.871276], [-76.988215, 38.871027], [-76.987875, 38.8712], [-76.987101, 38.870086], [-76.986055, 38.870482], [-76.984686, 38.871017], [-76.983277, 38.871646], [-76.983291, 38.871663], [-76.982563, 38.872035], [-76.98254, 38.872007], [-76.980426, 38.873073], [-76.980456, 38.87311], [-76.979854, 38.873373], [-76.978711, 38.873965], [-76.977487, 38.874485], [-76.977033, 38.874774], [-76.976647, 38.875183], [-76.976932, 38.875697]]]}, "properties": {"NAME": "Anacostia Park, Section D"}}, {"type": "Feature", "geometry": {"type": "Polygon", "coordinates": [[[-76.973311, 38.85924], [-76.974679, 38.860133], [-76.97545, 38.859411], [-76.974082, 38.858518], [-76.973311, 38.85924]]]}, "properties": {"NAME": "Fort Circle Park"}}, {"type": "Feature", "geometry": {"type": "Polygon", "coordinates": [[[-76.977695, 38.853996], [-76.980057, 38.853997], [-76.979181, 38.853457], [-76.979277, 38.853405], [-76.979802, 38.851646], [-76.979776, 38.851581], [-76.980246, 38.851443], [-76.980312, 38.851541], [-76.980821, 38.851392], [-76.98081, 38.850817], [-76.980146, 38.850771], [-76.980126, 38.85098], [-76.979135, 38.851402], [-76.978689, 38.851672], [-76.97896, 38.852402], [-76.979264, 38.852691], [-76.979136, 38.853072], [-76.978298, 38.853082], [-76.977521, 38.85298], [-76.977107, 38.853031], [-76.97701, 38.853132], [-76.976466, 38.853026], [-76.976398, 38.852987], [-76.975895, 38.853448], [-76.976919, 38.853836], [-76.977551, 38.853996], [-76.977695, 38.853996]]]}, "properties": {"NAME": "Fort Circle Park"}}, {"type": "Feature", "geometry": {"type": "Polygon", "coordinates": [[[-77.005229, 38.8192], [-77.00454, 38.819737], [-77.004435, 38.820268], [-77.004353, 38.820298], [-77.004134, 38.820473], [-77.004134, 38.821119], [-77.004574, 38.821181], [-77.004663, 38.821261], [-77.004413, 38.821873], [-77.004375, 38.822266], [-77.004469, 38.822811], [-77.004424, 38.822871], [-77.0051, 38.823182], [-77.005576, 38.823487], [-77.005414, 38.823098], [-77.005281, 38.82267], [-77.00515, 38.821882], [-77.005152, 38.819942], [-77.005229, 38.819942], [-77.005229, 38.8192]]]}, "properties": {"NAME": "Oxon Run Park"}}, {"type": "Feature", "geometry": {"type": "MultiPolygon", "coordinates": [[[[-77.022811, 38.804312], [-77.02301, 38.806002], [-77.023131, 38.805919], [-77.023171, 38.805746], [-77.023362, 38.805497], [-77.023486, 38.805482], [-77.023404, 38.805415], [-77.023558, 38.805156], [-77.023997, 38.804628], [-77.024059, 38.804482], [-77.024271, 38.80425], [-77.024221, 38.804086], [-77.024162, 38.804032], [-77.02418, 38.803847], [-77.024144, 38.803774], [-77.024142, 38.803623], [-77.024302, 38.803291], [-77.024309, 38.803142], [-77.022811, 38.804312]]], [[[-77.020757, 38.806028], [-77.020812, 38.806043], [-77.021035, 38.80597], [-77.021283, 38.805944], [-77.021516, 38.805991], [-77.021694, 38.805964], [-77.021967, 38.806027], [-77.021878, 38.805041], [-77.02064, 38.806009], [-77.020757, 38.806028]]], [[[-77.014958, 38.810391], [-77.019682, 38.814087], [-77.021605, 38.811101], [-77.021812, 38.810665], [-77.022027, 38.810046], [-77.02206, 38.810055], [-77.022072, 38.809876], [-77.021916, 38.809938], [-77.021753, 38.809945], [-77.019815, 38.809623], [-77.01805, 38.809496], [-77.016434, 38.80933], [-77.016151, 38.809457], [-77.014958, 38.810391]]]]}, "properties": {"NAME": "Fort Circle Park"}}, {"type": "Feature", "geometry": {"type": "Polygon", "coordinates": [[[-77.078246, 38.950239], [-77.078247, 38.95061], [-77.078453, 38.950609], [-77.078454, 38.94998], [-77.078598, 38.94998], [-77.078598, 38.949736], [-77.078491, 38.949734], [-77.078453, 38.949701], [-77.078456, 38.948029], [-77.078199, 38.948029], [-77.078244, 38.948154], [-77.078002, 38.948158], [-77.078154, 38.948511], [-77.078245, 38.948536], [-77.078246, 38.950239]]]}, "properties": {"NAME": "Fort Circle Park"}}, {"type": "Feature", "geometry": {"type": "Polygon", "coordinates": [[[-76.975373, 38.856482], [-76.974415, 38.857383], [-76.975225, 38.85791], [-76.974479, 38.85861], [-76.975488, 38.859267], [-76.975842, 38.858935], [-76.976839, 38.857253], [-76.975489, 38.856374], [-76.975373, 38.856482]]]}, "properties": {"NAME": "Battery Ricketts"}}, {"type": "Feature", "geometry": {"type": "Polygon", "coordinates": [[[-76.989968, 38.868696], [-76.989575, 38.869107], [-76.98945, 38.869416], [-76.989446, 38.869626], [-76.989484, 38.869782], [-76.989756, 38.870195], [-76.988215, 38.871027], [-76.988423, 38.871276], [-76.989744, 38.870586], [-76.991269, 38.869431], [-76.991772, 38.869101], [-76.992141, 38.868913], [-76.99262, 38.868721], [-76.99343, 38.868509], [-76.993947, 38.868437], [-76.994425, 38.868413], [-76.995381, 38.868479], [-76.995811, 38.868562], [-77.000406, 38.869728], [-77.000785, 38.869784], [-77.001171, 38.869793], [-77.001569, 38.869753], [-77.002008, 38.869646], [-77.002302, 38.86953], [-77.002641, 38.869333], [-77.003066, 38.868949], [-77.003604, 38.868158], [-77.00312, 38.867975], [-77.002632, 38.867931], [-77.002158, 38.868041], [-77.001616, 38.868336], [-77.000786, 38.867865], [-77.001084, 38.867441], [-77.001274, 38.866994], [-77.001332, 38.86675], [-77.001332, 38.866077], [-77.000755, 38.866073], [-77.000491, 38.865972], [-77.000635, 38.865627], [-76.999687, 38.865386], [-76.999083, 38.865079], [-76.998298, 38.864769], [-76.997305, 38.864577], [-76.997534, 38.864355], [-76.99725, 38.864288], [-76.995917, 38.864163], [-76.995572, 38.864171], [-76.99453, 38.864303], [-76.9931, 38.864991], [-76.991951, 38.866148], [-76.990551, 38.868188], [-76.989968, 38.868696]]]}, "properties": {"NAME": "Anacostia Park, Section C"}}, {"type": "Feature", "geometry": {"type": "Polygon", "coordinates": [[[-76.9766, 38.876167], [-76.976168, 38.875951], [-76.974447, 38.876386], [-76.973476, 38.876707], [-76.972755, 38.875806], [-76.970596, 38.876076], [-76.969935, 38.876253], [-76.96936, 38.876481], [-76.968662, 38.876875], [-76.967562, 38.877814], [-76.966843, 38.878565], [-76.965892, 38.879786], [-76.965157, 38.881176], [-76.964965, 38.881201], [-76.964412, 38.881011], [-76.964395, 38.88086], [-76.96352, 38.882055], [-76.964062, 38.88172], [-76.964552, 38.881564], [-76.965165, 38.881498], [-76.966639, 38.881471], [-76.967356, 38.881404], [-76.96878, 38.881053], [-76.970213, 38.880607], [-76.971741, 38.878325], [-76.972013, 38.878016], [-76.972513, 38.877609], [-76.972808, 38.877429], [-76.973304, 38.8772], [-76.9766, 38.876167]]]}, "properties": {"NAME": "Anacostia Park, Section E"}}, {"type": "Feature", "geometry": {"type": "MultiPolygon", "coordinates": [[[[-77.065338, 38.958772], [-77.065386, 38.958795], [-77.065665, 38.958785], [-77.065788, 38.958729], [-77.0658, 38.95868], [-77.065758, 38.958641], [-77.065317, 38.958588], [-77.06528, 38.958639], [-77.065338, 38.958772]]], [[[-77.058242, 38.958377], [-77.058568, 38.958546], [-77.058798, 38.958834], [-77.058956, 38.958789], [-77.059065, 38.958802], [-77.059104, 38.958399], [-77.059814, 38.95848], [-77.06003, 38.95794], [-77.059372, 38.957759], [-77.058812, 38.957505], [-77.058321, 38.957198], [-77.057802, 38.956774], [-77.057476, 38.956809], [-77.057389, 38.956906], [-77.057167, 38.957583], [-77.057853, 38.957584], [-77.058033, 38.957665], [-77.058143, 38.957829], [-77.058159, 38.957976], [-77.057994, 38.958349], [-77.058242, 38.958377]]]]}, "properties": {"NAME": "Fort Circle Park"}}, {"type": "Feature", "geometry": {"type": "Polygon", "coordinates": [[[-77.081565, 38.925717], [-77.082435, 38.927237], [-77.082689, 38.926355], [-77.084075, 38.918931], [-77.083096, 38.917427], [-77.082134, 38.91743], [-77.082691, 38.918329], [-77.082805, 38.918708], [-77.082818, 38.918996], [-77.082657, 38.918999], [-77.082611, 38.91917], [-77.082504, 38.919367], [-77.082202, 38.919691], [-77.082081, 38.919869], [-77.082171, 38.920737], [-77.082164, 38.921134], [-77.0821, 38.921415], [-77.082083, 38.922463], [-77.082172, 38.922463], [-77.081565, 38.925717]]]}, "properties": {"NAME": "Glover Parkway & Children's Playground"}}, {"type": "Feature", "geometry": {"type": "Polygon", "coordinates": [[[-77.043019, 38.927254], [-77.042798, 38.927473], [-77.043087, 38.92775], [-77.043517, 38.927755], [-77.043402, 38.927428], [-77.043481, 38.927159], [-77.043542, 38.927101], [-77.04332, 38.927], [-77.043019, 38.927254]]]}, "properties": {"NAME": "Park"}}, {"type": "Feature", "geometry": {"type": "Polygon", "coordinates": [[[-77.080041, 38.930923], [-77.07945, 38.932251], [-77.079019, 38.932611], [-77.080016, 38.933337], [-77.080049, 38.932582], [-77.081017, 38.930407], [-77.080308, 38.930322], [-77.080041, 38.930923]]]}, "properties": {"NAME": "Glover Parkway & Children's Playground"}}, {"type": "Feature", "geometry": {"type": "Polygon", "coordinates": [[[-77.082248, 38.930406], [-77.081017, 38.930407], [-77.080049, 38.932582], [-77.080016, 38.933337], [-77.081996, 38.934779], [-77.082092, 38.934641], [-77.082151, 38.934445], [-77.082145, 38.9343], [-77.082083, 38.934131], [-77.081976, 38.933991], [-77.080745, 38.93286], [-77.080653, 38.932674], [-77.080643, 38.932517], [-77.080882, 38.93189], [-77.081079, 38.931592], [-77.082248, 38.930406]]]}, "properties": {"NAME": "Glover Parkway & Children's Playground"}}, {"type": "Feature", "geometry": {"type": "Polygon", "coordinates": [[[-77.096127, 38.929488], [-77.0957, 38.929539], [-77.095541, 38.929886], [-77.095021, 38.930662], [-77.095512, 38.931014], [-77.095664, 38.930874], [-77.096046, 38.930634], [-77.096229, 38.930419], [-77.096365, 38.930002], [-77.096369, 38.929838], [-77.096288, 38.929635], [-77.096127, 38.929488]]]}, "properties": {"NAME": "Battery Kemble Park"}}, {"type": "Feature", "geometry": {"type": "Polygon", "coordinates": [[[-77.084918, 38.917405], [-77.084924, 38.917415], [-77.084665, 38.916973], [-77.084918, 38.917405]]]}, "properties": {"NAME": "Archbold Parkway"}}, {"type": "Feature", "geometry": {"type": "Polygon", "coordinates": [[[-77.080155, 38.912774], [-77.078842, 38.912775], [-77.078925, 38.913289], [-77.079112, 38.9137], [-77.079314, 38.913972], [-77.079563, 38.914203], [-77.07985, 38.914384], [-77.08025, 38.914576], [-77.080455, 38.914783], [-77.080555, 38.914978], [-77.080669, 38.915481], [-77.080807, 38.915824], [-77.081838, 38.917432], [-77.083096, 38.917427], [-77.081606, 38.915134], [-77.081543, 38.914911], [-77.081551, 38.914459], [-77.081438, 38.914204], [-77.081236, 38.914011], [-77.080727, 38.913822], [-77.080406, 38.913571], [-77.080209, 38.913215], [-77.080155, 38.912774]]]}, "properties": {"NAME": "Archbold Parkway"}}, {"type": "Feature", "geometry": {"type": "Polygon", "coordinates": [[[-77.049093, 38.909727], [-77.048882, 38.909728], [-77.048882, 38.910489], [-77.049232, 38.909831], [-77.049247, 38.909727], [-77.049093, 38.909727]]]}, "properties": {"NAME": "Triangle"}}, {"type": "Feature", "geometry": {"type": "MultiPolygon", "coordinates": [[[[-76.977125, 38.892883], [-76.976715, 38.892883], [-76.976715, 38.893165], [-76.977143, 38.893165], [-76.977125, 38.892883]]], [[[-76.97676, 38.892674], [-76.97676, 38.892839], [-76.977143, 38.892839], [-76.977143, 38.892675], [-76.97676, 38.892674]]]]}, "properties": {"NAME": "Anacostia Park, Section F"}}, {"type": "Feature", "geometry": {"type": "Polygon", "coordinates": [[[-76.97526, 38.8931], [-76.975639, 38.893162], [-76.976128, 38.893165], [-76.976128, 38.892883], [-76.975731, 38.892883], [-76.975604, 38.892839], [-76.97526, 38.892839], [-76.97526, 38.8931]]]}, "properties": {"NAME": "Anacostia Park, Section F"}}, {"type": "Feature", "geometry": {"type": "MultiPolygon", "coordinates": [[[[-77.053664, 38.89858], [-77.05354, 38.898532], [-77.053408, 38.898536], [-77.053408, 38.89876], [-77.053466, 38.898791], [-77.053664, 38.89858]]], [[[-77.053253, 38.899007], [-77.053302, 38.899143], [-77.053401, 38.899248], [-77.053471, 38.899276], [-77.053646, 38.899272], [-77.053668, 38.899229], [-77.053253, 38.899007]]]]}, "properties": {"NAME": "Triangle (Juarez Statue Site)"}}, {"type": "Feature", "geometry": {"type": "MultiPolygon", "coordinates": [[[[-77.024419, 38.880967], [-77.024354, 38.881035], [-77.024366, 38.881061], [-77.024771, 38.881296], [-77.025304, 38.881678], [-77.025494, 38.881769], [-77.025499, 38.881659], [-77.025552, 38.881552], [-77.025247, 38.881492], [-77.024966, 38.881374], [-77.024675, 38.881194], [-77.024419, 38.880967]]], [[[-77.026259, 38.881562], [-77.025982, 38.88151], [-77.025772, 38.881539], [-77.025617, 38.881617], [-77.025591, 38.881766], [-77.025656, 38.881847], [-77.025841, 38.881905], [-77.026192, 38.881889], [-77.026329, 38.881831], [-77.026379, 38.88174], [-77.026347, 38.881617], [-77.026259, 38.881562]]], [[[-77.02422, 38.881542], [-77.024283, 38.8817], [-77.024354, 38.881789], [-77.024595, 38.881923], [-77.025079, 38.882049], [-77.025788, 38.882141], [-77.025769, 38.882047], [-77.025695, 38.881957], [-77.025231, 38.881734], [-77.024597, 38.881297], [-77.024472, 38.881274], [-77.024349, 38.881309], [-77.024232, 38.881431], [-77.02422, 38.881542]]], [[[-77.025802, 38.881441], [-77.026186, 38.88144], [-77.026372, 38.881499], [-77.026483, 38.88161], [-77.026507, 38.881727], [-77.026473, 38.881841], [-77.026388, 38.881924], [-77.026223, 38.882014], [-77.026169, 38.882165], [-77.027014, 38.882094], [-77.02729, 38.881851], [-77.026779, 38.881525], [-77.025963, 38.8812], [-77.025795, 38.881184], [-77.025626, 38.881109], [-77.025238, 38.88087], [-77.024972, 38.880616], [-77.024772, 38.880626], [-77.024528, 38.88086], [-77.024541, 38.880951], [-77.024651, 38.881049], [-77.025038, 38.881298], [-77.025546, 38.881462], [-77.025802, 38.881441]]]]}, "properties": {"NAME": "Benjamin Banneker Park"}}, {"type": "Feature", "geometry": {"type": "Polygon", "coordinates": [[[-77.004928, 38.879224], [-77.004842, 38.87934], [-77.005085, 38.879492], [-77.005148, 38.879491], [-77.005051, 38.879224], [-77.004928, 38.879224]]]}, "properties": {"NAME": null}}, {"type": "Feature", "geometry": {"type": "Polygon", "coordinates": [[[-77.04445, 38.895522], [-77.043629, 38.895524], [-77.043616, 38.895871], [-77.044799, 38.895868], [-77.044799, 38.895538], [-77.04445, 38.895522]]]}, "properties": {"NAME": "Walt Whitman Park"}}, {"type": "Feature", "geometry": {"type": "Polygon", "coordinates": [[[-76.964103, 38.902321], [-76.964037, 38.902402], [-76.964055, 38.902496], [-76.964003, 38.90256], [-76.96391, 38.902928], [-76.963836, 38.90304], [-76.963688, 38.903129], [-76.963547, 38.903393], [-76.963602, 38.903491], [-76.963768, 38.903544], [-76.963837, 38.903504], [-76.964168, 38.903458], [-76.964237, 38.90341], [-76.964313, 38.903041], [-76.964501, 38.902631], [-76.964625, 38.902553], [-76.964704, 38.902436], [-76.964982, 38.902274], [-76.965303, 38.901989], [-76.965374, 38.90185], [-76.965347, 38.90158], [-76.965269, 38.901507], [-76.965156, 38.901535], [-76.965033, 38.901484], [-76.964932, 38.901653], [-76.964821, 38.901669], [-76.964842, 38.901735], [-76.964757, 38.901832], [-76.964649, 38.901877], [-76.964621, 38.901928], [-76.964534, 38.901948], [-76.964485, 38.902046], [-76.96435, 38.902104], [-76.964326, 38.902162], [-76.964229, 38.902197], [-76.964161, 38.90231], [-76.964103, 38.902321]]]}, "properties": {"NAME": "Anacostia Park, Section G"}}, {"type": "Feature", "geometry": {"type": "Polygon", "coordinates": [[[-76.96259, 38.904924], [-76.962498, 38.905022], [-76.962505, 38.905078], [-76.962805, 38.905425], [-76.962853, 38.905594], [-76.962895, 38.905614], [-76.963, 38.905566], [-76.963088, 38.905379], [-76.963057, 38.905243], [-76.963014, 38.905213], [-76.96303, 38.905096], [-76.962991, 38.904981], [-76.963009, 38.904935], [-76.963111, 38.9049], [-76.963166, 38.904728], [-76.963087, 38.904673], [-76.962857, 38.904674], [-76.962773, 38.904716], [-76.96259, 38.904924]]]}, "properties": {"NAME": "Anacostia Park, Section G"}}, {"type": "Feature", "geometry": {"type": "Polygon", "coordinates": [[[-77.080133, 38.934041], [-77.079807, 38.933752], [-77.079767, 38.934664], [-77.079209, 38.939783], [-77.078339, 38.942304], [-77.079285, 38.942303], [-77.079279, 38.942211], [-77.079626, 38.941205], [-77.079941, 38.940905], [-77.080101, 38.940012], [-77.08058, 38.939642], [-77.081288, 38.939445], [-77.081288, 38.939217], [-77.079611, 38.939218], [-77.079931, 38.936294], [-77.081504, 38.936293], [-77.081094, 38.935961], [-77.080949, 38.935744], [-77.080881, 38.935583], [-77.080829, 38.935328], [-77.080828, 38.935153], [-77.080876, 38.934897], [-77.080983, 38.934658], [-77.080133, 38.934041]]]}, "properties": {"NAME": "Glover Parkway & Children's Playground"}}, {"type": "Feature", "geometry": {"type": "MultiPolygon", "coordinates": [[[[-77.078904, 38.935872], [-77.079032, 38.935962], [-77.079124, 38.936111], [-77.079147, 38.936227], [-77.078681, 38.937129], [-77.078569, 38.937228], [-77.07849, 38.937393], [-77.078536, 38.937549], [-77.078497, 38.937722], [-77.077989, 38.937814], [-77.078031, 38.93802], [-77.07874, 38.938261], [-77.078831, 38.938595], [-77.078413, 38.939026], [-77.078233, 38.939048], [-77.07826, 38.939205], [-77.078847, 38.939304], [-77.078981, 38.939529], [-77.078912, 38.939778], [-77.07868, 38.939976], [-77.078669, 38.940278], [-77.078408, 38.942105], [-77.079209, 38.939783], [-77.079767, 38.934664], [-77.079807, 38.933752], [-77.079594, 38.933597], [-77.079229, 38.933597], [-77.079229, 38.934008], [-77.079053, 38.934008], [-77.079023, 38.93405], [-77.077857, 38.934049], [-77.077594, 38.934125], [-77.077195, 38.934125], [-77.077195, 38.934532], [-77.077781, 38.934409], [-77.07786, 38.934419], [-77.078104, 38.934931], [-77.077626, 38.935265], [-77.077426, 38.935379], [-77.077273, 38.935412], [-77.07745, 38.936006], [-77.077809, 38.935997], [-77.078557, 38.935863], [-77.078904, 38.935872]]], [[[-77.078334, 38.942321], [-77.078102, 38.942992], [-77.078102, 38.943063], [-77.078442, 38.943062], [-77.078704, 38.942303], [-77.078334, 38.942321]]]]}, "properties": {"NAME": "Glover Parkway & Children's Playground"}}, {"type": "Feature", "geometry": {"type": "Polygon", "coordinates": [[[-77.113731, 38.934586], [-77.113942, 38.934763], [-77.114119, 38.934975], [-77.114398, 38.935698], [-77.115131, 38.935708], [-77.115469, 38.936097], [-77.116568, 38.936876], [-77.119314, 38.934728], [-77.11907, 38.934373], [-77.118547, 38.933975], [-77.117865, 38.933071], [-77.11757, 38.932746], [-77.117056, 38.932301], [-77.116896, 38.932059], [-77.116439, 38.931639], [-77.116534, 38.931275], [-77.116555, 38.931001], [-77.115988, 38.930314], [-77.116094, 38.929786], [-77.111734, 38.93048], [-77.11126, 38.930637], [-77.111433, 38.93099], [-77.112054, 38.932645], [-77.112242, 38.932992], [-77.112482, 38.933305], [-77.113731, 38.934586]]]}, "properties": {"NAME": "Chesapeake & Ohio Canal National Historical Park"}}, {"type": "Feature", "geometry": {"type": "Polygon", "coordinates": [[[-77.091212, 38.931982], [-77.091213, 38.933], [-77.09286, 38.932571], [-77.092636, 38.932147], [-77.094407, 38.931342], [-77.095121, 38.930734], [-77.095021, 38.930662], [-77.095541, 38.929886], [-77.0957, 38.929539], [-77.096127, 38.929488], [-77.095725, 38.929269], [-77.095646, 38.929186], [-77.095444, 38.927733], [-77.095397, 38.927089], [-77.095757, 38.926566], [-77.096206, 38.926144], [-77.09644, 38.925847], [-77.096641, 38.925427], [-77.096943, 38.924946], [-77.097283, 38.924303], [-77.09745, 38.924111], [-77.0977, 38.923697], [-77.098167, 38.92314], [-77.098865, 38.92219], [-77.099334, 38.92218], [-77.099003, 38.921855], [-77.09894, 38.921999], [-77.098547, 38.921651], [-77.096922, 38.921787], [-77.096858, 38.922159], [-77.096785, 38.922334], [-77.096629, 38.92257], [-77.096423, 38.922766], [-77.095666, 38.923238], [-77.095416, 38.92346], [-77.095282, 38.923672], [-77.095203, 38.923911], [-77.095183, 38.924077], [-77.095217, 38.924499], [-77.095166, 38.924765], [-77.094634, 38.925723], [-77.09449, 38.926219], [-77.094376, 38.926496], [-77.093888, 38.927179], [-77.09374, 38.927532], [-77.093685, 38.927911], [-77.093697, 38.929846], [-77.09193, 38.93035], [-77.092099, 38.930465], [-77.092161, 38.93059], [-77.092169, 38.930682], [-77.091827, 38.931501], [-77.091827, 38.931913], [-77.091212, 38.931913], [-77.091212, 38.931982]]]}, "properties": {"NAME": "Fort Circle Park"}}, {"type": "Feature", "geometry": {"type": "Polygon", "coordinates": [[[-77.082382, 38.927755], [-77.081312, 38.930159], [-77.082152, 38.930159], [-77.082405, 38.929536], [-77.082696, 38.928303], [-77.082382, 38.927755]]]}, "properties": {"NAME": "Glover Parkway & Children's Playground"}}, {"type": "Feature", "geometry": {"type": "Polygon", "coordinates": [[[-77.081525, 38.926332], [-77.080323, 38.929037], [-77.080815, 38.929185], [-77.080415, 38.930085], [-77.080941, 38.930157], [-77.082173, 38.92739], [-77.081638, 38.926458], [-77.081525, 38.926332]]]}, "properties": {"NAME": "Glover Parkway & Children's Playground"}}, {"type": "Feature", "geometry": {"type": "Polygon", "coordinates": [[[-77.059228, 38.914262], [-77.058891, 38.9151], [-77.058724, 38.91542], [-77.058893, 38.915506], [-77.059159, 38.915899], [-77.059449, 38.915769], [-77.059758, 38.915553], [-77.059993, 38.915511], [-77.060669, 38.915474], [-77.061427, 38.915341], [-77.06158, 38.914461], [-77.062141, 38.913163], [-77.059792, 38.912734], [-77.059228, 38.914262]]]}, "properties": {"NAME": "Montrose Park"}}, {"type": "Feature", "geometry": {"type": "Polygon", "coordinates": [[[-77.07798, 38.906554], [-77.077958, 38.909654], [-77.079078, 38.911684], [-77.079592, 38.911922], [-77.079527, 38.911921], [-77.079277, 38.912614], [-77.081475, 38.912613], [-77.081328, 38.912305], [-77.081243, 38.912038], [-77.081194, 38.911765], [-77.081156, 38.911217], [-77.080818, 38.91123], [-77.080857, 38.911258], [-77.080856, 38.911312], [-77.08081, 38.91134], [-77.080762, 38.911315], [-77.080715, 38.910723], [-77.080602, 38.910382], [-77.080386, 38.910094], [-77.080047, 38.909827], [-77.079862, 38.909639], [-77.079705, 38.909377], [-77.079639, 38.909144], [-77.079628, 38.908984], [-77.079662, 38.908746], [-77.079629, 38.908746], [-77.079629, 38.908581], [-77.08022, 38.906889], [-77.08068, 38.906832], [-77.080638, 38.906587], [-77.07966, 38.90671], [-77.079656, 38.906659], [-77.079337, 38.906698], [-77.079339, 38.90675], [-77.078753, 38.906793], [-77.078389, 38.90674], [-77.07798, 38.906554]]]}, "properties": {"NAME": "Archbold Parkway"}}, {"type": "Feature", "geometry": {"type": "Polygon", "coordinates": [[[-77.058506, 38.901084], [-77.058579, 38.901418], [-77.058573, 38.901074], [-77.058972, 38.901159], [-77.058963, 38.900709], [-77.058602, 38.900462], [-77.058401, 38.900231], [-77.058054, 38.899973], [-77.057887, 38.899883], [-77.057785, 38.899933], [-77.057756, 38.899905], [-77.057836, 38.89983], [-77.057664, 38.899919], [-77.057567, 38.89981], [-77.057475, 38.899851], [-77.057369, 38.900096], [-77.057463, 38.900214], [-77.058337, 38.900872], [-77.058506, 38.901084]]]}, "properties": {"NAME": "Thompson's Boat House"}}, {"type": "Feature", "geometry": {"type": "Polygon", "coordinates": [[[-77.046547, 38.894509], [-77.046546, 38.894107], [-77.045085, 38.894108], [-77.045085, 38.893666], [-77.044743, 38.893696], [-77.044339, 38.893833], [-77.045085, 38.894236], [-77.045085, 38.894261], [-77.045524, 38.894513], [-77.046547, 38.894509]]]}, "properties": {"NAME": "Park (Part of Sq. E 87)"}}, {"type": "Feature", "geometry": {"type": "Polygon", "coordinates": [[[-77.045524, 38.894513], [-77.046504, 38.895063], [-77.046545, 38.89505], [-77.046547, 38.894509], [-77.045524, 38.894513]]]}, "properties": {"NAME": "Edward J. Kelly Park"}}, {"type": "Feature", "geometry": {"type": "MultiPolygon", "coordinates": [[[[-77.06793, 38.904959], [-77.068475, 38.904948], [-77.068559, 38.90489], [-77.068764, 38.904482], [-77.068766, 38.904203], [-77.067899, 38.90401], [-77.06791, 38.904339], [-77.067695, 38.904335], [-77.067697, 38.904388], [-77.06605, 38.904186], [-77.066057, 38.904377], [-77.067704, 38.90455], [-77.067917, 38.904547], [-77.06793, 38.904959]]], [[[-77.062943, 38.904443], [-77.063227, 38.904443], [-77.063227, 38.904336], [-77.064683, 38.904348], [-77.064684, 38.904384], [-77.064751, 38.904399], [-77.065352, 38.90436], [-77.065352, 38.90433], [-77.065948, 38.90433], [-77.065946, 38.904174], [-77.065218, 38.904175], [-77.065218, 38.904014], [-77.065075, 38.904017], [-77.065075, 38.904175], [-77.064975, 38.904174], [-77.064975, 38.9042], [-77.063558, 38.904194], [-77.062943, 38.90416], [-77.062943, 38.904443]]]]}, "properties": {"NAME": "Chesapeake & Ohio Canal National Historical Park"}}, {"type": "Feature", "geometry": {"type": "Polygon", "coordinates": [[[-77.04511, 38.895325], [-77.04511, 38.895424], [-77.045643, 38.895512], [-77.046542, 38.895511], [-77.046542, 38.895434], [-77.04523, 38.894735], [-77.04518, 38.894744], [-77.045117, 38.894808], [-77.045029, 38.894995], [-77.045029, 38.895305], [-77.04511, 38.895282], [-77.04511, 38.895325]]]}, "properties": {"NAME": "Triangle"}}, {"type": "Feature", "geometry": {"type": "MultiPolygon", "coordinates": [[[[-77.067362, 38.90365], [-77.068772, 38.903946], [-77.068765, 38.903747], [-77.06787, 38.903474], [-77.067686, 38.903396], [-77.067676, 38.903338], [-77.066869, 38.903091], [-77.066816, 38.903156], [-77.066354, 38.903042], [-77.066135, 38.902926], [-77.066008, 38.9028], [-77.065335, 38.902599], [-77.065065, 38.902458], [-77.065078, 38.902855], [-77.06505, 38.903013], [-77.066046, 38.903382], [-77.067246, 38.903654], [-77.06725, 38.903627], [-77.067362, 38.90365]]], [[[-77.061228, 38.902444], [-77.062653, 38.902451], [-77.062653, 38.902041], [-77.061949, 38.901821], [-77.0616, 38.901648], [-77.061288, 38.901618], [-77.061228, 38.901558], [-77.061228, 38.902444]]], [[[-77.062957, 38.902494], [-77.064751, 38.902892], [-77.064989, 38.902981], [-77.065018, 38.902823], [-77.065003, 38.902442], [-77.064981, 38.902434], [-77.064788, 38.902443], [-77.062947, 38.902092], [-77.062957, 38.902494]]], [[[-77.068774, 38.903998], [-77.068774, 38.903989], [-77.068724, 38.903987], [-77.068774, 38.903998]]]]}, "properties": {"NAME": "Chesapeake & Ohio Canal National Historical Park"}}, {"type": "Feature", "geometry": {"type": "Polygon", "coordinates": [[[-77.010328, 38.865205], [-77.010143, 38.865483], [-77.010215, 38.865512], [-77.010147, 38.865658], [-77.010122, 38.86585], [-77.010656, 38.86585], [-77.010631, 38.865175], [-77.010497, 38.865063], [-77.010396, 38.865194], [-77.010348, 38.865174], [-77.010328, 38.865205]]]}, "properties": {"NAME": "Square E. 667"}}, {"type": "Feature", "geometry": {"type": "Polygon", "coordinates": [[[-77.010789, 38.864623], [-77.010711, 38.864704], [-77.010497, 38.865062], [-77.010631, 38.865175], [-77.010741, 38.864869], [-77.010901, 38.864649], [-77.010789, 38.864623]]]}, "properties": {"NAME": "Triangle"}}, {"type": "Feature", "geometry": {"type": "Polygon", "coordinates": [[[-77.010811, 38.86459], [-77.010791, 38.864621], [-77.010901, 38.864649], [-77.010958, 38.86459], [-77.012064, 38.864591], [-77.012087, 38.864564], [-77.012087, 38.863599], [-77.011922, 38.863633], [-77.011576, 38.863789], [-77.011496, 38.863854], [-77.011503, 38.863897], [-77.011459, 38.863937], [-77.010948, 38.864235], [-77.010872, 38.864329], [-77.010811, 38.86459]]]}, "properties": {"NAME": "Buzzard Point"}}, {"type": "Feature", "geometry": {"type": "MultiPolygon", "coordinates": [[[[-77.056667, 38.919748], [-77.056759, 38.919893], [-77.05707, 38.920219], [-77.057642, 38.920714], [-77.058209, 38.920968], [-77.058978, 38.921544], [-77.059079, 38.921588], [-77.059242, 38.921604], [-77.059063, 38.921509], [-77.058919, 38.921366], [-77.058803, 38.921123], [-77.058783, 38.920921], [-77.05719, 38.920127], [-77.056667, 38.919748]]], [[[-77.059662, 38.92073], [-77.059584, 38.920991], [-77.059632, 38.921351], [-77.059334, 38.921422], [-77.059237, 38.921491], [-77.059703, 38.921679], [-77.060281, 38.921816], [-77.06074, 38.922039], [-77.061286, 38.922388], [-77.062036, 38.922501], [-77.062235, 38.922582], [-77.062355, 38.922678], [-77.063204, 38.923698], [-77.063459, 38.923875], [-77.063879, 38.92434], [-77.064271, 38.924537], [-77.064496, 38.925352], [-77.064768, 38.925716], [-77.065227, 38.926156], [-77.065444, 38.927047], [-77.065279, 38.927412], [-77.065646, 38.927412], [-77.065801, 38.927069], [-77.065732, 38.926788], [-77.065933, 38.926629], [-77.066277, 38.926629], [-77.066277, 38.92626], [-77.066032, 38.926151], [-77.065669, 38.925655], [-77.065133, 38.925316], [-77.064804, 38.924965], [-77.064664, 38.92472], [-77.064667, 38.9246], [-77.064812, 38.92452], [-77.065073, 38.924152], [-77.064333, 38.923732], [-77.063995, 38.923451], [-77.063699, 38.923125], [-77.06338, 38.922633], [-77.063202, 38.922231], [-77.063019, 38.921638], [-77.06277, 38.921261], [-77.062566, 38.921082], [-77.061158, 38.92006], [-77.060849, 38.920319], [-77.060583, 38.920126], [-77.059914, 38.920316], [-77.059662, 38.92073]]]]}, "properties": {"NAME": "6, 8"}}, {"type": "Feature", "geometry": {"type": "Polygon", "coordinates": [[[-76.942525, 38.918633], [-76.942351, 38.918709], [-76.942307, 38.91881], [-76.946167, 38.921833], [-76.944315, 38.918574], [-76.947043, 38.918969], [-76.9471, 38.918756], [-76.944399, 38.918285], [-76.94306, 38.918175], [-76.942997, 38.918258], [-76.94288, 38.91826], [-76.942769, 38.918332], [-76.942525, 38.918633]]]}, "properties": {"NAME": "Baltimore Washington Parkway"}}, {"type": "Feature", "geometry": {"type": "MultiPolygon", "coordinates": [[[[-76.944761, 38.916599], [-76.944779, 38.916636], [-76.94468, 38.916681], [-76.944642, 38.916748], [-76.944343, 38.916896], [-76.94902, 38.917114], [-76.950184, 38.916542], [-76.952046, 38.916255], [-76.953206, 38.917038], [-76.954118, 38.914964], [-76.954201, 38.914631], [-76.954399, 38.913051], [-76.954555, 38.912582], [-76.954732, 38.912255], [-76.955902, 38.910609], [-76.956219, 38.910282], [-76.956954, 38.909682], [-76.957639, 38.908945], [-76.957865, 38.908792], [-76.95812, 38.908695], [-76.95839, 38.908659], [-76.958672, 38.908682], [-76.958581, 38.908617], [-76.958344, 38.908564], [-76.958126, 38.908453], [-76.958053, 38.908483], [-76.957954, 38.908424], [-76.957845, 38.908405], [-76.95756, 38.908259], [-76.957389, 38.90825], [-76.95714, 38.908412], [-76.956482, 38.909302], [-76.95631, 38.909384], [-76.956252, 38.909446], [-76.956258, 38.909471], [-76.956331, 38.90947], [-76.956282, 38.909546], [-76.956191, 38.909626], [-76.95612, 38.909628], [-76.956135, 38.909674], [-76.956103, 38.909742], [-76.955993, 38.909879], [-76.955942, 38.909887], [-76.955945, 38.909941], [-76.955783, 38.910071], [-76.955704, 38.91022], [-76.955477, 38.91049], [-76.955382, 38.910505], [-76.9554, 38.910585], [-76.955338, 38.910647], [-76.95527, 38.910646], [-76.955266, 38.910759], [-76.955163, 38.910876], [-76.955096, 38.910907], [-76.954825, 38.911286], [-76.954574, 38.911767], [-76.954377, 38.91225], [-76.954078, 38.913324], [-76.953943, 38.914404], [-76.953833, 38.914639], [-76.95349, 38.914986], [-76.95336, 38.914976], [-76.952895, 38.915148], [-76.952403, 38.915277], [-76.952322, 38.915266], [-76.95222, 38.915315], [-76.951176, 38.915365], [-76.951056, 38.915305], [-76.950685, 38.915289], [-76.950455, 38.91532], [-76.950252, 38.915309], [-76.95003, 38.915395], [-76.949648, 38.915418], [-76.949622, 38.915406], [-76.949674, 38.915363], [-76.949821, 38.915365], [-76.949957, 38.915326], [-76.949737, 38.915285], [-76.949233, 38.91533], [-76.948625, 38.915325], [-76.948403, 38.915271], [-76.947668, 38.915312], [-76.946946, 38.915418], [-76.946106, 38.915657], [-76.945772, 38.915815], [-76.945244, 38.916167], [-76.944742, 38.916572], [-76.944731, 38.916596], [-76.944761, 38.916599]]], [[[-76.944069, 38.917183], [-76.9437, 38.917452], [-76.943641, 38.917536], [-76.943586, 38.917548], [-76.943251, 38.917927], [-76.944419, 38.918022], [-76.947176, 38.918404], [-76.947353, 38.917744], [-76.948276, 38.917667], [-76.948857, 38.917381], [-76.944101, 38.91716], [-76.944069, 38.917183]]]]}, "properties": {"NAME": "Anacostia Park, Section G"}}, {"type": "Feature", "geometry": {"type": "Polygon", "coordinates": [[[-76.941271, 38.917999], [-76.941966, 38.917939], [-76.942014, 38.917798], [-76.942099, 38.917681], [-76.942833, 38.917132], [-76.942979, 38.91697], [-76.939765, 38.91682], [-76.941271, 38.917999]]]}, "properties": {"NAME": "Baltimore Washington Parkway"}}, {"type": "Feature", "geometry": {"type": "Polygon", "coordinates": [[[-76.946097, 38.913725], [-76.946138, 38.913778], [-76.946198, 38.91371], [-76.946291, 38.913676], [-76.946468, 38.913702], [-76.946626, 38.913653], [-76.946721, 38.91368], [-76.946851, 38.913503], [-76.947025, 38.913466], [-76.947166, 38.913475], [-76.94735, 38.913569], [-76.947866, 38.913445], [-76.948386, 38.913378], [-76.948622, 38.913386], [-76.948769, 38.913462], [-76.94904, 38.913316], [-76.949104, 38.913223], [-76.949033, 38.913109], [-76.94882, 38.91302], [-76.948757, 38.912964], [-76.948508, 38.912912], [-76.948385, 38.912796], [-76.948271, 38.912762], [-76.948146, 38.912849], [-76.947994, 38.912869], [-76.947818, 38.91282], [-76.947549, 38.912834], [-76.94719, 38.912609], [-76.947056, 38.912583], [-76.946938, 38.912657], [-76.946946, 38.912817], [-76.946998, 38.912977], [-76.946979, 38.91311], [-76.946927, 38.913174], [-76.946962, 38.913232], [-76.946952, 38.913288], [-76.946695, 38.913544], [-76.946494, 38.913597], [-76.946361, 38.913576], [-76.945992, 38.913621], [-76.945728, 38.913708], [-76.945794, 38.913717], [-76.945847, 38.913774], [-76.946097, 38.913725]]]}, "properties": {"NAME": "Anacostia Park, Section G"}}, {"type": "Feature", "geometry": {"type": "Polygon", "coordinates": [[[-76.947681, 38.91253], [-76.947941, 38.912582], [-76.948071, 38.912526], [-76.948116, 38.912545], [-76.948245, 38.912457], [-76.948455, 38.912461], [-76.94834, 38.912389], [-76.948037, 38.912374], [-76.948015, 38.91245], [-76.94784, 38.912482], [-76.947744, 38.912442], [-76.947657, 38.912341], [-76.947612, 38.912353], [-76.947535, 38.912311], [-76.947487, 38.912231], [-76.947234, 38.912221], [-76.94724, 38.912182], [-76.947087, 38.912216], [-76.947071, 38.912275], [-76.947127, 38.91226], [-76.947145, 38.912308], [-76.947213, 38.912321], [-76.947216, 38.912347], [-76.947431, 38.912388], [-76.947681, 38.91253]]]}, "properties": {"NAME": "Anacostia Park, Section G"}}, {"type": "Feature", "geometry": {"type": "Polygon", "coordinates": [[[-76.946555, 38.912472], [-76.946593, 38.912545], [-76.946668, 38.912528], [-76.94662, 38.91249], [-76.946626, 38.91243], [-76.946543, 38.91243], [-76.946516, 38.912466], [-76.946555, 38.912472]]]}, "properties": {"NAME": "Anacostia Park, Section G"}}, {"type": "Feature", "geometry": {"type": "MultiPolygon", "coordinates": [[[[-76.958616, 38.907209], [-76.958739, 38.907227], [-76.95896, 38.90708], [-76.959184, 38.907087], [-76.959434, 38.906861], [-76.959591, 38.906791], [-76.95964, 38.906676], [-76.959731, 38.906617], [-76.959714, 38.906567], [-76.959783, 38.906556], [-76.959742, 38.906485], [-76.959818, 38.906423], [-76.959923, 38.906049], [-76.95999, 38.905997], [-76.959972, 38.905898], [-76.960031, 38.905768], [-76.960109, 38.905686], [-76.960059, 38.905587], [-76.960228, 38.90529], [-76.960411, 38.905099], [-76.960966, 38.904737], [-76.96124, 38.904607], [-76.961333, 38.904621], [-76.961516, 38.904468], [-76.96155, 38.904364], [-76.961695, 38.904217], [-76.961814, 38.904159], [-76.961888, 38.904007], [-76.961954, 38.903955], [-76.96195, 38.903874], [-76.962002, 38.90385], [-76.962163, 38.903558], [-76.962235, 38.903128], [-76.962229, 38.903018], [-76.962408, 38.902898], [-76.962371, 38.902794], [-76.962507, 38.902467], [-76.962579, 38.902379], [-76.962578, 38.902327], [-76.962751, 38.902203], [-76.962761, 38.90207], [-76.962835, 38.902036], [-76.962854, 38.901939], [-76.963001, 38.901871], [-76.963, 38.901781], [-76.963492, 38.901524], [-76.964268, 38.901357], [-76.964611, 38.901158], [-76.964897, 38.900933], [-76.96516, 38.900528], [-76.965366, 38.900392], [-76.965589, 38.900122], [-76.96561, 38.900084], [-76.965573, 38.899951], [-76.965635, 38.899878], [-76.965569, 38.899771], [-76.965622, 38.899651], [-76.965565, 38.89939], [-76.965433, 38.899051], [-76.965426, 38.898447], [-76.965488, 38.897782], [-76.965546, 38.897624], [-76.965627, 38.897526], [-76.964737, 38.897633], [-76.964095, 38.897654], [-76.963312, 38.897614], [-76.96245, 38.897501], [-76.96274, 38.898728], [-76.962712, 38.89883], [-76.962748, 38.899087], [-76.962716, 38.899167], [-76.962746, 38.899244], [-76.962613, 38.899343], [-76.962727, 38.899405], [-76.962721, 38.899512], [-76.962568, 38.899754], [-76.962597, 38.899849], [-76.962481, 38.900141], [-76.962515, 38.900173], [-76.962016, 38.900863], [-76.961847, 38.901015], [-76.9618, 38.901156], [-76.961601, 38.901333], [-76.961536, 38.901446], [-76.961113, 38.901926], [-76.961069, 38.901944], [-76.961092, 38.902015], [-76.960956, 38.902111], [-76.960522, 38.902613], [-76.960424, 38.902791], [-76.960323, 38.902871], [-76.960319, 38.90292], [-76.960282, 38.902918], [-76.960229, 38.903071], [-76.960058, 38.903184], [-76.960035, 38.903287], [-76.959875, 38.903543], [-76.959745, 38.90367], [-76.959667, 38.90387], [-76.959556, 38.903931], [-76.959542, 38.904029], [-76.958963, 38.905031], [-76.958782, 38.905085], [-76.958795, 38.905368], [-76.958253, 38.90649], [-76.958112, 38.906852], [-76.958161, 38.907036], [-76.958533, 38.907201], [-76.958616, 38.907209]]], [[[-76.959938, 38.909152], [-76.959714, 38.909022], [-76.959214, 38.908869], [-76.959938, 38.909152]]], [[[-76.961432, 38.909358], [-76.961557, 38.909432], [-76.961699, 38.909652], [-76.962144, 38.909577], [-76.962555, 38.909409], [-76.96279, 38.909276], [-76.963111, 38.909033], [-76.963303, 38.908844], [-76.963621, 38.90841], [-76.963795, 38.908046], [-76.96391, 38.907659], [-76.963985, 38.907], [-76.964053, 38.906778], [-76.964203, 38.906466], [-76.964335, 38.906275], [-76.964573, 38.906022], [-76.964853, 38.905817], [-76.965058, 38.90571], [-76.964934, 38.905573], [-76.964822, 38.905504], [-76.970018, 38.905505], [-76.972385, 38.904534], [-76.971815, 38.903671], [-76.971681, 38.903568], [-76.971473, 38.903512], [-76.970507, 38.903512], [-76.970292, 38.903557], [-76.970151, 38.903502], [-76.970116, 38.903415], [-76.970117, 38.901907], [-76.968666, 38.901671], [-76.968668, 38.900074], [-76.970117, 38.900075], [-76.970125, 38.898624], [-76.97027, 38.897982], [-76.969407, 38.897831], [-76.965714, 38.897533], [-76.965796, 38.897664], [-76.966028, 38.897708], [-76.966107, 38.897787], [-76.966096, 38.897893], [-76.966141, 38.897922], [-76.966166, 38.898254], [-76.966147, 38.898335], [-76.966207, 38.898401], [-76.966172, 38.89846], [-76.966229, 38.898868], [-76.966202, 38.898951], [-76.966118, 38.898974], [-76.9661, 38.89901], [-76.966236, 38.899081], [-76.9663, 38.899185], [-76.966275, 38.899384], [-76.966336, 38.899547], [-76.966372, 38.900022], [-76.966203, 38.900502], [-76.966289, 38.900609], [-76.966241, 38.900805], [-76.96624, 38.901017], [-76.966123, 38.901071], [-76.966088, 38.90115], [-76.966008, 38.901158], [-76.966067, 38.90121], [-76.966064, 38.901244], [-76.965935, 38.901329], [-76.965868, 38.901444], [-76.965874, 38.901491], [-76.965949, 38.901528], [-76.965852, 38.901666], [-76.965863, 38.901859], [-76.965809, 38.901988], [-76.965687, 38.902103], [-76.965684, 38.902147], [-76.965751, 38.90219], [-76.965699, 38.902339], [-76.9656, 38.902416], [-76.965612, 38.902512], [-76.965566, 38.902553], [-76.965616, 38.902851], [-76.96555, 38.90292], [-76.965512, 38.903046], [-76.965335, 38.903194], [-76.965359, 38.903286], [-76.965282, 38.90337], [-76.965307, 38.903398], [-76.965013, 38.90361], [-76.964767, 38.903857], [-76.964567, 38.903942], [-76.964317, 38.903997], [-76.964194, 38.904099], [-76.964036, 38.904116], [-76.96394, 38.904235], [-76.963834, 38.904218], [-76.963746, 38.904364], [-76.96374, 38.904482], [-76.963598, 38.904494], [-76.96356, 38.904679], [-76.963474, 38.904816], [-76.963446, 38.905016], [-76.963473, 38.905093], [-76.963434, 38.905145], [-76.963429, 38.905266], [-76.963346, 38.90532], [-76.963414, 38.905455], [-76.963343, 38.905499], [-76.963241, 38.905755], [-76.963116, 38.905817], [-76.963101, 38.905891], [-76.963047, 38.9059], [-76.962914, 38.906024], [-76.962819, 38.906067], [-76.962791, 38.906172], [-76.962529, 38.906444], [-76.962499, 38.906577], [-76.962411, 38.906652], [-76.962304, 38.906873], [-76.96221, 38.906918], [-76.962204, 38.906975], [-76.962027, 38.907157], [-76.961853, 38.907194], [-76.961759, 38.907298], [-76.961508, 38.907399], [-76.9614, 38.907381], [-76.961396, 38.90749], [-76.961291, 38.907588], [-76.961259, 38.907588], [-76.96127, 38.907532], [-76.961235, 38.90751], [-76.961145, 38.907594], [-76.961046, 38.907588], [-76.961039, 38.907669], [-76.960847, 38.907798], [-76.960763, 38.907799], [-76.960645, 38.907861], [-76.960139, 38.907993], [-76.959898, 38.908014], [-76.959715, 38.907949], [-76.9596, 38.907992], [-76.95934, 38.907969], [-76.959292, 38.907934], [-76.959193, 38.90771], [-76.958939, 38.907646], [-76.958916, 38.907679], [-76.958826, 38.907646], [-76.958665, 38.90768], [-76.958624, 38.907768], [-76.958566, 38.907798], [-76.958526, 38.907776], [-76.958526, 38.907718], [-76.958474, 38.907658], [-76.958526, 38.907627], [-76.958635, 38.907639], [-76.958636, 38.907599], [-76.958485, 38.907536], [-76.957922, 38.907448], [-76.957821, 38.907518], [-76.957759, 38.907657], [-76.957621, 38.907828], [-76.957558, 38.90808], [-76.957756, 38.908218], [-76.958968, 38.908711], [-76.959587, 38.908903], [-76.960535, 38.909358], [-76.96077, 38.909436], [-76.961021, 38.90946], [-76.961317, 38.909363], [-76.961432, 38.909358]]], [[[-76.961261, 38.909442], [-76.961199, 38.909489], [-76.960963, 38.909551], [-76.961281, 38.90963], [-76.961608, 38.909654], [-76.961451, 38.909422], [-76.961261, 38.909442]]]]}, "properties": {"NAME": "Anacostia Park, Section G"}}, {"type": "Feature", "geometry": {"type": "Polygon", "coordinates": [[[-76.960676, 38.906602], [-76.960694, 38.906663], [-76.960664, 38.906704], [-76.960722, 38.906893], [-76.960597, 38.907022], [-76.960597, 38.907064], [-76.96091, 38.907095], [-76.960956, 38.907137], [-76.961034, 38.907141], [-76.9612, 38.906964], [-76.961262, 38.906718], [-76.961387, 38.906647], [-76.961351, 38.906559], [-76.961445, 38.906535], [-76.961678, 38.906381], [-76.961894, 38.906307], [-76.962084, 38.906186], [-76.962226, 38.906144], [-76.962234, 38.906061], [-76.962329, 38.905991], [-76.962348, 38.905813], [-76.962254, 38.905724], [-76.96215, 38.905677], [-76.961893, 38.905741], [-76.961823, 38.905786], [-76.961774, 38.90591], [-76.961723, 38.905946], [-76.961688, 38.905935], [-76.961681, 38.905971], [-76.961606, 38.906007], [-76.961604, 38.90607], [-76.961504, 38.906094], [-76.961414, 38.906188], [-76.960918, 38.906361], [-76.960879, 38.906425], [-76.960803, 38.90641], [-76.960808, 38.9065], [-76.960732, 38.906518], [-76.960676, 38.906602]]]}, "properties": {"NAME": "Anacostia Park, Section G"}}, {"type": "Feature", "geometry": {"type": "Polygon", "coordinates": [[[-77.052364, 38.880783], [-77.052432, 38.880856], [-77.052779, 38.881047], [-77.053399, 38.881503], [-77.053497, 38.881544], [-77.053545, 38.881622], [-77.05402, 38.881971], [-77.054186, 38.882048], [-77.054283, 38.882157], [-77.054622, 38.882397], [-77.05484, 38.882621], [-77.055902, 38.883465], [-77.056311, 38.88385], [-77.057477, 38.884831], [-77.058088, 38.885529], [-77.058987, 38.88713], [-77.059498, 38.887854], [-77.060234, 38.888675], [-77.060611, 38.889026], [-77.061082, 38.889374], [-77.061503, 38.889548], [-77.062196, 38.889706], [-77.062617, 38.889838], [-77.063394, 38.889922], [-77.063417, 38.889971], [-77.063481, 38.889997], [-77.063834, 38.889886], [-77.063934, 38.889739], [-77.064044, 38.88934], [-77.063937, 38.888772], [-77.063905, 38.888753], [-77.06393, 38.888648], [-77.063848, 38.888518], [-77.063814, 38.888378], [-77.06366, 38.888045], [-77.063446, 38.887912], [-77.063266, 38.887689], [-77.063248, 38.887619], [-77.063126, 38.887536], [-77.063074, 38.887428], [-77.062581, 38.886829], [-77.062416, 38.88652], [-77.062251, 38.886328], [-77.061931, 38.885716], [-77.06159, 38.885433], [-77.061276, 38.884884], [-77.061116, 38.884688], [-77.061092, 38.884609], [-77.060861, 38.88428], [-77.060773, 38.884016], [-77.060648, 38.883935], [-77.060362, 38.883575], [-77.059995, 38.882938], [-77.059968, 38.882843], [-77.059832, 38.882655], [-77.05969, 38.882337], [-77.059334, 38.88175], [-77.059217, 38.881611], [-77.059165, 38.88145], [-77.059088, 38.881377], [-77.058959, 38.881142], [-77.05886, 38.881083], [-77.058661, 38.880849], [-77.05829, 38.880582], [-77.057699, 38.880493], [-77.057002, 38.88055], [-77.056155, 38.880678], [-77.055953, 38.880676], [-77.055882, 38.880731], [-77.055512, 38.880761], [-77.055104, 38.880752], [-77.05492, 38.880664], [-77.05471, 38.880488], [-77.053722, 38.87996], [-77.053506, 38.87981], [-77.053115, 38.879679], [-77.052692, 38.879229], [-77.0526, 38.879191], [-77.052519, 38.879014], [-77.052443, 38.878994], [-77.052295, 38.878828], [-77.052225, 38.878792], [-77.052128, 38.878665], [-77.052111, 38.878541], [-77.051974, 38.878305], [-77.051597, 38.877997], [-77.0515, 38.877858], [-77.05106, 38.877445], [-77.050656, 38.876808], [-77.050231, 38.875834], [-77.049933, 38.87554], [-77.049786, 38.875305], [-77.04972, 38.875288], [-77.049669, 38.875216], [-77.049677, 38.875177], [-77.049585, 38.875063], [-77.049415, 38.87492], [-77.049202, 38.874814], [-77.048834, 38.874721], [-77.048354, 38.874825], [-77.048079, 38.874975], [-77.047985, 38.875074], [-77.04756, 38.875339], [-77.047316, 38.875391], [-77.047052, 38.875568], [-77.046701, 38.875927], [-77.046637, 38.87604], [-77.046605, 38.876234], [-77.046679, 38.876429], [-77.04675, 38.876445], [-77.0468, 38.876534], [-77.047207, 38.876778], [-77.047588, 38.877139], [-77.048673, 38.877975], [-77.049724, 38.878829], [-77.04988, 38.878988], [-77.050182, 38.879174], [-77.050812, 38.879719], [-77.051742, 38.880289], [-77.052232, 38.880645], [-77.052364, 38.880783]]]}, "properties": {"NAME": "Lady Bird Johnson Park (Columbia Island)"}}, {"type": "Feature", "geometry": {"type": "MultiPolygon", "coordinates": [[[[-77.060836, 38.930104], [-77.05985, 38.930187], [-77.059663, 38.930284], [-77.060923, 38.930179], [-77.060873, 38.9301], [-77.060836, 38.930104]]], [[[-77.05701, 38.932569], [-77.05778, 38.932689], [-77.058127, 38.932567], [-77.058236, 38.932324], [-77.058359, 38.931882], [-77.058398, 38.93134], [-77.059669, 38.930421], [-77.059417, 38.930421], [-77.059236, 38.930522], [-77.058827, 38.930799], [-77.058292, 38.931253], [-77.058302, 38.931287], [-77.058131, 38.931487], [-77.057956, 38.93193], [-77.057725, 38.932115], [-77.057551, 38.932158], [-77.057372, 38.932142], [-77.056611, 38.931884], [-77.05701, 38.932569]]], [[[-77.054972, 38.932413], [-77.054737, 38.932744], [-77.056488, 38.932588], [-77.056234, 38.93215], [-77.055436, 38.932437], [-77.054972, 38.932413]]], [[[-77.056177, 38.932719], [-77.055008, 38.932824], [-77.054984, 38.933089], [-77.05682, 38.933077], [-77.056595, 38.932687], [-77.056177, 38.932719]]], [[[-77.057976, 38.933097], [-77.05873, 38.933096], [-77.05873, 38.933068], [-77.05902, 38.933095], [-77.05902, 38.932899], [-77.058799, 38.932899], [-77.058074, 38.932718], [-77.057748, 38.932833], [-77.05708, 38.932729], [-77.057265, 38.933047], [-77.057976, 38.933045], [-77.057976, 38.933097]]], [[[-77.051148, 38.933504], [-77.051684, 38.933575], [-77.052477, 38.933491], [-77.051693, 38.933517], [-77.051102, 38.933396], [-77.05091, 38.933392], [-77.051153, 38.933482], [-77.051148, 38.933504]]], [[[-77.052262, 38.933574], [-77.052325, 38.933687], [-77.052805, 38.93355], [-77.052262, 38.933574]]], [[[-77.051467, 38.93365], [-77.051858, 38.933854], [-77.052173, 38.93374], [-77.05221, 38.933676], [-77.052185, 38.933619], [-77.052138, 38.933599], [-77.051728, 38.933635], [-77.051443, 38.933621], [-77.051467, 38.93365]]], [[[-77.050842, 38.933574], [-77.05084, 38.933631], [-77.050911, 38.933766], [-77.051068, 38.933893], [-77.051322, 38.933956], [-77.051554, 38.933929], [-77.050842, 38.933574]]], [[[-77.05063, 38.93348], [-77.050465, 38.933621], [-77.050252, 38.933958], [-77.050524, 38.933941], [-77.050672, 38.933855], [-77.050735, 38.933742], [-77.050743, 38.933613], [-77.05063, 38.93348]]], [[[-77.050802, 38.933783], [-77.050622, 38.933961], [-77.050233, 38.934024], [-77.050219, 38.934053], [-77.051022, 38.933957], [-77.050802, 38.933783]]], [[[-77.050151, 38.934083], [-77.050142, 38.934039], [-77.049999, 38.934103], [-77.050151, 38.934083]]], [[[-77.052851, 38.933606], [-77.052018, 38.933864], [-77.052712, 38.934243], [-77.052829, 38.933705], [-77.05349, 38.933535], [-77.053496, 38.933475], [-77.052944, 38.933617], [-77.052851, 38.933606]]], [[[-77.050726, 38.934043], [-77.051093, 38.934044], [-77.051677, 38.934113], [-77.05205, 38.934226], [-77.052442, 38.934417], [-77.051649, 38.93398], [-77.051378, 38.93402], [-77.050726, 38.934043]]], [[[-77.050731, 38.937235], [-77.050626, 38.937286], [-77.050891, 38.937354], [-77.050731, 38.937235]]], [[[-77.050906, 38.945281], [-77.050719, 38.945082], [-77.050288, 38.944729], [-77.050162, 38.944577], [-77.052181, 38.941701], [-77.052605, 38.941946], [-77.053264, 38.941084], [-77.052799, 38.940961], [-77.052394, 38.9407], [-77.052848, 38.9388], [-77.052968, 38.938955], [-77.052988, 38.939151], [-77.053173, 38.938257], [-77.052974, 38.938163], [-77.052893, 38.937869], [-77.052724, 38.937615], [-77.050683, 38.935635], [-77.050491, 38.935513], [-77.050291, 38.935441], [-77.049781, 38.935375], [-77.049643, 38.935288], [-77.049574, 38.935204], [-77.049516, 38.935052], [-77.049511, 38.934943], [-77.049555, 38.934786], [-77.049616, 38.934696], [-77.049746, 38.934597], [-77.050402, 38.93425], [-77.050177, 38.93421], [-77.049717, 38.934271], [-77.049311, 38.934267], [-77.049316, 38.934175], [-77.049701, 38.934137], [-77.05008, 38.933964], [-77.050256, 38.9338], [-77.050546, 38.933436], [-77.050445, 38.933388], [-77.050055, 38.933577], [-77.04989, 38.933702], [-77.049421, 38.933849], [-77.049361, 38.933931], [-77.049122, 38.934111], [-77.048063, 38.935229], [-77.047902, 38.935555], [-77.04792, 38.935615], [-77.047892, 38.935797], [-77.047981, 38.936019], [-77.047992, 38.936168], [-77.047978, 38.936387], [-77.047895, 38.936678], [-77.047913, 38.936715], [-77.047937, 38.936666], [-77.047964, 38.936668], [-77.047945, 38.936909], [-77.047965, 38.936998], [-77.048031, 38.937067], [-77.048265, 38.937174], [-77.048964, 38.937258], [-77.049042, 38.937248], [-77.049222, 38.937152], [-77.049559, 38.937154], [-77.049914, 38.937072], [-77.050076, 38.937124], [-77.050225, 38.937097], [-77.050495, 38.937167], [-77.050626, 38.937148], [-77.05076, 38.937218], [-77.050939, 38.937202], [-77.051829, 38.937527], [-77.052048, 38.937717], [-77.052194, 38.937898], [-77.052224, 38.938007], [-77.052189, 38.93825], [-77.051867, 38.938959], [-77.051723, 38.939389], [-77.051735, 38.939492], [-77.05169, 38.939655], [-77.051608, 38.939769], [-77.051549, 38.939938], [-77.051577, 38.940077], [-77.05165, 38.940152], [-77.05163, 38.940166], [-77.05157, 38.940087], [-77.051491, 38.940085], [-77.05143, 38.940171], [-77.05142, 38.940301], [-77.0514, 38.940267], [-77.051342, 38.940316], [-77.051365, 38.940359], [-77.051314, 38.940444], [-77.051264, 38.940456], [-77.05135, 38.940487], [-77.051408, 38.940629], [-77.051495, 38.941158], [-77.051453, 38.941485], [-77.051194, 38.941882], [-77.051199, 38.941924], [-77.051094, 38.942104], [-77.050752, 38.942523], [-77.050466, 38.942782], [-77.050404, 38.942901], [-77.050379, 38.942856], [-77.050375, 38.942936], [-77.050075, 38.943338], [-77.05007, 38.943427], [-77.049991, 38.943582], [-77.049945, 38.944027], [-77.049959, 38.944107], [-77.049986, 38.944112], [-77.049961, 38.944421], [-77.049994, 38.944484], [-77.050276, 38.944841], [-77.050828, 38.945268], [-77.050906, 38.945281]]], [[[-77.050631, 38.945182], [-77.050612, 38.945205], [-77.050653, 38.945273], [-77.050772, 38.94533], [-77.050721, 38.945222], [-77.050631, 38.945182]]], [[[-77.042841, 38.954002], [-77.042693, 38.9541], [-77.042693, 38.954135], [-77.042812, 38.954066], [-77.042841, 38.954002]]], [[[-77.042089, 38.957921], [-77.041835, 38.958168], [-77.042121, 38.958021], [-77.042129, 38.957974], [-77.042089, 38.957921]]], [[[-77.040888, 38.959201], [-77.040822, 38.95928], [-77.040905, 38.959247], [-77.040888, 38.959201]]], [[[-77.040649, 38.959764], [-77.040752, 38.959919], [-77.040747, 38.959971], [-77.040865, 38.959913], [-77.040837, 38.959827], [-77.040649, 38.959764]]], [[[-77.049945, 38.961398], [-77.050348, 38.961647], [-77.050682, 38.961768], [-77.051033, 38.961828], [-77.051563, 38.961818], [-77.051935, 38.961739], [-77.052508, 38.961529], [-77.052625, 38.961434], [-77.052694, 38.961305], [-77.052802, 38.961331], [-77.052749, 38.961462], [-77.052926, 38.961398], [-77.052967, 38.961334], [-77.053074, 38.961346], [-77.054178, 38.961066], [-77.055208, 38.960918], [-77.056055, 38.960887], [-77.056096, 38.960864], [-77.056109, 38.960216], [-77.056061, 38.959771], [-77.055858, 38.958791], [-77.055912, 38.95864], [-77.056018, 38.958455], [-77.056215, 38.958216], [-77.056609, 38.957951], [-77.056736, 38.957816], [-77.057109, 38.956855], [-77.057304, 38.956752], [-77.057446, 38.956715], [-77.057854, 38.956711], [-77.057868, 38.956606], [-77.058, 38.956486], [-77.058022, 38.956507], [-77.058197, 38.956425], [-77.058285, 38.956139], [-77.058271, 38.956077], [-77.058133, 38.956035], [-77.058088, 38.955972], [-77.057833, 38.955921], [-77.057415, 38.955725], [-77.057356, 38.955649], [-77.057392, 38.955545], [-77.057293, 38.955353], [-77.057258, 38.955162], [-77.057412, 38.954923], [-77.057413, 38.954632], [-77.057277, 38.954507], [-77.056967, 38.954335], [-77.05671, 38.954111], [-77.05627, 38.953885], [-77.05634, 38.953879], [-77.056668, 38.954034], [-77.056824, 38.954142], [-77.056873, 38.954212], [-77.056973, 38.954231], [-77.057396, 38.954523], [-77.05749, 38.954636], [-77.057443, 38.954808], [-77.057501, 38.954864], [-77.057431, 38.954978], [-77.057452, 38.955015], [-77.057407, 38.955014], [-77.057418, 38.955067], [-77.057324, 38.955159], [-77.05737, 38.955207], [-77.057419, 38.955396], [-77.057437, 38.955638], [-77.057693, 38.955785], [-77.058118, 38.955934], [-77.058355, 38.956103], [-77.058359, 38.956163], [-77.058217, 38.956471], [-77.057937, 38.956602], [-77.057913, 38.956712], [-77.058094, 38.956678], [-77.058222, 38.956592], [-77.058339, 38.956439], [-77.058415, 38.956233], [-77.058377, 38.956074], [-77.05829, 38.95597], [-77.0578, 38.955727], [-77.057563, 38.955518], [-77.057511, 38.955401], [-77.057506, 38.955298], [-77.057631, 38.954891], [-77.057631, 38.954803], [-77.05759, 38.954687], [-77.057372, 38.954409], [-77.056725, 38.954003], [-77.055869, 38.953568], [-77.055635, 38.953406], [-77.055071, 38.95279], [-77.054973, 38.95261], [-77.05485, 38.952247], [-77.054699, 38.952074], [-77.054485, 38.951998], [-77.053337, 38.951759], [-77.053202, 38.951688], [-77.0531, 38.951575], [-77.05301, 38.951312], [-77.053068, 38.950774], [-77.052993, 38.950462], [-77.052527, 38.949849], [-77.051997, 38.949416], [-77.051883, 38.949288], [-77.051697, 38.949008], [-77.051522, 38.948618], [-77.051429, 38.948237], [-77.051415, 38.947974], [-77.051581, 38.947302], [-77.051638, 38.946874], [-77.051633, 38.946584], [-77.051455, 38.946081], [-77.050971, 38.945404], [-77.050958, 38.945435], [-77.051, 38.945513], [-77.051419, 38.946073], [-77.051592, 38.946576], [-77.05157, 38.947026], [-77.051513, 38.947211], [-77.051521, 38.947294], [-77.051433, 38.947339], [-77.051375, 38.947644], [-77.051283, 38.947806], [-77.051333, 38.94789], [-77.051317, 38.947955], [-77.05139, 38.948553], [-77.051451, 38.948661], [-77.051525, 38.948968], [-77.05154, 38.949113], [-77.051508, 38.949147], [-77.051544, 38.949208], [-77.051551, 38.949334], [-77.051692, 38.949404], [-77.051772, 38.949529], [-77.051908, 38.949573], [-77.051973, 38.949563], [-77.051966, 38.949524], [-77.051994, 38.949519], [-77.052256, 38.949687], [-77.052588, 38.950005], [-77.052633, 38.950099], [-77.052625, 38.950181], [-77.052738, 38.950268], [-77.052952, 38.950564], [-77.052989, 38.950734], [-77.052929, 38.95092], [-77.052912, 38.951131], [-77.052947, 38.951254], [-77.052911, 38.95163], [-77.053336, 38.951902], [-77.05388, 38.951923], [-77.054604, 38.952075], [-77.05472, 38.952125], [-77.0548, 38.952276], [-77.054772, 38.952545], [-77.054803, 38.952651], [-77.054817, 38.952578], [-77.054921, 38.952753], [-77.055326, 38.953156], [-77.055461, 38.953368], [-77.055944, 38.953703], [-77.05604, 38.953755], [-77.056109, 38.953756], [-77.056183, 38.953866], [-77.056109, 38.953871], [-77.055854, 38.953728], [-77.05539, 38.953394], [-77.055132, 38.953047], [-77.054763, 38.952663], [-77.054717, 38.952498], [-77.054765, 38.95236], [-77.054759, 38.952287], [-77.054654, 38.952113], [-77.054249, 38.952049], [-77.054207, 38.952066], [-77.053895, 38.951994], [-77.05337, 38.951968], [-77.053312, 38.951913], [-77.053106, 38.951846], [-77.052914, 38.951694], [-77.052881, 38.951611], [-77.052872, 38.951121], [-77.052927, 38.950729], [-77.052904, 38.950591], [-77.052611, 38.950223], [-77.052587, 38.950124], [-77.052465, 38.949944], [-77.052104, 38.949674], [-77.051953, 38.949659], [-77.051783, 38.949586], [-77.051695, 38.949464], [-77.051541, 38.949384], [-77.051505, 38.949329], [-77.051524, 38.949265], [-77.051496, 38.949236], [-77.05149, 38.949103], [-77.051407, 38.948818], [-77.051422, 38.948749], [-77.051384, 38.948714], [-77.051287, 38.948285], [-77.051232, 38.947993], [-77.051264, 38.947962], [-77.051259, 38.947909], [-77.051228, 38.947839], [-77.051546, 38.946937], [-77.05154, 38.946576], [-77.051434, 38.94623], [-77.05135, 38.94605], [-77.05128, 38.946007], [-77.051223, 38.945897], [-77.0508, 38.945434], [-77.050802, 38.945391], [-77.050721, 38.945377], [-77.050542, 38.9452], [-77.050473, 38.945056], [-77.05039, 38.945031], [-77.050385, 38.945078], [-77.050113, 38.94485], [-77.049952, 38.944617], [-77.049844, 38.94439], [-77.049864, 38.944181], [-77.049887, 38.944166], [-77.049861, 38.944148], [-77.049828, 38.943877], [-77.04986, 38.943735], [-77.049825, 38.943694], [-77.049571, 38.943973], [-77.049453, 38.944209], [-77.049012, 38.944491], [-77.048522, 38.944886], [-77.048384, 38.94503], [-77.048063, 38.945587], [-77.047892, 38.945705], [-77.047621, 38.94578], [-77.047284, 38.945782], [-77.046611, 38.94568], [-77.04621, 38.945522], [-77.046032, 38.945572], [-77.045831, 38.945746], [-77.045739, 38.94602], [-77.045646, 38.946174], [-77.04564, 38.94629], [-77.045502, 38.946485], [-77.045323, 38.946834], [-77.045035, 38.947062], [-77.044954, 38.947207], [-77.044791, 38.947369], [-77.044645, 38.947458], [-77.044316, 38.947764], [-77.044273, 38.947757], [-77.044164, 38.947941], [-77.044133, 38.947946], [-77.044145, 38.948014], [-77.044109, 38.948101], [-77.044222, 38.948327], [-77.044209, 38.948377], [-77.044318, 38.948481], [-77.044359, 38.948489], [-77.044378, 38.948455], [-77.044614, 38.948535], [-77.044727, 38.948531], [-77.044812, 38.948461], [-77.044946, 38.948234], [-77.044977, 38.948059], [-77.045073, 38.94793], [-77.045269, 38.947798], [-77.045548, 38.947702], [-77.045874, 38.947726], [-77.046207, 38.947832], [-77.046434, 38.947941], [-77.046503, 38.947998], [-77.046512, 38.948047], [-77.047017, 38.948229], [-77.047095, 38.948391], [-77.047097, 38.948536], [-77.046901, 38.948939], [-77.04696, 38.949051], [-77.047058, 38.949107], [-77.047066, 38.949266], [-77.047043, 38.949294], [-77.0471, 38.949332], [-77.047129, 38.949412], [-77.047137, 38.949474], [-77.04709, 38.949526], [-77.047148, 38.94955], [-77.047155, 38.949724], [-77.047046, 38.949866], [-77.046562, 38.950241], [-77.046359, 38.9503], [-77.046047, 38.950456], [-77.045955, 38.950475], [-77.045935, 38.950434], [-77.045903, 38.950446], [-77.045866, 38.95053], [-77.045782, 38.950567], [-77.045521, 38.950845], [-77.045267, 38.951027], [-77.045254, 38.951079], [-77.045039, 38.951301], [-77.044972, 38.951495], [-77.044957, 38.951803], [-77.04502, 38.951904], [-77.045006, 38.951988], [-77.044835, 38.952226], [-77.044825, 38.952286], [-77.044594, 38.952496], [-77.044576, 38.952616], [-77.044386, 38.952798], [-77.044319, 38.952904], [-77.044054, 38.95311], [-77.04396, 38.953138], [-77.043845, 38.953302], [-77.043529, 38.953476], [-77.043546, 38.953536], [-77.043391, 38.95362], [-77.043379, 38.953684], [-77.043136, 38.953849], [-77.043169, 38.953944], [-77.043035, 38.954088], [-77.042959, 38.95412], [-77.042887, 38.95431], [-77.042762, 38.954433], [-77.042575, 38.954525], [-77.042386, 38.954558], [-77.042288, 38.954668], [-77.042202, 38.954932], [-77.042226, 38.955019], [-77.042122, 38.95515], [-77.042224, 38.955236], [-77.042163, 38.955316], [-77.042219, 38.955423], [-77.042176, 38.955442], [-77.04218, 38.955506], [-77.042253, 38.955588], [-77.042253, 38.955672], [-77.042317, 38.955812], [-77.042411, 38.955883], [-77.042443, 38.955997], [-77.042419, 38.956062], [-77.042437, 38.956229], [-77.042275, 38.956594], [-77.042301, 38.956744], [-77.042222, 38.956874], [-77.042186, 38.95704], [-77.042185, 38.957104], [-77.042271, 38.957173], [-77.042292, 38.957232], [-77.04225, 38.957274], [-77.042229, 38.957425], [-77.042176, 38.957493], [-77.042218, 38.95752], [-77.042237, 38.957607], [-77.042279, 38.957601], [-77.042298, 38.957645], [-77.042259, 38.957717], [-77.042287, 38.957768], [-77.04226, 38.957784], [-77.042277, 38.957833], [-77.042237, 38.957879], [-77.042272, 38.957909], [-77.042279, 38.95799], [-77.042223, 38.958091], [-77.042078, 38.958189], [-77.041813, 38.958276], [-77.041734, 38.958262], [-77.041544, 38.958305], [-77.041472, 38.958385], [-77.041367, 38.958434], [-77.041285, 38.95858], [-77.041302, 38.958606], [-77.041245, 38.958642], [-77.041198, 38.958992], [-77.041003, 38.959178], [-77.040901, 38.959324], [-77.040758, 38.959377], [-77.040567, 38.959563], [-77.040612, 38.959685], [-77.040771, 38.959706], [-77.040969, 38.959854], [-77.040954, 38.959909], [-77.041025, 38.959928], [-77.040982, 38.959969], [-77.04101, 38.959994], [-77.041143, 38.959942], [-77.041267, 38.959993], [-77.041459, 38.959986], [-77.041943, 38.960089], [-77.04213, 38.960274], [-77.042582, 38.960505], [-77.042872, 38.960753], [-77.042989, 38.960755], [-77.042929, 38.960791], [-77.043163, 38.960976], [-77.043391, 38.961225], [-77.043852, 38.960965], [-77.043883, 38.960998], [-77.044448, 38.960722], [-77.044442, 38.960661], [-77.045188, 38.960458], [-77.046163, 38.960286], [-77.046956, 38.960263], [-77.04794, 38.960378], [-77.048706, 38.960595], [-77.049367, 38.960943], [-77.049945, 38.961398]]], [[[-77.038732, 38.962929], [-77.038975, 38.962973], [-77.038986, 38.96293], [-77.039337, 38.962959], [-77.039471, 38.96272], [-77.0396, 38.962565], [-77.039832, 38.962372], [-77.040185, 38.962247], [-77.040254, 38.96219], [-77.040312, 38.962227], [-77.040393, 38.962211], [-77.040672, 38.962035], [-77.04111, 38.961898], [-77.041589, 38.961814], [-77.041659, 38.961758], [-77.041672, 38.96171], [-77.04163, 38.961666], [-77.041619, 38.961556], [-77.041631, 38.961373], [-77.041805, 38.960803], [-77.041723, 38.960552], [-77.041744, 38.960482], [-77.041717, 38.960304], [-77.041639, 38.960196], [-77.041458, 38.960121], [-77.041153, 38.960157], [-77.04085, 38.960063], [-77.040712, 38.960051], [-77.040613, 38.959962], [-77.040412, 38.959636], [-77.040474, 38.95945], [-77.04074, 38.95914], [-77.040863, 38.959079], [-77.040989, 38.958958], [-77.041032, 38.958762], [-77.041198, 38.95847], [-77.041413, 38.958278], [-77.041458, 38.958278], [-77.041759, 38.958109], [-77.041833, 38.957993], [-77.042007, 38.95785], [-77.042115, 38.957648], [-77.04213, 38.957526], [-77.042068, 38.957497], [-77.042098, 38.957346], [-77.042033, 38.956889], [-77.042185, 38.95635], [-77.042234, 38.956312], [-77.04219, 38.956297], [-77.042237, 38.956205], [-77.042201, 38.95616], [-77.042207, 38.9561], [-77.04222, 38.956081], [-77.042247, 38.956148], [-77.042269, 38.956086], [-77.042211, 38.956022], [-77.042177, 38.955803], [-77.042104, 38.955751], [-77.042137, 38.95563], [-77.042034, 38.95546], [-77.041982, 38.955263], [-77.042025, 38.955134], [-77.041995, 38.955076], [-77.042033, 38.955004], [-77.041984, 38.954868], [-77.041994, 38.954752], [-77.042044, 38.954656], [-77.042023, 38.954564], [-77.042265, 38.954304], [-77.042364, 38.954246], [-77.04245, 38.95426], [-77.042591, 38.954204], [-77.042608, 38.954144], [-77.042849, 38.953964], [-77.042942, 38.953851], [-77.043087, 38.953789], [-77.043091, 38.953719], [-77.043241, 38.953667], [-77.043241, 38.953624], [-77.043462, 38.953374], [-77.043493, 38.953299], [-77.043718, 38.953195], [-77.043815, 38.953005], [-77.044027, 38.952855], [-77.044216, 38.952667], [-77.044513, 38.952291], [-77.044535, 38.952221], [-77.044788, 38.951871], [-77.044811, 38.95172], [-77.044776, 38.951465], [-77.044911, 38.951284], [-77.045, 38.951086], [-77.045317, 38.950801], [-77.045492, 38.950587], [-77.045698, 38.950419], [-77.045912, 38.950352], [-77.046417, 38.950054], [-77.046698, 38.949963], [-77.046938, 38.949748], [-77.047001, 38.949645], [-77.046946, 38.949408], [-77.046791, 38.94903], [-77.046792, 38.948833], [-77.046862, 38.948782], [-77.046906, 38.948559], [-77.046898, 38.948334], [-77.046825, 38.948273], [-77.046529, 38.948205], [-77.046195, 38.948069], [-77.045919, 38.947883], [-77.045786, 38.947833], [-77.045515, 38.947821], [-77.045389, 38.947872], [-77.045179, 38.94803], [-77.045142, 38.948102], [-77.045137, 38.948265], [-77.04506, 38.948264], [-77.045067, 38.948438], [-77.04502, 38.948509], [-77.044784, 38.94867], [-77.044534, 38.948687], [-77.044412, 38.948624], [-77.044238, 38.948607], [-77.044173, 38.948556], [-77.04418, 38.948528], [-77.044095, 38.94851], [-77.044046, 38.948426], [-77.044065, 38.948387], [-77.043893, 38.948205], [-77.044042, 38.947804], [-77.044098, 38.947747], [-77.044138, 38.947755], [-77.044212, 38.947706], [-77.044192, 38.947668], [-77.044296, 38.947617], [-77.044418, 38.947503], [-77.044444, 38.947393], [-77.044551, 38.947304], [-77.044668, 38.947143], [-77.044728, 38.947126], [-77.04474, 38.94705], [-77.044895, 38.946952], [-77.044965, 38.946867], [-77.045054, 38.946825], [-77.045133, 38.946829], [-77.045109, 38.946782], [-77.045041, 38.946773], [-77.045025, 38.946723], [-77.045178, 38.946653], [-77.045317, 38.946513], [-77.045327, 38.946311], [-77.045397, 38.946183], [-77.045454, 38.946142], [-77.04559, 38.945853], [-77.045561, 38.945734], [-77.04579, 38.9456], [-77.045932, 38.945394], [-77.046076, 38.945353], [-77.046211, 38.945376], [-77.046488, 38.9455], [-77.04652, 38.945542], [-77.046874, 38.945583], [-77.047006, 38.945655], [-77.047126, 38.945612], [-77.047437, 38.945675], [-77.047912, 38.945573], [-77.048018, 38.945443], [-77.048106, 38.945181], [-77.048193, 38.945096], [-77.048219, 38.944976], [-77.048256, 38.944953], [-77.048292, 38.94497], [-77.048351, 38.944809], [-77.048827, 38.944431], [-77.049177, 38.944226], [-77.049308, 38.944095], [-77.049449, 38.943835], [-77.049678, 38.94354], [-77.049682, 38.943433], [-77.049777, 38.943493], [-77.049856, 38.94345], [-77.049857, 38.943395], [-77.049782, 38.943326], [-77.049788, 38.943282], [-77.04996, 38.94318], [-77.05032, 38.942683], [-77.050691, 38.942287], [-77.050867, 38.94204], [-77.051087, 38.941643], [-77.051083, 38.941575], [-77.051216, 38.941329], [-77.051238, 38.941235], [-77.0512, 38.940762], [-77.05111, 38.940592], [-77.051134, 38.940579], [-77.051079, 38.940465], [-77.051112, 38.940415], [-77.051027, 38.940387], [-77.051149, 38.940266], [-77.051177, 38.940159], [-77.051233, 38.940112], [-77.051448, 38.939695], [-77.051581, 38.939538], [-77.051539, 38.939347], [-77.051636, 38.93922], [-77.051726, 38.938845], [-77.051954, 38.938316], [-77.052002, 38.93791], [-77.051976, 38.937838], [-77.051897, 38.937763], [-77.051632, 38.93757], [-77.051477, 38.937536], [-77.051417, 38.93756], [-77.051027, 38.937474], [-77.050196, 38.937263], [-77.050058, 38.937194], [-77.049897, 38.93721], [-77.049828, 38.93726], [-77.049279, 38.937316], [-77.049242, 38.937365], [-77.049038, 38.937402], [-77.048223, 38.937296], [-77.047984, 38.937192], [-77.047803, 38.936987], [-77.047752, 38.936744], [-77.047784, 38.936568], [-77.047723, 38.935625], [-77.047794, 38.935327], [-77.047769, 38.935292], [-77.047091, 38.935508], [-77.046616, 38.935743], [-77.045961, 38.935909], [-77.045846, 38.935907], [-77.045573, 38.936131], [-77.045474, 38.936153], [-77.045037, 38.936205], [-77.044449, 38.936176], [-77.044201, 38.93612], [-77.0441, 38.936125], [-77.044086, 38.93615], [-77.043943, 38.93612], [-77.043779, 38.936138], [-77.043739, 38.93611], [-77.043647, 38.936136], [-77.043581, 38.936105], [-77.043535, 38.936135], [-77.043454, 38.936121], [-77.043413, 38.936152], [-77.043179, 38.936158], [-77.042783, 38.936225], [-77.042707, 38.936262], [-77.042308, 38.936263], [-77.042153, 38.936279], [-77.042124, 38.936314], [-77.041568, 38.936293], [-77.041169, 38.936332], [-77.040928, 38.93647], [-77.040724, 38.93674], [-77.040355, 38.936894], [-77.040322, 38.936937], [-77.040233, 38.936933], [-77.040042, 38.937004], [-77.039518, 38.937102], [-77.039428, 38.937136], [-77.039376, 38.937205], [-77.039192, 38.93726], [-77.038929, 38.937285], [-77.038843, 38.937386], [-77.038696, 38.93747], [-77.038706, 38.937538], [-77.03837, 38.93773], [-77.038325, 38.937735], [-77.038305, 38.937697], [-77.038607, 38.937514], [-77.038591, 38.937435], [-77.038763, 38.937286], [-77.038918, 38.937214], [-77.038999, 38.937228], [-77.039064, 38.937163], [-77.039917, 38.936986], [-77.040229, 38.936859], [-77.040399, 38.936857], [-77.040733, 38.936669], [-77.040791, 38.936524], [-77.040974, 38.936383], [-77.041358, 38.936248], [-77.042177, 38.936253], [-77.042685, 38.93622], [-77.042801, 38.936171], [-77.042971, 38.936181], [-77.043015, 38.936139], [-77.043339, 38.936073], [-77.044081, 38.936105], [-77.04412, 38.936084], [-77.044174, 38.936119], [-77.044237, 38.9361], [-77.044376, 38.936131], [-77.045046, 38.936129], [-77.045262, 38.936093], [-77.04551, 38.936131], [-77.045843, 38.935893], [-77.046167, 38.935781], [-77.046418, 38.935763], [-77.046468, 38.935715], [-77.046686, 38.935675], [-77.046721, 38.935619], [-77.047164, 38.935378], [-77.047802, 38.935114], [-77.04815, 38.934766], [-77.04825, 38.934743], [-77.048389, 38.934626], [-77.04849, 38.934471], [-77.048619, 38.934397], [-77.04876, 38.934231], [-77.048795, 38.934095], [-77.049004, 38.934013], [-77.049243, 38.933796], [-77.04962, 38.933665], [-77.050268, 38.933302], [-77.049318, 38.93286], [-77.048742, 38.932731], [-77.047498, 38.932716], [-77.047541, 38.933293], [-77.047311, 38.933665], [-77.046977, 38.933667], [-77.047167, 38.934171], [-77.046998, 38.934211], [-77.046628, 38.934373], [-77.046523, 38.934449], [-77.046112, 38.934204], [-77.045925, 38.934005], [-77.045707, 38.933685], [-77.045521, 38.934715], [-77.045551, 38.935014], [-77.045664, 38.935266], [-77.045354, 38.935361], [-77.045335, 38.935458], [-77.045044, 38.935423], [-77.04484, 38.935478], [-77.044855, 38.9354], [-77.044099, 38.935309], [-77.04364, 38.935492], [-77.043131, 38.935555], [-77.042393, 38.935555], [-77.041883, 38.935492], [-77.041443, 38.935493], [-77.041443, 38.935371], [-77.041271, 38.935371], [-77.041273, 38.93586], [-77.040455, 38.936193], [-77.040463, 38.935356], [-77.040025, 38.935355], [-77.040026, 38.935492], [-77.03904, 38.935499], [-77.039189, 38.935648], [-77.039196, 38.936153], [-77.039033, 38.936356], [-77.03888, 38.936296], [-77.038316, 38.936701], [-77.038015, 38.936816], [-77.03673, 38.936842], [-77.036727, 38.938946], [-77.037808, 38.938947], [-77.037946, 38.939432], [-77.037959, 38.939634], [-77.03815, 38.939634], [-77.039149, 38.938592], [-77.039426, 38.938457], [-77.039856, 38.938354], [-77.040075, 38.938377], [-77.040281, 38.938455], [-77.040698, 38.938776], [-77.040868, 38.939005], [-77.040953, 38.939175], [-77.041034, 38.939449], [-77.041055, 38.939638], [-77.041502, 38.939638], [-77.041517, 38.938447], [-77.041589, 38.93828], [-77.041666, 38.938185], [-77.041912, 38.938016], [-77.042201, 38.937939], [-77.04334, 38.937828], [-77.044663, 38.937573], [-77.046619, 38.93734], [-77.04739, 38.937881], [-77.047703, 38.939068], [-77.04773, 38.939985], [-77.047527, 38.940825], [-77.047656, 38.94086], [-77.047365, 38.941509], [-77.046953, 38.942111], [-77.046508, 38.942082], [-77.046491, 38.942269], [-77.046537, 38.942544], [-77.045937, 38.943417], [-77.045591, 38.943764], [-77.045744, 38.943866], [-77.045764, 38.943929], [-77.045741, 38.944013], [-77.045625, 38.944068], [-77.043982, 38.945678], [-77.04267, 38.947209], [-77.042051, 38.947848], [-77.036687, 38.952425], [-77.036682, 38.956489], [-77.038506, 38.957237], [-77.037676, 38.958372], [-77.038946, 38.958888], [-77.037747, 38.960559], [-77.038855, 38.961023], [-77.038404, 38.961648], [-77.038912, 38.961861], [-77.038907, 38.962601], [-77.038485, 38.962541], [-77.038483, 38.962857], [-77.038732, 38.962929]]], [[[-77.039563, 38.962999], [-77.040298, 38.962879], [-77.040917, 38.962659], [-77.042928, 38.961539], [-77.042896, 38.961505], [-77.043279, 38.961289], [-77.043162, 38.961164], [-77.042568, 38.960694], [-77.042354, 38.960588], [-77.041843, 38.960237], [-77.041767, 38.96023], [-77.041743, 38.960247], [-77.04178, 38.960499], [-77.041889, 38.960763], [-77.041717, 38.961438], [-77.041724, 38.961724], [-77.041677, 38.961836], [-77.041605, 38.961878], [-77.041095, 38.96197], [-77.040822, 38.962088], [-77.040589, 38.962124], [-77.040327, 38.962273], [-77.03982, 38.962445], [-77.039547, 38.962713], [-77.039412, 38.962959], [-77.039559, 38.962955], [-77.039563, 38.962999]]], [[[-77.036506, 38.962966], [-77.036606, 38.962906], [-77.036722, 38.962897], [-77.03778, 38.963078], [-77.038724, 38.963167], [-77.037764, 38.963029], [-77.037122, 38.962843], [-77.036494, 38.962705], [-77.036506, 38.962966]]], [[[-77.045776, 38.968501], [-77.045671, 38.968547], [-77.045771, 38.968563], [-77.045808, 38.968512], [-77.045776, 38.968501]]], [[[-77.042395, 38.971032], [-77.042393, 38.971052], [-77.042496, 38.971069], [-77.042395, 38.971032]]], [[[-77.040748, 38.971472], [-77.040768, 38.971513], [-77.040795, 38.971497], [-77.040787, 38.971465], [-77.040748, 38.971472]]], [[[-77.044176, 38.972724], [-77.044174, 38.972742], [-77.044207, 38.972722], [-77.044176, 38.972724]]], [[[-77.045386, 38.972961], [-77.045324, 38.973057], [-77.0454, 38.973061], [-77.045505, 38.972959], [-77.045473, 38.972932], [-77.045426, 38.972958], [-77.045427, 38.97292], [-77.045386, 38.972961]]], [[[-77.048629, 38.974139], [-77.048596, 38.974231], [-77.048624, 38.974245], [-77.048652, 38.974154], [-77.048629, 38.974139]]], [[[-77.039839, 38.975267], [-77.039865, 38.975367], [-77.039897, 38.975368], [-77.039948, 38.975173], [-77.039981, 38.975149], [-77.039985, 38.975054], [-77.039946, 38.974964], [-77.039802, 38.975126], [-77.039812, 38.97526], [-77.039839, 38.975267]]], [[[-77.039734, 38.975899], [-77.039704, 38.975921], [-77.039735, 38.975928], [-77.039755, 38.975904], [-77.039734, 38.975899]]], [[[-77.05224, 38.976378], [-77.0525, 38.976437], [-77.053523, 38.969828], [-77.053826, 38.968068], [-77.053869, 38.967649], [-77.053887, 38.96757], [-77.053978, 38.967584], [-77.054135, 38.967109], [-77.054395, 38.965527], [-77.054371, 38.965342], [-77.054266, 38.965117], [-77.053031, 38.963505], [-77.052675, 38.961796], [-77.052618, 38.961771], [-77.052027, 38.96197], [-77.051589, 38.962049], [-77.051145, 38.962064], [-77.050613, 38.961996], [-77.050055, 38.961781], [-77.049176, 38.961122], [-77.048641, 38.960831], [-77.048211, 38.96068], [-77.047872, 38.960602], [-77.047098, 38.960501], [-77.046122, 38.960522], [-77.045558, 38.960612], [-77.045197, 38.960734], [-77.045148, 38.960687], [-77.044647, 38.960856], [-77.044395, 38.960968], [-77.044393, 38.961028], [-77.044095, 38.961118], [-77.044028, 38.961154], [-77.044059, 38.961188], [-77.043597, 38.961449], [-77.043969, 38.961704], [-77.044265, 38.961951], [-77.044285, 38.962007], [-77.044408, 38.962056], [-77.044848, 38.962383], [-77.045053, 38.962467], [-77.045064, 38.962505], [-77.045123, 38.96249], [-77.045226, 38.96253], [-77.045771, 38.962793], [-77.045847, 38.962865], [-77.046019, 38.962905], [-77.046293, 38.963113], [-77.046488, 38.963372], [-77.046616, 38.963465], [-77.046878, 38.96386], [-77.04728, 38.964247], [-77.047626, 38.964771], [-77.047677, 38.964783], [-77.047656, 38.96483], [-77.047587, 38.964852], [-77.047633, 38.964947], [-77.047528, 38.965141], [-77.047494, 38.965298], [-77.047381, 38.965547], [-77.047207, 38.965821], [-77.047137, 38.966032], [-77.047094, 38.966071], [-77.046917, 38.966477], [-77.046896, 38.966597], [-77.046948, 38.966929], [-77.046902, 38.967048], [-77.046922, 38.967175], [-77.046726, 38.96773], [-77.046587, 38.967908], [-77.046254, 38.968194], [-77.0461, 38.968417], [-77.045987, 38.968521], [-77.045777, 38.968687], [-77.045731, 38.968683], [-77.045664, 38.96877], [-77.045253, 38.969029], [-77.045145, 38.969632], [-77.044964, 38.969988], [-77.044803, 38.97055], [-77.044736, 38.970676], [-77.044461, 38.970928], [-77.044407, 38.970835], [-77.044472, 38.970749], [-77.044465, 38.970714], [-77.044425, 38.970735], [-77.044436, 38.970773], [-77.044071, 38.970973], [-77.044014, 38.971122], [-77.043926, 38.971201], [-77.043947, 38.971426], [-77.043753, 38.971632], [-77.043699, 38.971734], [-77.043617, 38.971789], [-77.043665, 38.971874], [-77.043719, 38.971875], [-77.043764, 38.971935], [-77.043746, 38.971981], [-77.043826, 38.972111], [-77.043884, 38.97214], [-77.04395, 38.972267], [-77.043968, 38.972509], [-77.044143, 38.97261], [-77.044233, 38.972714], [-77.044128, 38.972841], [-77.04411, 38.972957], [-77.04448, 38.973122], [-77.044606, 38.973089], [-77.044829, 38.973098], [-77.044906, 38.973112], [-77.044898, 38.973171], [-77.044952, 38.973174], [-77.045074, 38.973098], [-77.0452, 38.973096], [-77.045391, 38.972906], [-77.045451, 38.9729], [-77.045395, 38.972846], [-77.045396, 38.972809], [-77.045514, 38.972742], [-77.045775, 38.97272], [-77.046162, 38.972772], [-77.04643, 38.972746], [-77.046665, 38.972979], [-77.046849, 38.973056], [-77.047057, 38.973029], [-77.047245, 38.973057], [-77.047371, 38.973094], [-77.047554, 38.973232], [-77.047999, 38.973179], [-77.048256, 38.973222], [-77.048281, 38.973349], [-77.04839, 38.973435], [-77.048592, 38.973519], [-77.048626, 38.973569], [-77.048623, 38.973702], [-77.048512, 38.973836], [-77.048615, 38.97411], [-77.04866, 38.974153], [-77.048655, 38.974247], [-77.048571, 38.974255], [-77.048443, 38.974414], [-77.048339, 38.974479], [-77.04834, 38.974664], [-77.0484, 38.974788], [-77.0484, 38.974922], [-77.048543, 38.974982], [-77.04875, 38.974981], [-77.048812, 38.974965], [-77.048741, 38.974928], [-77.048781, 38.974909], [-77.049113, 38.974919], [-77.049216, 38.974892], [-77.049172, 38.974932], [-77.049247, 38.974972], [-77.049551, 38.975043], [-77.049719, 38.97505], [-77.050116, 38.975167], [-77.050298, 38.975153], [-77.050495, 38.975076], [-77.05067, 38.975085], [-77.050747, 38.97514], [-77.050714, 38.97531], [-77.050851, 38.975458], [-77.051209, 38.975602], [-77.051268, 38.975698], [-77.05142, 38.975796], [-77.051561, 38.975941], [-77.051719, 38.976019], [-77.051992, 38.976348], [-77.052109, 38.976405], [-77.05224, 38.976378]]], [[[-77.052309, 38.976419], [-77.052265, 38.976435], [-77.052399, 38.976461], [-77.052309, 38.976419]]], [[[-77.041751, 38.977308], [-77.041837, 38.977381], [-77.041946, 38.977403], [-77.041751, 38.977308]]], [[[-77.044245, 38.97959], [-77.044358, 38.97965], [-77.044356, 38.979589], [-77.044422, 38.979563], [-77.04443, 38.979447], [-77.04439, 38.979404], [-77.044202, 38.979343], [-77.044193, 38.97949], [-77.044245, 38.97959]]], [[[-77.0415, 38.980469], [-77.041653, 38.980473], [-77.041775, 38.980421], [-77.041972, 38.980273], [-77.041755, 38.980276], [-77.041516, 38.980354], [-77.04145, 38.980403], [-77.0415, 38.980469]]], [[[-77.04155, 38.983262], [-77.041599, 38.983263], [-77.041592, 38.983226], [-77.041447, 38.983215], [-77.041459, 38.983243], [-77.04155, 38.983262]]], [[[-77.042224, 38.983847], [-77.042285, 38.983898], [-77.04235, 38.983844], [-77.042429, 38.983879], [-77.042213, 38.983646], [-77.042161, 38.983668], [-77.042084, 38.98378], [-77.042224, 38.983847]]], [[[-77.040372, 38.985168], [-77.04075, 38.98525], [-77.041014, 38.985402], [-77.041673, 38.986197], [-77.041777, 38.986259], [-77.041954, 38.986306], [-77.042075, 38.986303], [-77.042249, 38.98625], [-77.042351, 38.986183], [-77.042348, 38.986047], [-77.042389, 38.985982], [-77.042375, 38.985886], [-77.042114, 38.985661], [-77.04199, 38.985479], [-77.041788, 38.985275], [-77.041749, 38.985187], [-77.041794, 38.98507], [-77.041786, 38.984974], [-77.041932, 38.984902], [-77.042077, 38.984779], [-77.041999, 38.984787], [-77.041923, 38.984748], [-77.04192, 38.984716], [-77.041994, 38.984709], [-77.042052, 38.984764], [-77.04213, 38.984695], [-77.042217, 38.984738], [-77.042282, 38.984728], [-77.042122, 38.984376], [-77.042184, 38.983976], [-77.042134, 38.983937], [-77.042014, 38.98393], [-77.04191, 38.983835], [-77.0418, 38.983867], [-77.041762, 38.983944], [-77.041623, 38.983941], [-77.041583, 38.983905], [-77.041631, 38.983802], [-77.041934, 38.983766], [-77.041951, 38.983687], [-77.04183, 38.983566], [-77.041838, 38.983528], [-77.042067, 38.983569], [-77.042113, 38.983525], [-77.042102, 38.983465], [-77.04194, 38.983392], [-77.041747, 38.983389], [-77.041645, 38.983447], [-77.041658, 38.983527], [-77.041631, 38.983531], [-77.041359, 38.983338], [-77.040998, 38.983241], [-77.04072, 38.983205], [-77.040686, 38.983151], [-77.040352, 38.982974], [-77.040247, 38.982803], [-77.040078, 38.982728], [-77.039883, 38.982518], [-77.039887, 38.982393], [-77.039832, 38.982279], [-77.039703, 38.98218], [-77.03976, 38.982114], [-77.03972, 38.982084], [-77.03972, 38.982], [-77.039831, 38.981971], [-77.039818, 38.981836], [-77.039898, 38.981659], [-77.039896, 38.981601], [-77.040014, 38.981376], [-77.040114, 38.981327], [-77.040197, 38.98117], [-77.040507, 38.980888], [-77.041084, 38.980618], [-77.041407, 38.98042], [-77.041493, 38.980314], [-77.041606, 38.980273], [-77.042139, 38.980187], [-77.042227, 38.980139], [-77.042513, 38.98012], [-77.042666, 38.980258], [-77.042797, 38.980258], [-77.043019, 38.980323], [-77.043096, 38.980384], [-77.043264, 38.980441], [-77.043299, 38.980502], [-77.04343, 38.980591], [-77.043623, 38.980654], [-77.043902, 38.980551], [-77.044281, 38.980318], [-77.044603, 38.98006], [-77.04453, 38.979919], [-77.044223, 38.979696], [-77.044142, 38.979571], [-77.043903, 38.97896], [-77.043947, 38.978881], [-77.043839, 38.978576], [-77.043668, 38.978262], [-77.043494, 38.978189], [-77.042848, 38.978057], [-77.042464, 38.977892], [-77.042067, 38.977599], [-77.041598, 38.977369], [-77.041314, 38.977156], [-77.041228, 38.977023], [-77.040983, 38.97697], [-77.040542, 38.976807], [-77.040531, 38.97674], [-77.040454, 38.976734], [-77.04045, 38.97668], [-77.040395, 38.976684], [-77.040138, 38.976526], [-77.039934, 38.976447], [-77.039846, 38.976349], [-77.0397, 38.976056], [-77.039635, 38.975762], [-77.039642, 38.975523], [-77.039701, 38.975413], [-77.039705, 38.975173], [-77.039835, 38.974955], [-77.039839, 38.974759], [-77.039801, 38.974625], [-77.039438, 38.974357], [-77.039398, 38.974113], [-77.039435, 38.973905], [-77.039534, 38.973835], [-77.03948, 38.973835], [-77.03947, 38.973791], [-77.039588, 38.973633], [-77.03961, 38.973536], [-77.039679, 38.973482], [-77.039791, 38.973058], [-77.039897, 38.972891], [-77.039978, 38.972532], [-77.040047, 38.972403], [-77.039991, 38.972067], [-77.040062, 38.971846], [-77.040147, 38.971751], [-77.040275, 38.971722], [-77.040718, 38.971358], [-77.041001, 38.971174], [-77.041375, 38.971027], [-77.041888, 38.970911], [-77.042268, 38.970904], [-77.042557, 38.970971], [-77.042604, 38.971034], [-77.04257, 38.971075], [-77.042598, 38.971102], [-77.042652, 38.971091], [-77.042633, 38.971067], [-77.042801, 38.971032], [-77.043346, 38.971204], [-77.043827, 38.971058], [-77.04457, 38.970546], [-77.044713, 38.970284], [-77.044744, 38.970044], [-77.044923, 38.969613], [-77.044947, 38.969246], [-77.044992, 38.969061], [-77.045112, 38.968929], [-77.045313, 38.968816], [-77.045474, 38.968635], [-77.045826, 38.968401], [-77.046568, 38.967627], [-77.046684, 38.967281], [-77.046719, 38.967068], [-77.046691, 38.966545], [-77.046854, 38.966137], [-77.047316, 38.965293], [-77.047344, 38.965052], [-77.047412, 38.964844], [-77.047408, 38.96462], [-77.047344, 38.96457], [-77.047304, 38.96458], [-77.047271, 38.964547], [-77.047289, 38.964509], [-77.047215, 38.964499], [-77.047135, 38.964415], [-77.047056, 38.96427], [-77.046748, 38.963983], [-77.046451, 38.96354], [-77.045913, 38.963015], [-77.045743, 38.962926], [-77.045561, 38.962879], [-77.045493, 38.962802], [-77.045425, 38.962806], [-77.045396, 38.962758], [-77.045235, 38.962679], [-77.045055, 38.96265], [-77.044601, 38.962399], [-77.044521, 38.962346], [-77.044499, 38.962289], [-77.043936, 38.961897], [-77.043493, 38.961508], [-77.043103, 38.961728], [-77.043072, 38.961694], [-77.04121, 38.962742], [-77.040773, 38.962931], [-77.040162, 38.963105], [-77.039451, 38.963201], [-77.039457, 38.963245], [-77.03923, 38.963261], [-77.039085, 38.963382], [-77.038675, 38.963322], [-77.038529, 38.963333], [-77.038365, 38.963504], [-77.038142, 38.963605], [-77.037977, 38.963882], [-77.037786, 38.964077], [-77.037548, 38.964229], [-77.037231, 38.964335], [-77.037066, 38.964354], [-77.036942, 38.964443], [-77.036852, 38.964855], [-77.036806, 38.964911], [-77.036738, 38.965127], [-77.036676, 38.965097], [-77.036786, 38.964879], [-77.036828, 38.964509], [-77.036959, 38.964363], [-77.037087, 38.96429], [-77.037458, 38.964193], [-77.037763, 38.964029], [-77.037976, 38.963784], [-77.037952, 38.963704], [-77.037986, 38.963707], [-77.038123, 38.96353], [-77.038287, 38.96349], [-77.038511, 38.963289], [-77.03866, 38.963263], [-77.039078, 38.963344], [-77.039175, 38.963264], [-77.038773, 38.96327], [-77.038775, 38.963226], [-77.037932, 38.963164], [-77.036664, 38.962961], [-77.03666, 38.966009], [-77.037675, 38.967483], [-77.038381, 38.970176], [-77.036654, 38.970454], [-77.03664, 38.980815], [-77.039207, 38.981078], [-77.038928, 38.98138], [-77.039039, 38.98258], [-77.040087, 38.983549], [-77.039234, 38.983936], [-77.040148, 38.985159], [-77.040372, 38.985168]]], [[[-77.052335, 38.986849], [-77.052382, 38.986937], [-77.052487, 38.986975], [-77.054442, 38.985445], [-77.053816, 38.985113], [-77.05328, 38.98465], [-77.052933, 38.9842], [-77.052783, 38.983896], [-77.052678, 38.983574], [-77.052096, 38.980338], [-77.052063, 38.979994], [-77.052078, 38.97965], [-77.052015, 38.979649], [-77.052035, 38.979277], [-77.052487, 38.976523], [-77.052285, 38.976487], [-77.052238, 38.976442], [-77.052125, 38.976433], [-77.051978, 38.97637], [-77.051677, 38.976041], [-77.051283, 38.975755], [-77.051153, 38.975603], [-77.050825, 38.975486], [-77.050641, 38.975216], [-77.050638, 38.975188], [-77.050701, 38.9752], [-77.050733, 38.975158], [-77.050658, 38.975096], [-77.050387, 38.975118], [-77.050307, 38.975171], [-77.050144, 38.975186], [-77.049359, 38.975048], [-77.048912, 38.974924], [-77.048841, 38.974954], [-77.048801, 38.975015], [-77.048544, 38.97499], [-77.048393, 38.974933], [-77.048306, 38.974524], [-77.048329, 38.97446], [-77.048615, 38.974134], [-77.04847, 38.973838], [-77.048605, 38.973555], [-77.048276, 38.973374], [-77.048236, 38.973242], [-77.047984, 38.973204], [-77.047803, 38.973252], [-77.047526, 38.973261], [-77.047157, 38.973056], [-77.046897, 38.973101], [-77.046741, 38.973055], [-77.046688, 38.973009], [-77.046698, 38.973069], [-77.046386, 38.972771], [-77.046155, 38.972799], [-77.045754, 38.972748], [-77.045587, 38.972766], [-77.045468, 38.972845], [-77.045518, 38.972942], [-77.045473, 38.973032], [-77.045128, 38.973162], [-77.044946, 38.973185], [-77.044683, 38.973155], [-77.044616, 38.973121], [-77.04453, 38.973132], [-77.044564, 38.973162], [-77.044143, 38.972996], [-77.044082, 38.972924], [-77.044097, 38.972827], [-77.044149, 38.972765], [-77.044159, 38.972657], [-77.043926, 38.97255], [-77.04389, 38.972353], [-77.043919, 38.9723], [-77.043743, 38.972047], [-77.043702, 38.971933], [-77.043578, 38.971789], [-77.043895, 38.971406], [-77.043856, 38.971204], [-77.043499, 38.971304], [-77.043111, 38.971314], [-77.042976, 38.971301], [-77.042654, 38.971162], [-77.042567, 38.971165], [-77.042183, 38.971049], [-77.041709, 38.971081], [-77.041346, 38.971163], [-77.041071, 38.971262], [-77.040873, 38.971496], [-77.040654, 38.971672], [-77.040252, 38.971846], [-77.040189, 38.97194], [-77.04019, 38.972334], [-77.040216, 38.972458], [-77.040164, 38.972673], [-77.039975, 38.973138], [-77.039956, 38.973271], [-77.039892, 38.9734], [-77.039889, 38.973504], [-77.039586, 38.973969], [-77.039568, 38.974116], [-77.03962, 38.974335], [-77.039847, 38.974501], [-77.040075, 38.974812], [-77.040036, 38.97511], [-77.039889, 38.975508], [-77.039853, 38.97598], [-77.039911, 38.976166], [-77.040191, 38.976424], [-77.040414, 38.976469], [-77.040589, 38.976601], [-77.040645, 38.976587], [-77.041206, 38.976894], [-77.041413, 38.976958], [-77.04163, 38.977117], [-77.041664, 38.977174], [-77.042047, 38.977342], [-77.042073, 38.977414], [-77.042123, 38.977416], [-77.042668, 38.97779], [-77.042974, 38.97792], [-77.043126, 38.977947], [-77.043164, 38.978006], [-77.043233, 38.977979], [-77.043522, 38.978088], [-77.04355, 38.978069], [-77.043578, 38.9781], [-77.04372, 38.978118], [-77.0439, 38.978231], [-77.043973, 38.978311], [-77.044049, 38.978504], [-77.044123, 38.979029], [-77.044207, 38.979256], [-77.044299, 38.979359], [-77.044429, 38.979391], [-77.044453, 38.979591], [-77.044495, 38.979664], [-77.044481, 38.979708], [-77.044567, 38.979741], [-77.044743, 38.979959], [-77.04468, 38.980248], [-77.044563, 38.980342], [-77.044163, 38.980549], [-77.044086, 38.980672], [-77.04396, 38.980731], [-77.043547, 38.98081], [-77.043454, 38.980802], [-77.042783, 38.98043], [-77.042602, 38.980358], [-77.042378, 38.980339], [-77.041868, 38.980481], [-77.041716, 38.980581], [-77.041208, 38.980716], [-77.040396, 38.981159], [-77.040281, 38.981302], [-77.04011, 38.981443], [-77.040107, 38.981616], [-77.040157, 38.981664], [-77.040076, 38.981874], [-77.040075, 38.98194], [-77.040122, 38.98199], [-77.040104, 38.982104], [-77.040082, 38.982008], [-77.039993, 38.981886], [-77.039938, 38.981951], [-77.039908, 38.982121], [-77.04034, 38.982672], [-77.04036, 38.982748], [-77.040874, 38.983091], [-77.041026, 38.983121], [-77.041181, 38.983094], [-77.041225, 38.983126], [-77.041492, 38.983119], [-77.04177, 38.983267], [-77.042115, 38.983354], [-77.042229, 38.983419], [-77.042333, 38.983558], [-77.042367, 38.983793], [-77.042561, 38.983917], [-77.042744, 38.983951], [-77.04335, 38.983956], [-77.043725, 38.983923], [-77.044296, 38.983811], [-77.045194, 38.983902], [-77.045616, 38.983998], [-77.045938, 38.984114], [-77.046236, 38.98424], [-77.046907, 38.984649], [-77.046884, 38.984711], [-77.046982, 38.984736], [-77.047093, 38.984863], [-77.047049, 38.984865], [-77.047091, 38.985023], [-77.04718, 38.985062], [-77.047324, 38.985239], [-77.047699, 38.98537], [-77.048046, 38.9854], [-77.048542, 38.985372], [-77.048816, 38.985477], [-77.04894, 38.98558], [-77.049144, 38.985816], [-77.049195, 38.985926], [-77.049292, 38.986008], [-77.049572, 38.98596], [-77.050073, 38.986114], [-77.050959, 38.986019], [-77.051207, 38.986031], [-77.051268, 38.986082], [-77.051703, 38.986099], [-77.052379, 38.986295], [-77.052468, 38.986393], [-77.052515, 38.986569], [-77.052459, 38.986678], [-77.052435, 38.986818], [-77.052355, 38.986813], [-77.052335, 38.986849]]], [[[-77.048128, 38.989262], [-77.047148, 38.989306], [-77.047359, 38.989909], [-77.046674, 38.990142], [-77.047103, 38.991194], [-77.052359, 38.987075], [-77.052236, 38.987055], [-77.052197, 38.986958], [-77.052352, 38.986632], [-77.052295, 38.986425], [-77.052211, 38.986355], [-77.051856, 38.986283], [-77.051784, 38.986228], [-77.05132, 38.986229], [-77.050959, 38.986104], [-77.050821, 38.986111], [-77.05076, 38.986153], [-77.050276, 38.986278], [-77.049719, 38.986172], [-77.049656, 38.986138], [-77.049521, 38.986137], [-77.049539, 38.986101], [-77.049362, 38.986131], [-77.049384, 38.986174], [-77.049351, 38.986182], [-77.049147, 38.986043], [-77.048855, 38.985763], [-77.048719, 38.985567], [-77.048612, 38.985488], [-77.048459, 38.985461], [-77.047982, 38.985531], [-77.047757, 38.985517], [-77.047277, 38.985362], [-77.046986, 38.985103], [-77.046735, 38.984685], [-77.046344, 38.984486], [-77.046118, 38.984324], [-77.046093, 38.984349], [-77.04587, 38.98424], [-77.045733, 38.984225], [-77.045371, 38.98409], [-77.045065, 38.984055], [-77.044749, 38.983968], [-77.044463, 38.983953], [-77.044174, 38.983973], [-77.043559, 38.984126], [-77.043313, 38.984133], [-77.04312, 38.984121], [-77.042945, 38.984071], [-77.042448, 38.984064], [-77.042303, 38.984006], [-77.042189, 38.984411], [-77.042236, 38.984544], [-77.042288, 38.984595], [-77.042301, 38.984725], [-77.042232, 38.984771], [-77.042146, 38.984768], [-77.042041, 38.984872], [-77.041836, 38.984969], [-77.041846, 38.985085], [-77.041787, 38.985223], [-77.041839, 38.985289], [-77.042015, 38.985312], [-77.042142, 38.985515], [-77.042194, 38.985547], [-77.042137, 38.985539], [-77.042057, 38.98546], [-77.042103, 38.985557], [-77.042266, 38.985705], [-77.042309, 38.985803], [-77.042405, 38.985892], [-77.042421, 38.986097], [-77.04246, 38.985974], [-77.04256, 38.985971], [-77.042689, 38.985001], [-77.042792, 38.984877], [-77.043977, 38.984834], [-77.044197, 38.984862], [-77.044406, 38.984935], [-77.044643, 38.985114], [-77.044881, 38.985469], [-77.045039, 38.985616], [-77.04527, 38.985749], [-77.046095, 38.986101], [-77.04645, 38.986356], [-77.046804, 38.986779], [-77.046955, 38.986864], [-77.047355, 38.987004], [-77.04757, 38.987172], [-77.047702, 38.987424], [-77.047697, 38.987848], [-77.047742, 38.988002], [-77.047909, 38.988174], [-77.048303, 38.988458], [-77.048442, 38.988694], [-77.04846, 38.98882], [-77.04842, 38.988886], [-77.048507, 38.989247], [-77.048128, 38.989262]]]]}, "properties": {"NAME": "Rock Creek Park & Piney Branch Parkway"}}, {"type": "Feature", "geometry": {"type": "MultiPolygon", "coordinates": [[[[-77.05781, 38.978504], [-77.057829, 38.978547], [-77.057881, 38.978552], [-77.05781, 38.978504]]], [[[-77.058861, 38.978777], [-77.059113, 38.978762], [-77.059393, 38.978609], [-77.059636, 38.978585], [-77.059851, 38.97848], [-77.060109, 38.978583], [-77.060269, 38.978494], [-77.060333, 38.97849], [-77.060482, 38.978365], [-77.060665, 38.978318], [-77.060952, 38.978401], [-77.061439, 38.978359], [-77.061516, 38.97838], [-77.061602, 38.978372], [-77.061819, 38.978214], [-77.062004, 38.978334], [-77.062346, 38.978324], [-77.062453, 38.978366], [-77.062586, 38.97837], [-77.062794, 38.978322], [-77.062859, 38.978331], [-77.062882, 38.97839], [-77.063556, 38.977863], [-77.059676, 38.977866], [-77.059607, 38.97792], [-77.059159, 38.97792], [-77.058553, 38.978394], [-77.058151, 38.97835], [-77.056866, 38.977928], [-77.057042, 38.977602], [-77.05699, 38.977584], [-77.056819, 38.977906], [-77.056003, 38.977802], [-77.055157, 38.97754], [-77.054827, 38.977317], [-77.054683, 38.977002], [-77.054222, 38.976787], [-77.054017, 38.976857], [-77.053778, 38.976769], [-77.053219, 38.976385], [-77.053249, 38.976217], [-77.052873, 38.976182], [-77.052816, 38.976549], [-77.053262, 38.976606], [-77.053378, 38.976688], [-77.053604, 38.976968], [-77.053779, 38.977114], [-77.053893, 38.977162], [-77.054105, 38.977172], [-77.054207, 38.977214], [-77.054288, 38.977307], [-77.054244, 38.977415], [-77.054256, 38.977458], [-77.054436, 38.977522], [-77.054536, 38.977616], [-77.054591, 38.977761], [-77.054882, 38.977903], [-77.054979, 38.977976], [-77.055007, 38.978042], [-77.055101, 38.978029], [-77.055221, 38.978079], [-77.055503, 38.978067], [-77.055894, 38.978115], [-77.0563, 38.977984], [-77.056444, 38.978068], [-77.056618, 38.9781], [-77.056867, 38.978261], [-77.057257, 38.978296], [-77.057462, 38.978434], [-77.057779, 38.97847], [-77.058154, 38.978725], [-77.058419, 38.978748], [-77.058514, 38.978704], [-77.05851, 38.978757], [-77.058701, 38.978746], [-77.058861, 38.978777]]], [[[-77.054137, 38.977508], [-77.054844, 38.977964], [-77.055799, 38.978405], [-77.056605, 38.978647], [-77.057435, 38.978787], [-77.058065, 38.978824], [-77.059332, 38.9788], [-77.0599, 38.978735], [-77.0599, 38.978644], [-77.062559, 38.978643], [-77.062857, 38.978409], [-77.062782, 38.978434], [-77.062637, 38.978383], [-77.062322, 38.978391], [-77.062269, 38.978361], [-77.062011, 38.978352], [-77.061829, 38.978241], [-77.06165, 38.978362], [-77.061478, 38.978419], [-77.061397, 38.978387], [-77.061136, 38.978426], [-77.060862, 38.978418], [-77.060626, 38.978332], [-77.060157, 38.978581], [-77.060047, 38.978593], [-77.059827, 38.978514], [-77.059634, 38.978606], [-77.059351, 38.978652], [-77.05927, 38.978721], [-77.059068, 38.978783], [-77.058238, 38.978759], [-77.05801, 38.978688], [-77.057714, 38.978483], [-77.057462, 38.978483], [-77.05716, 38.978315], [-77.056894, 38.978316], [-77.056783, 38.978253], [-77.05667, 38.978236], [-77.056668, 38.978159], [-77.056551, 38.978099], [-77.056493, 38.978101], [-77.056463, 38.978238], [-77.056476, 38.978113], [-77.056283, 38.977995], [-77.056233, 38.97804], [-77.055884, 38.978139], [-77.05525, 38.97813], [-77.055025, 38.978066], [-77.054756, 38.977855], [-77.054625, 38.977804], [-77.05437, 38.977524], [-77.054211, 38.977453], [-77.054233, 38.977324], [-77.054187, 38.977247], [-77.054077, 38.9772], [-77.053802, 38.977169], [-77.053654, 38.97708], [-77.053354, 38.976747], [-77.053318, 38.976668], [-77.053141, 38.976602], [-77.052808, 38.976596], [-77.052736, 38.977054], [-77.05314, 38.977101], [-77.053531, 38.977208], [-77.054137, 38.977508]]]]}, "properties": {"NAME": "Pinehurst Parkway"}}, {"type": "Feature", "geometry": {"type": "Polygon", "coordinates": [[[-76.966574, 38.917066], [-76.969648, 38.917207], [-76.971087, 38.91718], [-76.969414, 38.914664], [-76.966937, 38.914731], [-76.967092, 38.915031], [-76.967316, 38.915236], [-76.967502, 38.915326], [-76.967842, 38.91538], [-76.968099, 38.915459], [-76.968244, 38.915533], [-76.968386, 38.915656], [-76.968502, 38.915816], [-76.968571, 38.916053], [-76.968689, 38.916214], [-76.968736, 38.916449], [-76.968816, 38.916547], [-76.968937, 38.916855], [-76.969055, 38.916935], [-76.969175, 38.916962], [-76.969177, 38.917059], [-76.969101, 38.917059], [-76.968973, 38.916995], [-76.968996, 38.916982], [-76.96892, 38.916891], [-76.968844, 38.916679], [-76.968723, 38.916474], [-76.968663, 38.916218], [-76.968538, 38.916041], [-76.968475, 38.915823], [-76.968365, 38.915665], [-76.968067, 38.915467], [-76.967346, 38.915297], [-76.967056, 38.915042], [-76.966892, 38.914732], [-76.96562, 38.914766], [-76.964158, 38.91685], [-76.964082, 38.916882], [-76.966574, 38.917066]]]}, "properties": {"NAME": null}}, {"type": "Feature", "geometry": {"type": "MultiPolygon", "coordinates": [[[[-76.953206, 38.917309], [-76.953918, 38.917342], [-76.9537, 38.917194], [-76.954124, 38.917214], [-76.954772, 38.916694], [-76.955551, 38.91673], [-76.95574, 38.916575], [-76.955975, 38.916511], [-76.964082, 38.916882], [-76.964158, 38.91685], [-76.96562, 38.914766], [-76.966892, 38.914732], [-76.966879, 38.914664], [-76.966937, 38.914731], [-76.969414, 38.914664], [-76.969762, 38.915196], [-76.971678, 38.912721], [-76.971562, 38.912721], [-76.971562, 38.912474], [-76.976055, 38.912481], [-76.976118, 38.912457], [-76.977153, 38.909469], [-76.978281, 38.907719], [-76.977968, 38.907596], [-76.977968, 38.907348], [-76.978526, 38.90734], [-76.974975, 38.905893], [-76.974976, 38.905753], [-76.965095, 38.905751], [-76.965058, 38.90571], [-76.964755, 38.905879], [-76.964488, 38.906101], [-76.964335, 38.906275], [-76.964147, 38.906567], [-76.963985, 38.907], [-76.96391, 38.907659], [-76.96384, 38.907919], [-76.963685, 38.908292], [-76.963391, 38.908742], [-76.963008, 38.90912], [-76.962674, 38.909346], [-76.962128, 38.909582], [-76.961699, 38.909652], [-76.962089, 38.910062], [-76.962258, 38.910457], [-76.96249, 38.910699], [-76.962702, 38.910824], [-76.962924, 38.910889], [-76.96317, 38.911024], [-76.963369, 38.911091], [-76.963985, 38.911453], [-76.964754, 38.911799], [-76.965027, 38.912067], [-76.965225, 38.912139], [-76.965327, 38.912245], [-76.965421, 38.912277], [-76.965491, 38.912385], [-76.965401, 38.912406], [-76.965222, 38.912179], [-76.965049, 38.912101], [-76.96476, 38.911861], [-76.964583, 38.911782], [-76.964519, 38.911784], [-76.964429, 38.911683], [-76.963885, 38.911466], [-76.963326, 38.911122], [-76.963139, 38.911081], [-76.962543, 38.910815], [-76.962243, 38.910526], [-76.962046, 38.910125], [-76.961608, 38.909654], [-76.961174, 38.909609], [-76.960626, 38.909459], [-76.96013, 38.909268], [-76.959938, 38.909152], [-76.959214, 38.908869], [-76.958913, 38.908795], [-76.958672, 38.908682], [-76.958299, 38.908664], [-76.957947, 38.908753], [-76.957639, 38.908945], [-76.956865, 38.909767], [-76.956334, 38.910183], [-76.956003, 38.910495], [-76.955716, 38.910848], [-76.954668, 38.912361], [-76.954507, 38.912696], [-76.954399, 38.913051], [-76.954201, 38.914631], [-76.954118, 38.914964], [-76.953206, 38.917038], [-76.952046, 38.916255], [-76.950184, 38.916542], [-76.94902, 38.917114], [-76.953206, 38.917309]], [[-76.966878, 38.91459], [-76.966831, 38.914597], [-76.966314, 38.913837], [-76.966233, 38.913797], [-76.966174, 38.913712], [-76.966183, 38.913692], [-76.966244, 38.913742], [-76.966221, 38.913705], [-76.966018, 38.913552], [-76.965944, 38.913261], [-76.965938, 38.913013], [-76.965802, 38.912856], [-76.965685, 38.912806], [-76.965703, 38.91272], [-76.965588, 38.912548], [-76.965528, 38.912573], [-76.965499, 38.912677], [-76.965383, 38.912754], [-76.965431, 38.912916], [-76.965423, 38.912973], [-76.965387, 38.912954], [-76.965399, 38.913002], [-76.96535, 38.912996], [-76.965317, 38.91293], [-76.96535, 38.912784], [-76.965217, 38.912857], [-76.9653, 38.912751], [-76.965366, 38.912729], [-76.965482, 38.912619], [-76.965527, 38.912509], [-76.965639, 38.91248], [-76.965701, 38.912523], [-76.965766, 38.912754], [-76.965902, 38.912816], [-76.965982, 38.912933], [-76.96599, 38.913198], [-76.966072, 38.913484], [-76.966878, 38.91459]]], [[[-76.96566, 38.912525], [-76.96567, 38.912606], [-76.965713, 38.912637], [-76.96566, 38.912525]]]]}, "properties": {"NAME": "United States National Arboretum"}}, {"type": "Feature", "geometry": {"type": "MultiPolygon", "coordinates": [[[[-77.053302, 38.9457], [-77.053894, 38.94606], [-77.054365, 38.946281], [-77.054605, 38.946017], [-77.054156, 38.945641], [-77.053893, 38.945017], [-77.053302, 38.9457]]], [[[-77.055277, 38.946744], [-77.055335, 38.94706], [-77.05558, 38.946964], [-77.056258, 38.946847], [-77.056132, 38.946405], [-77.056305, 38.946318], [-77.055929, 38.946364], [-77.055734, 38.946603], [-77.055678, 38.946582], [-77.055564, 38.946625], [-77.055258, 38.946641], [-77.055277, 38.946744]]], [[[-77.06313, 38.946959], [-77.063434, 38.947088], [-77.063711, 38.947269], [-77.063952, 38.947497], [-77.064148, 38.947764], [-77.064794, 38.947763], [-77.063409, 38.945387], [-77.062662, 38.945361], [-77.062667, 38.945279], [-77.060345, 38.945197], [-77.058471, 38.945198], [-77.058415, 38.945301], [-77.056545, 38.945302], [-77.056556, 38.945199], [-77.055961, 38.945199], [-77.056177, 38.945632], [-77.056057, 38.945665], [-77.05616, 38.946081], [-77.055528, 38.946203], [-77.055113, 38.946194], [-77.054641, 38.946047], [-77.054412, 38.946301], [-77.055088, 38.946524], [-77.055293, 38.946573], [-77.05557, 38.946592], [-77.055695, 38.946536], [-77.055902, 38.94635], [-77.056277, 38.946296], [-77.056692, 38.946155], [-77.057054, 38.945946], [-77.057235, 38.945888], [-77.057504, 38.945917], [-77.057653, 38.945993], [-77.05786, 38.945994], [-77.058612, 38.945924], [-77.058911, 38.945939], [-77.059473, 38.945817], [-77.059627, 38.945876], [-77.059948, 38.946116], [-77.060107, 38.946151], [-77.060372, 38.946139], [-77.060523, 38.946102], [-77.06065, 38.946028], [-77.060898, 38.945714], [-77.061177, 38.945684], [-77.061489, 38.945809], [-77.061593, 38.945795], [-77.061708, 38.945827], [-77.061835, 38.945901], [-77.062228, 38.945879], [-77.062377, 38.94595], [-77.062453, 38.946026], [-77.06284, 38.946169], [-77.06331, 38.946237], [-77.063719, 38.946394], [-77.063813, 38.946477], [-77.063897, 38.946468], [-77.063957, 38.946525], [-77.06402, 38.946806], [-77.064178, 38.947003], [-77.064198, 38.947068], [-77.064139, 38.947542], [-77.064074, 38.947556], [-77.06396, 38.947355], [-77.064125, 38.94711], [-77.063977, 38.946907], [-77.063889, 38.946692], [-77.063797, 38.946619], [-77.063851, 38.946578], [-77.063844, 38.946551], [-77.0636, 38.946451], [-77.063416, 38.946334], [-77.063241, 38.946277], [-77.062844, 38.946236], [-77.062196, 38.945938], [-77.061939, 38.945963], [-77.061293, 38.945768], [-77.061059, 38.945754], [-77.060878, 38.945805], [-77.060667, 38.946083], [-77.06037, 38.946189], [-77.060102, 38.946201], [-77.059937, 38.946171], [-77.059566, 38.945938], [-77.059414, 38.945906], [-77.059077, 38.94599], [-77.058493, 38.945974], [-77.058048, 38.94605], [-77.057815, 38.946029], [-77.057648, 38.946052], [-77.057242, 38.945959], [-77.057081, 38.946005], [-77.056815, 38.946144], [-77.057235, 38.946078], [-77.05766, 38.946074], [-77.059401, 38.946381], [-77.061266, 38.946487], [-77.062158, 38.946651], [-77.06313, 38.946959]]]]}, "properties": {"NAME": "Soapstone Valley"}}, {"type": "Feature", "geometry": {"type": "MultiPolygon", "coordinates": [[[[-77.057102, 38.905056], [-77.057088, 38.905191], [-77.057291, 38.905191], [-77.05736, 38.905149], [-77.057102, 38.905056]]], [[[-77.057444, 38.905161], [-77.057449, 38.905191], [-77.057531, 38.905188], [-77.057444, 38.905161]]]]}, "properties": {"NAME": "Triangle"}}, {"type": "Feature", "geometry": {"type": "MultiPolygon", "coordinates": [[[[-77.078619, 38.947343], [-77.078592, 38.947387], [-77.078592, 38.947782], [-77.078841, 38.947782], [-77.078725, 38.947572], [-77.078906, 38.947511], [-77.078783, 38.947288], [-77.078619, 38.947343]]], [[[-77.078356, 38.947431], [-77.078221, 38.947476], [-77.07839, 38.947782], [-77.078455, 38.947782], [-77.078453, 38.947423], [-77.078356, 38.947431]]]]}, "properties": {"NAME": "Fort Circle Park"}}, {"type": "Feature", "geometry": {"type": "Polygon", "coordinates": [[[-77.016283, 38.958931], [-77.016688, 38.958787], [-77.01639, 38.958783], [-77.016287, 38.958836], [-77.016283, 38.958931]]]}, "properties": {"NAME": "Fort Circle Park"}}, {"type": "Feature", "geometry": {"type": "MultiPolygon", "coordinates": [[[[-77.06294, 38.899779], [-77.063027, 38.899797], [-77.063044, 38.899962], [-77.063745, 38.899902], [-77.063954, 38.899724], [-77.065364, 38.899857], [-77.066769, 38.89981], [-77.066845, 38.899305], [-77.066204, 38.899628], [-77.066532, 38.89876], [-77.066381, 38.898371], [-77.065605, 38.897092], [-77.064604, 38.895958], [-77.06423, 38.895151], [-77.063343, 38.894693], [-77.063238, 38.89448], [-77.06261, 38.892781], [-77.0625, 38.891926], [-77.06226, 38.891663], [-77.062181, 38.891346], [-77.061742, 38.891104], [-77.060902, 38.89197], [-77.060804, 38.891766], [-77.060583, 38.891981], [-77.060536, 38.892193], [-77.060543, 38.892399], [-77.060713, 38.892448], [-77.060774, 38.892522], [-77.060815, 38.892711], [-77.060801, 38.892899], [-77.060911, 38.893029], [-77.060914, 38.89318], [-77.060823, 38.893272], [-77.060876, 38.893354], [-77.060889, 38.893531], [-77.060852, 38.893591], [-77.060887, 38.893633], [-77.060995, 38.893661], [-77.06104, 38.893755], [-77.061031, 38.893814], [-77.060928, 38.893825], [-77.061032, 38.893998], [-77.060878, 38.894134], [-77.061102, 38.894177], [-77.061163, 38.894217], [-77.06119, 38.89429], [-77.061123, 38.894445], [-77.061316, 38.89459], [-77.061286, 38.894675], [-77.061103, 38.894836], [-77.061203, 38.895121], [-77.061136, 38.895318], [-77.061059, 38.895374], [-77.061183, 38.895527], [-77.061146, 38.89568], [-77.061232, 38.895881], [-77.061175, 38.895993], [-77.061314, 38.896143], [-77.061209, 38.89607], [-77.061144, 38.89598], [-77.0612, 38.895877], [-77.061067, 38.895684], [-77.06111, 38.895623], [-77.061071, 38.895582], [-77.061085, 38.895517], [-77.061009, 38.895464], [-77.060948, 38.895353], [-77.060983, 38.895202], [-77.060911, 38.894998], [-77.060921, 38.894751], [-77.060949, 38.894697], [-77.061159, 38.894608], [-77.060967, 38.894529], [-77.060926, 38.894467], [-77.060895, 38.894298], [-77.060711, 38.894278], [-77.060682, 38.894239], [-77.0606, 38.894303], [-77.060554, 38.894297], [-77.06065, 38.894201], [-77.060617, 38.894075], [-77.060698, 38.894048], [-77.060776, 38.893963], [-77.060628, 38.893838], [-77.060716, 38.893811], [-77.060723, 38.893751], [-77.060538, 38.893678], [-77.060483, 38.893596], [-77.060491, 38.893553], [-77.0606, 38.893469], [-77.060609, 38.893416], [-77.060542, 38.89336], [-77.060537, 38.893256], [-77.060483, 38.893217], [-77.060623, 38.893133], [-77.060647, 38.893076], [-77.060554, 38.893019], [-77.060519, 38.89293], [-77.060436, 38.892944], [-77.060454, 38.892888], [-77.060409, 38.892833], [-77.060452, 38.89274], [-77.060408, 38.89268], [-77.06047, 38.892581], [-77.060477, 38.892416], [-77.060041, 38.892601], [-77.060051, 38.892897], [-77.059908, 38.893784], [-77.059839, 38.895582], [-77.059909, 38.897416], [-77.060112, 38.898133], [-77.060662, 38.8988], [-77.061429, 38.899467], [-77.06294, 38.899779]]], [[[-77.059582, 38.891636], [-77.059662, 38.891966], [-77.059853, 38.892016], [-77.06012, 38.891892], [-77.060183, 38.8918], [-77.060316, 38.891714], [-77.060332, 38.891635], [-77.060398, 38.891651], [-77.060416, 38.891603], [-77.060568, 38.891508], [-77.060618, 38.891376], [-77.060464, 38.891056], [-77.060166, 38.890575], [-77.059925, 38.890397], [-77.059721, 38.890334], [-77.059613, 38.890168], [-77.059294, 38.890199], [-77.059251, 38.890428], [-77.059545, 38.890971], [-77.059582, 38.891636]]]]}, "properties": {"NAME": "Theodore Roosevelt Island (Analostan Island)"}}, {"type": "Feature", "geometry": {"type": "MultiPolygon", "coordinates": [[[[-77.005468, 38.896159], [-77.00525, 38.896362], [-77.005167, 38.89655], [-77.005331, 38.896492], [-77.005436, 38.896405], [-77.005487, 38.896284], [-77.005468, 38.896159]]], [[[-77.005237, 38.896642], [-77.00522, 38.89666], [-77.005557, 38.896678], [-77.005463, 38.89649], [-77.005237, 38.896642]]], [[[-77.006379, 38.896077], [-77.005985, 38.896137], [-77.005703, 38.896253], [-77.005581, 38.896385], [-77.005599, 38.896548], [-77.00568, 38.896629], [-77.005797, 38.896673], [-77.007152, 38.896969], [-77.007328, 38.896939], [-77.007453, 38.896843], [-77.007476, 38.896775], [-77.007254, 38.896433], [-77.007109, 38.896284], [-77.006772, 38.896125], [-77.006379, 38.896077]]], [[[-77.006919, 38.896973], [-77.006586, 38.896898], [-77.005844, 38.896736], [-77.006919, 38.896973]]], [[[-77.007578, 38.896932], [-77.00731, 38.897062], [-77.00759, 38.897176], [-77.007607, 38.896956], [-77.007578, 38.896932]]], [[[-77.00766, 38.897013], [-77.007659, 38.897204], [-77.007697, 38.897066], [-77.00766, 38.897013]]]]}, "properties": {"NAME": "Area South Of Union station"}}, {"type": "Feature", "geometry": {"type": "Polygon", "coordinates": [[[-77.00512, 38.958603], [-77.005496, 38.959417], [-77.00618, 38.960395], [-77.006768, 38.959602], [-77.006116, 38.959136], [-77.006116, 38.958454], [-77.005882, 38.958454], [-77.005764, 38.958177], [-77.005764, 38.957726], [-77.005711, 38.957589], [-77.005711, 38.957264], [-77.005626, 38.95698], [-77.005588, 38.956989], [-77.005588, 38.956518], [-77.005624, 38.956518], [-77.005623, 38.955715], [-77.004048, 38.95607], [-77.00512, 38.958603]]]}, "properties": {"NAME": "Fort Circle Park"}}, {"type": "Feature", "geometry": {"type": "Polygon", "coordinates": [[[-76.972797, 38.874516], [-76.972857, 38.874537], [-76.972959, 38.874497], [-76.971567, 38.87385], [-76.971472, 38.873831], [-76.971415, 38.873865], [-76.972797, 38.874516]]]}, "properties": {"NAME": "Twining Square"}}, {"type": "Feature", "geometry": {"type": "Polygon", "coordinates": [[[-77.05054, 38.932957], [-77.050965, 38.933094], [-77.051375, 38.933309], [-77.052002, 38.933323], [-77.053186, 38.933211], [-77.0545, 38.932721], [-77.054609, 38.932647], [-77.054882, 38.932228], [-77.054998, 38.931845], [-77.055001, 38.931346], [-77.054863, 38.930904], [-77.055435, 38.930742], [-77.054519, 38.929165], [-77.053965, 38.929322], [-77.053727, 38.928976], [-77.053396, 38.928664], [-77.052254, 38.927949], [-77.051962, 38.927902], [-77.051669, 38.927754], [-77.05161, 38.927616], [-77.051262, 38.927371], [-77.050989, 38.927043], [-77.049872, 38.92512], [-77.049625, 38.924492], [-77.048566, 38.924688], [-77.048397, 38.924133], [-77.047967, 38.923991], [-77.046935, 38.924252], [-77.044938, 38.924695], [-77.044689, 38.924714], [-77.044729, 38.925523], [-77.044464, 38.926222], [-77.044331, 38.926418], [-77.044037, 38.926622], [-77.043481, 38.927159], [-77.043402, 38.927428], [-77.043565, 38.927887], [-77.043807, 38.92789], [-77.043798, 38.928288], [-77.04388, 38.928676], [-77.044019, 38.929033], [-77.044489, 38.929837], [-77.046891, 38.932532], [-77.048767, 38.932553], [-77.049151, 38.932618], [-77.049522, 38.932737], [-77.050067, 38.932827], [-77.050034, 38.932851], [-77.050221, 38.932902], [-77.050188, 38.932812], [-77.05054, 38.932957]]]}, "properties": {"NAME": "Park"}}, {"type": "Feature", "geometry": {"type": "MultiPolygon", "coordinates": [[[[-77.085099, 38.906415], [-77.086595, 38.906924], [-77.08668, 38.906771], [-77.082676, 38.90536], [-77.082264, 38.905309], [-77.081566, 38.905293], [-77.08117, 38.905364], [-77.079845, 38.905743], [-77.080891, 38.906108], [-77.081099, 38.906435], [-77.082842, 38.906216], [-77.083053, 38.906079], [-77.083063, 38.906198], [-77.083588, 38.906136], [-77.083987, 38.906148], [-77.084645, 38.906269], [-77.085099, 38.906415]]], [[[-77.099396, 38.917236], [-77.099677, 38.917554], [-77.100317, 38.918588], [-77.098108, 38.914556], [-77.096936, 38.912807], [-77.095982, 38.911768], [-77.095164, 38.911029], [-77.093101, 38.909403], [-77.092033, 38.908752], [-77.091961, 38.908801], [-77.090771, 38.908189], [-77.088676, 38.907348], [-77.088577, 38.907458], [-77.086821, 38.906851], [-77.086749, 38.906979], [-77.088518, 38.907523], [-77.088401, 38.907654], [-77.089114, 38.907973], [-77.09031, 38.908898], [-77.089935, 38.909242], [-77.090594, 38.909729], [-77.091692, 38.908983], [-77.091984, 38.909231], [-77.094546, 38.911078], [-77.095097, 38.911175], [-77.09531, 38.911358], [-77.095103, 38.911507], [-77.095637, 38.911865], [-77.096068, 38.911929], [-77.096187, 38.91203], [-77.096975, 38.91313], [-77.097252, 38.913322], [-77.097225, 38.913339], [-77.097561, 38.913885], [-77.099396, 38.917236]]]]}, "properties": {"NAME": "Potomac Palisades Parkway"}}, {"type": "Feature", "geometry": {"type": "MultiPolygon", "coordinates": [[[[-76.945051, 38.901694], [-76.94479, 38.902335], [-76.944671, 38.902841], [-76.944743, 38.902824], [-76.945594, 38.902153], [-76.945051, 38.901694]]], [[[-76.943999, 38.911336], [-76.94404, 38.911481], [-76.944244, 38.911483], [-76.944184, 38.911366], [-76.944065, 38.91133], [-76.944031, 38.911264], [-76.943999, 38.911336]]], [[[-76.951222, 38.912852], [-76.95129, 38.912913], [-76.951258, 38.913093], [-76.951356, 38.913285], [-76.951368, 38.913454], [-76.951328, 38.91358], [-76.951123, 38.913776], [-76.951065, 38.913887], [-76.951046, 38.914129], [-76.951119, 38.914356], [-76.951089, 38.914394], [-76.951091, 38.914501], [-76.951144, 38.91456], [-76.952556, 38.914494], [-76.952761, 38.914415], [-76.95316, 38.914185], [-76.953371, 38.913968], [-76.953411, 38.913874], [-76.953431, 38.913674], [-76.953405, 38.913471], [-76.953433, 38.913383], [-76.953359, 38.913319], [-76.953414, 38.913254], [-76.953463, 38.91311], [-76.953394, 38.91293], [-76.953442, 38.912715], [-76.953369, 38.912635], [-76.953362, 38.912566], [-76.953496, 38.911751], [-76.953544, 38.911605], [-76.953999, 38.910825], [-76.95514, 38.909433], [-76.955133, 38.909358], [-76.955236, 38.909277], [-76.955304, 38.909142], [-76.955566, 38.908914], [-76.956331, 38.907986], [-76.95641, 38.907687], [-76.956573, 38.907307], [-76.956733, 38.907093], [-76.956867, 38.906775], [-76.957061, 38.906454], [-76.957187, 38.906161], [-76.957177, 38.906066], [-76.957281, 38.905985], [-76.957262, 38.905947], [-76.957021, 38.905796], [-76.956931, 38.905637], [-76.95678, 38.905571], [-76.956636, 38.905569], [-76.956315, 38.905645], [-76.956068, 38.905745], [-76.955852, 38.90589], [-76.95553, 38.906047], [-76.955298, 38.90609], [-76.954966, 38.906259], [-76.95494, 38.906214], [-76.955001, 38.906184], [-76.954935, 38.906159], [-76.954933, 38.90613], [-76.955287, 38.906008], [-76.955405, 38.906007], [-76.955553, 38.905955], [-76.95603, 38.905641], [-76.956559, 38.905485], [-76.956825, 38.905514], [-76.957379, 38.905711], [-76.957597, 38.905662], [-76.957701, 38.905592], [-76.957598, 38.905352], [-76.95763, 38.904956], [-76.95795, 38.904776], [-76.958043, 38.90468], [-76.958121, 38.904481], [-76.95809, 38.90414], [-76.958118, 38.904038], [-76.958448, 38.903523], [-76.958467, 38.903452], [-76.958623, 38.903313], [-76.958689, 38.903162], [-76.958856, 38.902955], [-76.95891, 38.902935], [-76.959017, 38.902657], [-76.959197, 38.902505], [-76.959379, 38.902226], [-76.959396, 38.902153], [-76.959173, 38.90209], [-76.959084, 38.902016], [-76.958938, 38.901967], [-76.958699, 38.901721], [-76.95865, 38.901627], [-76.958199, 38.901493], [-76.958161, 38.901207], [-76.958276, 38.901199], [-76.958413, 38.901235], [-76.95852, 38.901328], [-76.958605, 38.901298], [-76.95865, 38.901214], [-76.958702, 38.901208], [-76.95889, 38.901224], [-76.958995, 38.901268], [-76.959824, 38.901211], [-76.959997, 38.901238], [-76.960096, 38.901292], [-76.960141, 38.901279], [-76.960118, 38.901222], [-76.96017, 38.901178], [-76.960459, 38.901278], [-76.961005, 38.900618], [-76.961359, 38.900249], [-76.961395, 38.900153], [-76.961629, 38.899866], [-76.9617, 38.899728], [-76.961685, 38.899549], [-76.961736, 38.899144], [-76.961694, 38.898767], [-76.961819, 38.898636], [-76.961874, 38.898528], [-76.961831, 38.898129], [-76.961769, 38.898006], [-76.961593, 38.897982], [-76.961374, 38.898021], [-76.96131, 38.897938], [-76.961303, 38.897833], [-76.961137, 38.897823], [-76.961089, 38.897658], [-76.96117, 38.897629], [-76.961161, 38.89733], [-76.960534, 38.897248], [-76.96051, 38.897312], [-76.96046, 38.897319], [-76.960495, 38.897519], [-76.960461, 38.898378], [-76.960348, 38.899446], [-76.960295, 38.899674], [-76.960143, 38.899914], [-76.95987, 38.900175], [-76.959535, 38.900351], [-76.959259, 38.900418], [-76.95883, 38.900428], [-76.958415, 38.900573], [-76.958025, 38.900573], [-76.957863, 38.900683], [-76.957863, 38.901691], [-76.955754, 38.90169], [-76.955755, 38.900317], [-76.954213, 38.900316], [-76.954213, 38.900669], [-76.951809, 38.902558], [-76.950932, 38.901877], [-76.949882, 38.902703], [-76.952895, 38.905313], [-76.953155, 38.906017], [-76.953222, 38.906361], [-76.953198, 38.906799], [-76.953065, 38.907246], [-76.952896, 38.907554], [-76.952675, 38.907826], [-76.952282, 38.908161], [-76.95194, 38.90837], [-76.951573, 38.908528], [-76.9511, 38.90768], [-76.950769, 38.907663], [-76.950342, 38.907548], [-76.949955, 38.907333], [-76.949706, 38.907114], [-76.9495, 38.906854], [-76.94939, 38.906662], [-76.9492, 38.906073], [-76.948943, 38.905647], [-76.946402, 38.903464], [-76.946231, 38.903205], [-76.946154, 38.902905], [-76.946042, 38.902643], [-76.945744, 38.902277], [-76.94567, 38.902217], [-76.944893, 38.902831], [-76.944859, 38.902886], [-76.945179, 38.903642], [-76.946466, 38.905102], [-76.946465, 38.906729], [-76.943986, 38.906735], [-76.94361, 38.906834], [-76.943197, 38.907089], [-76.94294, 38.907381], [-76.942203, 38.908935], [-76.942087, 38.909376], [-76.94205, 38.910156], [-76.941971, 38.910467], [-76.942292, 38.910584], [-76.94246, 38.910594], [-76.942724, 38.910773], [-76.942934, 38.910712], [-76.943108, 38.910741], [-76.943125, 38.910778], [-76.943095, 38.91087], [-76.943018, 38.910929], [-76.943148, 38.911001], [-76.943335, 38.911219], [-76.943347, 38.911444], [-76.943458, 38.911513], [-76.943537, 38.911524], [-76.943669, 38.911469], [-76.944013, 38.911477], [-76.943982, 38.911434], [-76.943983, 38.911236], [-76.944036, 38.911212], [-76.944117, 38.911306], [-76.944165, 38.911301], [-76.944173, 38.911212], [-76.944281, 38.911071], [-76.944274, 38.910995], [-76.944166, 38.910957], [-76.944132, 38.910895], [-76.944167, 38.910846], [-76.944375, 38.910768], [-76.944301, 38.910653], [-76.944316, 38.910637], [-76.944353, 38.910682], [-76.944425, 38.910695], [-76.944453, 38.91077], [-76.94435, 38.910836], [-76.944376, 38.910917], [-76.944328, 38.910952], [-76.944327, 38.911062], [-76.944203, 38.911216], [-76.944224, 38.911378], [-76.9443, 38.911481], [-76.944979, 38.911569], [-76.945174, 38.91168], [-76.945179, 38.911767], [-76.945247, 38.911807], [-76.945282, 38.911874], [-76.945763, 38.912], [-76.945729, 38.911953], [-76.945611, 38.911933], [-76.945467, 38.91185], [-76.945482, 38.911813], [-76.945559, 38.911817], [-76.945939, 38.91195], [-76.946099, 38.912051], [-76.946132, 38.91211], [-76.946324, 38.912181], [-76.946365, 38.912172], [-76.946376, 38.912133], [-76.946289, 38.912011], [-76.946274, 38.911926], [-76.946378, 38.911807], [-76.946335, 38.911739], [-76.946352, 38.91169], [-76.946438, 38.911624], [-76.946363, 38.911727], [-76.946412, 38.911832], [-76.946313, 38.911921], [-76.946307, 38.911966], [-76.9464, 38.912011], [-76.946565, 38.912167], [-76.94675, 38.91219], [-76.947071, 38.912068], [-76.947188, 38.911966], [-76.947521, 38.911976], [-76.947576, 38.912009], [-76.947717, 38.91201], [-76.947903, 38.91206], [-76.948217, 38.912084], [-76.948317, 38.912083], [-76.948398, 38.912018], [-76.948399, 38.911961], [-76.948758, 38.91198], [-76.948999, 38.91181], [-76.949019, 38.911677], [-76.94909, 38.911567], [-76.94905, 38.911509], [-76.948917, 38.911461], [-76.94863, 38.911492], [-76.948554, 38.911467], [-76.948435, 38.91151], [-76.948442, 38.91163], [-76.948292, 38.911637], [-76.948219, 38.911555], [-76.948275, 38.911408], [-76.948239, 38.911346], [-76.948302, 38.91121], [-76.948295, 38.91112], [-76.948241, 38.910968], [-76.948069, 38.910878], [-76.948087, 38.910759], [-76.947847, 38.910699], [-76.947816, 38.910722], [-76.947859, 38.910766], [-76.947807, 38.910765], [-76.947602, 38.910647], [-76.947243, 38.910684], [-76.947189, 38.91063], [-76.947077, 38.910589], [-76.946847, 38.91062], [-76.946763, 38.910599], [-76.946732, 38.910555], [-76.946795, 38.91049], [-76.946772, 38.910373], [-76.946806, 38.910214], [-76.946663, 38.910036], [-76.946671, 38.909978], [-76.946683, 38.910046], [-76.946849, 38.910223], [-76.946809, 38.910289], [-76.946847, 38.910346], [-76.946811, 38.910395], [-76.946813, 38.910514], [-76.946769, 38.910554], [-76.946812, 38.91059], [-76.947147, 38.91051], [-76.947338, 38.910564], [-76.947511, 38.910554], [-76.947688, 38.910495], [-76.947863, 38.910532], [-76.947895, 38.910454], [-76.947834, 38.910403], [-76.947834, 38.910322], [-76.947859, 38.910314], [-76.947936, 38.910373], [-76.948032, 38.910557], [-76.948117, 38.910599], [-76.948217, 38.910592], [-76.94848, 38.910419], [-76.94854, 38.91042], [-76.948788, 38.910561], [-76.948958, 38.910589], [-76.948976, 38.910716], [-76.949132, 38.910794], [-76.949217, 38.911008], [-76.949355, 38.911145], [-76.950036, 38.911316], [-76.950199, 38.911423], [-76.950359, 38.911472], [-76.950424, 38.911554], [-76.950746, 38.911791], [-76.950738, 38.911958], [-76.950925, 38.912107], [-76.951064, 38.912373], [-76.951076, 38.91247], [-76.950993, 38.91264], [-76.951027, 38.912715], [-76.95101, 38.912778], [-76.95106, 38.912815], [-76.951056, 38.912883], [-76.951093, 38.912898], [-76.951222, 38.912852]]], [[[-76.942685, 38.916534], [-76.94307, 38.916551], [-76.943386, 38.916514], [-76.943634, 38.916395], [-76.94374, 38.916301], [-76.943996, 38.916215], [-76.944536, 38.915851], [-76.945128, 38.915371], [-76.945747, 38.914997], [-76.945936, 38.914843], [-76.946801, 38.914696], [-76.950865, 38.914555], [-76.950823, 38.914473], [-76.950843, 38.914373], [-76.950804, 38.914135], [-76.950762, 38.914057], [-76.950698, 38.914018], [-76.950336, 38.914101], [-76.950098, 38.914102], [-76.949753, 38.914068], [-76.949426, 38.913956], [-76.949219, 38.91396], [-76.949068, 38.913869], [-76.948937, 38.913858], [-76.948784, 38.91379], [-76.948521, 38.913792], [-76.948415, 38.913758], [-76.948357, 38.913788], [-76.948123, 38.913779], [-76.947876, 38.913848], [-76.94778, 38.913831], [-76.947506, 38.913889], [-76.947456, 38.913865], [-76.947389, 38.913881], [-76.947059, 38.914105], [-76.946792, 38.914203], [-76.946551, 38.914244], [-76.94609, 38.914414], [-76.945564, 38.914407], [-76.945166, 38.914364], [-76.945076, 38.914409], [-76.944986, 38.914529], [-76.944619, 38.914759], [-76.944557, 38.914858], [-76.944419, 38.914899], [-76.944377, 38.91497], [-76.944323, 38.914994], [-76.944198, 38.914874], [-76.944217, 38.914819], [-76.944303, 38.914776], [-76.944272, 38.914622], [-76.944168, 38.914625], [-76.944109, 38.914695], [-76.944035, 38.914702], [-76.944044, 38.914764], [-76.943974, 38.914815], [-76.9437, 38.914871], [-76.943616, 38.914747], [-76.943719, 38.914606], [-76.943746, 38.914509], [-76.943698, 38.914534], [-76.943686, 38.914484], [-76.943591, 38.914464], [-76.943596, 38.914418], [-76.943522, 38.914424], [-76.943531, 38.914387], [-76.943458, 38.914398], [-76.943428, 38.91435], [-76.943036, 38.914214], [-76.942969, 38.914212], [-76.94294, 38.914247], [-76.942903, 38.914195], [-76.942743, 38.914133], [-76.943214, 38.914188], [-76.943461, 38.914296], [-76.94349, 38.914238], [-76.943523, 38.914314], [-76.94363, 38.914359], [-76.943714, 38.914343], [-76.943861, 38.914435], [-76.944158, 38.91451], [-76.944402, 38.914517], [-76.94437, 38.91446], [-76.94439, 38.914367], [-76.944551, 38.914281], [-76.944691, 38.914534], [-76.944731, 38.914539], [-76.944847, 38.914452], [-76.944872, 38.914361], [-76.944986, 38.91427], [-76.944948, 38.914185], [-76.944739, 38.914123], [-76.944752, 38.914078], [-76.944718, 38.914023], [-76.944757, 38.913976], [-76.944755, 38.913909], [-76.94465, 38.913631], [-76.94453, 38.913577], [-76.9445, 38.913599], [-76.944511, 38.913654], [-76.94447, 38.913655], [-76.944393, 38.913512], [-76.944305, 38.91354], [-76.943975, 38.913486], [-76.943877, 38.913362], [-76.944289, 38.913413], [-76.944599, 38.9135], [-76.944859, 38.913469], [-76.944913, 38.91343], [-76.945001, 38.912955], [-76.945054, 38.912869], [-76.945107, 38.912908], [-76.945071, 38.912956], [-76.945156, 38.912977], [-76.945143, 38.913072], [-76.945213, 38.913105], [-76.945212, 38.913153], [-76.945328, 38.913157], [-76.945361, 38.913214], [-76.945271, 38.913223], [-76.945276, 38.91329], [-76.94518, 38.91331], [-76.945127, 38.913365], [-76.945095, 38.913532], [-76.94533, 38.913483], [-76.94537, 38.913416], [-76.945488, 38.913445], [-76.94553, 38.913374], [-76.945951, 38.9133], [-76.94607, 38.913206], [-76.946138, 38.913121], [-76.946228, 38.912903], [-76.946284, 38.912621], [-76.94621, 38.912553], [-76.946207, 38.912478], [-76.94611, 38.912462], [-76.945592, 38.912082], [-76.945262, 38.911966], [-76.945194, 38.91197], [-76.945117, 38.912024], [-76.945021, 38.911854], [-76.945183, 38.911919], [-76.945109, 38.911834], [-76.94507, 38.911722], [-76.945001, 38.911687], [-76.944339, 38.911545], [-76.943467, 38.911544], [-76.943285, 38.911422], [-76.943295, 38.911229], [-76.942979, 38.910899], [-76.94303, 38.91079], [-76.942929, 38.910736], [-76.942807, 38.910796], [-76.942712, 38.910805], [-76.942464, 38.910638], [-76.942311, 38.910625], [-76.941959, 38.910497], [-76.941449, 38.911462], [-76.941137, 38.911824], [-76.940626, 38.912214], [-76.939768, 38.912653], [-76.939001, 38.912969], [-76.938479, 38.913148], [-76.93741, 38.913429], [-76.937193, 38.913219], [-76.935678, 38.91344], [-76.935439, 38.913431], [-76.939304, 38.916461], [-76.939923, 38.91642], [-76.940199, 38.916472], [-76.940653, 38.916446], [-76.942685, 38.916534]]]]}, "properties": {"NAME": "Anacostia Park, Section G"}}, {"type": "Feature", "geometry": {"type": "MultiPolygon", "coordinates": [[[[-77.056858, 38.90057], [-77.057114, 38.901352], [-77.057094, 38.901651], [-77.057017, 38.901941], [-77.057438, 38.902043], [-77.058031, 38.90231], [-77.058502, 38.901627], [-77.058579, 38.901418], [-77.058503, 38.901074], [-77.058337, 38.900872], [-77.057463, 38.900214], [-77.057369, 38.900096], [-77.05751, 38.899767], [-77.057235, 38.89949], [-77.057398, 38.899392], [-77.057348, 38.899337], [-77.057365, 38.899305], [-77.057153, 38.899036], [-77.057128, 38.899052], [-77.056737, 38.898655], [-77.056626, 38.898447], [-77.056685, 38.896873], [-77.056683, 38.894871], [-77.056624, 38.89456], [-77.056453, 38.894179], [-77.055416, 38.894372], [-77.055943, 38.894646], [-77.055945, 38.897217], [-77.055611, 38.897217], [-77.055611, 38.897492], [-77.055742, 38.897591], [-77.055903, 38.897777], [-77.055946, 38.898198], [-77.056192, 38.899107], [-77.056388, 38.899697], [-77.056638, 38.900336], [-77.056766, 38.900336], [-77.056858, 38.90057]]], [[[-77.05707, 38.902107], [-77.056966, 38.902378], [-77.057109, 38.902043], [-77.05707, 38.902107]]], [[[-77.057175, 38.902082], [-77.057055, 38.902387], [-77.057346, 38.902387], [-77.057175, 38.902082]]], [[[-77.05698, 38.902031], [-77.056811, 38.902388], [-77.056882, 38.902388], [-77.057022, 38.902027], [-77.05698, 38.902031]]], [[[-77.057966, 38.902388], [-77.057272, 38.90208], [-77.057343, 38.902265], [-77.057456, 38.902387], [-77.057966, 38.902388]]], [[[-77.056762, 38.902491], [-77.056842, 38.902492], [-77.056857, 38.902453], [-77.05678, 38.902453], [-77.056762, 38.902491]]], [[[-77.057495, 38.902492], [-77.057904, 38.902492], [-77.057929, 38.902455], [-77.05703, 38.902454], [-77.057016, 38.902492], [-77.057495, 38.902492]]], [[[-77.056707, 38.902608], [-77.056793, 38.90262], [-77.056799, 38.902602], [-77.056707, 38.902608]]], [[[-77.056972, 38.902609], [-77.057814, 38.90262], [-77.057826, 38.902603], [-77.056972, 38.902609]]], [[[-77.056247, 38.90273], [-77.056198, 38.902813], [-77.056212, 38.902922], [-77.056252, 38.902922], [-77.056247, 38.90273]]], [[[-77.056939, 38.902696], [-77.05686, 38.902947], [-77.057126, 38.902687], [-77.056939, 38.902696]]], [[[-77.056851, 38.902696], [-77.056754, 38.902926], [-77.056686, 38.903168], [-77.056851, 38.902696]]], [[[-77.05726, 38.902696], [-77.05703, 38.902865], [-77.056802, 38.903221], [-77.057514, 38.902888], [-77.05794, 38.902751], [-77.057938, 38.902691], [-77.05726, 38.902696]]], [[[-77.056725, 38.902687], [-77.05667, 38.902687], [-77.056656, 38.902716], [-77.056464, 38.902716], [-77.056464, 38.903087], [-77.056236, 38.903087], [-77.05629, 38.903188], [-77.056441, 38.903237], [-77.056595, 38.903164], [-77.056767, 38.902687], [-77.056725, 38.902687]]], [[[-77.056193, 38.903331], [-77.056201, 38.903332], [-77.056193, 38.903325], [-77.056193, 38.903331]]], [[[-77.056305, 38.903332], [-77.056525, 38.903312], [-77.056569, 38.903283], [-77.05635, 38.903288], [-77.056193, 38.903185], [-77.056193, 38.903233], [-77.056305, 38.903332]]], [[[-77.04945, 38.907816], [-77.049451, 38.908131], [-77.049337, 38.908131], [-77.049338, 38.90831], [-77.049207, 38.90831], [-77.049132, 38.908411], [-77.048969, 38.908411], [-77.048969, 38.908461], [-77.049289, 38.908461], [-77.049412, 38.908204], [-77.049871, 38.907816], [-77.050008, 38.907608], [-77.049932, 38.907608], [-77.049933, 38.907634], [-77.049661, 38.907634], [-77.049661, 38.907689], [-77.04945, 38.907688], [-77.04945, 38.907816]]], [[[-77.050144, 38.910601], [-77.050166, 38.910601], [-77.049335, 38.909982], [-77.049201, 38.910229], [-77.049778, 38.910369], [-77.049705, 38.910554], [-77.050144, 38.910601]]], [[[-77.050232, 38.911013], [-77.050553, 38.911012], [-77.050232, 38.910681], [-77.050232, 38.911013]]], [[[-77.048397, 38.924133], [-77.048566, 38.924688], [-77.049625, 38.924492], [-77.0495, 38.923866], [-77.04952, 38.923231], [-77.050535, 38.923302], [-77.050563, 38.923056], [-77.051305, 38.922793], [-77.051641, 38.92337], [-77.052714, 38.923308], [-77.052673, 38.923156], [-77.052535, 38.92288], [-77.052151, 38.922562], [-77.052294, 38.922177], [-77.052568, 38.921853], [-77.052982, 38.921609], [-77.053772, 38.921343], [-77.053628, 38.921124], [-77.054662, 38.920791], [-77.055081, 38.920572], [-77.055437, 38.92026], [-77.055833, 38.919779], [-77.056111, 38.919574], [-77.056489, 38.919416], [-77.057262, 38.919297], [-77.057645, 38.919164], [-77.05798, 38.918951], [-77.059087, 38.918024], [-77.059205, 38.91811], [-77.059248, 38.91789], [-77.059339, 38.917686], [-77.059489, 38.917485], [-77.059675, 38.917318], [-77.059731, 38.916095], [-77.060796, 38.915695], [-77.061824, 38.915704], [-77.061427, 38.915341], [-77.060669, 38.915474], [-77.059993, 38.915511], [-77.059758, 38.915553], [-77.059449, 38.915769], [-77.059159, 38.915899], [-77.058893, 38.915506], [-77.058724, 38.91542], [-77.0587, 38.915481], [-77.05816, 38.915002], [-77.05603, 38.913568], [-77.05547, 38.913002], [-77.054389, 38.912469], [-77.053564, 38.912256], [-77.053458, 38.911382], [-77.052789, 38.911384], [-77.052179, 38.910854], [-77.052097, 38.910739], [-77.051702, 38.910771], [-77.051636, 38.910529], [-77.051685, 38.910521], [-77.051245, 38.910012], [-77.051248, 38.909737], [-77.050617, 38.909734], [-77.050619, 38.909569], [-77.052758, 38.909581], [-77.053895, 38.909317], [-77.05383, 38.909317], [-77.053822, 38.909191], [-77.053856, 38.909062], [-77.053926, 38.908953], [-77.054612, 38.908355], [-77.054801, 38.908087], [-77.055141, 38.90738], [-77.055304, 38.907431], [-77.05524, 38.907637], [-77.055481, 38.907636], [-77.055478, 38.907385], [-77.055724, 38.907383], [-77.055729, 38.906131], [-77.0558, 38.906066], [-77.055917, 38.906062], [-77.055952, 38.906009], [-77.056095, 38.906009], [-77.056078, 38.905853], [-77.056259, 38.905519], [-77.0564, 38.905519], [-77.056388, 38.905073], [-77.056653, 38.904675], [-77.057065, 38.904803], [-77.057055, 38.90449], [-77.057116, 38.904489], [-77.057104, 38.904101], [-77.057408, 38.904098], [-77.057397, 38.903687], [-77.057684, 38.903681], [-77.057682, 38.903599], [-77.057826, 38.903048], [-77.057948, 38.903046], [-77.057942, 38.902815], [-77.057545, 38.902951], [-77.056689, 38.90334], [-77.056402, 38.903396], [-77.056193, 38.903389], [-77.056193, 38.903603], [-77.055825, 38.903871], [-77.055582, 38.903871], [-77.055213, 38.90452], [-77.054881, 38.904404], [-77.054882, 38.905695], [-77.054425, 38.905695], [-77.054285, 38.905915], [-77.054026, 38.905915], [-77.054027, 38.906511], [-77.053985, 38.906511], [-77.053932, 38.906637], [-77.053874, 38.906637], [-77.053847, 38.906826], [-77.053637, 38.907089], [-77.05357, 38.907145], [-77.053453, 38.907145], [-77.053134, 38.907366], [-77.053134, 38.907732], [-77.052687, 38.907732], [-77.052688, 38.907888], [-77.052562, 38.907888], [-77.052562, 38.907913], [-77.051652, 38.907913], [-77.051321, 38.907816], [-77.051321, 38.907642], [-77.051286, 38.90762], [-77.050161, 38.90762], [-77.050029, 38.90784], [-77.04957, 38.90822], [-77.049471, 38.908356], [-77.04942, 38.908546], [-77.049421, 38.909522], [-77.049535, 38.909522], [-77.049535, 38.909727], [-77.049421, 38.909727], [-77.049455, 38.909948], [-77.050236, 38.910524], [-77.050715, 38.911012], [-77.050818, 38.911012], [-77.050818, 38.911256], [-77.050869, 38.911256], [-77.051861, 38.911981], [-77.051741, 38.912081], [-77.051869, 38.912175], [-77.051749, 38.912275], [-77.052364, 38.912724], [-77.052343, 38.912876], [-77.052563, 38.912901], [-77.052605, 38.912866], [-77.052733, 38.91296], [-77.052711, 38.912978], [-77.054004, 38.913923], [-77.054051, 38.913884], [-77.054576, 38.914267], [-77.05463, 38.914221], [-77.05554, 38.914886], [-77.055858, 38.91462], [-77.057599, 38.9159], [-77.057688, 38.916024], [-77.057717, 38.916272], [-77.057624, 38.916568], [-77.057427, 38.9168], [-77.057566, 38.916902], [-77.056459, 38.917827], [-77.055431, 38.918016], [-77.055346, 38.917954], [-77.054927, 38.918304], [-77.054889, 38.918275], [-77.054442, 38.918642], [-77.053959, 38.918894], [-77.053423, 38.918998], [-77.052091, 38.919001], [-77.052091, 38.918877], [-77.050281, 38.918881], [-77.050079, 38.918916], [-77.049249, 38.91921], [-77.049394, 38.919458], [-77.048978, 38.919606], [-77.048734, 38.91998], [-77.048234, 38.920536], [-77.048223, 38.920695], [-77.048419, 38.921153], [-77.048393, 38.921269], [-77.048197, 38.921563], [-77.048261, 38.921589], [-77.047908, 38.922111], [-77.047745, 38.922117], [-77.047482, 38.922388], [-77.047206, 38.922443], [-77.047434, 38.922881], [-77.047486, 38.923144], [-77.047392, 38.923605], [-77.04727, 38.923609], [-77.047143, 38.924199], [-77.047967, 38.923991], [-77.048397, 38.924133]]]]}, "properties": {"NAME": "Rock Creek & Potomac Parkway"}}, {"type": "Feature", "geometry": {"type": "MultiPolygon", "coordinates": [[[[-77.071816, 38.917147], [-77.071899, 38.917146], [-77.071964, 38.917197], [-77.071983, 38.917278], [-77.071942, 38.91739], [-77.072155, 38.91739], [-77.072153, 38.916962], [-77.072752, 38.916961], [-77.072742, 38.916661], [-77.072056, 38.916474], [-77.071669, 38.916425], [-77.070561, 38.916569], [-77.069563, 38.91664], [-77.06959, 38.917147], [-77.070077, 38.916928], [-77.070117, 38.916995], [-77.071354, 38.916915], [-77.071321, 38.916856], [-77.071607, 38.916756], [-77.071785, 38.917006], [-77.071816, 38.917147]]], [[[-77.068698, 38.916701], [-77.069319, 38.917447], [-77.069246, 38.916688], [-77.068698, 38.916701]]], [[[-77.084864, 38.916575], [-77.084475, 38.916649], [-77.085067, 38.917654], [-77.085034, 38.917457], [-77.085133, 38.917296], [-77.085722, 38.916891], [-77.086123, 38.916748], [-77.087471, 38.916634], [-77.08762, 38.916766], [-77.087867, 38.916888], [-77.088154, 38.916962], [-77.088478, 38.916962], [-77.088471, 38.916531], [-77.088411, 38.916217], [-77.087236, 38.916273], [-77.086455, 38.916345], [-77.084864, 38.916575]]], [[[-77.06644, 38.918746], [-77.066971, 38.9187], [-77.067326, 38.918704], [-77.068029, 38.918796], [-77.068133, 38.918507], [-77.068154, 38.918225], [-77.067957, 38.918305], [-77.067512, 38.917751], [-77.06731, 38.917985], [-77.067059, 38.917852], [-77.067385, 38.917481], [-77.067598, 38.917334], [-77.067303, 38.917478], [-77.067013, 38.917118], [-77.066769, 38.917234], [-77.066401, 38.917488], [-77.066652, 38.918323], [-77.066367, 38.918424], [-77.06644, 38.918746]]], [[[-77.082543, 38.919014], [-77.08244, 38.919278], [-77.082054, 38.919853], [-77.082068, 38.919896], [-77.082166, 38.919733], [-77.082504, 38.919367], [-77.082611, 38.91917], [-77.082657, 38.918999], [-77.082818, 38.918996], [-77.082805, 38.918708], [-77.082691, 38.918329], [-77.082134, 38.91743], [-77.075644, 38.917435], [-77.07565, 38.916838], [-77.07501, 38.916856], [-77.074993, 38.916489], [-77.074387, 38.916506], [-77.074455, 38.916574], [-77.074462, 38.916658], [-77.074415, 38.916725], [-77.074293, 38.916766], [-77.074167, 38.916733], [-77.074112, 38.91667], [-77.074103, 38.916607], [-77.074176, 38.916512], [-77.074174, 38.916467], [-77.072962, 38.916501], [-77.072983, 38.916951], [-77.073373, 38.91694], [-77.073375, 38.916984], [-77.073437, 38.916983], [-77.073437, 38.917065], [-77.073381, 38.917066], [-77.073415, 38.917852], [-77.073685, 38.917758], [-77.073721, 38.917686], [-77.073817, 38.917652], [-77.073878, 38.917665], [-77.074175, 38.918187], [-77.074475, 38.918088], [-77.07457, 38.918257], [-77.074693, 38.918371], [-77.07491, 38.918739], [-77.078769, 38.91875], [-77.078769, 38.91885], [-77.078945, 38.91885], [-77.078945, 38.919069], [-77.082543, 38.919014]]]]}, "properties": {"NAME": "Whitehaven Parkway"}}, {"type": "Feature", "geometry": {"type": "Polygon", "coordinates": [[[-77.082712, 38.926231], [-77.082435, 38.927237], [-77.082727, 38.927705], [-77.08316, 38.9275], [-77.083419, 38.927456], [-77.083885, 38.927453], [-77.08396, 38.927391], [-77.083959, 38.926312], [-77.084943, 38.926312], [-77.084943, 38.926188], [-77.086067, 38.926187], [-77.086067, 38.926064], [-77.086116, 38.926064], [-77.086107, 38.925343], [-77.086157, 38.925008], [-77.086225, 38.924793], [-77.086793, 38.9235], [-77.086911, 38.923119], [-77.086929, 38.922892], [-77.08686, 38.922483], [-77.086612, 38.922064], [-77.086213, 38.921572], [-77.085982, 38.921073], [-77.085908, 38.92064], [-77.085792, 38.919457], [-77.085742, 38.919293], [-77.084636, 38.917421], [-77.083096, 38.917427], [-77.084075, 38.918931], [-77.082712, 38.926231]]]}, "properties": {"NAME": "Glover Parkway & Children's Playground"}}, {"type": "Feature", "geometry": {"type": "Polygon", "coordinates": [[[-77.089935, 38.909242], [-77.088965, 38.910132], [-77.089257, 38.910636], [-77.090594, 38.909729], [-77.089935, 38.909242]]]}, "properties": {"NAME": "Potomac Palisades Parkway"}}, {"type": "Feature", "geometry": {"type": "Polygon", "coordinates": [[[-77.022699, 38.893873], [-77.023435, 38.893883], [-77.022698, 38.893679], [-77.022699, 38.893873]]]}, "properties": {"NAME": "Triangle ( FDR Memorial Stone)"}}, {"type": "Feature", "geometry": {"type": "Polygon", "coordinates": [[[-77.022053, 38.893512], [-77.022003, 38.89357], [-77.022004, 38.893873], [-77.022646, 38.893873], [-77.02265, 38.893666], [-77.022053, 38.893512]]]}, "properties": {"NAME": "Triangle"}}, {"type": "Feature", "geometry": {"type": "MultiPolygon", "coordinates": [[[[-76.974586, 38.889342], [-76.976824, 38.889332], [-76.976824, 38.888859], [-76.976956, 38.888859], [-76.976956, 38.888406], [-76.976886, 38.888406], [-76.976886, 38.888351], [-76.976775, 38.888351], [-76.976775, 38.888039], [-76.976886, 38.888039], [-76.976886, 38.887984], [-76.976956, 38.887984], [-76.976956, 38.887778], [-76.976062, 38.887778], [-76.976062, 38.888735], [-76.975057, 38.888735], [-76.975057, 38.887777], [-76.974334, 38.887777], [-76.974333, 38.889331], [-76.974586, 38.889342]]], [[[-76.975709, 38.887777], [-76.975167, 38.887777], [-76.975166, 38.888611], [-76.97589, 38.888611], [-76.97589, 38.887777], [-76.975709, 38.887777]]]]}, "properties": {"NAME": "Anacostia Park, Section F"}}, {"type": "Feature", "geometry": {"type": "Polygon", "coordinates": [[[-76.965793, 38.897242], [-76.969113, 38.897527], [-76.969478, 38.897591], [-76.9709, 38.895984], [-76.971362, 38.895665], [-76.973823, 38.895004], [-76.974224, 38.894816], [-76.974566, 38.894534], [-76.97477, 38.894271], [-76.974877, 38.894077], [-76.975014, 38.893655], [-76.975042, 38.893435], [-76.975043, 38.891894], [-76.976761, 38.891894], [-76.976761, 38.891409], [-76.97681, 38.891409], [-76.976811, 38.890344], [-76.973733, 38.890343], [-76.973733, 38.889278], [-76.974052, 38.889278], [-76.974053, 38.887502], [-76.973071, 38.887502], [-76.97281, 38.887207], [-76.972664, 38.88699], [-76.972442, 38.886515], [-76.972344, 38.886135], [-76.972306, 38.885744], [-76.972307, 38.883082], [-76.972355, 38.882651], [-76.972497, 38.882234], [-76.972995, 38.881438], [-76.972947, 38.881438], [-76.972964, 38.881413], [-76.973354, 38.881438], [-76.973355, 38.880219], [-76.977547, 38.88022], [-76.979857, 38.879047], [-76.979716, 38.878881], [-76.979626, 38.878682], [-76.979595, 38.878466], [-76.979625, 38.87825], [-76.976243, 38.879225], [-76.974855, 38.879436], [-76.974374, 38.879436], [-76.974374, 38.87957], [-76.973377, 38.879858], [-76.973245, 38.880063], [-76.973086, 38.880115], [-76.973068, 38.880279], [-76.972809, 38.880586], [-76.972129, 38.881576], [-76.971875, 38.88199], [-76.971827, 38.882084], [-76.971847, 38.882095], [-76.970658, 38.883889], [-76.970549, 38.883912], [-76.970125, 38.884254], [-76.969992, 38.884227], [-76.97008, 38.884443], [-76.970137, 38.884473], [-76.970179, 38.884454], [-76.970231, 38.884545], [-76.970123, 38.884926], [-76.969954, 38.885166], [-76.969984, 38.885245], [-76.969876, 38.88527], [-76.969464, 38.885658], [-76.968957, 38.88637], [-76.968656, 38.887065], [-76.968474, 38.887624], [-76.967661, 38.889129], [-76.967474, 38.889672], [-76.967449, 38.889983], [-76.967538, 38.89033], [-76.967521, 38.890445], [-76.967558, 38.890488], [-76.967703, 38.890544], [-76.968449, 38.891603], [-76.96863, 38.891951], [-76.968831, 38.892648], [-76.968909, 38.892707], [-76.968831, 38.892809], [-76.968814, 38.89311], [-76.968645, 38.893361], [-76.968739, 38.893467], [-76.968709, 38.893489], [-76.96862, 38.893469], [-76.968498, 38.893547], [-76.968157, 38.894138], [-76.967573, 38.894778], [-76.967239, 38.895083], [-76.966937, 38.895536], [-76.966782, 38.8957], [-76.966708, 38.895952], [-76.966386, 38.896671], [-76.966277, 38.897181], [-76.966166, 38.897239], [-76.965835, 38.897182], [-76.965793, 38.897242]], [[-76.97538, 38.890607], [-76.975548, 38.890827], [-76.975324, 38.890827], [-76.975324, 38.890534], [-76.97538, 38.890607]]]}, "properties": {"NAME": "Anacostia Park, Section F"}}, {"type": "Feature", "geometry": {"type": "Polygon", "coordinates": [[[-76.974626, 38.889645], [-76.974513, 38.889771], [-76.974499, 38.88994], [-76.974588, 38.890084], [-76.974746, 38.890145], [-76.976365, 38.89014], [-76.976511, 38.890054], [-76.976577, 38.889897], [-76.976555, 38.889771], [-76.976509, 38.889699], [-76.976413, 38.88963], [-76.976282, 38.889595], [-76.974832, 38.889592], [-76.974626, 38.889645]]]}, "properties": {"NAME": "Anacostia Park, Section F"}}, {"type": "Feature", "geometry": {"type": "MultiPolygon", "coordinates": [[[[-77.078072, 38.946402], [-77.078072, 38.946567], [-77.077897, 38.94699], [-77.07835, 38.946458], [-77.078329, 38.946402], [-77.078072, 38.946402]]], [[[-77.078594, 38.947235], [-77.078593, 38.947256], [-77.079004, 38.947115], [-77.078764, 38.946693], [-77.078643, 38.946736], [-77.078621, 38.946782], [-77.078594, 38.947235]]], [[[-77.078396, 38.947009], [-77.077977, 38.947501], [-77.078452, 38.947305], [-77.078411, 38.946992], [-77.078396, 38.947009]]]]}, "properties": {"NAME": "Fort Circle Park"}}]}