{"type": "FeatureCollection", "features": [{"type": "Feature", "geometry": {"type": "LineString", "coordinates": [[-77.053308, 38.902536], [-77.056108, 38.902539]]}, "properties": {"STREETNAME": "K", "STREETTYPE": "ST", "FHWAFUNCTIONALCLASS": 3}}, {"type": "Feature", "geometry": {"type": "LineString", "coordinates": [[-77.098309, 38.931483], [-77.097094, 38.932557]]}, "properties": {"STREETNAME": "ARIZONA", "STREETTYPE": "AVE", "FHWAFUNCTIONALCLASS": 3}}, {"type": "Feature", "geometry": {"type": "LineString", "coordinates": [[-77.0444, 38.919671], [-77.044784, 38.91906]]}, "properties": {"STREETNAME": "COLUMBIA", "STREETTYPE": "RD", "FHWAFUNCTIONALCLASS": 4}}, {"type": "Feature", "geometry": {"type": "LineString", "coordinates": [[-77.031955, 38.912614], [-77.031954, 38.913357]]}, "properties": {"STREETNAME": "14TH", "STREETTYPE": "ST", "FHWAFUNCTIONALCLASS": 3}}, {"type": "Feature", "geometry": {"type": "LineString", "coordinates": [[-77.026339, 38.945068], [-77.026602, 38.946133]]}, "properties": {"STREETNAME": "GEORGIA", "STREETTYPE": "AVE", "FHWAFUNCTIONALCLASS": 3}}, {"type": "Feature", "geometry": {"type": "LineString", "coordinates": [[-77.085226, 38.912992], [-77.085336, 38.913255], [-77.085465, 38.913441], [-77.085893, 38.913867]]}, "properties": {"STREETNAME": "FOXHALL", "STREETTYPE": "RD", "FHWAFUNCTIONALCLASS": 4}}, {"type": "Feature", "geometry": {"type": "LineString", "coordinates": [[-77.027039, 38.901342], [-77.028078, 38.901339]]}, "properties": {"STREETNAME": "I", "STREETTYPE": "ST", "FHWAFUNCTIONALCLASS": 3}}, {"type": "Feature", "geometry": {"type": "LineString", "coordinates": [[-77.065298, 38.905133], [-77.066043, 38.905118]]}, "properties": {"STREETNAME": "M", "STREETTYPE": "ST", "FHWAFUNCTIONALCLASS": 3}}, {"type": "Feature", "geometry": {"type": "LineString", "coordinates": [[-77.009059, 38.959653], [-77.009254, 38.960192]]}, "properties": {"STREETNAME": "BLAIR", "STREETTYPE": "RD", "FHWAFUNCTIONALCLASS": 4}}, {"type": "Feature", "geometry": {"type": "LineString", "coordinates": [[-77.048886, 38.903764], [-77.048612, 38.90415], [-77.047632, 38.905198], [-77.047481, 38.905317]]}, "properties": {"STREETNAME": "NEW HAMPSHIRE", "STREETTYPE": "AVE", "FHWAFUNCTIONALCLASS": 4}}, {"type": "Feature", "geometry": {"type": "LineString", "coordinates": [[-77.046649, 38.90375], [-77.048886, 38.903764]]}, "properties": {"STREETNAME": "L", "STREETTYPE": "ST", "FHWAFUNCTIONALCLASS": 4}}, {"type": "Feature", "geometry": {"type": "LineString", "coordinates": [[-77.046818, 38.932611], [-77.048558, 38.932632], [-77.049072, 38.932694], [-77.049577, 38.932865], [-77.050765, 38.933439]]}, "properties": {"STREETNAME": "KLINGLE", "STREETTYPE": "RD", "FHWAFUNCTIONALCLASS": 4}}, {"type": "Feature", "geometry": {"type": "LineString", "coordinates": [[-77.044698, 38.923247], [-77.047342, 38.923256]]}, "properties": {"STREETNAME": "CALVERT", "STREETTYPE": "ST", "FHWAFUNCTIONALCLASS": 4}}, {"type": "Feature", "geometry": {"type": "LineString", "coordinates": [[-77.044911, 38.89833], [-77.044908, 38.899587]]}, "properties": {"STREETNAME": "20TH", "STREETTYPE": "ST", "FHWAFUNCTIONALCLASS": 4}}, {"type": "Feature", "geometry": {"type": "LineString", "coordinates": [[-77.029635, 38.899816], [-77.030129, 38.899858], [-77.030343, 38.899987]]}, "properties": {"STREETNAME": "H", "STREETTYPE": "ST", "FHWAFUNCTIONALCLASS": 4}}, {"type": "Feature", "geometry": {"type": "LineString", "coordinates": [[-77.02712, 38.971481], [-77.027027, 38.972362]]}, "properties": {"STREETNAME": "GEORGIA", "STREETTYPE": "AVE", "FHWAFUNCTIONALCLASS": 3}}, {"type": "Feature", "geometry": {"type": "LineString", "coordinates": [[-77.029625, 38.912613], [-77.029624, 38.913355]]}, "properties": {"STREETNAME": "13TH", "STREETTYPE": "ST", "FHWAFUNCTIONALCLASS": 4}}, {"type": "Feature", "geometry": {"type": "LineString", "coordinates": [[-77.05012, 38.896032], [-77.050138, 38.897327]]}, "properties": {"STREETNAME": "23RD", "STREETTYPE": "ST", "FHWAFUNCTIONALCLASS": 3}}, {"type": "Feature", "geometry": {"type": "LineString", "coordinates": [[-77.019832, 38.930315], [-77.0216, 38.930033], [-77.022333, 38.929957], [-77.022861, 38.929935], [-77.023372, 38.930026]]}, "properties": {"STREETNAME": "KENYON", "STREETTYPE": "ST", "FHWAFUNCTIONALCLASS": 4}}, {"type": "Feature", "geometry": {"type": "LineString", "coordinates": [[-77.021205, 38.915976], [-77.021896, 38.916269]]}, "properties": {"STREETNAME": "FLORIDA", "STREETTYPE": "AVE", "FHWAFUNCTIONALCLASS": 3}}, {"type": "Feature", "geometry": {"type": "LineString", "coordinates": [[-77.103474, 38.945442], [-77.103176, 38.946143], [-77.102755, 38.94684], [-77.102441, 38.94725], [-77.101275, 38.948595]]}, "properties": {"STREETNAME": "DALECARLIA", "STREETTYPE": "PKWY", "FHWAFUNCTIONALCLASS": 4}}, {"type": "Feature", "geometry": {"type": "LineString", "coordinates": [[-77.02226, 38.922347], [-77.022525, 38.924191]]}, "properties": {"STREETNAME": "GEORGIA", "STREETTYPE": "AVE", "FHWAFUNCTIONALCLASS": 3}}, {"type": "Feature", "geometry": {"type": "LineString", "coordinates": [[-77.02971, 38.92675], [-77.02971, 38.927645]]}, "properties": {"STREETNAME": "13TH", "STREETTYPE": "ST", "FHWAFUNCTIONALCLASS": 4}}, {"type": "Feature", "geometry": {"type": "LineString", "coordinates": [[-77.036373, 38.971515], [-77.036373, 38.972277]]}, "properties": {"STREETNAME": "16TH", "STREETTYPE": "ST", "FHWAFUNCTIONALCLASS": 3}}, {"type": "Feature", "geometry": {"type": "LineString", "coordinates": [[-77.036544, 38.902533], [-77.036541, 38.903747]]}, "properties": {"STREETNAME": "16TH", "STREETTYPE": "ST", "FHWAFUNCTIONALCLASS": 3}}, {"type": "Feature", "geometry": {"type": "LineString", "coordinates": [[-77.04216, 38.928825], [-77.042893, 38.928841], [-77.043302, 38.928958], [-77.043605, 38.929155], [-77.044171, 38.929752]]}, "properties": {"STREETNAME": "IRVING", "STREETTYPE": "ST", "FHWAFUNCTIONALCLASS": 4}}, {"type": "Feature", "geometry": {"type": "LineString", "coordinates": [[-77.041733, 38.892108], [-77.04175, 38.89265]]}, "properties": {"STREETNAME": "18TH", "STREETTYPE": "ST", "FHWAFUNCTIONALCLASS": 4}}, {"type": "Feature", "geometry": {"type": "LineString", "coordinates": [[-77.02971, 38.928643], [-77.032098, 38.928642], [-77.032433, 38.928706], [-77.032643, 38.928814]]}, "properties": {"STREETNAME": "IRVING", "STREETTYPE": "ST", "FHWAFUNCTIONALCLASS": 4}}, {"type": "Feature", "geometry": {"type": "LineString", "coordinates": [[-77.046527, 38.932757], [-77.04678, 38.932661], [-77.046818, 38.932611]]}, "properties": {"STREETNAME": "KLINGLE", "STREETTYPE": "RD", "FHWAFUNCTIONALCLASS": 4}}, {"type": "Feature", "geometry": {"type": "LineString", "coordinates": [[-77.009102, 38.892082], [-77.009996, 38.892088]]}, "properties": {"STREETNAME": "CONSTITUTION", "STREETTYPE": "AVE", "FHWAFUNCTIONALCLASS": 4}}, {"type": "Feature", "geometry": {"type": "LineString", "coordinates": [[-77.03945, 38.900216], [-77.041703, 38.900219]]}, "properties": {"STREETNAME": "H", "STREETTYPE": "ST", "FHWAFUNCTIONALCLASS": 3}}, {"type": "Feature", "geometry": {"type": "LineString", "coordinates": [[-77.086135, 38.934029], [-77.086474, 38.934618]]}, "properties": {"STREETNAME": "NEW MEXICO", "STREETTYPE": "AVE", "FHWAFUNCTIONALCLASS": 4}}, {"type": "Feature", "geometry": {"type": "LineString", "coordinates": [[-77.032643, 38.928814], [-77.03464, 38.928692]]}, "properties": {"STREETNAME": "IRVING", "STREETTYPE": "ST", "FHWAFUNCTIONALCLASS": 4}}, {"type": "Feature", "geometry": {"type": "LineString", "coordinates": [[-77.033428, 38.952914], [-77.033429, 38.954093]]}, "properties": {"STREETNAME": "14TH", "STREETTYPE": "ST", "FHWAFUNCTIONALCLASS": 4}}, {"type": "Feature", "geometry": {"type": "LineString", "coordinates": [[-77.031955, 38.914839], [-77.031958, 38.915576]]}, "properties": {"STREETNAME": "14TH", "STREETTYPE": "ST", "FHWAFUNCTIONALCLASS": 3}}, {"type": "Feature", "geometry": {"type": "LineString", "coordinates": [[-77.057317, 38.933518], [-77.057651, 38.934091]]}, "properties": {"STREETNAME": "CONNECTICUT", "STREETTYPE": "AVE", "FHWAFUNCTIONALCLASS": 3}}, {"type": "Feature", "geometry": {"type": "LineString", "coordinates": [[-77.014384, 38.956525], [-77.014947, 38.956711]]}, "properties": {"STREETNAME": "MISSOURI", "STREETTYPE": "AVE", "FHWAFUNCTIONALCLASS": 3}}, {"type": "Feature", "geometry": {"type": "LineString", "coordinates": [[-77.031943, 38.920072], [-77.033938, 38.919636], [-77.034075, 38.919556], [-77.034335, 38.919279], [-77.034612, 38.919137]]}, "properties": {"STREETNAME": "FLORIDA", "STREETTYPE": "AVE", "FHWAFUNCTIONALCLASS": 4}}, {"type": "Feature", "geometry": {"type": "LineString", "coordinates": [[-77.032735, 38.93249], [-77.032734, 38.933174]]}, "properties": {"STREETNAME": "14TH", "STREETTYPE": "ST", "FHWAFUNCTIONALCLASS": 4}}, {"type": "Feature", "geometry": {"type": "LineString", "coordinates": [[-77.039448, 38.902531], [-77.03945, 38.902708], [-77.039489, 38.902834], [-77.040014, 38.903749]]}, "properties": {"STREETNAME": "CONNECTICUT", "STREETTYPE": "AVE", "FHWAFUNCTIONALCLASS": 3}}, {"type": "Feature", "geometry": {"type": "LineString", "coordinates": [[-77.036371, 38.973132], [-77.036366, 38.974871]]}, "properties": {"STREETNAME": "16TH", "STREETTYPE": "ST", "FHWAFUNCTIONALCLASS": 3}}, {"type": "Feature", "geometry": {"type": "LineString", "coordinates": [[-77.013681, 38.900211], [-77.015177, 38.900273]]}, "properties": {"STREETNAME": "H", "STREETTYPE": "ST", "FHWAFUNCTIONALCLASS": 3}}, {"type": "Feature", "geometry": {"type": "LineString", "coordinates": [[-77.041715, 38.895996], [-77.041707, 38.897362]]}, "properties": {"STREETNAME": "18TH", "STREETTYPE": "ST", "FHWAFUNCTIONALCLASS": 4}}, {"type": "Feature", "geometry": {"type": "LineString", "coordinates": [[-77.05917, 38.905226], [-77.060164, 38.905209]]}, "properties": {"STREETNAME": "M", "STREETTYPE": "ST", "FHWAFUNCTIONALCLASS": 3}}, {"type": "Feature", "geometry": {"type": "LineString", "coordinates": [[-77.10035, 38.923572], [-77.100638, 38.924064], [-77.101406, 38.924958]]}, "properties": {"STREETNAME": "MACARTHUR", "STREETTYPE": "BLVD", "FHWAFUNCTIONALCLASS": 4}}, {"type": "Feature", "geometry": {"type": "LineString", "coordinates": [[-77.029707, 38.938684], [-77.029706, 38.93975]]}, "properties": {"STREETNAME": "13TH", "STREETTYPE": "ST", "FHWAFUNCTIONALCLASS": 4}}, {"type": "Feature", "geometry": {"type": "LineString", "coordinates": [[-77.028472, 38.97227], [-77.028987, 38.972271]]}, "properties": {"STREETNAME": "ASPEN", "STREETTYPE": "ST", "FHWAFUNCTIONALCLASS": 4}}, {"type": "Feature", "geometry": {"type": "LineString", "coordinates": [[-77.041701, 38.901345], [-77.041691, 38.902533]]}, "properties": {"STREETNAME": "18TH", "STREETTYPE": "ST", "FHWAFUNCTIONALCLASS": 4}}, {"type": "Feature", "geometry": {"type": "LineString", "coordinates": [[-77.018151, 38.904197], [-77.018397, 38.904216], [-77.018868, 38.904207], [-77.018935, 38.904182]]}, "properties": {"STREETNAME": "L", "STREETTYPE": "ST", "FHWAFUNCTIONALCLASS": 4}}, {"type": "Feature", "geometry": {"type": "LineString", "coordinates": [[-77.017068, 38.914215], [-77.018111, 38.914653]]}, "properties": {"STREETNAME": "FLORIDA", "STREETTYPE": "AVE", "FHWAFUNCTIONALCLASS": 3}}, {"type": "Feature", "geometry": {"type": "LineString", "coordinates": [[-77.027027, 38.972362], [-77.026889, 38.973624]]}, "properties": {"STREETNAME": "GEORGIA", "STREETTYPE": "AVE", "FHWAFUNCTIONALCLASS": 3}}, {"type": "Feature", "geometry": {"type": "LineString", "coordinates": [[-77.013685, 38.967296], [-77.013866, 38.967511], [-77.014008, 38.967765], [-77.014069, 38.967977], [-77.014109, 38.968354], [-77.014253, 38.968669]]}, "properties": {"STREETNAME": "BLAIR", "STREETTYPE": "RD", "FHWAFUNCTIONALCLASS": 4}}, {"type": "Feature", "geometry": {"type": "LineString", "coordinates": [[-77.060116, 38.902602], [-77.061137, 38.902601]]}, "properties": {"STREETNAME": "K", "STREETTYPE": "ST", "FHWAFUNCTIONALCLASS": 4}}, {"type": "Feature", "geometry": {"type": "LineString", "coordinates": [[-77.025169, 38.919968], [-77.025288, 38.919963], [-77.025477, 38.920021], [-77.025852, 38.920447], [-77.025994, 38.920541]]}, "properties": {"STREETNAME": "FLORIDA", "STREETTYPE": "AVE", "FHWAFUNCTIONALCLASS": 4}}, {"type": "Feature", "geometry": {"type": "LineString", "coordinates": [[-77.027043, 38.896137], [-77.028083, 38.89614]]}, "properties": {"STREETNAME": "E", "STREETTYPE": "ST", "FHWAFUNCTIONALCLASS": 4}}, {"type": "Feature", "geometry": {"type": "LineString", "coordinates": [[-77.026582, 38.98384], [-77.0266, 38.984287]]}, "properties": {"STREETNAME": "GEORGIA", "STREETTYPE": "AVE", "FHWAFUNCTIONALCLASS": 3}}, {"type": "Feature", "geometry": {"type": "LineString", "coordinates": [[-77.036428, 38.942943], [-77.036435, 38.944007]]}, "properties": {"STREETNAME": "16TH", "STREETTYPE": "ST", "FHWAFUNCTIONALCLASS": 3}}, {"type": "Feature", "geometry": {"type": "LineString", "coordinates": [[-77.056081, 38.923292], [-77.057506, 38.92321], [-77.05772, 38.92322]]}, "properties": {"STREETNAME": "CALVERT", "STREETTYPE": "ST", "FHWAFUNCTIONALCLASS": 4}}, {"type": "Feature", "geometry": {"type": "LineString", "coordinates": [[-77.011239, 38.902524], [-77.012173, 38.902524]]}, "properties": {"STREETNAME": "K", "STREETTYPE": "ST", "FHWAFUNCTIONALCLASS": 4}}, {"type": "Feature", "geometry": {"type": "LineString", "coordinates": [[-77.029713, 38.923773], [-77.029714, 38.924763]]}, "properties": {"STREETNAME": "13TH", "STREETTYPE": "ST", "FHWAFUNCTIONALCLASS": 4}}, {"type": "Feature", "geometry": {"type": "LineString", "coordinates": [[-77.027276, 38.927739], [-77.02971, 38.927645]]}, "properties": {"STREETNAME": "COLUMBIA", "STREETTYPE": "RD", "FHWAFUNCTIONALCLASS": 4}}, {"type": "Feature", "geometry": {"type": "LineString", "coordinates": [[-77.009061, 38.896133], [-77.011434, 38.89613]]}, "properties": {"STREETNAME": "E", "STREETTYPE": "ST", "FHWAFUNCTIONALCLASS": 4}}, {"type": "Feature", "geometry": {"type": "LineString", "coordinates": [[-77.028087, 38.920711], [-77.028837, 38.920669]]}, "properties": {"STREETNAME": "FLORIDA", "STREETTYPE": "AVE", "FHWAFUNCTIONALCLASS": 4}}, {"type": "Feature", "geometry": {"type": "LineString", "coordinates": [[-77.033427, 38.9616], [-77.033427, 38.96205]]}, "properties": {"STREETNAME": "14TH", "STREETTYPE": "ST", "FHWAFUNCTIONALCLASS": 4}}, {"type": "Feature", "geometry": {"type": "LineString", "coordinates": [[-77.020545, 38.949139], [-77.019945, 38.949949]]}, "properties": {"STREETNAME": "KANSAS", "STREETTYPE": "AVE", "FHWAFUNCTIONALCLASS": 4}}, {"type": "Feature", "geometry": {"type": "LineString", "coordinates": [[-77.080038, 38.944791], [-77.079139, 38.945843], [-77.079105, 38.945932]]}, "properties": {"STREETNAME": "NEBRASKA", "STREETTYPE": "AVE", "FHWAFUNCTIONALCLASS": 3}}, {"type": "Feature", "geometry": {"type": "LineString", "coordinates": [[-77.041706, 38.919667], [-77.042022, 38.920598]]}, "properties": {"STREETNAME": "18TH", "STREETTYPE": "ST", "FHWAFUNCTIONALCLASS": 4}}, {"type": "Feature", "geometry": {"type": "LineString", "coordinates": [[-77.08029, 38.961846], [-77.080288, 38.962083]]}, "properties": {"STREETNAME": "41ST", "STREETTYPE": "ST", "FHWAFUNCTIONALCLASS": 4}}, {"type": "Feature", "geometry": {"type": "LineString", "coordinates": [[-77.027512, 38.928712], [-77.028337, 38.928641], [-77.02971, 38.928643]]}, "properties": {"STREETNAME": "IRVING", "STREETTYPE": "ST", "FHWAFUNCTIONALCLASS": 4}}, {"type": "Feature", "geometry": {"type": "LineString", "coordinates": [[-77.034612, 38.919137], [-77.034734, 38.919277], [-77.034813, 38.920599]]}, "properties": {"STREETNAME": "15TH", "STREETTYPE": "ST", "FHWAFUNCTIONALCLASS": 4}}, {"type": "Feature", "geometry": {"type": "LineString", "coordinates": [[-77.032735, 38.935304], [-77.032735, 38.9356]]}, "properties": {"STREETNAME": "14TH", "STREETTYPE": "ST", "FHWAFUNCTIONALCLASS": 4}}, {"type": "Feature", "geometry": {"type": "LineString", "coordinates": [[-77.036487, 38.927164], [-77.036479, 38.928695]]}, "properties": {"STREETNAME": "16TH", "STREETTYPE": "ST", "FHWAFUNCTIONALCLASS": 3}}, {"type": "Feature", "geometry": {"type": "LineString", "coordinates": [[-77.034572, 38.905654], [-77.036536, 38.905662]]}, "properties": {"STREETNAME": "M", "STREETTYPE": "ST", "FHWAFUNCTIONALCLASS": 4}}, {"type": "Feature", "geometry": {"type": "LineString", "coordinates": [[-77.010303, 38.955187], [-77.011616, 38.955619]]}, "properties": {"STREETNAME": "MISSOURI", "STREETTYPE": "AVE", "FHWAFUNCTIONALCLASS": 3}}, {"type": "Feature", "geometry": {"type": "LineString", "coordinates": [[-77.111591, 38.935698], [-77.111922, 38.936161], [-77.112072, 38.936541], [-77.112099, 38.936966], [-77.112027, 38.937384]]}, "properties": {"STREETNAME": "MACARTHUR", "STREETTYPE": "BLVD", "FHWAFUNCTIONALCLASS": 4}}, {"type": "Feature", "geometry": {"type": "LineString", "coordinates": [[-77.041593, 38.906467], [-77.041682, 38.906807], [-77.041688, 38.907254]]}, "properties": {"STREETNAME": "18TH", "STREETTYPE": "ST", "FHWAFUNCTIONALCLASS": 4}}, {"type": "Feature", "geometry": {"type": "LineString", "coordinates": [[-77.015188, 38.896136], [-77.016182, 38.89614]]}, "properties": {"STREETNAME": "E", "STREETTYPE": "ST", "FHWAFUNCTIONALCLASS": 4}}, {"type": "Feature", "geometry": {"type": "LineString", "coordinates": [[-77.067581, 38.924582], [-77.067883, 38.92476]]}, "properties": {"STREETNAME": "MASSACHUSETTS", "STREETTYPE": "AVE", "FHWAFUNCTIONALCLASS": 3}}, {"type": "Feature", "geometry": {"type": "LineString", "coordinates": [[-77.027138, 38.949742], [-77.027286, 38.95081]]}, "properties": {"STREETNAME": "GEORGIA", "STREETTYPE": "AVE", "FHWAFUNCTIONALCLASS": 3}}, {"type": "Feature", "geometry": {"type": "LineString", "coordinates": [[-77.080837, 38.906541], [-77.081093, 38.906871]]}, "properties": {"STREETNAME": "FOXHALL", "STREETTYPE": "RD", "FHWAFUNCTIONALCLASS": 4}}, {"type": "Feature", "geometry": {"type": "LineString", "coordinates": [[-77.07663, 38.966724], [-77.076939, 38.967258]]}, "properties": {"STREETNAME": "CONNECTICUT", "STREETTYPE": "AVE", "FHWAFUNCTIONALCLASS": 3}}, {"type": "Feature", "geometry": {"type": "LineString", "coordinates": [[-77.063561, 38.944259], [-77.064285, 38.94549]]}, "properties": {"STREETNAME": "CONNECTICUT", "STREETTYPE": "AVE", "FHWAFUNCTIONALCLASS": 3}}, {"type": "Feature", "geometry": {"type": "LineString", "coordinates": [[-77.02963, 38.903745], [-77.031952, 38.903745]]}, "properties": {"STREETNAME": "L", "STREETTYPE": "ST", "FHWAFUNCTIONALCLASS": 4}}, {"type": "Feature", "geometry": {"type": "LineString", "coordinates": [[-77.03457, 38.906566], [-77.03457, 38.906706]]}, "properties": {"STREETNAME": "15TH", "STREETTYPE": "ST", "FHWAFUNCTIONALCLASS": 4}}, {"type": "Feature", "geometry": {"type": "LineString", "coordinates": [[-77.021896, 38.916269], [-77.022947, 38.916719]]}, "properties": {"STREETNAME": "FLORIDA", "STREETTYPE": "AVE", "FHWAFUNCTIONALCLASS": 3}}, {"type": "Feature", "geometry": {"type": "LineString", "coordinates": [[-77.044171, 38.929752], [-77.045544, 38.931272]]}, "properties": {"STREETNAME": "ADAMS MILL", "STREETTYPE": "RD", "FHWAFUNCTIONALCLASS": 4}}, {"type": "Feature", "geometry": {"type": "LineString", "coordinates": [[-77.082005, 38.907076], [-77.083081, 38.907552]]}, "properties": {"STREETNAME": "MACARTHUR", "STREETTYPE": "BLVD", "FHWAFUNCTIONALCLASS": 4}}, {"type": "Feature", "geometry": {"type": "LineString", "coordinates": [[-77.050111, 38.905271], [-77.05141, 38.905269]]}, "properties": {"STREETNAME": "M", "STREETTYPE": "ST", "FHWAFUNCTIONALCLASS": 4}}, {"type": "Feature", "geometry": {"type": "LineString", "coordinates": [[-77.038486, 38.912618], [-77.038481, 38.913359]]}, "properties": {"STREETNAME": "17TH", "STREETTYPE": "ST", "FHWAFUNCTIONALCLASS": 4}}, {"type": "Feature", "geometry": {"type": "LineString", "coordinates": [[-77.066389, 38.937343], [-77.066391, 38.938159]]}, "properties": {"STREETNAME": "34TH", "STREETTYPE": "ST", "FHWAFUNCTIONALCLASS": 4}}, {"type": "Feature", "geometry": {"type": "LineString", "coordinates": [[-77.048315, 38.918725], [-77.048655, 38.918818], [-77.048753, 38.918875], [-77.048874, 38.918995], [-77.04906, 38.919332]]}, "properties": {"STREETNAME": "CONNECTICUT", "STREETTYPE": "AVE", "FHWAFUNCTIONALCLASS": 3}}, {"type": "Feature", "geometry": {"type": "LineString", "coordinates": [[-77.028036, 38.950811], [-77.027585, 38.951366], [-77.027386, 38.951546]]}, "properties": {"STREETNAME": "ARKANSAS", "STREETTYPE": "AVE", "FHWAFUNCTIONALCLASS": 4}}, {"type": "Feature", "geometry": {"type": "LineString", "coordinates": [[-77.063891, 38.961024], [-77.06624, 38.961021]]}, "properties": {"STREETNAME": "MILITARY", "STREETTYPE": "RD", "FHWAFUNCTIONALCLASS": 3}}, {"type": "Feature", "geometry": {"type": "LineString", "coordinates": [[-77.016751, 38.927543], [-77.017266, 38.927788], [-77.017583, 38.927898], [-77.017963, 38.92797], [-77.01836, 38.927997], [-77.019348, 38.927963], [-77.01998, 38.927901], [-77.020269, 38.927764], [-77.020452, 38.927542]]}, "properties": {"STREETNAME": "MICHIGAN", "STREETTYPE": "AVE", "FHWAFUNCTIONALCLASS": 4}}, {"type": "Feature", "geometry": {"type": "LineString", "coordinates": [[-77.027041, 38.90253], [-77.027047, 38.903752]]}, "properties": {"STREETNAME": "11TH", "STREETTYPE": "ST", "FHWAFUNCTIONALCLASS": 4}}, {"type": "Feature", "geometry": {"type": "LineString", "coordinates": [[-77.036418, 38.950811], [-77.036417, 38.951878]]}, "properties": {"STREETNAME": "16TH", "STREETTYPE": "ST", "FHWAFUNCTIONALCLASS": 3}}, {"type": "Feature", "geometry": {"type": "LineString", "coordinates": [[-77.096687, 38.917463], [-77.096933, 38.917657], [-77.097657, 38.917999]]}, "properties": {"STREETNAME": "MACARTHUR", "STREETTYPE": "BLVD", "FHWAFUNCTIONALCLASS": 4}}, {"type": "Feature", "geometry": {"type": "LineString", "coordinates": [[-77.023968, 38.899817], [-77.023979, 38.900875]]}, "properties": {"STREETNAME": "9TH", "STREETTYPE": "ST", "FHWAFUNCTIONALCLASS": 4}}, {"type": "Feature", "geometry": {"type": "LineString", "coordinates": [[-77.019956, 38.943108], [-77.019931, 38.942979], [-77.019859, 38.942844], [-77.019747, 38.942726], [-77.019613, 38.942648]]}, "properties": {"STREETNAME": "GRANT", "STREETTYPE": "CIR", "FHWAFUNCTIONALCLASS": 4}}, {"type": "Feature", "geometry": {"type": "LineString", "coordinates": [[-77.023964, 38.892087], [-77.023977, 38.893884]]}, "properties": {"STREETNAME": "9TH", "STREETTYPE": "ST", "FHWAFUNCTIONALCLASS": 3}}, {"type": "Feature", "geometry": {"type": "LineString", "coordinates": [[-77.02011, 38.976076], [-77.020289, 38.976234], [-77.020546, 38.976535]]}, "properties": {"STREETNAME": "BLAIR", "STREETTYPE": "RD", "FHWAFUNCTIONALCLASS": 4}}, {"type": "Feature", "geometry": {"type": "LineString", "coordinates": [[-77.048486, 38.911757], [-77.048792, 38.911509]]}, "properties": {"STREETNAME": "FLORIDA", "STREETTYPE": "AVE", "FHWAFUNCTIONALCLASS": 4}}, {"type": "Feature", "geometry": {"type": "LineString", "coordinates": [[-77.03457, 38.906706], [-77.034568, 38.907251]]}, "properties": {"STREETNAME": "15TH", "STREETTYPE": "ST", "FHWAFUNCTIONALCLASS": 4}}, {"type": "Feature", "geometry": {"type": "LineString", "coordinates": [[-77.028972, 38.909881], [-77.029116, 38.910041], [-77.029265, 38.910128]]}, "properties": {"STREETNAME": "LOGAN", "STREETTYPE": "CIR", "FHWAFUNCTIONALCLASS": 3}}, {"type": "Feature", "geometry": {"type": "LineString", "coordinates": [[-77.018416, 38.914792], [-77.01893, 38.915008]]}, "properties": {"STREETNAME": "FLORIDA", "STREETTYPE": "AVE", "FHWAFUNCTIONALCLASS": 3}}, {"type": "Feature", "geometry": {"type": "LineString", "coordinates": [[-77.048826, 38.9007], [-77.050131, 38.900706]]}, "properties": {"STREETNAME": "I", "STREETTYPE": "ST", "FHWAFUNCTIONALCLASS": 3}}, {"type": "Feature", "geometry": {"type": "LineString", "coordinates": [[-77.040341, 38.924233], [-77.041414, 38.923521]]}, "properties": {"STREETNAME": "COLUMBIA", "STREETTYPE": "RD", "FHWAFUNCTIONALCLASS": 4}}, {"type": "Feature", "geometry": {"type": "LineString", "coordinates": [[-77.041688, 38.907254], [-77.041679, 38.909038]]}, "properties": {"STREETNAME": "18TH", "STREETTYPE": "ST", "FHWAFUNCTIONALCLASS": 4}}, {"type": "Feature", "geometry": {"type": "LineString", "coordinates": [[-77.032733, 38.933863], [-77.032734, 38.934129]]}, "properties": {"STREETNAME": "14TH", "STREETTYPE": "ST", "FHWAFUNCTIONALCLASS": 4}}, {"type": "Feature", "geometry": {"type": "LineString", "coordinates": [[-77.060164, 38.905209], [-77.061187, 38.905198]]}, "properties": {"STREETNAME": "M", "STREETTYPE": "ST", "FHWAFUNCTIONALCLASS": 3}}, {"type": "Feature", "geometry": {"type": "LineString", "coordinates": [[-77.091875, 38.942277], [-77.09262, 38.942825]]}, "properties": {"STREETNAME": "MASSACHUSETTS", "STREETTYPE": "AVE", "FHWAFUNCTIONALCLASS": 3}}, {"type": "Feature", "geometry": {"type": "LineString", "coordinates": [[-77.027033, 38.90111], [-77.028074, 38.900752]]}, "properties": {"STREETNAME": "NEW YORK", "STREETTYPE": "AVE", "FHWAFUNCTIONALCLASS": 4}}, {"type": "Feature", "geometry": {"type": "LineString", "coordinates": [[-77.03649, 38.926533], [-77.036487, 38.927164]]}, "properties": {"STREETNAME": "16TH", "STREETTYPE": "ST", "FHWAFUNCTIONALCLASS": 3}}, {"type": "Feature", "geometry": {"type": "LineString", "coordinates": [[-77.018928, 38.896136], [-77.019908, 38.896138]]}, "properties": {"STREETNAME": "E", "STREETTYPE": "ST", "FHWAFUNCTIONALCLASS": 4}}, {"type": "Feature", "geometry": {"type": "LineString", "coordinates": [[-77.015443, 38.907243], [-77.01591, 38.908582]]}, "properties": {"STREETNAME": "NEW JERSEY", "STREETTYPE": "AVE", "FHWAFUNCTIONALCLASS": 4}}, {"type": "Feature", "geometry": {"type": "LineString", "coordinates": [[-77.018551, 38.943151], [-77.018641, 38.943403], [-77.018775, 38.943535], [-77.018911, 38.943613]]}, "properties": {"STREETNAME": "GRANT", "STREETTYPE": "CIR", "FHWAFUNCTIONALCLASS": 4}}, {"type": "Feature", "geometry": {"type": "LineString", "coordinates": [[-77.021899, 38.917767], [-77.021901, 38.918998]]}, "properties": {"STREETNAME": "GEORGIA", "STREETTYPE": "AVE", "FHWAFUNCTIONALCLASS": 3}}, {"type": "Feature", "geometry": {"type": "LineString", "coordinates": [[-77.044451, 38.908577], [-77.043912, 38.909153]]}, "properties": {"STREETNAME": "NEW HAMPSHIRE", "STREETTYPE": "AVE", "FHWAFUNCTIONALCLASS": 4}}, {"type": "Feature", "geometry": {"type": "LineString", "coordinates": [[-77.031956, 38.910395], [-77.031954, 38.911137]]}, "properties": {"STREETNAME": "14TH", "STREETTYPE": "ST", "FHWAFUNCTIONALCLASS": 3}}, {"type": "Feature", "geometry": {"type": "LineString", "coordinates": [[-77.080395, 38.944372], [-77.080038, 38.944791]]}, "properties": {"STREETNAME": "NEBRASKA", "STREETTYPE": "AVE", "FHWAFUNCTIONALCLASS": 3}}, {"type": "Feature", "geometry": {"type": "LineString", "coordinates": [[-77.040145, 38.92436], [-77.040341, 38.924233]]}, "properties": {"STREETNAME": "COLUMBIA", "STREETTYPE": "RD", "FHWAFUNCTIONALCLASS": 4}}, {"type": "Feature", "geometry": {"type": "LineString", "coordinates": [[-77.0266, 38.984287], [-77.02662, 38.984682]]}, "properties": {"STREETNAME": "GEORGIA", "STREETTYPE": "AVE", "FHWAFUNCTIONALCLASS": 3}}, {"type": "Feature", "geometry": {"type": "LineString", "coordinates": [[-77.021921, 38.912321], [-77.02192, 38.912616]]}, "properties": {"STREETNAME": "7TH", "STREETTYPE": "ST", "FHWAFUNCTIONALCLASS": 3}}, {"type": "Feature", "geometry": {"type": "LineString", "coordinates": [[-77.041658, 38.916788], [-77.041657, 38.916992]]}, "properties": {"STREETNAME": "18TH", "STREETTYPE": "ST", "FHWAFUNCTIONALCLASS": 4}}, {"type": "Feature", "geometry": {"type": "LineString", "coordinates": [[-77.039609, 38.918218], [-77.040162, 38.918066]]}, "properties": {"STREETNAME": "FLORIDA", "STREETTYPE": "AVE", "FHWAFUNCTIONALCLASS": 4}}, {"type": "Feature", "geometry": {"type": "LineString", "coordinates": [[-77.02007, 38.942035], [-77.019613, 38.942648]]}, "properties": {"STREETNAME": "NEW HAMPSHIRE", "STREETTYPE": "AVE", "FHWAFUNCTIONALCLASS": 4}}, {"type": "Feature", "geometry": {"type": "LineString", "coordinates": [[-77.050162, 38.892103], [-77.050297, 38.892053], [-77.050587, 38.892055], [-77.051165, 38.892116], [-77.054309, 38.89274], [-77.054463, 38.892798]]}, "properties": {"STREETNAME": "CONSTITUTION", "STREETTYPE": "AVE", "FHWAFUNCTIONALCLASS": 3}}, {"type": "Feature", "geometry": {"type": "LineString", "coordinates": [[-77.02971, 38.92675], [-77.031972, 38.926739], [-77.032425, 38.926567]]}, "properties": {"STREETNAME": "HARVARD", "STREETTYPE": "ST", "FHWAFUNCTIONALCLASS": 4}}, {"type": "Feature", "geometry": {"type": "LineString", "coordinates": [[-77.019921, 38.901477], [-77.021528, 38.902033], [-77.021917, 38.902109]]}, "properties": {"STREETNAME": "MASSACHUSETTS", "STREETTYPE": "AVE", "FHWAFUNCTIONALCLASS": 3}}, {"type": "Feature", "geometry": {"type": "LineString", "coordinates": [[-77.036523, 38.910391], [-77.03652, 38.911131]]}, "properties": {"STREETNAME": "16TH", "STREETTYPE": "ST", "FHWAFUNCTIONALCLASS": 3}}, {"type": "Feature", "geometry": {"type": "LineString", "coordinates": [[-77.069178, 38.961025], [-77.070834, 38.961021]]}, "properties": {"STREETNAME": "MILITARY", "STREETTYPE": "RD", "FHWAFUNCTIONALCLASS": 4}}, {"type": "Feature", "geometry": {"type": "LineString", "coordinates": [[-77.036454, 38.934974], [-77.036452, 38.936809]]}, "properties": {"STREETNAME": "16TH", "STREETTYPE": "ST", "FHWAFUNCTIONALCLASS": 3}}, {"type": "Feature", "geometry": {"type": "LineString", "coordinates": [[-77.032133, 38.943988], [-77.031702, 38.945069]]}, "properties": {"STREETNAME": "ARKANSAS", "STREETTYPE": "AVE", "FHWAFUNCTIONALCLASS": 4}}, {"type": "Feature", "geometry": {"type": "LineString", "coordinates": [[-77.024324, 38.94405], [-77.023505, 38.945158]]}, "properties": {"STREETNAME": "KANSAS", "STREETTYPE": "AVE", "FHWAFUNCTIONALCLASS": 4}}, {"type": "Feature", "geometry": {"type": "LineString", "coordinates": [[-77.044238, 38.909652], [-77.044212, 38.909504], [-77.04414, 38.909359], [-77.043912, 38.909153]]}, "properties": {"STREETNAME": "DUPONT", "STREETTYPE": "CIR", "FHWAFUNCTIONALCLASS": 3}}, {"type": "Feature", "geometry": {"type": "LineString", "coordinates": [[-77.06773, 38.951422], [-77.068125, 38.952104]]}, "properties": {"STREETNAME": "CONNECTICUT", "STREETTYPE": "AVE", "FHWAFUNCTIONALCLASS": 3}}, {"type": "Feature", "geometry": {"type": "LineString", "coordinates": [[-77.030494, 38.980387], [-77.029986, 38.980868]]}, "properties": {"STREETNAME": "ALASKA", "STREETTYPE": "AVE", "FHWAFUNCTIONALCLASS": 4}}, {"type": "Feature", "geometry": {"type": "LineString", "coordinates": [[-77.047481, 38.905317], [-77.047, 38.905861]]}, "properties": {"STREETNAME": "NEW HAMPSHIRE", "STREETTYPE": "AVE", "FHWAFUNCTIONALCLASS": 4}}, {"type": "Feature", "geometry": {"type": "LineString", "coordinates": [[-77.01243, 38.898864], [-77.012915, 38.900208]]}, "properties": {"STREETNAME": "NEW JERSEY", "STREETTYPE": "AVE", "FHWAFUNCTIONALCLASS": 4}}, {"type": "Feature", "geometry": {"type": "LineString", "coordinates": [[-77.029705, 38.94507], [-77.029706, 38.946045], [-77.029646, 38.946133]]}, "properties": {"STREETNAME": "13TH", "STREETTYPE": "ST", "FHWAFUNCTIONALCLASS": 4}}, {"type": "Feature", "geometry": {"type": "LineString", "coordinates": [[-77.038889, 38.918415], [-77.039609, 38.918218]]}, "properties": {"STREETNAME": "FLORIDA", "STREETTYPE": "AVE", "FHWAFUNCTIONALCLASS": 4}}, {"type": "Feature", "geometry": {"type": "LineString", "coordinates": [[-77.019913, 38.892084], [-77.019902, 38.892766]]}, "properties": {"STREETNAME": "6TH", "STREETTYPE": "ST", "FHWAFUNCTIONALCLASS": 4}}, {"type": "Feature", "geometry": {"type": "LineString", "coordinates": [[-77.064285, 38.94549], [-77.065008, 38.946744]]}, "properties": {"STREETNAME": "CONNECTICUT", "STREETTYPE": "AVE", "FHWAFUNCTIONALCLASS": 3}}, {"type": "Feature", "geometry": {"type": "LineString", "coordinates": [[-77.026596, 38.903799], [-77.027052, 38.903956]]}, "properties": {"STREETNAME": "MASSACHUSETTS", "STREETTYPE": "AVE", "FHWAFUNCTIONALCLASS": 3}}, {"type": "Feature", "geometry": {"type": "LineString", "coordinates": [[-77.023918, 38.933806], [-77.023975, 38.934188]]}, "properties": {"STREETNAME": "GEORGIA", "STREETTYPE": "AVE", "FHWAFUNCTIONALCLASS": 3}}, {"type": "Feature", "geometry": {"type": "LineString", "coordinates": [[-77.032728, 38.944003], [-77.032728, 38.945069]]}, "properties": {"STREETNAME": "14TH", "STREETTYPE": "ST", "FHWAFUNCTIONALCLASS": 4}}, {"type": "Feature", "geometry": {"type": "LineString", "coordinates": [[-77.023664, 38.932047], [-77.023776, 38.932818]]}, "properties": {"STREETNAME": "GEORGIA", "STREETTYPE": "AVE", "FHWAFUNCTIONALCLASS": 3}}, {"type": "Feature", "geometry": {"type": "LineString", "coordinates": [[-77.019908, 38.903585], [-77.019901, 38.904171]]}, "properties": {"STREETNAME": "6TH", "STREETTYPE": "ST", "FHWAFUNCTIONALCLASS": 4}}, {"type": "Feature", "geometry": {"type": "LineString", "coordinates": [[-77.019921, 38.901477], [-77.019909, 38.902528]]}, "properties": {"STREETNAME": "6TH", "STREETTYPE": "ST", "FHWAFUNCTIONALCLASS": 4}}, {"type": "Feature", "geometry": {"type": "LineString", "coordinates": [[-77.036491, 38.92628], [-77.03649, 38.926533]]}, "properties": {"STREETNAME": "16TH", "STREETTYPE": "ST", "FHWAFUNCTIONALCLASS": 3}}, {"type": "Feature", "geometry": {"type": "LineString", "coordinates": [[-77.042979, 38.91015], [-77.043211, 38.910242], [-77.04344, 38.910268]]}, "properties": {"STREETNAME": "DUPONT", "STREETTYPE": "CIR", "FHWAFUNCTIONALCLASS": 3}}, {"type": "Feature", "geometry": {"type": "LineString", "coordinates": [[-77.039277, 38.914099], [-77.038853, 38.91455]]}, "properties": {"STREETNAME": "NEW HAMPSHIRE", "STREETTYPE": "AVE", "FHWAFUNCTIONALCLASS": 4}}, {"type": "Feature", "geometry": {"type": "LineString", "coordinates": [[-77.040014, 38.903749], [-77.040589, 38.904743]]}, "properties": {"STREETNAME": "CONNECTICUT", "STREETTYPE": "AVE", "FHWAFUNCTIONALCLASS": 3}}, {"type": "Feature", "geometry": {"type": "LineString", "coordinates": [[-77.04173, 38.895413], [-77.041715, 38.895996]]}, "properties": {"STREETNAME": "18TH", "STREETTYPE": "ST", "FHWAFUNCTIONALCLASS": 4}}, {"type": "Feature", "geometry": {"type": "LineString", "coordinates": [[-77.074523, 38.9631], [-77.075051, 38.964006]]}, "properties": {"STREETNAME": "CONNECTICUT", "STREETTYPE": "AVE", "FHWAFUNCTIONALCLASS": 3}}, {"type": "Feature", "geometry": {"type": "LineString", "coordinates": [[-77.018911, 38.943613], [-77.019089, 38.94367], [-77.019278, 38.943683]]}, "properties": {"STREETNAME": "GRANT", "STREETTYPE": "CIR", "FHWAFUNCTIONALCLASS": 4}}, {"type": "Feature", "geometry": {"type": "LineString", "coordinates": [[-77.036391, 38.962417], [-77.036387, 38.964834]]}, "properties": {"STREETNAME": "16TH", "STREETTYPE": "ST", "FHWAFUNCTIONALCLASS": 3}}, {"type": "Feature", "geometry": {"type": "LineString", "coordinates": [[-77.03342, 38.966858], [-77.03342, 38.967574]]}, "properties": {"STREETNAME": "14TH", "STREETTYPE": "ST", "FHWAFUNCTIONALCLASS": 4}}, {"type": "Feature", "geometry": {"type": "LineString", "coordinates": [[-77.036529, 38.908704], [-77.036526, 38.90965]]}, "properties": {"STREETNAME": "16TH", "STREETTYPE": "ST", "FHWAFUNCTIONALCLASS": 3}}, {"type": "Feature", "geometry": {"type": "LineString", "coordinates": [[-77.03287, 38.949363], [-77.033256, 38.949746]]}, "properties": {"STREETNAME": "IOWA", "STREETTYPE": "AVE", "FHWAFUNCTIONALCLASS": 4}}, {"type": "Feature", "geometry": {"type": "LineString", "coordinates": [[-77.083757, 38.929868], [-77.083997, 38.930285]]}, "properties": {"STREETNAME": "NEW MEXICO", "STREETTYPE": "AVE", "FHWAFUNCTIONALCLASS": 4}}, {"type": "Feature", "geometry": {"type": "LineString", "coordinates": [[-77.015636, 38.931037], [-77.016033, 38.93083], [-77.016369, 38.930563], [-77.016859, 38.929979], [-77.016934, 38.92983], [-77.017262, 38.929745], [-77.018054, 38.929618]]}, "properties": {"STREETNAME": "IRVING", "STREETTYPE": "ST", "FHWAFUNCTIONALCLASS": 4}}, {"type": "Feature", "geometry": {"type": "LineString", "coordinates": [[-77.034543, 38.915581], [-77.034537, 38.916295]]}, "properties": {"STREETNAME": "15TH", "STREETTYPE": "ST", "FHWAFUNCTIONALCLASS": 4}}, {"type": "Feature", "geometry": {"type": "LineString", "coordinates": [[-77.043438, 38.915896], [-77.044072, 38.915562]]}, "properties": {"STREETNAME": "FLORIDA", "STREETTYPE": "AVE", "FHWAFUNCTIONALCLASS": 4}}, {"type": "Feature", "geometry": {"type": "LineString", "coordinates": [[-77.036463, 38.931661], [-77.03646, 38.932615]]}, "properties": {"STREETNAME": "16TH", "STREETTYPE": "ST", "FHWAFUNCTIONALCLASS": 3}}, {"type": "Feature", "geometry": {"type": "LineString", "coordinates": [[-77.052619, 38.889329], [-77.05252, 38.889758], [-77.052127, 38.890512]]}, "properties": {"STREETNAME": "OHIO", "STREETTYPE": "DR", "FHWAFUNCTIONALCLASS": 3}}, {"type": "Feature", "geometry": {"type": "LineString", "coordinates": [[-77.090759, 38.929051], [-77.091057, 38.930283]]}, "properties": {"STREETNAME": "FOXHALL", "STREETTYPE": "RD", "FHWAFUNCTIONALCLASS": 4}}, {"type": "Feature", "geometry": {"type": "LineString", "coordinates": [[-77.10404, 38.938918], [-77.10393, 38.939414], [-77.103887, 38.939803], [-77.103728, 38.94429], [-77.103634, 38.944873], [-77.103474, 38.945442]]}, "properties": {"STREETNAME": "DALECARLIA", "STREETTYPE": "PKWY", "FHWAFUNCTIONALCLASS": 4}}, {"type": "Feature", "geometry": {"type": "LineString", "coordinates": [[-77.034579, 38.903745], [-77.036541, 38.903747]]}, "properties": {"STREETNAME": "L", "STREETTYPE": "ST", "FHWAFUNCTIONALCLASS": 4}}, {"type": "Feature", "geometry": {"type": "LineString", "coordinates": [[-77.010969, 38.962708], [-77.011242, 38.963158], [-77.011557, 38.963804]]}, "properties": {"STREETNAME": "BLAIR", "STREETTYPE": "RD", "FHWAFUNCTIONALCLASS": 4}}, {"type": "Feature", "geometry": {"type": "LineString", "coordinates": [[-77.042718, 38.909397], [-77.042651, 38.909651]]}, "properties": {"STREETNAME": "DUPONT", "STREETTYPE": "CIR", "FHWAFUNCTIONALCLASS": 3}}, {"type": "Feature", "geometry": {"type": "LineString", "coordinates": [[-77.066393, 38.931475], [-77.066386, 38.932549]]}, "properties": {"STREETNAME": "34TH", "STREETTYPE": "ST", "FHWAFUNCTIONALCLASS": 4}}, {"type": "Feature", "geometry": {"type": "LineString", "coordinates": [[-77.011434, 38.89613], [-77.012167, 38.89613]]}, "properties": {"STREETNAME": "E", "STREETTYPE": "ST", "FHWAFUNCTIONALCLASS": 4}}, {"type": "Feature", "geometry": {"type": "LineString", "coordinates": [[-77.050134, 38.899582], [-77.050131, 38.900706]]}, "properties": {"STREETNAME": "23RD", "STREETTYPE": "ST", "FHWAFUNCTIONALCLASS": 3}}, {"type": "Feature", "geometry": {"type": "LineString", "coordinates": [[-77.066386, 38.932549], [-77.066392, 38.933499]]}, "properties": {"STREETNAME": "34TH", "STREETTYPE": "ST", "FHWAFUNCTIONALCLASS": 4}}, {"type": "Feature", "geometry": {"type": "LineString", "coordinates": [[-77.019903, 38.905651], [-77.019901, 38.907248]]}, "properties": {"STREETNAME": "6TH", "STREETTYPE": "ST", "FHWAFUNCTIONALCLASS": 4}}, {"type": "Feature", "geometry": {"type": "LineString", "coordinates": [[-77.031959, 38.900212], [-77.033644, 38.900214]]}, "properties": {"STREETNAME": "H", "STREETTYPE": "ST", "FHWAFUNCTIONALCLASS": 3}}, {"type": "Feature", "geometry": {"type": "LineString", "coordinates": [[-77.0176, 38.953207], [-77.017453, 38.953311], [-77.016637, 38.95441]]}, "properties": {"STREETNAME": "KANSAS", "STREETTYPE": "AVE", "FHWAFUNCTIONALCLASS": 4}}, {"type": "Feature", "geometry": {"type": "LineString", "coordinates": [[-77.024133, 38.935241], [-77.024212, 38.935769]]}, "properties": {"STREETNAME": "GEORGIA", "STREETTYPE": "AVE", "FHWAFUNCTIONALCLASS": 3}}, {"type": "Feature", "geometry": {"type": "LineString", "coordinates": [[-77.079173, 38.905962], [-77.079697, 38.905952], [-77.080183, 38.906031], [-77.08055, 38.906229], [-77.080837, 38.906541]]}, "properties": {"STREETNAME": "FOXHALL", "STREETTYPE": "RD", "FHWAFUNCTIONALCLASS": 3}}, {"type": "Feature", "geometry": {"type": "LineString", "coordinates": [[-77.034558, 38.911134], [-77.034555, 38.911878]]}, "properties": {"STREETNAME": "15TH", "STREETTYPE": "ST", "FHWAFUNCTIONALCLASS": 4}}, {"type": "Feature", "geometry": {"type": "LineString", "coordinates": [[-77.036446, 38.939113], [-77.036286, 38.939182], [-77.035079, 38.940561]]}, "properties": {"STREETNAME": "ARKANSAS", "STREETTYPE": "AVE", "FHWAFUNCTIONALCLASS": 4}}, {"type": "Feature", "geometry": {"type": "LineString", "coordinates": [[-77.034568, 38.907251], [-77.034566, 38.907942]]}, "properties": {"STREETNAME": "15TH", "STREETTYPE": "ST", "FHWAFUNCTIONALCLASS": 4}}, {"type": "Feature", "geometry": {"type": "LineString", "coordinates": [[-77.027037, 38.898324], [-77.027037, 38.899824]]}, "properties": {"STREETNAME": "11TH", "STREETTYPE": "ST", "FHWAFUNCTIONALCLASS": 4}}, {"type": "Feature", "geometry": {"type": "LineString", "coordinates": [[-77.017975, 38.97475], [-77.018247, 38.974756]]}, "properties": {"STREETNAME": "CEDAR", "STREETTYPE": "ST", "FHWAFUNCTIONALCLASS": 4}}, {"type": "Feature", "geometry": {"type": "LineString", "coordinates": [[-77.026889, 38.973624], [-77.02666, 38.975819]]}, "properties": {"STREETNAME": "GEORGIA", "STREETTYPE": "AVE", "FHWAFUNCTIONALCLASS": 3}}, {"type": "Feature", "geometry": {"type": "LineString", "coordinates": [[-77.017098, 38.911872], [-77.017365, 38.912613]]}, "properties": {"STREETNAME": "NEW JERSEY", "STREETTYPE": "AVE", "FHWAFUNCTIONALCLASS": 4}}, {"type": "Feature", "geometry": {"type": "LineString", "coordinates": [[-77.04166, 38.915582], [-77.041658, 38.916297]]}, "properties": {"STREETNAME": "18TH", "STREETTYPE": "ST", "FHWAFUNCTIONALCLASS": 4}}, {"type": "Feature", "geometry": {"type": "LineString", "coordinates": [[-77.098499, 38.919191], [-77.098509, 38.919994]]}, "properties": {"STREETNAME": "MACARTHUR", "STREETTYPE": "BLVD", "FHWAFUNCTIONALCLASS": 4}}, {"type": "Feature", "geometry": {"type": "LineString", "coordinates": [[-77.050217, 38.903066], [-77.050119, 38.903254], [-77.050115, 38.903745]]}, "properties": {"STREETNAME": "23RD", "STREETTYPE": "ST", "FHWAFUNCTIONALCLASS": 3}}, {"type": "Feature", "geometry": {"type": "LineString", "coordinates": [[-77.033644, 38.900214], [-77.033641, 38.90134]]}, "properties": {"STREETNAME": "15TH", "STREETTYPE": "ST", "FHWAFUNCTIONALCLASS": 3}}, {"type": "Feature", "geometry": {"type": "LineString", "coordinates": [[-77.018185, 38.921369], [-77.018339, 38.922363], [-77.018349, 38.922743]]}, "properties": {"STREETNAME": "4TH", "STREETTYPE": "ST", "FHWAFUNCTIONALCLASS": 4}}, {"type": "Feature", "geometry": {"type": "LineString", "coordinates": [[-77.032425, 38.926567], [-77.032519, 38.927546]]}, "properties": {"STREETNAME": "14TH", "STREETTYPE": "ST", "FHWAFUNCTIONALCLASS": 4}}, {"type": "Feature", "geometry": {"type": "LineString", "coordinates": [[-77.051283, 38.88965], [-77.05138, 38.889328]]}, "properties": {"STREETNAME": "LINCOLN MEMORIAL", "STREETTYPE": "CIR", "FHWAFUNCTIONALCLASS": 3}}, {"type": "Feature", "geometry": {"type": "LineString", "coordinates": [[-77.033419, 38.97073], [-77.033419, 38.971513]]}, "properties": {"STREETNAME": "14TH", "STREETTYPE": "ST", "FHWAFUNCTIONALCLASS": 4}}, {"type": "Feature", "geometry": {"type": "LineString", "coordinates": [[-77.028013, 38.961267], [-77.027891, 38.962708]]}, "properties": {"STREETNAME": "GEORGIA", "STREETTYPE": "AVE", "FHWAFUNCTIONALCLASS": 3}}, {"type": "Feature", "geometry": {"type": "LineString", "coordinates": [[-77.036352, 38.979402], [-77.036353, 38.980389]]}, "properties": {"STREETNAME": "16TH", "STREETTYPE": "ST", "FHWAFUNCTIONALCLASS": 3}}, {"type": "Feature", "geometry": {"type": "LineString", "coordinates": [[-77.032735, 38.9356], [-77.032734, 38.936271]]}, "properties": {"STREETNAME": "14TH", "STREETTYPE": "ST", "FHWAFUNCTIONALCLASS": 4}}, {"type": "Feature", "geometry": {"type": "LineString", "coordinates": [[-77.073623, 38.952283], [-77.072256, 38.953887]]}, "properties": {"STREETNAME": "NEBRASKA", "STREETTYPE": "AVE", "FHWAFUNCTIONALCLASS": 3}}, {"type": "Feature", "geometry": {"type": "LineString", "coordinates": [[-77.038479, 38.914943], [-77.037886, 38.91558]]}, "properties": {"STREETNAME": "NEW HAMPSHIRE", "STREETTYPE": "AVE", "FHWAFUNCTIONALCLASS": 4}}, {"type": "Feature", "geometry": {"type": "LineString", "coordinates": [[-77.025517, 38.94188], [-77.025624, 38.942301]]}, "properties": {"STREETNAME": "GEORGIA", "STREETTYPE": "AVE", "FHWAFUNCTIONALCLASS": 3}}, {"type": "Feature", "geometry": {"type": "LineString", "coordinates": [[-77.031953, 38.917006], [-77.031955, 38.91812]]}, "properties": {"STREETNAME": "14TH", "STREETTYPE": "ST", "FHWAFUNCTIONALCLASS": 4}}, {"type": "Feature", "geometry": {"type": "LineString", "coordinates": [[-77.012167, 38.89613], [-77.013661, 38.896132]]}, "properties": {"STREETNAME": "E", "STREETTYPE": "ST", "FHWAFUNCTIONALCLASS": 4}}, {"type": "Feature", "geometry": {"type": "LineString", "coordinates": [[-77.106483, 38.935748], [-77.106467, 38.935896], [-77.106402, 38.936009], [-77.105919, 38.936277], [-77.105617, 38.93649], [-77.10532, 38.936751], [-77.104949, 38.937186], [-77.104616, 38.937663], [-77.104397, 38.938043], [-77.104195, 38.938474], [-77.10404, 38.938918]]}, "properties": {"STREETNAME": "DALECARLIA", "STREETTYPE": "PKWY", "FHWAFUNCTIONALCLASS": 4}}, {"type": "Feature", "geometry": {"type": "LineString", "coordinates": [[-77.02705, 38.904174], [-77.027402, 38.904162], [-77.027528, 38.904122]]}, "properties": {"STREETNAME": "L", "STREETTYPE": "ST", "FHWAFUNCTIONALCLASS": 4}}, {"type": "Feature", "geometry": {"type": "LineString", "coordinates": [[-77.036366, 38.974871], [-77.036166, 38.975013], [-77.035261, 38.97586]]}, "properties": {"STREETNAME": "ALASKA", "STREETTYPE": "AVE", "FHWAFUNCTIONALCLASS": 4}}, {"type": "Feature", "geometry": {"type": "LineString", "coordinates": [[-77.009996, 38.892088], [-77.012176, 38.892095]]}, "properties": {"STREETNAME": "CONSTITUTION", "STREETTYPE": "AVE", "FHWAFUNCTIONALCLASS": 4}}, {"type": "Feature", "geometry": {"type": "LineString", "coordinates": [[-77.086809, 38.906722], [-77.089586, 38.907578], [-77.091032, 38.908185], [-77.091688, 38.908496], [-77.092468, 38.908932], [-77.093445, 38.909566], [-77.09541, 38.91111], [-77.095763, 38.911443], [-77.09698, 38.912747], [-77.097774, 38.913915], [-77.09836, 38.914851], [-77.09951, 38.916966], [-77.100324, 38.918518], [-77.100525, 38.919001]]}, "properties": {"STREETNAME": "CANAL", "STREETTYPE": "RD", "FHWAFUNCTIONALCLASS": 3}}, {"type": "Feature", "geometry": {"type": "LineString", "coordinates": [[-77.027037, 38.899824], [-77.028083, 38.899819]]}, "properties": {"STREETNAME": "H", "STREETTYPE": "ST", "FHWAFUNCTIONALCLASS": 4}}, {"type": "Feature", "geometry": {"type": "LineString", "coordinates": [[-77.017896, 38.914095], [-77.018111, 38.914653]]}, "properties": {"STREETNAME": "NEW JERSEY", "STREETTYPE": "AVE", "FHWAFUNCTIONALCLASS": 4}}, {"type": "Feature", "geometry": {"type": "LineString", "coordinates": [[-77.050163, 38.890219], [-77.050513, 38.890179], [-77.050821, 38.890067], [-77.051101, 38.889875], [-77.051283, 38.88965]]}, "properties": {"STREETNAME": "LINCOLN MEMORIAL", "STREETTYPE": "CIR", "FHWAFUNCTIONALCLASS": 3}}, {"type": "Feature", "geometry": {"type": "LineString", "coordinates": [[-77.0252, 38.935125], [-77.0243, 38.936336]]}, "properties": {"STREETNAME": "NEW HAMPSHIRE", "STREETTYPE": "AVE", "FHWAFUNCTIONALCLASS": 4}}, {"type": "Feature", "geometry": {"type": "LineString", "coordinates": [[-77.028909, 38.909648], [-77.028972, 38.909881]]}, "properties": {"STREETNAME": "LOGAN", "STREETTYPE": "CIR", "FHWAFUNCTIONALCLASS": 3}}, {"type": "Feature", "geometry": {"type": "LineString", "coordinates": [[-77.019226, 38.942579], [-77.018947, 38.942637]]}, "properties": {"STREETNAME": "GRANT", "STREETTYPE": "CIR", "FHWAFUNCTIONALCLASS": 4}}, {"type": "Feature", "geometry": {"type": "LineString", "coordinates": [[-77.05953, 38.918653], [-77.062794, 38.921038], [-77.063021, 38.921252], [-77.063136, 38.921414]]}, "properties": {"STREETNAME": "MASSACHUSETTS", "STREETTYPE": "AVE", "FHWAFUNCTIONALCLASS": 3}}, {"type": "Feature", "geometry": {"type": "LineString", "coordinates": [[-77.039463, 38.896617], [-77.040107, 38.896414]]}, "properties": {"STREETNAME": "NEW YORK", "STREETTYPE": "AVE", "FHWAFUNCTIONALCLASS": 3}}, {"type": "Feature", "geometry": {"type": "LineString", "coordinates": [[-77.045213, 38.894535], [-77.045021, 38.894727], [-77.044936, 38.894881], [-77.04492, 38.895437]]}, "properties": {"STREETNAME": "20TH", "STREETTYPE": "ST", "FHWAFUNCTIONALCLASS": 4}}, {"type": "Feature", "geometry": {"type": "LineString", "coordinates": [[-77.048886, 38.903764], [-77.050115, 38.903745]]}, "properties": {"STREETNAME": "L", "STREETTYPE": "ST", "FHWAFUNCTIONALCLASS": 4}}, {"type": "Feature", "geometry": {"type": "LineString", "coordinates": [[-77.025941, 38.941874], [-77.025624, 38.942301]]}, "properties": {"STREETNAME": "KANSAS", "STREETTYPE": "AVE", "FHWAFUNCTIONALCLASS": 4}}, {"type": "Feature", "geometry": {"type": "LineString", "coordinates": [[-77.013662, 38.899296], [-77.015157, 38.899819]]}, "properties": {"STREETNAME": "MASSACHUSETTS", "STREETTYPE": "AVE", "FHWAFUNCTIONALCLASS": 3}}, {"type": "Feature", "geometry": {"type": "LineString", "coordinates": [[-77.041683, 38.918751], [-77.041706, 38.919667]]}, "properties": {"STREETNAME": "18TH", "STREETTYPE": "ST", "FHWAFUNCTIONALCLASS": 4}}, {"type": "Feature", "geometry": {"type": "LineString", "coordinates": [[-77.043176, 38.9223], [-77.043308, 38.922054], [-77.043706, 38.921118]]}, "properties": {"STREETNAME": "COLUMBIA", "STREETTYPE": "RD", "FHWAFUNCTIONALCLASS": 4}}, {"type": "Feature", "geometry": {"type": "LineString", "coordinates": [[-77.023967, 38.898454], [-77.023969, 38.899061]]}, "properties": {"STREETNAME": "9TH", "STREETTYPE": "ST", "FHWAFUNCTIONALCLASS": 4}}, {"type": "Feature", "geometry": {"type": "LineString", "coordinates": [[-77.019904, 38.908581], [-77.019904, 38.909651]]}, "properties": {"STREETNAME": "6TH", "STREETTYPE": "ST", "FHWAFUNCTIONALCLASS": 4}}, {"type": "Feature", "geometry": {"type": "LineString", "coordinates": [[-77.009067, 38.902522], [-77.011239, 38.902524]]}, "properties": {"STREETNAME": "K", "STREETTYPE": "ST", "FHWAFUNCTIONALCLASS": 4}}, {"type": "Feature", "geometry": {"type": "LineString", "coordinates": [[-77.028083, 38.89614], [-77.029642, 38.896133]]}, "properties": {"STREETNAME": "E", "STREETTYPE": "ST", "FHWAFUNCTIONALCLASS": 4}}, {"type": "Feature", "geometry": {"type": "LineString", "coordinates": [[-77.098444, 38.947078], [-77.099593, 38.947917]]}, "properties": {"STREETNAME": "MASSACHUSETTS", "STREETTYPE": "AVE", "FHWAFUNCTIONALCLASS": 3}}, {"type": "Feature", "geometry": {"type": "LineString", "coordinates": [[-77.028086, 38.903747], [-77.028084, 38.904311]]}, "properties": {"STREETNAME": "12TH", "STREETTYPE": "ST", "FHWAFUNCTIONALCLASS": 4}}, {"type": "Feature", "geometry": {"type": "LineString", "coordinates": [[-77.041679, 38.909038], [-77.042718, 38.909397]]}, "properties": {"STREETNAME": "MASSACHUSETTS", "STREETTYPE": "AVE", "FHWAFUNCTIONALCLASS": 3}}, {"type": "Feature", "geometry": {"type": "LineString", "coordinates": [[-77.033421, 38.965437], [-77.033421, 38.966145]]}, "properties": {"STREETNAME": "14TH", "STREETTYPE": "ST", "FHWAFUNCTIONALCLASS": 4}}, {"type": "Feature", "geometry": {"type": "LineString", "coordinates": [[-77.029696, 38.962183], [-77.029694, 38.962711]]}, "properties": {"STREETNAME": "13TH", "STREETTYPE": "ST", "FHWAFUNCTIONALCLASS": 4}}, {"type": "Feature", "geometry": {"type": "LineString", "coordinates": [[-77.041673, 38.909651], [-77.041671, 38.910395]]}, "properties": {"STREETNAME": "18TH", "STREETTYPE": "ST", "FHWAFUNCTIONALCLASS": 4}}, {"type": "Feature", "geometry": {"type": "LineString", "coordinates": [[-77.085636, 38.938234], [-77.08197, 38.942526]]}, "properties": {"STREETNAME": "NEBRASKA", "STREETTYPE": "AVE", "FHWAFUNCTIONALCLASS": 3}}, {"type": "Feature", "geometry": {"type": "LineString", "coordinates": [[-77.031952, 38.903745], [-77.03308, 38.903746]]}, "properties": {"STREETNAME": "L", "STREETTYPE": "ST", "FHWAFUNCTIONALCLASS": 4}}, {"type": "Feature", "geometry": {"type": "LineString", "coordinates": [[-77.015088, 38.906202], [-77.015177, 38.906466]]}, "properties": {"STREETNAME": "NEW JERSEY", "STREETTYPE": "AVE", "FHWAFUNCTIONALCLASS": 4}}, {"type": "Feature", "geometry": {"type": "LineString", "coordinates": [[-77.079767, 38.93344], [-77.081832, 38.934947]]}, "properties": {"STREETNAME": "MASSACHUSETTS", "STREETTYPE": "AVE", "FHWAFUNCTIONALCLASS": 3}}, {"type": "Feature", "geometry": {"type": "LineString", "coordinates": [[-77.029696, 38.960219], [-77.029696, 38.961514]]}, "properties": {"STREETNAME": "13TH", "STREETTYPE": "ST", "FHWAFUNCTIONALCLASS": 4}}, {"type": "Feature", "geometry": {"type": "LineString", "coordinates": [[-77.017782, 38.913773], [-77.017896, 38.914095]]}, "properties": {"STREETNAME": "NEW JERSEY", "STREETTYPE": "AVE", "FHWAFUNCTIONALCLASS": 4}}, {"type": "Feature", "geometry": {"type": "LineString", "coordinates": [[-77.057014, 38.90524], [-77.058112, 38.905245]]}, "properties": {"STREETNAME": "M", "STREETTYPE": "ST", "FHWAFUNCTIONALCLASS": 4}}, {"type": "Feature", "geometry": {"type": "LineString", "coordinates": [[-77.08197, 38.942526], [-77.081422, 38.943167]]}, "properties": {"STREETNAME": "NEBRASKA", "STREETTYPE": "AVE", "FHWAFUNCTIONALCLASS": 3}}, {"type": "Feature", "geometry": {"type": "LineString", "coordinates": [[-77.077011, 38.93142], [-77.079767, 38.93344]]}, "properties": {"STREETNAME": "MASSACHUSETTS", "STREETTYPE": "AVE", "FHWAFUNCTIONALCLASS": 3}}, {"type": "Feature", "geometry": {"type": "LineString", "coordinates": [[-77.032729, 38.947202], [-77.032726, 38.948272]]}, "properties": {"STREETNAME": "14TH", "STREETTYPE": "ST", "FHWAFUNCTIONALCLASS": 4}}, {"type": "Feature", "geometry": {"type": "LineString", "coordinates": [[-77.043912, 38.909153], [-77.043592, 38.909043]]}, "properties": {"STREETNAME": "DUPONT", "STREETTYPE": "CIR", "FHWAFUNCTIONALCLASS": 3}}, {"type": "Feature", "geometry": {"type": "LineString", "coordinates": [[-77.031957, 38.895506], [-77.031964, 38.896112]]}, "properties": {"STREETNAME": "14TH", "STREETTYPE": "ST", "FHWAFUNCTIONALCLASS": 3}}, {"type": "Feature", "geometry": {"type": "LineString", "coordinates": [[-77.068828, 38.953315], [-77.069241, 38.954024]]}, "properties": {"STREETNAME": "CONNECTICUT", "STREETTYPE": "AVE", "FHWAFUNCTIONALCLASS": 3}}, {"type": "Feature", "geometry": {"type": "LineString", "coordinates": [[-77.046653, 38.9007], [-77.048826, 38.9007]]}, "properties": {"STREETNAME": "I", "STREETTYPE": "ST", "FHWAFUNCTIONALCLASS": 3}}, {"type": "Feature", "geometry": {"type": "LineString", "coordinates": [[-77.034563, 38.90871], [-77.034559, 38.909657]]}, "properties": {"STREETNAME": "15TH", "STREETTYPE": "ST", "FHWAFUNCTIONALCLASS": 4}}, {"type": "Feature", "geometry": {"type": "LineString", "coordinates": [[-77.021921, 38.91558], [-77.021896, 38.916269]]}, "properties": {"STREETNAME": "7TH", "STREETTYPE": "ST", "FHWAFUNCTIONALCLASS": 3}}, {"type": "Feature", "geometry": {"type": "LineString", "coordinates": [[-77.075575, 38.96491], [-77.076089, 38.965793]]}, "properties": {"STREETNAME": "CONNECTICUT", "STREETTYPE": "AVE", "FHWAFUNCTIONALCLASS": 3}}, {"type": "Feature", "geometry": {"type": "LineString", "coordinates": [[-77.071409, 38.957746], [-77.071767, 38.958367]]}, "properties": {"STREETNAME": "CONNECTICUT", "STREETTYPE": "AVE", "FHWAFUNCTIONALCLASS": 3}}, {"type": "Feature", "geometry": {"type": "LineString", "coordinates": [[-77.018151, 38.904197], [-77.018931, 38.903924]]}, "properties": {"STREETNAME": "NEW YORK", "STREETTYPE": "AVE", "FHWAFUNCTIONALCLASS": 3}}, {"type": "Feature", "geometry": {"type": "LineString", "coordinates": [[-77.024966, 38.939751], [-77.025243, 38.940819]]}, "properties": {"STREETNAME": "GEORGIA", "STREETTYPE": "AVE", "FHWAFUNCTIONALCLASS": 3}}, {"type": "Feature", "geometry": {"type": "LineString", "coordinates": [[-77.071561, 38.9547], [-77.070413, 38.956041]]}, "properties": {"STREETNAME": "NEBRASKA", "STREETTYPE": "AVE", "FHWAFUNCTIONALCLASS": 3}}, {"type": "Feature", "geometry": {"type": "LineString", "coordinates": [[-77.019482, 38.901327], [-77.019921, 38.901477]]}, "properties": {"STREETNAME": "MASSACHUSETTS", "STREETTYPE": "AVE", "FHWAFUNCTIONALCLASS": 3}}, {"type": "Feature", "geometry": {"type": "LineString", "coordinates": [[-77.036449, 38.937435], [-77.036446, 38.939113]]}, "properties": {"STREETNAME": "16TH", "STREETTYPE": "ST", "FHWAFUNCTIONALCLASS": 3}}, {"type": "Feature", "geometry": {"type": "LineString", "coordinates": [[-77.026461, 38.979399], [-77.026528, 38.981451]]}, "properties": {"STREETNAME": "GEORGIA", "STREETTYPE": "AVE", "FHWAFUNCTIONALCLASS": 3}}, {"type": "Feature", "geometry": {"type": "LineString", "coordinates": [[-77.043459, 38.903752], [-77.043451, 38.905664]]}, "properties": {"STREETNAME": "19TH", "STREETTYPE": "ST", "FHWAFUNCTIONALCLASS": 4}}, {"type": "Feature", "geometry": {"type": "LineString", "coordinates": [[-77.031966, 38.892101], [-77.031941, 38.89365], [-77.031966, 38.894639]]}, "properties": {"STREETNAME": "14TH", "STREETTYPE": "ST", "FHWAFUNCTIONALCLASS": 3}}, {"type": "Feature", "geometry": {"type": "LineString", "coordinates": [[-77.039475, 38.897364], [-77.039474, 38.898329]]}, "properties": {"STREETNAME": "17TH", "STREETTYPE": "ST", "FHWAFUNCTIONALCLASS": 3}}, {"type": "Feature", "geometry": {"type": "LineString", "coordinates": [[-77.019927, 38.893606], [-77.019903, 38.894419]]}, "properties": {"STREETNAME": "6TH", "STREETTYPE": "ST", "FHWAFUNCTIONALCLASS": 4}}, {"type": "Feature", "geometry": {"type": "LineString", "coordinates": [[-77.050137, 38.898335], [-77.050134, 38.899582]]}, "properties": {"STREETNAME": "23RD", "STREETTYPE": "ST", "FHWAFUNCTIONALCLASS": 3}}, {"type": "Feature", "geometry": {"type": "LineString", "coordinates": [[-77.066391, 38.935147], [-77.066388, 38.936296]]}, "properties": {"STREETNAME": "34TH", "STREETTYPE": "ST", "FHWAFUNCTIONALCLASS": 4}}, {"type": "Feature", "geometry": {"type": "LineString", "coordinates": [[-77.044902, 38.90375], [-77.0449, 38.905664]]}, "properties": {"STREETNAME": "20TH", "STREETTYPE": "ST", "FHWAFUNCTIONALCLASS": 4}}, {"type": "Feature", "geometry": {"type": "LineString", "coordinates": [[-77.026727, 38.940812], [-77.025941, 38.941874]]}, "properties": {"STREETNAME": "KANSAS", "STREETTYPE": "AVE", "FHWAFUNCTIONALCLASS": 4}}, {"type": "Feature", "geometry": {"type": "LineString", "coordinates": [[-77.099593, 38.947917], [-77.100615, 38.948659]]}, "properties": {"STREETNAME": "MASSACHUSETTS", "STREETTYPE": "AVE", "FHWAFUNCTIONALCLASS": 3}}, {"type": "Feature", "geometry": {"type": "LineString", "coordinates": [[-77.035426, 38.925327], [-77.035486, 38.926333]]}, "properties": {"STREETNAME": "15TH", "STREETTYPE": "ST", "FHWAFUNCTIONALCLASS": 4}}, {"type": "Feature", "geometry": {"type": "LineString", "coordinates": [[-77.038503, 38.90566], [-77.040769, 38.905644], [-77.041128, 38.905671]]}, "properties": {"STREETNAME": "M", "STREETTYPE": "ST", "FHWAFUNCTIONALCLASS": 4}}, {"type": "Feature", "geometry": {"type": "LineString", "coordinates": [[-77.067891, 38.958993], [-77.067545, 38.959396]]}, "properties": {"STREETNAME": "NEBRASKA", "STREETTYPE": "AVE", "FHWAFUNCTIONALCLASS": 3}}, {"type": "Feature", "geometry": {"type": "LineString", "coordinates": [[-77.066385, 38.926189], [-77.066386, 38.927535]]}, "properties": {"STREETNAME": "34TH", "STREETTYPE": "ST", "FHWAFUNCTIONALCLASS": 4}}, {"type": "Feature", "geometry": {"type": "LineString", "coordinates": [[-77.029712, 38.936844], [-77.029708, 38.937611]]}, "properties": {"STREETNAME": "13TH", "STREETTYPE": "ST", "FHWAFUNCTIONALCLASS": 4}}, {"type": "Feature", "geometry": {"type": "LineString", "coordinates": [[-77.07393, 38.962084], [-77.074523, 38.9631]]}, "properties": {"STREETNAME": "CONNECTICUT", "STREETTYPE": "AVE", "FHWAFUNCTIONALCLASS": 3}}, {"type": "Feature", "geometry": {"type": "LineString", "coordinates": [[-77.035486, 38.926333], [-77.036491, 38.92628]]}, "properties": {"STREETNAME": "HARVARD", "STREETTYPE": "ST", "FHWAFUNCTIONALCLASS": 4}}, {"type": "Feature", "geometry": {"type": "LineString", "coordinates": [[-77.03945, 38.901348], [-77.041701, 38.901345]]}, "properties": {"STREETNAME": "I", "STREETTYPE": "ST", "FHWAFUNCTIONALCLASS": 3}}, {"type": "Feature", "geometry": {"type": "LineString", "coordinates": [[-77.014849, 38.974889], [-77.016291, 38.975024]]}, "properties": {"STREETNAME": "CARROLL", "STREETTYPE": "ST", "FHWAFUNCTIONALCLASS": 4}}, {"type": "Feature", "geometry": {"type": "LineString", "coordinates": [[-77.083997, 38.930285], [-77.084627, 38.931387]]}, "properties": {"STREETNAME": "NEW MEXICO", "STREETTYPE": "AVE", "FHWAFUNCTIONALCLASS": 4}}, {"type": "Feature", "geometry": {"type": "LineString", "coordinates": [[-77.029703, 38.948728], [-77.029703, 38.948996]]}, "properties": {"STREETNAME": "13TH", "STREETTYPE": "ST", "FHWAFUNCTIONALCLASS": 4}}, {"type": "Feature", "geometry": {"type": "LineString", "coordinates": [[-77.036429, 38.94507], [-77.036431, 38.946137]]}, "properties": {"STREETNAME": "16TH", "STREETTYPE": "ST", "FHWAFUNCTIONALCLASS": 3}}, {"type": "Feature", "geometry": {"type": "LineString", "coordinates": [[-77.036376, 38.968759], [-77.036376, 38.969043]]}, "properties": {"STREETNAME": "16TH", "STREETTYPE": "ST", "FHWAFUNCTIONALCLASS": 3}}, {"type": "Feature", "geometry": {"type": "LineString", "coordinates": [[-77.047555, 38.912616], [-77.048057, 38.912094], [-77.048486, 38.911757]]}, "properties": {"STREETNAME": "FLORIDA", "STREETTYPE": "AVE", "FHWAFUNCTIONALCLASS": 4}}, {"type": "Feature", "geometry": {"type": "LineString", "coordinates": [[-77.038511, 38.90375], [-77.040014, 38.903749]]}, "properties": {"STREETNAME": "L", "STREETTYPE": "ST", "FHWAFUNCTIONALCLASS": 4}}, {"type": "Feature", "geometry": {"type": "LineString", "coordinates": [[-77.017876, 38.957668], [-77.019957, 38.958348]]}, "properties": {"STREETNAME": "MISSOURI", "STREETTYPE": "AVE", "FHWAFUNCTIONALCLASS": 3}}, {"type": "Feature", "geometry": {"type": "LineString", "coordinates": [[-77.019833, 38.975858], [-77.02011, 38.976076]]}, "properties": {"STREETNAME": "BLAIR", "STREETTYPE": "RD", "FHWAFUNCTIONALCLASS": 4}}, {"type": "Feature", "geometry": {"type": "LineString", "coordinates": [[-77.027038, 38.907248], [-77.027038, 38.908584]]}, "properties": {"STREETNAME": "11TH", "STREETTYPE": "ST", "FHWAFUNCTIONALCLASS": 4}}, {"type": "Feature", "geometry": {"type": "LineString", "coordinates": [[-77.066399, 38.929972], [-77.066403, 38.930273]]}, "properties": {"STREETNAME": "34TH", "STREETTYPE": "ST", "FHWAFUNCTIONALCLASS": 4}}, {"type": "Feature", "geometry": {"type": "LineString", "coordinates": [[-77.027027, 38.972362], [-77.02719, 38.972269], [-77.028472, 38.97227]]}, "properties": {"STREETNAME": "ASPEN", "STREETTYPE": "ST", "FHWAFUNCTIONALCLASS": 4}}, {"type": "Feature", "geometry": {"type": "LineString", "coordinates": [[-77.032134, 38.923643], [-77.032146, 38.923771]]}, "properties": {"STREETNAME": "14TH", "STREETTYPE": "ST", "FHWAFUNCTIONALCLASS": 4}}, {"type": "Feature", "geometry": {"type": "LineString", "coordinates": [[-77.02397, 38.911133], [-77.023969, 38.911623]]}, "properties": {"STREETNAME": "9TH", "STREETTYPE": "ST", "FHWAFUNCTIONALCLASS": 4}}, {"type": "Feature", "geometry": {"type": "LineString", "coordinates": [[-77.022701, 38.946241], [-77.022242, 38.946856]]}, "properties": {"STREETNAME": "KANSAS", "STREETTYPE": "AVE", "FHWAFUNCTIONALCLASS": 4}}, {"type": "Feature", "geometry": {"type": "LineString", "coordinates": [[-77.027036, 38.897358], [-77.027037, 38.898324]]}, "properties": {"STREETNAME": "11TH", "STREETTYPE": "ST", "FHWAFUNCTIONALCLASS": 4}}, {"type": "Feature", "geometry": {"type": "LineString", "coordinates": [[-77.027052, 38.903956], [-77.02705, 38.904174]]}, "properties": {"STREETNAME": "11TH", "STREETTYPE": "ST", "FHWAFUNCTIONALCLASS": 4}}, {"type": "Feature", "geometry": {"type": "LineString", "coordinates": [[-77.084295, 38.936746], [-77.085588, 38.93767]]}, "properties": {"STREETNAME": "MASSACHUSETTS", "STREETTYPE": "AVE", "FHWAFUNCTIONALCLASS": 3}}, {"type": "Feature", "geometry": {"type": "LineString", "coordinates": [[-77.031959, 38.900212], [-77.031965, 38.901346]]}, "properties": {"STREETNAME": "14TH", "STREETTYPE": "ST", "FHWAFUNCTIONALCLASS": 3}}, {"type": "Feature", "geometry": {"type": "LineString", "coordinates": [[-77.036493, 38.923258], [-77.036486, 38.924773]]}, "properties": {"STREETNAME": "16TH", "STREETTYPE": "ST", "FHWAFUNCTIONALCLASS": 3}}, {"type": "Feature", "geometry": {"type": "LineString", "coordinates": [[-77.011907, 38.898645], [-77.01243, 38.898864]]}, "properties": {"STREETNAME": "MASSACHUSETTS", "STREETTYPE": "AVE", "FHWAFUNCTIONALCLASS": 3}}, {"type": "Feature", "geometry": {"type": "LineString", "coordinates": [[-77.026544, 38.901279], [-77.027033, 38.90111]]}, "properties": {"STREETNAME": "NEW YORK", "STREETTYPE": "AVE", "FHWAFUNCTIONALCLASS": 4}}, {"type": "Feature", "geometry": {"type": "LineString", "coordinates": [[-77.031954, 38.916297], [-77.031953, 38.917006]]}, "properties": {"STREETNAME": "14TH", "STREETTYPE": "ST", "FHWAFUNCTIONALCLASS": 3}}, {"type": "Feature", "geometry": {"type": "LineString", "coordinates": [[-77.036343, 38.983221], [-77.036342, 38.984163]]}, "properties": {"STREETNAME": "16TH", "STREETTYPE": "ST", "FHWAFUNCTIONALCLASS": 3}}, {"type": "Feature", "geometry": {"type": "LineString", "coordinates": [[-77.086982, 38.909109], [-77.087667, 38.909346], [-77.088079, 38.909545], [-77.088498, 38.909842], [-77.088809, 38.910165]]}, "properties": {"STREETNAME": "MACARTHUR", "STREETTYPE": "BLVD", "FHWAFUNCTIONALCLASS": 4}}, {"type": "Feature", "geometry": {"type": "LineString", "coordinates": [[-77.042066, 38.907254], [-77.045159, 38.912614]]}, "properties": {"STREETNAME": "CONNECTICUT", "STREETTYPE": "AVE", "FHWAFUNCTIONALCLASS": 3}}, {"type": "Feature", "geometry": {"type": "LineString", "coordinates": [[-77.021918, 38.897283], [-77.021917, 38.898454]]}, "properties": {"STREETNAME": "7TH", "STREETTYPE": "ST", "FHWAFUNCTIONALCLASS": 3}}, {"type": "Feature", "geometry": {"type": "LineString", "coordinates": [[-77.07111, 38.957231], [-77.071409, 38.957746]]}, "properties": {"STREETNAME": "CONNECTICUT", "STREETTYPE": "AVE", "FHWAFUNCTIONALCLASS": 3}}, {"type": "Feature", "geometry": {"type": "LineString", "coordinates": [[-77.02107, 38.948432], [-77.020545, 38.949139]]}, "properties": {"STREETNAME": "KANSAS", "STREETTYPE": "AVE", "FHWAFUNCTIONALCLASS": 4}}, {"type": "Feature", "geometry": {"type": "LineString", "coordinates": [[-77.083764, 38.961027], [-77.08507, 38.961023], [-77.0853, 38.961126]]}, "properties": {"STREETNAME": "MILITARY", "STREETTYPE": "RD", "FHWAFUNCTIONALCLASS": 4}}, {"type": "Feature", "geometry": {"type": "LineString", "coordinates": [[-77.02808, 38.898323], [-77.028083, 38.899819]]}, "properties": {"STREETNAME": "12TH", "STREETTYPE": "ST", "FHWAFUNCTIONALCLASS": 4}}, {"type": "Feature", "geometry": {"type": "LineString", "coordinates": [[-77.049343, 38.908573], [-77.049343, 38.909643]]}, "properties": {"STREETNAME": "23RD", "STREETTYPE": "ST", "FHWAFUNCTIONALCLASS": 3}}, {"type": "Feature", "geometry": {"type": "LineString", "coordinates": [[-77.041675, 38.903751], [-77.043459, 38.903752]]}, "properties": {"STREETNAME": "L", "STREETTYPE": "ST", "FHWAFUNCTIONALCLASS": 4}}, {"type": "Feature", "geometry": {"type": "LineString", "coordinates": [[-77.029679, 38.920507], [-77.029704, 38.921091]]}, "properties": {"STREETNAME": "13TH", "STREETTYPE": "ST", "FHWAFUNCTIONALCLASS": 4}}, {"type": "Feature", "geometry": {"type": "LineString", "coordinates": [[-77.033652, 38.89641], [-77.033648, 38.897353]]}, "properties": {"STREETNAME": "15TH", "STREETTYPE": "ST", "FHWAFUNCTIONALCLASS": 3}}, {"type": "Feature", "geometry": {"type": "LineString", "coordinates": [[-77.013182, 38.892098], [-77.013641, 38.892091]]}, "properties": {"STREETNAME": "CONSTITUTION", "STREETTYPE": "AVE", "FHWAFUNCTIONALCLASS": 3}}, {"type": "Feature", "geometry": {"type": "LineString", "coordinates": [[-77.036325, 38.990679], [-77.036318, 38.99228]]}, "properties": {"STREETNAME": "16TH", "STREETTYPE": "ST", "FHWAFUNCTIONALCLASS": 3}}, {"type": "Feature", "geometry": {"type": "LineString", "coordinates": [[-77.039466, 38.895404], [-77.04173, 38.895413]]}, "properties": {"STREETNAME": "E", "STREETTYPE": "ST", "FHWAFUNCTIONALCLASS": 3}}, {"type": "Feature", "geometry": {"type": "LineString", "coordinates": [[-77.023979, 38.900875], [-77.023991, 38.902097]]}, "properties": {"STREETNAME": "9TH", "STREETTYPE": "ST", "FHWAFUNCTIONALCLASS": 4}}, {"type": "Feature", "geometry": {"type": "LineString", "coordinates": [[-77.009562, 38.90718], [-77.012163, 38.906276]]}, "properties": {"STREETNAME": "NEW YORK", "STREETTYPE": "AVE", "FHWAFUNCTIONALCLASS": 3}}, {"type": "Feature", "geometry": {"type": "LineString", "coordinates": [[-77.038525, 38.901353], [-77.03945, 38.901348]]}, "properties": {"STREETNAME": "I", "STREETTYPE": "ST", "FHWAFUNCTIONALCLASS": 3}}, {"type": "Feature", "geometry": {"type": "LineString", "coordinates": [[-77.019583, 38.929373], [-77.021149, 38.929141], [-77.022824, 38.928996], [-77.023231, 38.929049]]}, "properties": {"STREETNAME": "IRVING", "STREETTYPE": "ST", "FHWAFUNCTIONALCLASS": 4}}, {"type": "Feature", "geometry": {"type": "LineString", "coordinates": [[-77.067832, 38.905073], [-77.068629, 38.905083]]}, "properties": {"STREETNAME": "M", "STREETTYPE": "ST", "FHWAFUNCTIONALCLASS": 3}}, {"type": "Feature", "geometry": {"type": "LineString", "coordinates": [[-77.01893, 38.902529], [-77.019909, 38.902528]]}, "properties": {"STREETNAME": "K", "STREETTYPE": "ST", "FHWAFUNCTIONALCLASS": 4}}, {"type": "Feature", "geometry": {"type": "LineString", "coordinates": [[-77.027038, 38.909652], [-77.027042, 38.910556]]}, "properties": {"STREETNAME": "11TH", "STREETTYPE": "ST", "FHWAFUNCTIONALCLASS": 4}}, {"type": "Feature", "geometry": {"type": "LineString", "coordinates": [[-77.029714, 38.924763], [-77.029713, 38.925756]]}, "properties": {"STREETNAME": "13TH", "STREETTYPE": "ST", "FHWAFUNCTIONALCLASS": 4}}, {"type": "Feature", "geometry": {"type": "LineString", "coordinates": [[-77.029624, 38.917007], [-77.029623, 38.918122]]}, "properties": {"STREETNAME": "13TH", "STREETTYPE": "ST", "FHWAFUNCTIONALCLASS": 4}}, {"type": "Feature", "geometry": {"type": "LineString", "coordinates": [[-77.014947, 38.956711], [-77.016161, 38.957107]]}, "properties": {"STREETNAME": "MISSOURI", "STREETTYPE": "AVE", "FHWAFUNCTIONALCLASS": 3}}, {"type": "Feature", "geometry": {"type": "LineString", "coordinates": [[-77.027891, 38.962708], [-77.027807, 38.96378]]}, "properties": {"STREETNAME": "GEORGIA", "STREETTYPE": "AVE", "FHWAFUNCTIONALCLASS": 3}}, {"type": "Feature", "geometry": {"type": "LineString", "coordinates": [[-77.036386, 38.966859], [-77.036382, 38.967798]]}, "properties": {"STREETNAME": "16TH", "STREETTYPE": "ST", "FHWAFUNCTIONALCLASS": 3}}, {"type": "Feature", "geometry": {"type": "LineString", "coordinates": [[-77.033942, 38.941878], [-77.033024, 38.94294]]}, "properties": {"STREETNAME": "ARKANSAS", "STREETTYPE": "AVE", "FHWAFUNCTIONALCLASS": 4}}, {"type": "Feature", "geometry": {"type": "LineString", "coordinates": [[-77.029642, 38.896133], [-77.029621, 38.897347]]}, "properties": {"STREETNAME": "13TH", "STREETTYPE": "ST", "FHWAFUNCTIONALCLASS": 4}}, {"type": "Feature", "geometry": {"type": "LineString", "coordinates": [[-77.031954, 38.909655], [-77.031956, 38.910395]]}, "properties": {"STREETNAME": "14TH", "STREETTYPE": "ST", "FHWAFUNCTIONALCLASS": 3}}, {"type": "Feature", "geometry": {"type": "LineString", "coordinates": [[-77.041356, 38.911878], [-77.040662, 38.912616]]}, "properties": {"STREETNAME": "NEW HAMPSHIRE", "STREETTYPE": "AVE", "FHWAFUNCTIONALCLASS": 4}}, {"type": "Feature", "geometry": {"type": "LineString", "coordinates": [[-77.062814, 38.905184], [-77.065183, 38.905135]]}, "properties": {"STREETNAME": "M", "STREETTYPE": "ST", "FHWAFUNCTIONALCLASS": 3}}, {"type": "Feature", "geometry": {"type": "LineString", "coordinates": [[-77.025996, 38.899827], [-77.027037, 38.899824]]}, "properties": {"STREETNAME": "H", "STREETTYPE": "ST", "FHWAFUNCTIONALCLASS": 4}}, {"type": "Feature", "geometry": {"type": "LineString", "coordinates": [[-77.027747, 38.929683], [-77.029711, 38.929664]]}, "properties": {"STREETNAME": "KENYON", "STREETTYPE": "ST", "FHWAFUNCTIONALCLASS": 4}}, {"type": "Feature", "geometry": {"type": "LineString", "coordinates": [[-77.066387, 38.929017], [-77.066399, 38.929972]]}, "properties": {"STREETNAME": "34TH", "STREETTYPE": "ST", "FHWAFUNCTIONALCLASS": 4}}, {"type": "Feature", "geometry": {"type": "LineString", "coordinates": [[-77.068962, 38.90506], [-77.070231, 38.905031]]}, "properties": {"STREETNAME": "M", "STREETTYPE": "ST", "FHWAFUNCTIONALCLASS": 3}}, {"type": "Feature", "geometry": {"type": "LineString", "coordinates": [[-77.017719, 38.918383], [-77.017874, 38.919378]]}, "properties": {"STREETNAME": "4TH", "STREETTYPE": "ST", "FHWAFUNCTIONALCLASS": 4}}, {"type": "Feature", "geometry": {"type": "LineString", "coordinates": [[-77.082898, 38.961027], [-77.083764, 38.961027]]}, "properties": {"STREETNAME": "MILITARY", "STREETTYPE": "RD", "FHWAFUNCTIONALCLASS": 4}}, {"type": "Feature", "geometry": {"type": "LineString", "coordinates": [[-77.017365, 38.912613], [-77.017782, 38.913773]]}, "properties": {"STREETNAME": "NEW JERSEY", "STREETTYPE": "AVE", "FHWAFUNCTIONALCLASS": 4}}, {"type": "Feature", "geometry": {"type": "LineString", "coordinates": [[-77.03945, 38.900216], [-77.03945, 38.901348]]}, "properties": {"STREETNAME": "17TH", "STREETTYPE": "ST", "FHWAFUNCTIONALCLASS": 3}}, {"type": "Feature", "geometry": {"type": "LineString", "coordinates": [[-77.029697, 38.956224], [-77.029697, 38.957285]]}, "properties": {"STREETNAME": "13TH", "STREETTYPE": "ST", "FHWAFUNCTIONALCLASS": 4}}, {"type": "Feature", "geometry": {"type": "LineString", "coordinates": [[-77.023969, 38.899061], [-77.023968, 38.899817]]}, "properties": {"STREETNAME": "9TH", "STREETTYPE": "ST", "FHWAFUNCTIONALCLASS": 4}}, {"type": "Feature", "geometry": {"type": "LineString", "coordinates": [[-77.032726, 38.948272], [-77.032726, 38.949004]]}, "properties": {"STREETNAME": "14TH", "STREETTYPE": "ST", "FHWAFUNCTIONALCLASS": 4}}, {"type": "Feature", "geometry": {"type": "LineString", "coordinates": [[-77.019099, 38.939919], [-77.019152, 38.940992]]}, "properties": {"STREETNAME": "5TH", "STREETTYPE": "ST", "FHWAFUNCTIONALCLASS": 4}}, {"type": "Feature", "geometry": {"type": "LineString", "coordinates": [[-77.107127, 38.924806], [-77.107629, 38.925122], [-77.108212, 38.925583], [-77.109222, 38.926515], [-77.109889, 38.927241], [-77.110186, 38.927632], [-77.111573, 38.930049], [-77.111743, 38.930243]]}, "properties": {"STREETNAME": "CANAL", "STREETTYPE": "RD", "FHWAFUNCTIONALCLASS": 2}}, {"type": "Feature", "geometry": {"type": "LineString", "coordinates": [[-77.022756, 38.925783], [-77.022809, 38.926152]]}, "properties": {"STREETNAME": "GEORGIA", "STREETTYPE": "AVE", "FHWAFUNCTIONALCLASS": 3}}, {"type": "Feature", "geometry": {"type": "LineString", "coordinates": [[-77.015181, 38.91341], [-77.015859, 38.913701]]}, "properties": {"STREETNAME": "FLORIDA", "STREETTYPE": "AVE", "FHWAFUNCTIONALCLASS": 3}}, {"type": "Feature", "geometry": {"type": "LineString", "coordinates": [[-77.032732, 38.937908], [-77.032732, 38.938685]]}, "properties": {"STREETNAME": "14TH", "STREETTYPE": "ST", "FHWAFUNCTIONALCLASS": 4}}, {"type": "Feature", "geometry": {"type": "LineString", "coordinates": [[-77.03342, 38.96899], [-77.03342, 38.969611], [-77.03338, 38.969929]]}, "properties": {"STREETNAME": "14TH", "STREETTYPE": "ST", "FHWAFUNCTIONALCLASS": 4}}, {"type": "Feature", "geometry": {"type": "LineString", "coordinates": [[-77.027047, 38.903752], [-77.028086, 38.903747]]}, "properties": {"STREETNAME": "L", "STREETTYPE": "ST", "FHWAFUNCTIONALCLASS": 4}}, {"type": "Feature", "geometry": {"type": "LineString", "coordinates": [[-77.032519, 38.927546], [-77.032643, 38.928814]]}, "properties": {"STREETNAME": "14TH", "STREETTYPE": "ST", "FHWAFUNCTIONALCLASS": 4}}, {"type": "Feature", "geometry": {"type": "LineString", "coordinates": [[-77.032004, 38.961846], [-77.033427, 38.96205]]}, "properties": {"STREETNAME": "MILITARY", "STREETTYPE": "RD", "FHWAFUNCTIONALCLASS": 3}}, {"type": "Feature", "geometry": {"type": "LineString", "coordinates": [[-77.020328, 38.926473], [-77.020414, 38.927003]]}, "properties": {"STREETNAME": "5TH", "STREETTYPE": "ST", "FHWAFUNCTIONALCLASS": 4}}, {"type": "Feature", "geometry": {"type": "LineString", "coordinates": [[-77.021917, 38.902109], [-77.02192, 38.902529]]}, "properties": {"STREETNAME": "7TH", "STREETTYPE": "ST", "FHWAFUNCTIONALCLASS": 3}}, {"type": "Feature", "geometry": {"type": "LineString", "coordinates": [[-77.046021, 38.914091], [-77.046168, 38.914387]]}, "properties": {"STREETNAME": "CONNECTICUT", "STREETTYPE": "AVE", "FHWAFUNCTIONALCLASS": 3}}, {"type": "Feature", "geometry": {"type": "LineString", "coordinates": [[-77.027033, 38.900853], [-77.027033, 38.90111]]}, "properties": {"STREETNAME": "11TH", "STREETTYPE": "ST", "FHWAFUNCTIONALCLASS": 4}}, {"type": "Feature", "geometry": {"type": "LineString", "coordinates": [[-77.021921, 38.902947], [-77.024045, 38.902936]]}, "properties": {"STREETNAME": "ALLEN Y LEW", "STREETTYPE": "PL", "FHWAFUNCTIONALCLASS": 3}}, {"type": "Feature", "geometry": {"type": "LineString", "coordinates": [[-77.090117, 38.926558], [-77.090256, 38.927536]]}, "properties": {"STREETNAME": "FOXHALL", "STREETTYPE": "RD", "FHWAFUNCTIONALCLASS": 4}}, {"type": "Feature", "geometry": {"type": "LineString", "coordinates": [[-77.029704, 38.921091], [-77.029707, 38.922434]]}, "properties": {"STREETNAME": "13TH", "STREETTYPE": "ST", "FHWAFUNCTIONALCLASS": 4}}, {"type": "Feature", "geometry": {"type": "LineString", "coordinates": [[-77.082405, 38.908639], [-77.083129, 38.909625]]}, "properties": {"STREETNAME": "FOXHALL", "STREETTYPE": "RD", "FHWAFUNCTIONALCLASS": 4}}, {"type": "Feature", "geometry": {"type": "LineString", "coordinates": [[-77.04344, 38.910268], [-77.043658, 38.910244], [-77.043898, 38.910157], [-77.044064, 38.91004], [-77.044171, 38.909903]]}, "properties": {"STREETNAME": "DUPONT", "STREETTYPE": "CIR", "FHWAFUNCTIONALCLASS": 3}}, {"type": "Feature", "geometry": {"type": "LineString", "coordinates": [[-77.067883, 38.92476], [-77.068697, 38.925349]]}, "properties": {"STREETNAME": "MASSACHUSETTS", "STREETTYPE": "AVE", "FHWAFUNCTIONALCLASS": 3}}, {"type": "Feature", "geometry": {"type": "LineString", "coordinates": [[-77.015218, 38.948566], [-77.014073, 38.950107]]}, "properties": {"STREETNAME": "NEW HAMPSHIRE", "STREETTYPE": "AVE", "FHWAFUNCTIONALCLASS": 4}}, {"type": "Feature", "geometry": {"type": "LineString", "coordinates": [[-77.031965, 38.901346], [-77.033641, 38.90134]]}, "properties": {"STREETNAME": "I", "STREETTYPE": "ST", "FHWAFUNCTIONALCLASS": 3}}, {"type": "Feature", "geometry": {"type": "LineString", "coordinates": [[-77.027432, 38.951876], [-77.027575, 38.952914]]}, "properties": {"STREETNAME": "GEORGIA", "STREETTYPE": "AVE", "FHWAFUNCTIONALCLASS": 3}}, {"type": "Feature", "geometry": {"type": "LineString", "coordinates": [[-77.028837, 38.920669], [-77.029679, 38.920507]]}, "properties": {"STREETNAME": "FLORIDA", "STREETTYPE": "AVE", "FHWAFUNCTIONALCLASS": 4}}, {"type": "Feature", "geometry": {"type": "LineString", "coordinates": [[-77.066388, 38.936296], [-77.066387, 38.937114]]}, "properties": {"STREETNAME": "34TH", "STREETTYPE": "ST", "FHWAFUNCTIONALCLASS": 4}}, {"type": "Feature", "geometry": {"type": "LineString", "coordinates": [[-77.046645, 38.90624], [-77.045686, 38.90725]]}, "properties": {"STREETNAME": "NEW HAMPSHIRE", "STREETTYPE": "AVE", "FHWAFUNCTIONALCLASS": 4}}, {"type": "Feature", "geometry": {"type": "LineString", "coordinates": [[-77.052601, 38.92348], [-77.056081, 38.923292]]}, "properties": {"STREETNAME": "CALVERT", "STREETTYPE": "ST", "FHWAFUNCTIONALCLASS": 4}}, {"type": "Feature", "geometry": {"type": "LineString", "coordinates": [[-77.063136, 38.921414], [-77.063259, 38.921667], [-77.063434, 38.922289], [-77.063625, 38.922677], [-77.063937, 38.923101], [-77.064235, 38.923396], [-77.064611, 38.92368], [-77.065126, 38.923967], [-77.065774, 38.924206], [-77.066355, 38.92433]]}, "properties": {"STREETNAME": "MASSACHUSETTS", "STREETTYPE": "AVE", "FHWAFUNCTIONALCLASS": 3}}, {"type": "Feature", "geometry": {"type": "LineString", "coordinates": [[-77.033428, 38.960226], [-77.033428, 38.961025]]}, "properties": {"STREETNAME": "14TH", "STREETTYPE": "ST", "FHWAFUNCTIONALCLASS": 4}}, {"type": "Feature", "geometry": {"type": "LineString", "coordinates": [[-77.028064, 38.889484], [-77.028056, 38.891913], [-77.02814, 38.892093]]}, "properties": {"STREETNAME": "12TH", "STREETTYPE": "EXPY", "FHWAFUNCTIONALCLASS": 2}}, {"type": "Feature", "geometry": {"type": "LineString", "coordinates": [[-77.056108, 38.902539], [-77.058048, 38.902557]]}, "properties": {"STREETNAME": "K", "STREETTYPE": "ST", "FHWAFUNCTIONALCLASS": 4}}, {"type": "Feature", "geometry": {"type": "LineString", "coordinates": [[-77.029712, 38.936844], [-77.029477, 38.937106], [-77.029099, 38.937614]]}, "properties": {"STREETNAME": "KANSAS", "STREETTYPE": "AVE", "FHWAFUNCTIONALCLASS": 4}}, {"type": "Feature", "geometry": {"type": "LineString", "coordinates": [[-77.023972, 38.897296], [-77.023967, 38.898454]]}, "properties": {"STREETNAME": "9TH", "STREETTYPE": "ST", "FHWAFUNCTIONALCLASS": 4}}, {"type": "Feature", "geometry": {"type": "LineString", "coordinates": [[-77.07852, 38.946586], [-77.078397, 38.946716]]}, "properties": {"STREETNAME": "NEBRASKA", "STREETTYPE": "AVE", "FHWAFUNCTIONALCLASS": 3}}, {"type": "Feature", "geometry": {"type": "LineString", "coordinates": [[-77.043238, 38.923241], [-77.043695, 38.923245]]}, "properties": {"STREETNAME": "CALVERT", "STREETTYPE": "ST", "FHWAFUNCTIONALCLASS": 4}}, {"type": "Feature", "geometry": {"type": "LineString", "coordinates": [[-77.018111, 38.914653], [-77.018416, 38.914792]]}, "properties": {"STREETNAME": "FLORIDA", "STREETTYPE": "AVE", "FHWAFUNCTIONALCLASS": 3}}, {"type": "Feature", "geometry": {"type": "LineString", "coordinates": [[-77.016178, 38.902527], [-77.01766, 38.902529]]}, "properties": {"STREETNAME": "K", "STREETTYPE": "ST", "FHWAFUNCTIONALCLASS": 4}}, {"type": "Feature", "geometry": {"type": "LineString", "coordinates": [[-77.03687, 38.907361], [-77.037658, 38.90764]]}, "properties": {"STREETNAME": "MASSACHUSETTS", "STREETTYPE": "AVE", "FHWAFUNCTIONALCLASS": 3}}, {"type": "Feature", "geometry": {"type": "LineString", "coordinates": [[-77.022958, 38.896142], [-77.023968, 38.896141]]}, "properties": {"STREETNAME": "E", "STREETTYPE": "ST", "FHWAFUNCTIONALCLASS": 4}}, {"type": "Feature", "geometry": {"type": "LineString", "coordinates": [[-77.024501, 38.937618], [-77.024693, 38.938692]]}, "properties": {"STREETNAME": "GEORGIA", "STREETTYPE": "AVE", "FHWAFUNCTIONALCLASS": 3}}, {"type": "Feature", "geometry": {"type": "LineString", "coordinates": [[-77.08031, 38.961028], [-77.08029, 38.961846]]}, "properties": {"STREETNAME": "41ST", "STREETTYPE": "ST", "FHWAFUNCTIONALCLASS": 4}}, {"type": "Feature", "geometry": {"type": "LineString", "coordinates": [[-77.027267, 38.969932], [-77.02712, 38.971481]]}, "properties": {"STREETNAME": "GEORGIA", "STREETTYPE": "AVE", "FHWAFUNCTIONALCLASS": 3}}, {"type": "Feature", "geometry": {"type": "LineString", "coordinates": [[-77.034534, 38.91701], [-77.034533, 38.918121]]}, "properties": {"STREETNAME": "15TH", "STREETTYPE": "ST", "FHWAFUNCTIONALCLASS": 4}}, {"type": "Feature", "geometry": {"type": "LineString", "coordinates": [[-77.032728, 38.942936], [-77.032728, 38.943283]]}, "properties": {"STREETNAME": "14TH", "STREETTYPE": "ST", "FHWAFUNCTIONALCLASS": 4}}, {"type": "Feature", "geometry": {"type": "LineString", "coordinates": [[-77.015157, 38.899819], [-77.0162, 38.900184]]}, "properties": {"STREETNAME": "MASSACHUSETTS", "STREETTYPE": "AVE", "FHWAFUNCTIONALCLASS": 3}}, {"type": "Feature", "geometry": {"type": "LineString", "coordinates": [[-77.025787, 38.942932], [-77.026065, 38.944003]]}, "properties": {"STREETNAME": "GEORGIA", "STREETTYPE": "AVE", "FHWAFUNCTIONALCLASS": 3}}, {"type": "Feature", "geometry": {"type": "LineString", "coordinates": [[-77.07664, 38.967619], [-77.076668, 38.967746], [-77.076727, 38.967837]]}, "properties": {"STREETNAME": "CHEVY CHASE", "STREETTYPE": "CIR", "FHWAFUNCTIONALCLASS": 3}}, {"type": "Feature", "geometry": {"type": "LineString", "coordinates": [[-77.044171, 38.909903], [-77.044229, 38.909769], [-77.044238, 38.909652]]}, "properties": {"STREETNAME": "DUPONT", "STREETTYPE": "CIR", "FHWAFUNCTIONALCLASS": 3}}, {"type": "Feature", "geometry": {"type": "LineString", "coordinates": [[-77.023968, 38.899817], [-77.025996, 38.899827]]}, "properties": {"STREETNAME": "H", "STREETTYPE": "ST", "FHWAFUNCTIONALCLASS": 4}}, {"type": "Feature", "geometry": {"type": "LineString", "coordinates": [[-77.072146, 38.954017], [-77.071561, 38.9547]]}, "properties": {"STREETNAME": "NEBRASKA", "STREETTYPE": "AVE", "FHWAFUNCTIONALCLASS": 3}}, {"type": "Feature", "geometry": {"type": "LineString", "coordinates": [[-77.018186, 38.900875], [-77.018929, 38.901132]]}, "properties": {"STREETNAME": "MASSACHUSETTS", "STREETTYPE": "AVE", "FHWAFUNCTIONALCLASS": 3}}, {"type": "Feature", "geometry": {"type": "LineString", "coordinates": [[-77.046648, 38.905633], [-77.047481, 38.905317]]}, "properties": {"STREETNAME": "M", "STREETTYPE": "ST", "FHWAFUNCTIONALCLASS": 4}}, {"type": "Feature", "geometry": {"type": "LineString", "coordinates": [[-77.03652, 38.911131], [-77.036517, 38.911877]]}, "properties": {"STREETNAME": "16TH", "STREETTYPE": "ST", "FHWAFUNCTIONALCLASS": 3}}, {"type": "Feature", "geometry": {"type": "LineString", "coordinates": [[-77.029706, 38.93975], [-77.029707, 38.940813]]}, "properties": {"STREETNAME": "13TH", "STREETTYPE": "ST", "FHWAFUNCTIONALCLASS": 4}}, {"type": "Feature", "geometry": {"type": "LineString", "coordinates": [[-77.105719, 38.928882], [-77.10666, 38.929724], [-77.106822, 38.929926], [-77.106875, 38.930047]]}, "properties": {"STREETNAME": "MACARTHUR", "STREETTYPE": "BLVD", "FHWAFUNCTIONALCLASS": 4}}, {"type": "Feature", "geometry": {"type": "LineString", "coordinates": [[-77.012159, 38.912124], [-77.01331, 38.912613]]}, "properties": {"STREETNAME": "FLORIDA", "STREETTYPE": "AVE", "FHWAFUNCTIONALCLASS": 3}}, {"type": "Feature", "geometry": {"type": "LineString", "coordinates": [[-77.072906, 38.960324], [-77.073312, 38.961025]]}, "properties": {"STREETNAME": "CONNECTICUT", "STREETTYPE": "AVE", "FHWAFUNCTIONALCLASS": 3}}, {"type": "Feature", "geometry": {"type": "LineString", "coordinates": [[-77.110734, 38.934527], [-77.111591, 38.935698]]}, "properties": {"STREETNAME": "MACARTHUR", "STREETTYPE": "BLVD", "FHWAFUNCTIONALCLASS": 4}}, {"type": "Feature", "geometry": {"type": "LineString", "coordinates": [[-77.027605, 38.96614], [-77.027503, 38.967296]]}, "properties": {"STREETNAME": "GEORGIA", "STREETTYPE": "AVE", "FHWAFUNCTIONALCLASS": 3}}, {"type": "Feature", "geometry": {"type": "LineString", "coordinates": [[-77.041658, 38.916788], [-77.043438, 38.915896]]}, "properties": {"STREETNAME": "FLORIDA", "STREETTYPE": "AVE", "FHWAFUNCTIONALCLASS": 4}}, {"type": "Feature", "geometry": {"type": "LineString", "coordinates": [[-77.01746, 38.916759], [-77.01756, 38.917361]]}, "properties": {"STREETNAME": "4TH", "STREETTYPE": "ST", "FHWAFUNCTIONALCLASS": 4}}, {"type": "Feature", "geometry": {"type": "LineString", "coordinates": [[-77.036396, 38.961522], [-77.036391, 38.962417]]}, "properties": {"STREETNAME": "16TH", "STREETTYPE": "ST", "FHWAFUNCTIONALCLASS": 3}}, {"type": "Feature", "geometry": {"type": "LineString", "coordinates": [[-77.029623, 38.911134], [-77.029625, 38.911873]]}, "properties": {"STREETNAME": "13TH", "STREETTYPE": "ST", "FHWAFUNCTIONALCLASS": 4}}, {"type": "Feature", "geometry": {"type": "LineString", "coordinates": [[-77.013647, 38.956284], [-77.014384, 38.956525]]}, "properties": {"STREETNAME": "MISSOURI", "STREETTYPE": "AVE", "FHWAFUNCTIONALCLASS": 3}}, {"type": "Feature", "geometry": {"type": "LineString", "coordinates": [[-77.052296, 38.924878], [-77.052682, 38.925544]]}, "properties": {"STREETNAME": "CONNECTICUT", "STREETTYPE": "AVE", "FHWAFUNCTIONALCLASS": 3}}, {"type": "Feature", "geometry": {"type": "LineString", "coordinates": [[-77.066716, 38.949691], [-77.067327, 38.950734]]}, "properties": {"STREETNAME": "CONNECTICUT", "STREETTYPE": "AVE", "FHWAFUNCTIONALCLASS": 3}}, {"type": "Feature", "geometry": {"type": "LineString", "coordinates": [[-77.038489, 38.911133], [-77.038486, 38.911877]]}, "properties": {"STREETNAME": "17TH", "STREETTYPE": "ST", "FHWAFUNCTIONALCLASS": 4}}, {"type": "Feature", "geometry": {"type": "LineString", "coordinates": [[-77.017637, 38.917863], [-77.017719, 38.918383]]}, "properties": {"STREETNAME": "4TH", "STREETTYPE": "ST", "FHWAFUNCTIONALCLASS": 4}}, {"type": "Feature", "geometry": {"type": "LineString", "coordinates": [[-77.076089, 38.965793], [-77.076285, 38.966131]]}, "properties": {"STREETNAME": "CONNECTICUT", "STREETTYPE": "AVE", "FHWAFUNCTIONALCLASS": 3}}, {"type": "Feature", "geometry": {"type": "LineString", "coordinates": [[-77.021155, 38.95874], [-77.022444, 38.959161]]}, "properties": {"STREETNAME": "MISSOURI", "STREETTYPE": "AVE", "FHWAFUNCTIONALCLASS": 3}}, {"type": "Feature", "geometry": {"type": "LineString", "coordinates": [[-77.033655, 38.892097], [-77.036544, 38.892104]]}, "properties": {"STREETNAME": "CONSTITUTION", "STREETTYPE": "AVE", "FHWAFUNCTIONALCLASS": 3}}, {"type": "Feature", "geometry": {"type": "LineString", "coordinates": [[-77.013651, 38.90576], [-77.013968, 38.90565]]}, "properties": {"STREETNAME": "NEW YORK", "STREETTYPE": "AVE", "FHWAFUNCTIONALCLASS": 3}}, {"type": "Feature", "geometry": {"type": "LineString", "coordinates": [[-77.043463, 38.901344], [-77.044904, 38.901345]]}, "properties": {"STREETNAME": "I", "STREETTYPE": "ST", "FHWAFUNCTIONALCLASS": 3}}, {"type": "Feature", "geometry": {"type": "LineString", "coordinates": [[-77.043468, 38.895987], [-77.04347, 38.897363]]}, "properties": {"STREETNAME": "19TH", "STREETTYPE": "ST", "FHWAFUNCTIONALCLASS": 4}}, {"type": "Feature", "geometry": {"type": "LineString", "coordinates": [[-77.031047, 38.97227], [-77.032309, 38.972271]]}, "properties": {"STREETNAME": "ASPEN", "STREETTYPE": "ST", "FHWAFUNCTIONALCLASS": 4}}, {"type": "Feature", "geometry": {"type": "LineString", "coordinates": [[-77.036397, 38.958363], [-77.036397, 38.95852]]}, "properties": {"STREETNAME": "16TH", "STREETTYPE": "ST", "FHWAFUNCTIONALCLASS": 3}}, {"type": "Feature", "geometry": {"type": "LineString", "coordinates": [[-77.03204, 38.922694], [-77.032134, 38.923643]]}, "properties": {"STREETNAME": "14TH", "STREETTYPE": "ST", "FHWAFUNCTIONALCLASS": 4}}, {"type": "Feature", "geometry": {"type": "LineString", "coordinates": [[-77.018054, 38.929618], [-77.019583, 38.929373]]}, "properties": {"STREETNAME": "IRVING", "STREETTYPE": "ST", "FHWAFUNCTIONALCLASS": 4}}, {"type": "Feature", "geometry": {"type": "LineString", "coordinates": [[-77.020881, 38.940938], [-77.02007, 38.942035]]}, "properties": {"STREETNAME": "NEW HAMPSHIRE", "STREETTYPE": "AVE", "FHWAFUNCTIONALCLASS": 4}}, {"type": "Feature", "geometry": {"type": "LineString", "coordinates": [[-77.106925, 38.930268], [-77.107036, 38.930676], [-77.107194, 38.930945], [-77.107341, 38.931106], [-77.107921, 38.931592]]}, "properties": {"STREETNAME": "MACARTHUR", "STREETTYPE": "BLVD", "FHWAFUNCTIONALCLASS": 4}}, {"type": "Feature", "geometry": {"type": "LineString", "coordinates": [[-77.075804, 38.949743], [-77.074947, 38.950739]]}, "properties": {"STREETNAME": "NEBRASKA", "STREETTYPE": "AVE", "FHWAFUNCTIONALCLASS": 3}}, {"type": "Feature", "geometry": {"type": "LineString", "coordinates": [[-77.043466, 38.899583], [-77.043465, 38.90021]]}, "properties": {"STREETNAME": "19TH", "STREETTYPE": "ST", "FHWAFUNCTIONALCLASS": 4}}, {"type": "Feature", "geometry": {"type": "LineString", "coordinates": [[-77.080837, 38.906541], [-77.082005, 38.907076]]}, "properties": {"STREETNAME": "MACARTHUR", "STREETTYPE": "BLVD", "FHWAFUNCTIONALCLASS": 4}}, {"type": "Feature", "geometry": {"type": "LineString", "coordinates": [[-77.036418, 38.950531], [-77.036418, 38.950811]]}, "properties": {"STREETNAME": "16TH", "STREETTYPE": "ST", "FHWAFUNCTIONALCLASS": 3}}, {"type": "Feature", "geometry": {"type": "LineString", "coordinates": [[-77.041746, 38.893537], [-77.041732, 38.894341]]}, "properties": {"STREETNAME": "18TH", "STREETTYPE": "ST", "FHWAFUNCTIONALCLASS": 4}}, {"type": "Feature", "geometry": {"type": "LineString", "coordinates": [[-77.036382, 38.967798], [-77.036376, 38.968759]]}, "properties": {"STREETNAME": "16TH", "STREETTYPE": "ST", "FHWAFUNCTIONALCLASS": 3}}, {"type": "Feature", "geometry": {"type": "LineString", "coordinates": [[-77.038507, 38.904764], [-77.038503, 38.90566]]}, "properties": {"STREETNAME": "17TH", "STREETTYPE": "ST", "FHWAFUNCTIONALCLASS": 4}}, {"type": "Feature", "geometry": {"type": "LineString", "coordinates": [[-77.07417, 38.905488], [-77.07573, 38.905491], [-77.076422, 38.905593], [-77.078068, 38.905985], [-77.079173, 38.905962]]}, "properties": {"STREETNAME": "CANAL", "STREETTYPE": "RD", "FHWAFUNCTIONALCLASS": 3}}, {"type": "Feature", "geometry": {"type": "LineString", "coordinates": [[-77.0095, 38.894796], [-77.010663, 38.893956]]}, "properties": {"STREETNAME": "LOUISIANA", "STREETTYPE": "AVE", "FHWAFUNCTIONALCLASS": 3}}, {"type": "Feature", "geometry": {"type": "LineString", "coordinates": [[-77.028887, 38.949742], [-77.028036, 38.950811]]}, "properties": {"STREETNAME": "ARKANSAS", "STREETTYPE": "AVE", "FHWAFUNCTIONALCLASS": 4}}, {"type": "Feature", "geometry": {"type": "LineString", "coordinates": [[-77.035312, 38.923303], [-77.035311, 38.923441]]}, "properties": {"STREETNAME": "15TH", "STREETTYPE": "ST", "FHWAFUNCTIONALCLASS": 4}}, {"type": "Feature", "geometry": {"type": "LineString", "coordinates": [[-77.041672, 38.911542], [-77.04167, 38.911875]]}, "properties": {"STREETNAME": "18TH", "STREETTYPE": "ST", "FHWAFUNCTIONALCLASS": 4}}, {"type": "Feature", "geometry": {"type": "LineString", "coordinates": [[-77.019278, 38.943683], [-77.019564, 38.943626]]}, "properties": {"STREETNAME": "GRANT", "STREETTYPE": "CIR", "FHWAFUNCTIONALCLASS": 4}}, {"type": "Feature", "geometry": {"type": "LineString", "coordinates": [[-77.068629, 38.905083], [-77.068962, 38.90506]]}, "properties": {"STREETNAME": "M", "STREETTYPE": "ST", "FHWAFUNCTIONALCLASS": 3}}, {"type": "Feature", "geometry": {"type": "LineString", "coordinates": [[-77.032728, 38.943283], [-77.032728, 38.944003]]}, "properties": {"STREETNAME": "14TH", "STREETTYPE": "ST", "FHWAFUNCTIONALCLASS": 4}}, {"type": "Feature", "geometry": {"type": "LineString", "coordinates": [[-77.036452, 38.936809], [-77.036449, 38.937435]]}, "properties": {"STREETNAME": "16TH", "STREETTYPE": "ST", "FHWAFUNCTIONALCLASS": 3}}, {"type": "Feature", "geometry": {"type": "LineString", "coordinates": [[-77.017068, 38.914215], [-77.017334, 38.915917]]}, "properties": {"STREETNAME": "4TH", "STREETTYPE": "ST", "FHWAFUNCTIONALCLASS": 4}}, {"type": "Feature", "geometry": {"type": "LineString", "coordinates": [[-77.019908, 38.896138], [-77.019903, 38.897347]]}, "properties": {"STREETNAME": "6TH", "STREETTYPE": "ST", "FHWAFUNCTIONALCLASS": 4}}, {"type": "Feature", "geometry": {"type": "LineString", "coordinates": [[-77.02974, 38.963781], [-77.029986, 38.964178], [-77.030048, 38.96439]]}, "properties": {"STREETNAME": "13TH", "STREETTYPE": "ST", "FHWAFUNCTIONALCLASS": 4}}, {"type": "Feature", "geometry": {"type": "LineString", "coordinates": [[-77.013968, 38.90565], [-77.014778, 38.905369]]}, "properties": {"STREETNAME": "NEW YORK", "STREETTYPE": "AVE", "FHWAFUNCTIONALCLASS": 3}}, {"type": "Feature", "geometry": {"type": "LineString", "coordinates": [[-77.014502, 38.904683], [-77.014778, 38.905369]]}, "properties": {"STREETNAME": "NEW JERSEY", "STREETTYPE": "AVE", "FHWAFUNCTIONALCLASS": 4}}, {"type": "Feature", "geometry": {"type": "LineString", "coordinates": [[-77.051416, 38.903748], [-77.052952, 38.903746], [-77.05311, 38.903733], [-77.053305, 38.903644]]}, "properties": {"STREETNAME": "L", "STREETTYPE": "ST", "FHWAFUNCTIONALCLASS": 4}}, {"type": "Feature", "geometry": {"type": "LineString", "coordinates": [[-77.017056, 38.973614], [-77.018024, 38.974493]]}, "properties": {"STREETNAME": "BLAIR", "STREETTYPE": "RD", "FHWAFUNCTIONALCLASS": 4}}, {"type": "Feature", "geometry": {"type": "LineString", "coordinates": [[-77.039482, 38.889887], [-77.039483, 38.892108]]}, "properties": {"STREETNAME": "17TH", "STREETTYPE": "ST", "FHWAFUNCTIONALCLASS": 3}}, {"type": "Feature", "geometry": {"type": "LineString", "coordinates": [[-77.019913, 38.892084], [-77.021902, 38.892086]]}, "properties": {"STREETNAME": "CONSTITUTION", "STREETTYPE": "AVE", "FHWAFUNCTIONALCLASS": 3}}, {"type": "Feature", "geometry": {"type": "LineString", "coordinates": [[-77.062923, 38.943162], [-77.063561, 38.944259]]}, "properties": {"STREETNAME": "CONNECTICUT", "STREETTYPE": "AVE", "FHWAFUNCTIONALCLASS": 3}}, {"type": "Feature", "geometry": {"type": "LineString", "coordinates": [[-77.016614, 38.910529], [-77.016829, 38.911127]]}, "properties": {"STREETNAME": "NEW JERSEY", "STREETTYPE": "AVE", "FHWAFUNCTIONALCLASS": 4}}, {"type": "Feature", "geometry": {"type": "LineString", "coordinates": [[-77.023523, 38.931066], [-77.023542, 38.931201]]}, "properties": {"STREETNAME": "GEORGIA", "STREETTYPE": "AVE", "FHWAFUNCTIONALCLASS": 3}}, {"type": "Feature", "geometry": {"type": "LineString", "coordinates": [[-77.033428, 38.955732], [-77.033429, 38.956221]]}, "properties": {"STREETNAME": "14TH", "STREETTYPE": "ST", "FHWAFUNCTIONALCLASS": 4}}, {"type": "Feature", "geometry": {"type": "LineString", "coordinates": [[-77.021916, 38.904176], [-77.024022, 38.90418]]}, "properties": {"STREETNAME": "L", "STREETTYPE": "ST", "FHWAFUNCTIONALCLASS": 4}}, {"type": "Feature", "geometry": {"type": "LineString", "coordinates": [[-77.082619, 38.927872], [-77.083208, 38.928903]]}, "properties": {"STREETNAME": "NEW MEXICO", "STREETTYPE": "AVE", "FHWAFUNCTIONALCLASS": 4}}, {"type": "Feature", "geometry": {"type": "LineString", "coordinates": [[-77.066403, 38.930273], [-77.066393, 38.931475]]}, "properties": {"STREETNAME": "34TH", "STREETTYPE": "ST", "FHWAFUNCTIONALCLASS": 4}}, {"type": "Feature", "geometry": {"type": "LineString", "coordinates": [[-77.016099, 38.913803], [-77.016821, 38.914109]]}, "properties": {"STREETNAME": "FLORIDA", "STREETTYPE": "AVE", "FHWAFUNCTIONALCLASS": 3}}, {"type": "Feature", "geometry": {"type": "LineString", "coordinates": [[-77.071767, 38.958367], [-77.072156, 38.959034]]}, "properties": {"STREETNAME": "CONNECTICUT", "STREETTYPE": "AVE", "FHWAFUNCTIONALCLASS": 3}}, {"type": "Feature", "geometry": {"type": "LineString", "coordinates": [[-77.013243, 38.951216], [-77.012431, 38.952316]]}, "properties": {"STREETNAME": "NEW HAMPSHIRE", "STREETTYPE": "AVE", "FHWAFUNCTIONALCLASS": 4}}, {"type": "Feature", "geometry": {"type": "LineString", "coordinates": [[-77.028522, 38.961346], [-77.029696, 38.961514]]}, "properties": {"STREETNAME": "MISSOURI", "STREETTYPE": "AVE", "FHWAFUNCTIONALCLASS": 3}}, {"type": "Feature", "geometry": {"type": "LineString", "coordinates": [[-77.037658, 38.90764], [-77.038498, 38.907933]]}, "properties": {"STREETNAME": "MASSACHUSETTS", "STREETTYPE": "AVE", "FHWAFUNCTIONALCLASS": 3}}, {"type": "Feature", "geometry": {"type": "LineString", "coordinates": [[-77.019957, 38.958348], [-77.020733, 38.958602]]}, "properties": {"STREETNAME": "MISSOURI", "STREETTYPE": "AVE", "FHWAFUNCTIONALCLASS": 3}}, {"type": "Feature", "geometry": {"type": "LineString", "coordinates": [[-77.02662, 38.984682], [-77.026624, 38.984807]]}, "properties": {"STREETNAME": "GEORGIA", "STREETTYPE": "AVE", "FHWAFUNCTIONALCLASS": 3}}, {"type": "Feature", "geometry": {"type": "LineString", "coordinates": [[-77.026528, 38.981451], [-77.026546, 38.982058]]}, "properties": {"STREETNAME": "GEORGIA", "STREETTYPE": "AVE", "FHWAFUNCTIONALCLASS": 3}}, {"type": "Feature", "geometry": {"type": "LineString", "coordinates": [[-77.032733, 38.937086], [-77.032732, 38.937617]]}, "properties": {"STREETNAME": "14TH", "STREETTYPE": "ST", "FHWAFUNCTIONALCLASS": 4}}, {"type": "Feature", "geometry": {"type": "LineString", "coordinates": [[-77.0364, 38.956475], [-77.036399, 38.957361]]}, "properties": {"STREETNAME": "16TH", "STREETTYPE": "ST", "FHWAFUNCTIONALCLASS": 3}}, {"type": "Feature", "geometry": {"type": "LineString", "coordinates": [[-77.029624, 38.915581], [-77.029626, 38.916293]]}, "properties": {"STREETNAME": "13TH", "STREETTYPE": "ST", "FHWAFUNCTIONALCLASS": 4}}, {"type": "Feature", "geometry": {"type": "LineString", "coordinates": [[-77.07291, 38.922551], [-77.073197, 38.922552]]}, "properties": {"STREETNAME": "CALVERT", "STREETTYPE": "ST", "FHWAFUNCTIONALCLASS": 4}}, {"type": "Feature", "geometry": {"type": "LineString", "coordinates": [[-77.03635, 38.981356], [-77.036343, 38.982291]]}, "properties": {"STREETNAME": "16TH", "STREETTYPE": "ST", "FHWAFUNCTIONALCLASS": 3}}, {"type": "Feature", "geometry": {"type": "LineString", "coordinates": [[-77.019047, 38.938849], [-77.019099, 38.939919]]}, "properties": {"STREETNAME": "5TH", "STREETTYPE": "ST", "FHWAFUNCTIONALCLASS": 4}}, {"type": "Feature", "geometry": {"type": "LineString", "coordinates": [[-77.06568, 38.947903], [-77.066218, 38.948833]]}, "properties": {"STREETNAME": "CONNECTICUT", "STREETTYPE": "AVE", "FHWAFUNCTIONALCLASS": 3}}, {"type": "Feature", "geometry": {"type": "LineString", "coordinates": [[-77.035131, 38.90021], [-77.036556, 38.900209]]}, "properties": {"STREETNAME": "H", "STREETTYPE": "ST", "FHWAFUNCTIONALCLASS": 3}}, {"type": "Feature", "geometry": {"type": "LineString", "coordinates": [[-77.043451, 38.905664], [-77.043451, 38.906465]]}, "properties": {"STREETNAME": "19TH", "STREETTYPE": "ST", "FHWAFUNCTIONALCLASS": 4}}, {"type": "Feature", "geometry": {"type": "LineString", "coordinates": [[-77.039151, 38.924953], [-77.040145, 38.92436]]}, "properties": {"STREETNAME": "COLUMBIA", "STREETTYPE": "RD", "FHWAFUNCTIONALCLASS": 4}}, {"type": "Feature", "geometry": {"type": "LineString", "coordinates": [[-77.02397, 38.912614], [-77.02397, 38.913345]]}, "properties": {"STREETNAME": "9TH", "STREETTYPE": "ST", "FHWAFUNCTIONALCLASS": 4}}, {"type": "Feature", "geometry": {"type": "LineString", "coordinates": [[-77.025994, 38.920541], [-77.026711, 38.920771], [-77.027038, 38.920771]]}, "properties": {"STREETNAME": "FLORIDA", "STREETTYPE": "AVE", "FHWAFUNCTIONALCLASS": 4}}, {"type": "Feature", "geometry": {"type": "LineString", "coordinates": [[-77.021916, 38.905651], [-77.021921, 38.907248]]}, "properties": {"STREETNAME": "7TH", "STREETTYPE": "ST", "FHWAFUNCTIONALCLASS": 3}}, {"type": "Feature", "geometry": {"type": "LineString", "coordinates": [[-77.039448, 38.902531], [-77.041691, 38.902533]]}, "properties": {"STREETNAME": "K", "STREETTYPE": "ST", "FHWAFUNCTIONALCLASS": 3}}, {"type": "Feature", "geometry": {"type": "LineString", "coordinates": [[-77.036504, 38.916297], [-77.036495, 38.91701]]}, "properties": {"STREETNAME": "16TH", "STREETTYPE": "ST", "FHWAFUNCTIONALCLASS": 3}}, {"type": "Feature", "geometry": {"type": "LineString", "coordinates": [[-77.047716, 38.935061], [-77.047604, 38.935567], [-77.047589, 38.935808], [-77.047647, 38.936337], [-77.047628, 38.936894], [-77.047729, 38.937143], [-77.047894, 38.937308], [-77.048105, 38.937458], [-77.048568, 38.937646], [-77.048937, 38.937678], [-77.049706, 38.937624], [-77.050247, 38.937637], [-77.051072, 38.937814], [-77.05149, 38.937977], [-77.051681, 38.9382], [-77.051716, 38.93845], [-77.051612, 38.938788], [-77.051234, 38.939499]]}, "properties": {"STREETNAME": "BEACH", "STREETTYPE": "DR", "FHWAFUNCTIONALCLASS": 4}}, {"type": "Feature", "geometry": {"type": "LineString", "coordinates": [[-77.085838, 38.933508], [-77.086135, 38.934029]]}, "properties": {"STREETNAME": "NEW MEXICO", "STREETTYPE": "AVE", "FHWAFUNCTIONALCLASS": 4}}, {"type": "Feature", "geometry": {"type": "LineString", "coordinates": [[-77.054752, 38.905259], [-77.057014, 38.90524]]}, "properties": {"STREETNAME": "M", "STREETTYPE": "ST", "FHWAFUNCTIONALCLASS": 4}}, {"type": "Feature", "geometry": {"type": "LineString", "coordinates": [[-77.02704, 38.905655], [-77.027038, 38.907248]]}, "properties": {"STREETNAME": "11TH", "STREETTYPE": "ST", "FHWAFUNCTIONALCLASS": 4}}, {"type": "Feature", "geometry": {"type": "LineString", "coordinates": [[-77.04337, 38.927977], [-77.043551, 38.928252], [-77.04368, 38.928729], [-77.043805, 38.929013], [-77.044005, 38.929323], [-77.044212, 38.929571], [-77.044228, 38.929636], [-77.044171, 38.929752]]}, "properties": {"STREETNAME": "ADAMS MILL", "STREETTYPE": "RD", "FHWAFUNCTIONALCLASS": 4}}, {"type": "Feature", "geometry": {"type": "LineString", "coordinates": [[-77.029439, 38.949054], [-77.028887, 38.949742]]}, "properties": {"STREETNAME": "ARKANSAS", "STREETTYPE": "AVE", "FHWAFUNCTIONALCLASS": 4}}, {"type": "Feature", "geometry": {"type": "LineString", "coordinates": [[-77.036541, 38.903747], [-77.038511, 38.90375]]}, "properties": {"STREETNAME": "L", "STREETTYPE": "ST", "FHWAFUNCTIONALCLASS": 4}}, {"type": "Feature", "geometry": {"type": "LineString", "coordinates": [[-77.025989, 38.90253], [-77.027041, 38.90253]]}, "properties": {"STREETNAME": "K", "STREETTYPE": "ST", "FHWAFUNCTIONALCLASS": 3}}, {"type": "Feature", "geometry": {"type": "LineString", "coordinates": [[-77.043462, 38.902532], [-77.0449, 38.902533]]}, "properties": {"STREETNAME": "K", "STREETTYPE": "ST", "FHWAFUNCTIONALCLASS": 3}}, {"type": "Feature", "geometry": {"type": "LineString", "coordinates": [[-77.036495, 38.91701], [-77.035751, 38.917855], [-77.03555, 38.918017], [-77.035496, 38.918122]]}, "properties": {"STREETNAME": "NEW HAMPSHIRE", "STREETTYPE": "AVE", "FHWAFUNCTIONALCLASS": 4}}, {"type": "Feature", "geometry": {"type": "LineString", "coordinates": [[-77.036397, 38.95852], [-77.036398, 38.959291]]}, "properties": {"STREETNAME": "16TH", "STREETTYPE": "ST", "FHWAFUNCTIONALCLASS": 3}}, {"type": "Feature", "geometry": {"type": "LineString", "coordinates": [[-77.02191, 38.890546], [-77.021902, 38.892086]]}, "properties": {"STREETNAME": "7TH", "STREETTYPE": "ST", "FHWAFUNCTIONALCLASS": 3}}, {"type": "Feature", "geometry": {"type": "LineString", "coordinates": [[-77.023995, 38.905653], [-77.023965, 38.907252]]}, "properties": {"STREETNAME": "9TH", "STREETTYPE": "ST", "FHWAFUNCTIONALCLASS": 4}}, {"type": "Feature", "geometry": {"type": "LineString", "coordinates": [[-77.016088, 38.97194], [-77.016304, 38.972353]]}, "properties": {"STREETNAME": "BLAIR", "STREETTYPE": "RD", "FHWAFUNCTIONALCLASS": 4}}, {"type": "Feature", "geometry": {"type": "LineString", "coordinates": [[-77.026065, 38.944003], [-77.026339, 38.945068]]}, "properties": {"STREETNAME": "GEORGIA", "STREETTYPE": "AVE", "FHWAFUNCTIONALCLASS": 3}}, {"type": "Feature", "geometry": {"type": "LineString", "coordinates": [[-77.034559, 38.910394], [-77.034558, 38.911134]]}, "properties": {"STREETNAME": "15TH", "STREETTYPE": "ST", "FHWAFUNCTIONALCLASS": 4}}, {"type": "Feature", "geometry": {"type": "LineString", "coordinates": [[-77.03297, 38.978032], [-77.032272, 38.978697]]}, "properties": {"STREETNAME": "ALASKA", "STREETTYPE": "AVE", "FHWAFUNCTIONALCLASS": 4}}, {"type": "Feature", "geometry": {"type": "LineString", "coordinates": [[-77.032735, 38.934575], [-77.032735, 38.934945]]}, "properties": {"STREETNAME": "14TH", "STREETTYPE": "ST", "FHWAFUNCTIONALCLASS": 4}}, {"type": "Feature", "geometry": {"type": "LineString", "coordinates": [[-77.014088, 38.912943], [-77.015181, 38.91341]]}, "properties": {"STREETNAME": "FLORIDA", "STREETTYPE": "AVE", "FHWAFUNCTIONALCLASS": 3}}, {"type": "Feature", "geometry": {"type": "LineString", "coordinates": [[-77.018995, 38.93778], [-77.019047, 38.938849]]}, "properties": {"STREETNAME": "5TH", "STREETTYPE": "ST", "FHWAFUNCTIONALCLASS": 4}}, {"type": "Feature", "geometry": {"type": "LineString", "coordinates": [[-77.047481, 38.905317], [-77.047705, 38.905272], [-77.048815, 38.905276]]}, "properties": {"STREETNAME": "M", "STREETTYPE": "ST", "FHWAFUNCTIONALCLASS": 4}}, {"type": "Feature", "geometry": {"type": "LineString", "coordinates": [[-77.033648, 38.897353], [-77.033646, 38.898322]]}, "properties": {"STREETNAME": "15TH", "STREETTYPE": "ST", "FHWAFUNCTIONALCLASS": 3}}, {"type": "Feature", "geometry": {"type": "LineString", "coordinates": [[-77.027037, 38.899824], [-77.027033, 38.900853]]}, "properties": {"STREETNAME": "11TH", "STREETTYPE": "ST", "FHWAFUNCTIONALCLASS": 4}}, {"type": "Feature", "geometry": {"type": "LineString", "coordinates": [[-77.025987, 38.896141], [-77.027043, 38.896137]]}, "properties": {"STREETNAME": "E", "STREETTYPE": "ST", "FHWAFUNCTIONALCLASS": 4}}, {"type": "Feature", "geometry": {"type": "LineString", "coordinates": [[-77.041226, 38.917016], [-77.041658, 38.916788]]}, "properties": {"STREETNAME": "FLORIDA", "STREETTYPE": "AVE", "FHWAFUNCTIONALCLASS": 4}}, {"type": "Feature", "geometry": {"type": "LineString", "coordinates": [[-77.036387, 38.964834], [-77.036387, 38.965431]]}, "properties": {"STREETNAME": "16TH", "STREETTYPE": "ST", "FHWAFUNCTIONALCLASS": 3}}, {"type": "Feature", "geometry": {"type": "LineString", "coordinates": [[-77.083208, 38.928903], [-77.083757, 38.929868]]}, "properties": {"STREETNAME": "NEW MEXICO", "STREETTYPE": "AVE", "FHWAFUNCTIONALCLASS": 4}}, {"type": "Feature", "geometry": {"type": "LineString", "coordinates": [[-77.029701, 38.95081], [-77.029701, 38.951879]]}, "properties": {"STREETNAME": "13TH", "STREETTYPE": "ST", "FHWAFUNCTIONALCLASS": 4}}, {"type": "Feature", "geometry": {"type": "LineString", "coordinates": [[-77.078021, 38.947147], [-77.077693, 38.94753]]}, "properties": {"STREETNAME": "NEBRASKA", "STREETTYPE": "AVE", "FHWAFUNCTIONALCLASS": 3}}, {"type": "Feature", "geometry": {"type": "LineString", "coordinates": [[-77.029622, 38.91919], [-77.029622, 38.920002], [-77.029679, 38.920507]]}, "properties": {"STREETNAME": "13TH", "STREETTYPE": "ST", "FHWAFUNCTIONALCLASS": 4}}, {"type": "Feature", "geometry": {"type": "LineString", "coordinates": [[-77.023505, 38.945158], [-77.022701, 38.946241]]}, "properties": {"STREETNAME": "KANSAS", "STREETTYPE": "AVE", "FHWAFUNCTIONALCLASS": 4}}, {"type": "Feature", "geometry": {"type": "LineString", "coordinates": [[-77.035216, 38.921463], [-77.035312, 38.923303]]}, "properties": {"STREETNAME": "15TH", "STREETTYPE": "ST", "FHWAFUNCTIONALCLASS": 4}}, {"type": "Feature", "geometry": {"type": "LineString", "coordinates": [[-77.069241, 38.954024], [-77.069427, 38.954344]]}, "properties": {"STREETNAME": "CONNECTICUT", "STREETTYPE": "AVE", "FHWAFUNCTIONALCLASS": 3}}, {"type": "Feature", "geometry": {"type": "LineString", "coordinates": [[-77.042979, 38.91015], [-77.042053, 38.911135]]}, "properties": {"STREETNAME": "NEW HAMPSHIRE", "STREETTYPE": "AVE", "FHWAFUNCTIONALCLASS": 4}}, {"type": "Feature", "geometry": {"type": "LineString", "coordinates": [[-77.032415, 38.905653], [-77.034572, 38.905654]]}, "properties": {"STREETNAME": "M", "STREETTYPE": "ST", "FHWAFUNCTIONALCLASS": 4}}, {"type": "Feature", "geometry": {"type": "LineString", "coordinates": [[-77.080288, 38.96401], [-77.080289, 38.964821], [-77.080374, 38.964982]]}, "properties": {"STREETNAME": "41ST", "STREETTYPE": "ST", "FHWAFUNCTIONALCLASS": 4}}, {"type": "Feature", "geometry": {"type": "LineString", "coordinates": [[-77.027047, 38.903752], [-77.027052, 38.903956]]}, "properties": {"STREETNAME": "11TH", "STREETTYPE": "ST", "FHWAFUNCTIONALCLASS": 4}}, {"type": "Feature", "geometry": {"type": "LineString", "coordinates": [[-77.016821, 38.914109], [-77.017068, 38.914215]]}, "properties": {"STREETNAME": "FLORIDA", "STREETTYPE": "AVE", "FHWAFUNCTIONALCLASS": 3}}, {"type": "Feature", "geometry": {"type": "LineString", "coordinates": [[-77.025292, 38.960092], [-77.025952, 38.960308]]}, "properties": {"STREETNAME": "MISSOURI", "STREETTYPE": "AVE", "FHWAFUNCTIONALCLASS": 3}}, {"type": "Feature", "geometry": {"type": "LineString", "coordinates": [[-77.106483, 38.935748], [-77.11133, 38.935745], [-77.111591, 38.935698]]}, "properties": {"STREETNAME": "LOUGHBORO", "STREETTYPE": "RD", "FHWAFUNCTIONALCLASS": 4}}, {"type": "Feature", "geometry": {"type": "LineString", "coordinates": [[-77.018931, 38.903924], [-77.019908, 38.903585]]}, "properties": {"STREETNAME": "NEW YORK", "STREETTYPE": "AVE", "FHWAFUNCTIONALCLASS": 3}}, {"type": "Feature", "geometry": {"type": "LineString", "coordinates": [[-77.01243, 38.898864], [-77.013662, 38.899296]]}, "properties": {"STREETNAME": "MASSACHUSETTS", "STREETTYPE": "AVE", "FHWAFUNCTIONALCLASS": 3}}, {"type": "Feature", "geometry": {"type": "LineString", "coordinates": [[-77.041414, 38.923521], [-77.042096, 38.923063]]}, "properties": {"STREETNAME": "COLUMBIA", "STREETTYPE": "RD", "FHWAFUNCTIONALCLASS": 4}}, {"type": "Feature", "geometry": {"type": "LineString", "coordinates": [[-77.045492, 38.917941], [-77.046069, 38.917028]]}, "properties": {"STREETNAME": "COLUMBIA", "STREETTYPE": "RD", "FHWAFUNCTIONALCLASS": 4}}, {"type": "Feature", "geometry": {"type": "LineString", "coordinates": [[-77.055254, 38.915519], [-77.05677, 38.91663]]}, "properties": {"STREETNAME": "MASSACHUSETTS", "STREETTYPE": "AVE", "FHWAFUNCTIONALCLASS": 3}}, {"type": "Feature", "geometry": {"type": "LineString", "coordinates": [[-77.022809, 38.926152], [-77.02288, 38.926647]]}, "properties": {"STREETNAME": "GEORGIA", "STREETTYPE": "AVE", "FHWAFUNCTIONALCLASS": 3}}, {"type": "Feature", "geometry": {"type": "LineString", "coordinates": [[-77.021913, 38.900878], [-77.021917, 38.902109]]}, "properties": {"STREETNAME": "7TH", "STREETTYPE": "ST", "FHWAFUNCTIONALCLASS": 3}}, {"type": "Feature", "geometry": {"type": "LineString", "coordinates": [[-77.044072, 38.915562], [-77.044916, 38.915116]]}, "properties": {"STREETNAME": "FLORIDA", "STREETTYPE": "AVE", "FHWAFUNCTIONALCLASS": 4}}, {"type": "Feature", "geometry": {"type": "LineString", "coordinates": [[-77.023078, 38.937978], [-77.022505, 38.938748]]}, "properties": {"STREETNAME": "NEW HAMPSHIRE", "STREETTYPE": "AVE", "FHWAFUNCTIONALCLASS": 4}}, {"type": "Feature", "geometry": {"type": "LineString", "coordinates": [[-77.033644, 38.89879], [-77.033644, 38.900214]]}, "properties": {"STREETNAME": "15TH", "STREETTYPE": "ST", "FHWAFUNCTIONALCLASS": 3}}, {"type": "Feature", "geometry": {"type": "LineString", "coordinates": [[-77.027033, 38.90111], [-77.027039, 38.901342]]}, "properties": {"STREETNAME": "11TH", "STREETTYPE": "ST", "FHWAFUNCTIONALCLASS": 4}}, {"type": "Feature", "geometry": {"type": "LineString", "coordinates": [[-77.091135, 38.912719], [-77.09145, 38.913023], [-77.092894, 38.914624], [-77.093069, 38.914832], [-77.093246, 38.915133]]}, "properties": {"STREETNAME": "MACARTHUR", "STREETTYPE": "BLVD", "FHWAFUNCTIONALCLASS": 4}}, {"type": "Feature", "geometry": {"type": "LineString", "coordinates": [[-77.048834, 38.902096], [-77.048819, 38.903655], [-77.048886, 38.903764]]}, "properties": {"STREETNAME": "22ND", "STREETTYPE": "ST", "FHWAFUNCTIONALCLASS": 4}}, {"type": "Feature", "geometry": {"type": "LineString", "coordinates": [[-77.016161, 38.957107], [-77.017123, 38.957421]]}, "properties": {"STREETNAME": "MISSOURI", "STREETTYPE": "AVE", "FHWAFUNCTIONALCLASS": 3}}, {"type": "Feature", "geometry": {"type": "LineString", "coordinates": [[-77.06624, 38.961021], [-77.069178, 38.961025]]}, "properties": {"STREETNAME": "MILITARY", "STREETTYPE": "RD", "FHWAFUNCTIONALCLASS": 4}}, {"type": "Feature", "geometry": {"type": "LineString", "coordinates": [[-77.015757, 38.971307], [-77.016088, 38.97194]]}, "properties": {"STREETNAME": "BLAIR", "STREETTYPE": "RD", "FHWAFUNCTIONALCLASS": 4}}, {"type": "Feature", "geometry": {"type": "LineString", "coordinates": [[-77.023372, 38.930026], [-77.023649, 38.930055], [-77.026383, 38.92981]]}, "properties": {"STREETNAME": "KENYON", "STREETTYPE": "ST", "FHWAFUNCTIONALCLASS": 4}}, {"type": "Feature", "geometry": {"type": "LineString", "coordinates": [[-77.031964, 38.896112], [-77.031966, 38.897357]]}, "properties": {"STREETNAME": "14TH", "STREETTYPE": "ST", "FHWAFUNCTIONALCLASS": 3}}, {"type": "Feature", "geometry": {"type": "LineString", "coordinates": [[-77.084652, 38.911695], [-77.084965, 38.912121], [-77.08505, 38.912434]]}, "properties": {"STREETNAME": "FOXHALL", "STREETTYPE": "RD", "FHWAFUNCTIONALCLASS": 4}}, {"type": "Feature", "geometry": {"type": "LineString", "coordinates": [[-77.077693, 38.94753], [-77.077368, 38.947911]]}, "properties": {"STREETNAME": "NEBRASKA", "STREETTYPE": "AVE", "FHWAFUNCTIONALCLASS": 3}}, {"type": "Feature", "geometry": {"type": "LineString", "coordinates": [[-77.063242, 38.927528], [-77.065156, 38.929019]]}, "properties": {"STREETNAME": "CLEVELAND", "STREETTYPE": "AVE", "FHWAFUNCTIONALCLASS": 4}}, {"type": "Feature", "geometry": {"type": "LineString", "coordinates": [[-77.094675, 38.915637], [-77.096126, 38.91695]]}, "properties": {"STREETNAME": "MACARTHUR", "STREETTYPE": "BLVD", "FHWAFUNCTIONALCLASS": 4}}, {"type": "Feature", "geometry": {"type": "LineString", "coordinates": [[-77.011454, 38.911823], [-77.012159, 38.912124]]}, "properties": {"STREETNAME": "FLORIDA", "STREETTYPE": "AVE", "FHWAFUNCTIONALCLASS": 3}}, {"type": "Feature", "geometry": {"type": "LineString", "coordinates": [[-77.066043, 38.905118], [-77.067832, 38.905073]]}, "properties": {"STREETNAME": "M", "STREETTYPE": "ST", "FHWAFUNCTIONALCLASS": 3}}, {"type": "Feature", "geometry": {"type": "LineString", "coordinates": [[-77.036548, 38.901352], [-77.038525, 38.901353]]}, "properties": {"STREETNAME": "I", "STREETTYPE": "ST", "FHWAFUNCTIONALCLASS": 3}}, {"type": "Feature", "geometry": {"type": "LineString", "coordinates": [[-77.097657, 38.917999], [-77.098072, 38.918195], [-77.098338, 38.91842], [-77.098468, 38.91867], [-77.098498, 38.919018]]}, "properties": {"STREETNAME": "MACARTHUR", "STREETTYPE": "BLVD", "FHWAFUNCTIONALCLASS": 4}}, {"type": "Feature", "geometry": {"type": "LineString", "coordinates": [[-77.028031, 38.956224], [-77.028143, 38.957036]]}, "properties": {"STREETNAME": "GEORGIA", "STREETTYPE": "AVE", "FHWAFUNCTIONALCLASS": 3}}, {"type": "Feature", "geometry": {"type": "LineString", "coordinates": [[-77.106296, 38.926615], [-77.105706, 38.926981], [-77.105295, 38.927125]]}, "properties": {"STREETNAME": "ARIZONA", "STREETTYPE": "AVE", "FHWAFUNCTIONALCLASS": 3}}, {"type": "Feature", "geometry": {"type": "LineString", "coordinates": [[-77.01756, 38.917361], [-77.017637, 38.917863]]}, "properties": {"STREETNAME": "4TH", "STREETTYPE": "ST", "FHWAFUNCTIONALCLASS": 4}}, {"type": "Feature", "geometry": {"type": "LineString", "coordinates": [[-77.033421, 38.966145], [-77.03342, 38.966858]]}, "properties": {"STREETNAME": "14TH", "STREETTYPE": "ST", "FHWAFUNCTIONALCLASS": 4}}, {"type": "Feature", "geometry": {"type": "LineString", "coordinates": [[-77.027575, 38.952914], [-77.027736, 38.95409]]}, "properties": {"STREETNAME": "GEORGIA", "STREETTYPE": "AVE", "FHWAFUNCTIONALCLASS": 3}}, {"type": "Feature", "geometry": {"type": "LineString", "coordinates": [[-77.014073, 38.950107], [-77.013243, 38.951216]]}, "properties": {"STREETNAME": "NEW HAMPSHIRE", "STREETTYPE": "AVE", "FHWAFUNCTIONALCLASS": 4}}, {"type": "Feature", "geometry": {"type": "LineString", "coordinates": [[-77.010663, 38.893956], [-77.011165, 38.893585]]}, "properties": {"STREETNAME": "LOUISIANA", "STREETTYPE": "AVE", "FHWAFUNCTIONALCLASS": 3}}, {"type": "Feature", "geometry": {"type": "LineString", "coordinates": [[-77.047974, 38.892109], [-77.048851, 38.89211]]}, "properties": {"STREETNAME": "CONSTITUTION", "STREETTYPE": "AVE", "FHWAFUNCTIONALCLASS": 3}}, {"type": "Feature", "geometry": {"type": "LineString", "coordinates": [[-77.060737, 38.939397], [-77.061656, 38.940979]]}, "properties": {"STREETNAME": "CONNECTICUT", "STREETTYPE": "AVE", "FHWAFUNCTIONALCLASS": 3}}, {"type": "Feature", "geometry": {"type": "LineString", "coordinates": [[-77.051725, 38.920439], [-77.051529, 38.92061], [-77.051184, 38.921023], [-77.050901, 38.921302], [-77.049972, 38.921947], [-77.049611, 38.922289], [-77.049383, 38.922617], [-77.048762, 38.923837], [-77.048546, 38.924116], [-77.048145, 38.924509], [-77.047557, 38.925024], [-77.047225, 38.925261], [-77.045463, 38.926068], [-77.044793, 38.926479], [-77.04444, 38.926752], [-77.044212, 38.926983], [-77.044054, 38.927218], [-77.04391, 38.927589], [-77.043858, 38.927896], [-77.043862, 38.928215], [-77.043917, 38.928482], [-77.04403, 38.928776], [-77.044197, 38.929087], [-77.044477, 38.929483], [-77.044764, 38.929812], [-77.045072, 38.930096], [-77.046299, 38.931029], [-77.046896, 38.931576], [-77.047165, 38.931747], [-77.047564, 38.931908], [-77.048142, 38.932071], [-77.049842, 38.93245], [-77.050046, 38.932565], [-77.050184, 38.932737], [-77.050231, 38.9329], [-77.050228, 38.933011], [-77.050075, 38.933275], [-77.049511, 38.933626], [-77.048706, 38.933863], [-77.048531, 38.93393], [-77.048344, 38.934049], [-77.048184, 38.934254], [-77.047716, 38.935061]]}, "properties": {"STREETNAME": "BEACH", "STREETTYPE": "DR", "FHWAFUNCTIONALCLASS": 4}}, {"type": "Feature", "geometry": {"type": "LineString", "coordinates": [[-77.081303, 38.926051], [-77.08156, 38.926191], [-77.081781, 38.926411], [-77.082619, 38.927872]]}, "properties": {"STREETNAME": "NEW MEXICO", "STREETTYPE": "AVE", "FHWAFUNCTIONALCLASS": 4}}, {"type": "Feature", "geometry": {"type": "LineString", "coordinates": [[-77.019613, 38.942648], [-77.019408, 38.942588], [-77.019226, 38.942579]]}, "properties": {"STREETNAME": "GRANT", "STREETTYPE": "CIR", "FHWAFUNCTIONALCLASS": 4}}, {"type": "Feature", "geometry": {"type": "LineString", "coordinates": [[-77.102856, 38.926299], [-77.104037, 38.927366]]}, "properties": {"STREETNAME": "MACARTHUR", "STREETTYPE": "BLVD", "FHWAFUNCTIONALCLASS": 4}}, {"type": "Feature", "geometry": {"type": "LineString", "coordinates": [[-77.046168, 38.914387], [-77.046255, 38.914839]]}, "properties": {"STREETNAME": "CONNECTICUT", "STREETTYPE": "AVE", "FHWAFUNCTIONALCLASS": 3}}, {"type": "Feature", "geometry": {"type": "LineString", "coordinates": [[-77.062129, 38.961024], [-77.063891, 38.961024]]}, "properties": {"STREETNAME": "MILITARY", "STREETTYPE": "RD", "FHWAFUNCTIONALCLASS": 3}}, {"type": "Feature", "geometry": {"type": "LineString", "coordinates": [[-77.022615, 38.924814], [-77.022667, 38.925169]]}, "properties": {"STREETNAME": "GEORGIA", "STREETTYPE": "AVE", "FHWAFUNCTIONALCLASS": 3}}, {"type": "Feature", "geometry": {"type": "LineString", "coordinates": [[-77.02192, 38.902529], [-77.021921, 38.902947]]}, "properties": {"STREETNAME": "7TH", "STREETTYPE": "ST", "FHWAFUNCTIONALCLASS": 3}}, {"type": "Feature", "geometry": {"type": "LineString", "coordinates": [[-77.073312, 38.961025], [-77.07393, 38.962084]]}, "properties": {"STREETNAME": "CONNECTICUT", "STREETTYPE": "AVE", "FHWAFUNCTIONALCLASS": 3}}, {"type": "Feature", "geometry": {"type": "LineString", "coordinates": [[-77.039463, 38.896617], [-77.039475, 38.897364]]}, "properties": {"STREETNAME": "17TH", "STREETTYPE": "ST", "FHWAFUNCTIONALCLASS": 3}}, {"type": "Feature", "geometry": {"type": "LineString", "coordinates": [[-77.033427, 38.96205], [-77.033419, 38.963246]]}, "properties": {"STREETNAME": "14TH", "STREETTYPE": "ST", "FHWAFUNCTIONALCLASS": 4}}, {"type": "Feature", "geometry": {"type": "LineString", "coordinates": [[-77.043933, 38.920596], [-77.0444, 38.919671]]}, "properties": {"STREETNAME": "COLUMBIA", "STREETTYPE": "RD", "FHWAFUNCTIONALCLASS": 4}}, {"type": "Feature", "geometry": {"type": "LineString", "coordinates": [[-77.02434, 38.918282], [-77.024862, 38.91919]]}, "properties": {"STREETNAME": "FLORIDA", "STREETTYPE": "AVE", "FHWAFUNCTIONALCLASS": 4}}, {"type": "Feature", "geometry": {"type": "LineString", "coordinates": [[-77.034555, 38.911878], [-77.034552, 38.912616]]}, "properties": {"STREETNAME": "15TH", "STREETTYPE": "ST", "FHWAFUNCTIONALCLASS": 4}}, {"type": "Feature", "geometry": {"type": "LineString", "coordinates": [[-77.029713, 38.925756], [-77.02971, 38.92675]]}, "properties": {"STREETNAME": "13TH", "STREETTYPE": "ST", "FHWAFUNCTIONALCLASS": 4}}, {"type": "Feature", "geometry": {"type": "LineString", "coordinates": [[-77.041733, 38.892108], [-77.04348, 38.892109]]}, "properties": {"STREETNAME": "CONSTITUTION", "STREETTYPE": "AVE", "FHWAFUNCTIONALCLASS": 3}}, {"type": "Feature", "geometry": {"type": "LineString", "coordinates": [[-77.036342, 38.984163], [-77.036345, 38.985667]]}, "properties": {"STREETNAME": "16TH", "STREETTYPE": "ST", "FHWAFUNCTIONALCLASS": 3}}, {"type": "Feature", "geometry": {"type": "LineString", "coordinates": [[-77.04348, 38.892109], [-77.04494, 38.892109]]}, "properties": {"STREETNAME": "CONSTITUTION", "STREETTYPE": "AVE", "FHWAFUNCTIONALCLASS": 3}}, {"type": "Feature", "geometry": {"type": "LineString", "coordinates": [[-77.046678, 38.892109], [-77.047974, 38.892109]]}, "properties": {"STREETNAME": "CONSTITUTION", "STREETTYPE": "AVE", "FHWAFUNCTIONALCLASS": 3}}, {"type": "Feature", "geometry": {"type": "LineString", "coordinates": [[-77.038501, 38.906561], [-77.038498, 38.90725]]}, "properties": {"STREETNAME": "17TH", "STREETTYPE": "ST", "FHWAFUNCTIONALCLASS": 4}}, {"type": "Feature", "geometry": {"type": "LineString", "coordinates": [[-77.041128, 38.905671], [-77.041593, 38.906467]]}, "properties": {"STREETNAME": "CONNECTICUT", "STREETTYPE": "AVE", "FHWAFUNCTIONALCLASS": 3}}, {"type": "Feature", "geometry": {"type": "LineString", "coordinates": [[-77.033641, 38.90134], [-77.034595, 38.901343]]}, "properties": {"STREETNAME": "I", "STREETTYPE": "ST", "FHWAFUNCTIONALCLASS": 3}}, {"type": "Feature", "geometry": {"type": "LineString", "coordinates": [[-77.017557, 38.889712], [-77.01757, 38.890604]]}, "properties": {"STREETNAME": "4TH", "STREETTYPE": "ST", "FHWAFUNCTIONALCLASS": 4}}, {"type": "Feature", "geometry": {"type": "LineString", "coordinates": [[-77.104037, 38.927366], [-77.104964, 38.928203]]}, "properties": {"STREETNAME": "MACARTHUR", "STREETTYPE": "BLVD", "FHWAFUNCTIONALCLASS": 4}}, {"type": "Feature", "geometry": {"type": "LineString", "coordinates": [[-77.106875, 38.930047], [-77.106925, 38.930268]]}, "properties": {"STREETNAME": "MACARTHUR", "STREETTYPE": "BLVD", "FHWAFUNCTIONALCLASS": 4}}, {"type": "Feature", "geometry": {"type": "LineString", "coordinates": [[-77.029625, 38.904842], [-77.03457, 38.906566]]}, "properties": {"STREETNAME": "MASSACHUSETTS", "STREETTYPE": "AVE", "FHWAFUNCTIONALCLASS": 3}}, {"type": "Feature", "geometry": {"type": "LineString", "coordinates": [[-77.032874, 38.889496], [-77.032923, 38.889857], [-77.033033, 38.890137]]}, "properties": {"STREETNAME": "15TH", "STREETTYPE": "ST", "FHWAFUNCTIONALCLASS": 3}}, {"type": "Feature", "geometry": {"type": "LineString", "coordinates": [[-77.05911, 38.90262], [-77.059334, 38.902594], [-77.060116, 38.902602]]}, "properties": {"STREETNAME": "K", "STREETTYPE": "ST", "FHWAFUNCTIONALCLASS": 4}}, {"type": "Feature", "geometry": {"type": "LineString", "coordinates": [[-77.086314, 38.908884], [-77.086982, 38.909109]]}, "properties": {"STREETNAME": "MACARTHUR", "STREETTYPE": "BLVD", "FHWAFUNCTIONALCLASS": 4}}, {"type": "Feature", "geometry": {"type": "LineString", "coordinates": [[-77.036459, 38.9306], [-77.036463, 38.931661]]}, "properties": {"STREETNAME": "16TH", "STREETTYPE": "ST", "FHWAFUNCTIONALCLASS": 3}}, {"type": "Feature", "geometry": {"type": "LineString", "coordinates": [[-77.019386, 38.928583], [-77.020873, 38.928346], [-77.023097, 38.928131]]}, "properties": {"STREETNAME": "COLUMBIA", "STREETTYPE": "RD", "FHWAFUNCTIONALCLASS": 4}}, {"type": "Feature", "geometry": {"type": "LineString", "coordinates": [[-77.035392, 38.924807], [-77.035426, 38.925327]]}, "properties": {"STREETNAME": "15TH", "STREETTYPE": "ST", "FHWAFUNCTIONALCLASS": 4}}, {"type": "Feature", "geometry": {"type": "LineString", "coordinates": [[-77.029099, 38.937614], [-77.028303, 38.938685]]}, "properties": {"STREETNAME": "KANSAS", "STREETTYPE": "AVE", "FHWAFUNCTIONALCLASS": 4}}, {"type": "Feature", "geometry": {"type": "LineString", "coordinates": [[-77.041691, 38.902533], [-77.043462, 38.902532]]}, "properties": {"STREETNAME": "K", "STREETTYPE": "ST", "FHWAFUNCTIONALCLASS": 3}}, {"type": "Feature", "geometry": {"type": "LineString", "coordinates": [[-77.032425, 38.926567], [-77.032603, 38.926509], [-77.032825, 38.926486], [-77.035486, 38.926333]]}, "properties": {"STREETNAME": "HARVARD", "STREETTYPE": "ST", "FHWAFUNCTIONALCLASS": 4}}, {"type": "Feature", "geometry": {"type": "LineString", "coordinates": [[-77.074947, 38.950739], [-77.074655, 38.951082]]}, "properties": {"STREETNAME": "NEBRASKA", "STREETTYPE": "AVE", "FHWAFUNCTIONALCLASS": 3}}, {"type": "Feature", "geometry": {"type": "LineString", "coordinates": [[-77.090256, 38.927536], [-77.090712, 38.928876]]}, "properties": {"STREETNAME": "FOXHALL", "STREETTYPE": "RD", "FHWAFUNCTIONALCLASS": 4}}, {"type": "Feature", "geometry": {"type": "LineString", "coordinates": [[-77.016291, 38.975024], [-77.016831, 38.975073], [-77.017728, 38.97478], [-77.017975, 38.97475]]}, "properties": {"STREETNAME": "CEDAR", "STREETTYPE": "ST", "FHWAFUNCTIONALCLASS": 4}}, {"type": "Feature", "geometry": {"type": "LineString", "coordinates": [[-77.031702, 38.945069], [-77.031283, 38.946133]]}, "properties": {"STREETNAME": "ARKANSAS", "STREETTYPE": "AVE", "FHWAFUNCTIONALCLASS": 4}}, {"type": "Feature", "geometry": {"type": "LineString", "coordinates": [[-77.058751, 38.961024], [-77.059753, 38.961026]]}, "properties": {"STREETNAME": "MILITARY", "STREETTYPE": "RD", "FHWAFUNCTIONALCLASS": 3}}, {"type": "Feature", "geometry": {"type": "LineString", "coordinates": [[-77.01331, 38.912613], [-77.014088, 38.912943]]}, "properties": {"STREETNAME": "FLORIDA", "STREETTYPE": "AVE", "FHWAFUNCTIONALCLASS": 3}}, {"type": "Feature", "geometry": {"type": "LineString", "coordinates": [[-77.038482, 38.914099], [-77.038479, 38.914943]]}, "properties": {"STREETNAME": "17TH", "STREETTYPE": "ST", "FHWAFUNCTIONALCLASS": 4}}, {"type": "Feature", "geometry": {"type": "LineString", "coordinates": [[-77.027037, 38.948999], [-77.027138, 38.949742]]}, "properties": {"STREETNAME": "GEORGIA", "STREETTYPE": "AVE", "FHWAFUNCTIONALCLASS": 3}}, {"type": "Feature", "geometry": {"type": "LineString", "coordinates": [[-77.027041, 38.90253], [-77.028084, 38.902526]]}, "properties": {"STREETNAME": "K", "STREETTYPE": "ST", "FHWAFUNCTIONALCLASS": 3}}, {"type": "Feature", "geometry": {"type": "LineString", "coordinates": [[-77.110633, 38.934387], [-77.110734, 38.934527]]}, "properties": {"STREETNAME": "MACARTHUR", "STREETTYPE": "BLVD", "FHWAFUNCTIONALCLASS": 4}}, {"type": "Feature", "geometry": {"type": "LineString", "coordinates": [[-77.029703, 38.949745], [-77.029701, 38.95081]]}, "properties": {"STREETNAME": "13TH", "STREETTYPE": "ST", "FHWAFUNCTIONALCLASS": 4}}, {"type": "Feature", "geometry": {"type": "LineString", "coordinates": [[-77.019901, 38.904171], [-77.021916, 38.904176]]}, "properties": {"STREETNAME": "L", "STREETTYPE": "ST", "FHWAFUNCTIONALCLASS": 4}}, {"type": "Feature", "geometry": {"type": "LineString", "coordinates": [[-77.021916, 38.908579], [-77.021918, 38.909653]]}, "properties": {"STREETNAME": "7TH", "STREETTYPE": "ST", "FHWAFUNCTIONALCLASS": 3}}, {"type": "Feature", "geometry": {"type": "LineString", "coordinates": [[-77.010056, 38.955513], [-77.009302, 38.956594]]}, "properties": {"STREETNAME": "NEW HAMPSHIRE", "STREETTYPE": "AVE", "FHWAFUNCTIONALCLASS": 4}}, {"type": "Feature", "geometry": {"type": "LineString", "coordinates": [[-77.035527, 38.927058], [-77.036199, 38.928683]]}, "properties": {"STREETNAME": "15TH", "STREETTYPE": "ST", "FHWAFUNCTIONALCLASS": 4}}, {"type": "Feature", "geometry": {"type": "LineString", "coordinates": [[-77.040556, 38.917616], [-77.040866, 38.917225], [-77.041226, 38.917016]]}, "properties": {"STREETNAME": "FLORIDA", "STREETTYPE": "AVE", "FHWAFUNCTIONALCLASS": 4}}, {"type": "Feature", "geometry": {"type": "LineString", "coordinates": [[-77.028987, 38.972271], [-77.029694, 38.97227]]}, "properties": {"STREETNAME": "ASPEN", "STREETTYPE": "ST", "FHWAFUNCTIONALCLASS": 4}}, {"type": "Feature", "geometry": {"type": "LineString", "coordinates": [[-77.026089, 38.927842], [-77.027276, 38.927739]]}, "properties": {"STREETNAME": "COLUMBIA", "STREETTYPE": "RD", "FHWAFUNCTIONALCLASS": 4}}, {"type": "Feature", "geometry": {"type": "LineString", "coordinates": [[-77.083891, 38.910663], [-77.084652, 38.911695]]}, "properties": {"STREETNAME": "FOXHALL", "STREETTYPE": "RD", "FHWAFUNCTIONALCLASS": 4}}, {"type": "Feature", "geometry": {"type": "LineString", "coordinates": [[-77.033419, 38.963246], [-77.033419, 38.964022]]}, "properties": {"STREETNAME": "14TH", "STREETTYPE": "ST", "FHWAFUNCTIONALCLASS": 4}}, {"type": "Feature", "geometry": {"type": "LineString", "coordinates": [[-77.016813, 38.946417], [-77.016032, 38.947467]]}, "properties": {"STREETNAME": "NEW HAMPSHIRE", "STREETTYPE": "AVE", "FHWAFUNCTIONALCLASS": 4}}, {"type": "Feature", "geometry": {"type": "LineString", "coordinates": [[-77.031957, 38.902531], [-77.033634, 38.902526]]}, "properties": {"STREETNAME": "K", "STREETTYPE": "ST", "FHWAFUNCTIONALCLASS": 3}}, {"type": "Feature", "geometry": {"type": "LineString", "coordinates": [[-77.014778, 38.905369], [-77.015891, 38.904986]]}, "properties": {"STREETNAME": "NEW YORK", "STREETTYPE": "AVE", "FHWAFUNCTIONALCLASS": 3}}, {"type": "Feature", "geometry": {"type": "LineString", "coordinates": [[-77.035261, 38.97586], [-77.033411, 38.977614]]}, "properties": {"STREETNAME": "ALASKA", "STREETTYPE": "AVE", "FHWAFUNCTIONALCLASS": 4}}, {"type": "Feature", "geometry": {"type": "LineString", "coordinates": [[-77.09755, 38.946419], [-77.098444, 38.947078]]}, "properties": {"STREETNAME": "MASSACHUSETTS", "STREETTYPE": "AVE", "FHWAFUNCTIONALCLASS": 3}}, {"type": "Feature", "geometry": {"type": "LineString", "coordinates": [[-77.036398, 38.959291], [-77.036396, 38.960173]]}, "properties": {"STREETNAME": "16TH", "STREETTYPE": "ST", "FHWAFUNCTIONALCLASS": 3}}, {"type": "Feature", "geometry": {"type": "LineString", "coordinates": [[-77.029707, 38.940813], [-77.029706, 38.941873]]}, "properties": {"STREETNAME": "13TH", "STREETTYPE": "ST", "FHWAFUNCTIONALCLASS": 4}}, {"type": "Feature", "geometry": {"type": "LineString", "coordinates": [[-77.026935, 38.948264], [-77.027037, 38.948999]]}, "properties": {"STREETNAME": "GEORGIA", "STREETTYPE": "AVE", "FHWAFUNCTIONALCLASS": 3}}, {"type": "Feature", "geometry": {"type": "LineString", "coordinates": [[-77.03651, 38.91558], [-77.036504, 38.916297]]}, "properties": {"STREETNAME": "16TH", "STREETTYPE": "ST", "FHWAFUNCTIONALCLASS": 3}}, {"type": "Feature", "geometry": {"type": "LineString", "coordinates": [[-77.021902, 38.892086], [-77.023964, 38.892087]]}, "properties": {"STREETNAME": "CONSTITUTION", "STREETTYPE": "AVE", "FHWAFUNCTIONALCLASS": 3}}, {"type": "Feature", "geometry": {"type": "LineString", "coordinates": [[-77.013311, 38.901327], [-77.013725, 38.902521]]}, "properties": {"STREETNAME": "NEW JERSEY", "STREETTYPE": "AVE", "FHWAFUNCTIONALCLASS": 4}}, {"type": "Feature", "geometry": {"type": "LineString", "coordinates": [[-77.020452, 38.927542], [-77.02257, 38.927358], [-77.022966, 38.927234]]}, "properties": {"STREETNAME": "HARVARD", "STREETTYPE": "ST", "FHWAFUNCTIONALCLASS": 4}}, {"type": "Feature", "geometry": {"type": "LineString", "coordinates": [[-77.036336, 38.987387], [-77.036331, 38.988215]]}, "properties": {"STREETNAME": "16TH", "STREETTYPE": "ST", "FHWAFUNCTIONALCLASS": 3}}, {"type": "Feature", "geometry": {"type": "LineString", "coordinates": [[-77.083129, 38.909625], [-77.083891, 38.910663]]}, "properties": {"STREETNAME": "FOXHALL", "STREETTYPE": "RD", "FHWAFUNCTIONALCLASS": 4}}, {"type": "Feature", "geometry": {"type": "LineString", "coordinates": [[-77.019908, 38.903585], [-77.02171, 38.902973], [-77.021921, 38.902947]]}, "properties": {"STREETNAME": "NEW YORK", "STREETTYPE": "AVE", "FHWAFUNCTIONALCLASS": 3}}, {"type": "Feature", "geometry": {"type": "LineString", "coordinates": [[-77.0449, 38.902533], [-77.046651, 38.902534]]}, "properties": {"STREETNAME": "K", "STREETTYPE": "ST", "FHWAFUNCTIONALCLASS": 3}}, {"type": "Feature", "geometry": {"type": "LineString", "coordinates": [[-77.0243, 38.936336], [-77.023318, 38.937652]]}, "properties": {"STREETNAME": "NEW HAMPSHIRE", "STREETTYPE": "AVE", "FHWAFUNCTIONALCLASS": 4}}, {"type": "Feature", "geometry": {"type": "LineString", "coordinates": [[-77.029708, 38.937611], [-77.029707, 38.938684]]}, "properties": {"STREETNAME": "13TH", "STREETTYPE": "ST", "FHWAFUNCTIONALCLASS": 4}}, {"type": "Feature", "geometry": {"type": "LineString", "coordinates": [[-77.050941, 38.912386], [-77.051279, 38.912617]]}, "properties": {"STREETNAME": "MASSACHUSETTS", "STREETTYPE": "AVE", "FHWAFUNCTIONALCLASS": 3}}, {"type": "Feature", "geometry": {"type": "LineString", "coordinates": [[-77.041664, 38.9141], [-77.041662, 38.914842]]}, "properties": {"STREETNAME": "18TH", "STREETTYPE": "ST", "FHWAFUNCTIONALCLASS": 4}}, {"type": "Feature", "geometry": {"type": "LineString", "coordinates": [[-77.010463, 38.962703], [-77.008929, 38.964766]]}, "properties": {"STREETNAME": "KANSAS", "STREETTYPE": "AVE", "FHWAFUNCTIONALCLASS": 4}}, {"type": "Feature", "geometry": {"type": "LineString", "coordinates": [[-77.006954, 38.931267], [-77.008171, 38.931232], [-77.012154, 38.931247]]}, "properties": {"STREETNAME": "IRVING", "STREETTYPE": "ST", "FHWAFUNCTIONALCLASS": 4}}, {"type": "Feature", "geometry": {"type": "LineString", "coordinates": [[-77.057475, 38.961022], [-77.058751, 38.961024]]}, "properties": {"STREETNAME": "MILITARY", "STREETTYPE": "RD", "FHWAFUNCTIONALCLASS": 3}}, {"type": "Feature", "geometry": {"type": "LineString", "coordinates": [[-77.098498, 38.919018], [-77.098499, 38.919191]]}, "properties": {"STREETNAME": "MACARTHUR", "STREETTYPE": "BLVD", "FHWAFUNCTIONALCLASS": 4}}, {"type": "Feature", "geometry": {"type": "LineString", "coordinates": [[-77.04173, 38.895413], [-77.043474, 38.895406]]}, "properties": {"STREETNAME": "E", "STREETTYPE": "ST", "FHWAFUNCTIONALCLASS": 3}}, {"type": "Feature", "geometry": {"type": "LineString", "coordinates": [[-77.018325, 38.952131], [-77.017832, 38.952798], [-77.0176, 38.953207]]}, "properties": {"STREETNAME": "KANSAS", "STREETTYPE": "AVE", "FHWAFUNCTIONALCLASS": 4}}, {"type": "Feature", "geometry": {"type": "LineString", "coordinates": [[-77.032222, 38.924549], [-77.032244, 38.924763]]}, "properties": {"STREETNAME": "14TH", "STREETTYPE": "ST", "FHWAFUNCTIONALCLASS": 4}}, {"type": "Feature", "geometry": {"type": "LineString", "coordinates": [[-77.036396, 38.960173], [-77.036396, 38.960844]]}, "properties": {"STREETNAME": "16TH", "STREETTYPE": "ST", "FHWAFUNCTIONALCLASS": 3}}, {"type": "Feature", "geometry": {"type": "LineString", "coordinates": [[-77.033427, 38.96205], [-77.034798, 38.962249], [-77.038685, 38.963083], [-77.039201, 38.963112], [-77.039737, 38.963079], [-77.04011, 38.963026], [-77.040508, 38.962924], [-77.041118, 38.962686], [-77.043735, 38.961205], [-77.044816, 38.96069], [-77.04559, 38.960482], [-77.046249, 38.960392], [-77.046655, 38.960375], [-77.047583, 38.960437], [-77.048463, 38.960632], [-77.049163, 38.960959], [-77.050164, 38.961705], [-77.050425, 38.961818], [-77.050708, 38.961896], [-77.051179, 38.961949], [-77.0517, 38.96192], [-77.051948, 38.961871], [-77.052686, 38.961611]]}, "properties": {"STREETNAME": "MILITARY", "STREETTYPE": "RD", "FHWAFUNCTIONALCLASS": 3}}, {"type": "Feature", "geometry": {"type": "LineString", "coordinates": [[-77.086175, 38.937606], [-77.085636, 38.938234]]}, "properties": {"STREETNAME": "NEBRASKA", "STREETTYPE": "AVE", "FHWAFUNCTIONALCLASS": 3}}, {"type": "Feature", "geometry": {"type": "LineString", "coordinates": [[-77.029628, 38.90253], [-77.02963, 38.903745]]}, "properties": {"STREETNAME": "13TH", "STREETTYPE": "ST", "FHWAFUNCTIONALCLASS": 4}}, {"type": "Feature", "geometry": {"type": "LineString", "coordinates": [[-77.066392, 38.933499], [-77.066391, 38.934657]]}, "properties": {"STREETNAME": "34TH", "STREETTYPE": "ST", "FHWAFUNCTIONALCLASS": 4}}, {"type": "Feature", "geometry": {"type": "LineString", "coordinates": [[-77.03646, 38.930458], [-77.036459, 38.9306]]}, "properties": {"STREETNAME": "16TH", "STREETTYPE": "ST", "FHWAFUNCTIONALCLASS": 3}}, {"type": "Feature", "geometry": {"type": "LineString", "coordinates": [[-77.025952, 38.960308], [-77.028033, 38.961022]]}, "properties": {"STREETNAME": "MISSOURI", "STREETTYPE": "AVE", "FHWAFUNCTIONALCLASS": 3}}, {"type": "Feature", "geometry": {"type": "LineString", "coordinates": [[-77.029623, 38.905655], [-77.029625, 38.907248]]}, "properties": {"STREETNAME": "13TH", "STREETTYPE": "ST", "FHWAFUNCTIONALCLASS": 4}}, {"type": "Feature", "geometry": {"type": "LineString", "coordinates": [[-77.091067, 38.931355], [-77.091066, 38.932423]]}, "properties": {"STREETNAME": "FOXHALL", "STREETTYPE": "RD", "FHWAFUNCTIONALCLASS": 4}}, {"type": "Feature", "geometry": {"type": "LineString", "coordinates": [[-77.028074, 38.900752], [-77.028078, 38.901339]]}, "properties": {"STREETNAME": "12TH", "STREETTYPE": "ST", "FHWAFUNCTIONALCLASS": 4}}, {"type": "Feature", "geometry": {"type": "LineString", "coordinates": [[-77.043465, 38.90021], [-77.043463, 38.901344]]}, "properties": {"STREETNAME": "19TH", "STREETTYPE": "ST", "FHWAFUNCTIONALCLASS": 4}}, {"type": "Feature", "geometry": {"type": "LineString", "coordinates": [[-77.057357, 38.917067], [-77.059086, 38.918321]]}, "properties": {"STREETNAME": "MASSACHUSETTS", "STREETTYPE": "AVE", "FHWAFUNCTIONALCLASS": 3}}, {"type": "Feature", "geometry": {"type": "LineString", "coordinates": [[-77.022667, 38.925169], [-77.022756, 38.925783]]}, "properties": {"STREETNAME": "GEORGIA", "STREETTYPE": "AVE", "FHWAFUNCTIONALCLASS": 3}}, {"type": "Feature", "geometry": {"type": "LineString", "coordinates": [[-77.089646, 38.940653], [-77.090267, 38.941107]]}, "properties": {"STREETNAME": "MASSACHUSETTS", "STREETTYPE": "AVE", "FHWAFUNCTIONALCLASS": 3}}, {"type": "Feature", "geometry": {"type": "LineString", "coordinates": [[-77.066218, 38.948833], [-77.066716, 38.949691]]}, "properties": {"STREETNAME": "CONNECTICUT", "STREETTYPE": "AVE", "FHWAFUNCTIONALCLASS": 3}}, {"type": "Feature", "geometry": {"type": "LineString", "coordinates": [[-77.02666, 38.975819], [-77.026502, 38.977294]]}, "properties": {"STREETNAME": "GEORGIA", "STREETTYPE": "AVE", "FHWAFUNCTIONALCLASS": 3}}, {"type": "Feature", "geometry": {"type": "LineString", "coordinates": [[-77.011475, 38.953601], [-77.010749, 38.954581]]}, "properties": {"STREETNAME": "NEW HAMPSHIRE", "STREETTYPE": "AVE", "FHWAFUNCTIONALCLASS": 4}}, {"type": "Feature", "geometry": {"type": "LineString", "coordinates": [[-77.042096, 38.923063], [-77.042687, 38.922669]]}, "properties": {"STREETNAME": "COLUMBIA", "STREETTYPE": "RD", "FHWAFUNCTIONALCLASS": 4}}, {"type": "Feature", "geometry": {"type": "LineString", "coordinates": [[-77.049343, 38.909643], [-77.049293, 38.909856]]}, "properties": {"STREETNAME": "23RD", "STREETTYPE": "ST", "FHWAFUNCTIONALCLASS": 3}}, {"type": "Feature", "geometry": {"type": "LineString", "coordinates": [[-77.042053, 38.911135], [-77.041672, 38.911542]]}, "properties": {"STREETNAME": "NEW HAMPSHIRE", "STREETTYPE": "AVE", "FHWAFUNCTIONALCLASS": 4}}, {"type": "Feature", "geometry": {"type": "LineString", "coordinates": [[-77.026559, 38.982733], [-77.026582, 38.98384]]}, "properties": {"STREETNAME": "GEORGIA", "STREETTYPE": "AVE", "FHWAFUNCTIONALCLASS": 3}}, {"type": "Feature", "geometry": {"type": "LineString", "coordinates": [[-77.086474, 38.934618], [-77.086687, 38.934968], [-77.086964, 38.935279], [-77.08735, 38.93558], [-77.087731, 38.935788]]}, "properties": {"STREETNAME": "NEW MEXICO", "STREETTYPE": "AVE", "FHWAFUNCTIONALCLASS": 4}}, {"type": "Feature", "geometry": {"type": "LineString", "coordinates": [[-77.077368, 38.947911], [-77.077074, 38.948255]]}, "properties": {"STREETNAME": "NEBRASKA", "STREETTYPE": "AVE", "FHWAFUNCTIONALCLASS": 3}}, {"type": "Feature", "geometry": {"type": "LineString", "coordinates": [[-77.021613, 38.939948], [-77.020881, 38.940938]]}, "properties": {"STREETNAME": "NEW HAMPSHIRE", "STREETTYPE": "AVE", "FHWAFUNCTIONALCLASS": 4}}, {"type": "Feature", "geometry": {"type": "LineString", "coordinates": [[-77.015177, 38.900273], [-77.015862, 38.900255], [-77.0162, 38.900184]]}, "properties": {"STREETNAME": "H", "STREETTYPE": "ST", "FHWAFUNCTIONALCLASS": 3}}, {"type": "Feature", "geometry": {"type": "LineString", "coordinates": [[-77.084913, 38.931889], [-77.085127, 38.932259]]}, "properties": {"STREETNAME": "NEW MEXICO", "STREETTYPE": "AVE", "FHWAFUNCTIONALCLASS": 4}}, {"type": "Feature", "geometry": {"type": "LineString", "coordinates": [[-77.031966, 38.894639], [-77.031957, 38.895506]]}, "properties": {"STREETNAME": "14TH", "STREETTYPE": "ST", "FHWAFUNCTIONALCLASS": 3}}, {"type": "Feature", "geometry": {"type": "LineString", "coordinates": [[-77.030343, 38.899987], [-77.031954, 38.8994]]}, "properties": {"STREETNAME": "NEW YORK", "STREETTYPE": "AVE", "FHWAFUNCTIONALCLASS": 4}}, {"type": "Feature", "geometry": {"type": "LineString", "coordinates": [[-77.032319, 38.925509], [-77.032341, 38.925749]]}, "properties": {"STREETNAME": "14TH", "STREETTYPE": "ST", "FHWAFUNCTIONALCLASS": 4}}, {"type": "Feature", "geometry": {"type": "LineString", "coordinates": [[-77.041707, 38.899602], [-77.041703, 38.900219]]}, "properties": {"STREETNAME": "18TH", "STREETTYPE": "ST", "FHWAFUNCTIONALCLASS": 4}}, {"type": "Feature", "geometry": {"type": "LineString", "coordinates": [[-77.013424, 38.95874], [-77.012328, 38.960206]]}, "properties": {"STREETNAME": "KANSAS", "STREETTYPE": "AVE", "FHWAFUNCTIONALCLASS": 4}}, {"type": "Feature", "geometry": {"type": "LineString", "coordinates": [[-77.026436, 38.98466], [-77.02662, 38.984682]]}, "properties": {"STREETNAME": "BLAIR", "STREETTYPE": "RD", "FHWAFUNCTIONALCLASS": 4}}, {"type": "Feature", "geometry": {"type": "LineString", "coordinates": [[-77.022947, 38.916719], [-77.023958, 38.916998]]}, "properties": {"STREETNAME": "FLORIDA", "STREETTYPE": "AVE", "FHWAFUNCTIONALCLASS": 3}}, {"type": "Feature", "geometry": {"type": "LineString", "coordinates": [[-77.100572, 38.929496], [-77.099733, 38.930233]]}, "properties": {"STREETNAME": "ARIZONA", "STREETTYPE": "AVE", "FHWAFUNCTIONALCLASS": 3}}, {"type": "Feature", "geometry": {"type": "LineString", "coordinates": [[-77.088775, 38.918034], [-77.088748, 38.919173]]}, "properties": {"STREETNAME": "FOXHALL", "STREETTYPE": "RD", "FHWAFUNCTIONALCLASS": 4}}, {"type": "Feature", "geometry": {"type": "LineString", "coordinates": [[-77.036417, 38.952543], [-77.0364, 38.95622]]}, "properties": {"STREETNAME": "16TH", "STREETTYPE": "ST", "FHWAFUNCTIONALCLASS": 3}}, {"type": "Feature", "geometry": {"type": "LineString", "coordinates": [[-77.023776, 38.932818], [-77.023803, 38.933025]]}, "properties": {"STREETNAME": "GEORGIA", "STREETTYPE": "AVE", "FHWAFUNCTIONALCLASS": 3}}, {"type": "Feature", "geometry": {"type": "LineString", "coordinates": [[-77.073197, 38.922552], [-77.0747, 38.922556]]}, "properties": {"STREETNAME": "CALVERT", "STREETTYPE": "ST", "FHWAFUNCTIONALCLASS": 4}}, {"type": "Feature", "geometry": {"type": "LineString", "coordinates": [[-77.077074, 38.948255], [-77.075804, 38.949743]]}, "properties": {"STREETNAME": "NEBRASKA", "STREETTYPE": "AVE", "FHWAFUNCTIONALCLASS": 3}}, {"type": "Feature", "geometry": {"type": "LineString", "coordinates": [[-77.090496, 38.933557], [-77.089172, 38.934548]]}, "properties": {"STREETNAME": "NEBRASKA", "STREETTYPE": "AVE", "FHWAFUNCTIONALCLASS": 3}}, {"type": "Feature", "geometry": {"type": "LineString", "coordinates": [[-77.041669, 38.911136], [-77.041672, 38.911542]]}, "properties": {"STREETNAME": "18TH", "STREETTYPE": "ST", "FHWAFUNCTIONALCLASS": 4}}, {"type": "Feature", "geometry": {"type": "LineString", "coordinates": [[-77.042687, 38.922669], [-77.043035, 38.922446], [-77.043176, 38.9223]]}, "properties": {"STREETNAME": "COLUMBIA", "STREETTYPE": "RD", "FHWAFUNCTIONALCLASS": 4}}, {"type": "Feature", "geometry": {"type": "LineString", "coordinates": [[-77.026546, 38.982058], [-77.026559, 38.982733]]}, "properties": {"STREETNAME": "GEORGIA", "STREETTYPE": "AVE", "FHWAFUNCTIONALCLASS": 3}}, {"type": "Feature", "geometry": {"type": "LineString", "coordinates": [[-77.031529, 38.979401], [-77.030494, 38.980387]]}, "properties": {"STREETNAME": "ALASKA", "STREETTYPE": "AVE", "FHWAFUNCTIONALCLASS": 4}}, {"type": "Feature", "geometry": {"type": "LineString", "coordinates": [[-77.086228, 38.938177], [-77.089646, 38.940653]]}, "properties": {"STREETNAME": "MASSACHUSETTS", "STREETTYPE": "AVE", "FHWAFUNCTIONALCLASS": 3}}, {"type": "Feature", "geometry": {"type": "LineString", "coordinates": [[-77.022951, 38.899822], [-77.023968, 38.899817]]}, "properties": {"STREETNAME": "H", "STREETTYPE": "ST", "FHWAFUNCTIONALCLASS": 4}}, {"type": "Feature", "geometry": {"type": "LineString", "coordinates": [[-77.021921, 38.907248], [-77.021916, 38.908579]]}, "properties": {"STREETNAME": "7TH", "STREETTYPE": "ST", "FHWAFUNCTIONALCLASS": 3}}, {"type": "Feature", "geometry": {"type": "LineString", "coordinates": [[-77.011638, 38.953383], [-77.011475, 38.953601]]}, "properties": {"STREETNAME": "NEW HAMPSHIRE", "STREETTYPE": "AVE", "FHWAFUNCTIONALCLASS": 4}}, {"type": "Feature", "geometry": {"type": "LineString", "coordinates": [[-77.029628, 38.90253], [-77.031957, 38.902531]]}, "properties": {"STREETNAME": "K", "STREETTYPE": "ST", "FHWAFUNCTIONALCLASS": 3}}, {"type": "Feature", "geometry": {"type": "LineString", "coordinates": [[-77.027479, 38.967543], [-77.02738, 38.968638]]}, "properties": {"STREETNAME": "GEORGIA", "STREETTYPE": "AVE", "FHWAFUNCTIONALCLASS": 3}}, {"type": "Feature", "geometry": {"type": "LineString", "coordinates": [[-77.081422, 38.943167], [-77.080395, 38.944372]]}, "properties": {"STREETNAME": "NEBRASKA", "STREETTYPE": "AVE", "FHWAFUNCTIONALCLASS": 3}}, {"type": "Feature", "geometry": {"type": "LineString", "coordinates": [[-77.034813, 38.920599], [-77.034853, 38.920731], [-77.035087, 38.920877], [-77.035177, 38.920999], [-77.035216, 38.921463]]}, "properties": {"STREETNAME": "15TH", "STREETTYPE": "ST", "FHWAFUNCTIONALCLASS": 4}}, {"type": "Feature", "geometry": {"type": "LineString", "coordinates": [[-77.036516, 38.913354], [-77.036511, 38.9141]]}, "properties": {"STREETNAME": "16TH", "STREETTYPE": "ST", "FHWAFUNCTIONALCLASS": 3}}, {"type": "Feature", "geometry": {"type": "LineString", "coordinates": [[-77.0199, 38.914099], [-77.019902, 38.915303], [-77.019978, 38.915458]]}, "properties": {"STREETNAME": "6TH", "STREETTYPE": "ST", "FHWAFUNCTIONALCLASS": 4}}, {"type": "Feature", "geometry": {"type": "LineString", "coordinates": [[-77.036486, 38.924773], [-77.036491, 38.92628]]}, "properties": {"STREETNAME": "16TH", "STREETTYPE": "ST", "FHWAFUNCTIONALCLASS": 3}}, {"type": "Feature", "geometry": {"type": "LineString", "coordinates": [[-77.01518, 38.902526], [-77.016178, 38.902527]]}, "properties": {"STREETNAME": "K", "STREETTYPE": "ST", "FHWAFUNCTIONALCLASS": 4}}, {"type": "Feature", "geometry": {"type": "LineString", "coordinates": [[-77.033428, 38.959642], [-77.033428, 38.960226]]}, "properties": {"STREETNAME": "14TH", "STREETTYPE": "ST", "FHWAFUNCTIONALCLASS": 4}}, {"type": "Feature", "geometry": {"type": "LineString", "coordinates": [[-77.040107, 38.896414], [-77.041545, 38.896009], [-77.041715, 38.895996]]}, "properties": {"STREETNAME": "NEW YORK", "STREETTYPE": "AVE", "FHWAFUNCTIONALCLASS": 3}}, {"type": "Feature", "geometry": {"type": "LineString", "coordinates": [[-77.062265, 38.942024], [-77.062923, 38.943162]]}, "properties": {"STREETNAME": "CONNECTICUT", "STREETTYPE": "AVE", "FHWAFUNCTIONALCLASS": 3}}, {"type": "Feature", "geometry": {"type": "LineString", "coordinates": [[-77.070413, 38.956041], [-77.068465, 38.95832]]}, "properties": {"STREETNAME": "NEBRASKA", "STREETTYPE": "AVE", "FHWAFUNCTIONALCLASS": 3}}, {"type": "Feature", "geometry": {"type": "LineString", "coordinates": [[-77.013661, 38.896132], [-77.015188, 38.896136]]}, "properties": {"STREETNAME": "E", "STREETTYPE": "ST", "FHWAFUNCTIONALCLASS": 4}}, {"type": "Feature", "geometry": {"type": "LineString", "coordinates": [[-77.047727, 38.911137], [-77.048792, 38.911509]]}, "properties": {"STREETNAME": "MASSACHUSETTS", "STREETTYPE": "AVE", "FHWAFUNCTIONALCLASS": 3}}, {"type": "Feature", "geometry": {"type": "LineString", "coordinates": [[-77.024024, 38.934514], [-77.024133, 38.935241]]}, "properties": {"STREETNAME": "GEORGIA", "STREETTYPE": "AVE", "FHWAFUNCTIONALCLASS": 3}}, {"type": "Feature", "geometry": {"type": "LineString", "coordinates": [[-77.036387, 38.966149], [-77.036386, 38.966859]]}, "properties": {"STREETNAME": "16TH", "STREETTYPE": "ST", "FHWAFUNCTIONALCLASS": 3}}, {"type": "Feature", "geometry": {"type": "LineString", "coordinates": [[-77.105295, 38.927125], [-77.104608, 38.927198], [-77.104037, 38.927366]]}, "properties": {"STREETNAME": "ARIZONA", "STREETTYPE": "AVE", "FHWAFUNCTIONALCLASS": 3}}, {"type": "Feature", "geometry": {"type": "LineString", "coordinates": [[-77.017874, 38.919378], [-77.018029, 38.920368]]}, "properties": {"STREETNAME": "4TH", "STREETTYPE": "ST", "FHWAFUNCTIONALCLASS": 4}}, {"type": "Feature", "geometry": {"type": "LineString", "coordinates": [[-77.058112, 38.905245], [-77.05917, 38.905226]]}, "properties": {"STREETNAME": "M", "STREETTYPE": "ST", "FHWAFUNCTIONALCLASS": 3}}, {"type": "Feature", "geometry": {"type": "LineString", "coordinates": [[-77.039474, 38.898329], [-77.039463, 38.898821]]}, "properties": {"STREETNAME": "17TH", "STREETTYPE": "ST", "FHWAFUNCTIONALCLASS": 3}}, {"type": "Feature", "geometry": {"type": "LineString", "coordinates": [[-77.05772, 38.92322], [-77.059344, 38.92448]]}, "properties": {"STREETNAME": "CLEVELAND", "STREETTYPE": "AVE", "FHWAFUNCTIONALCLASS": 4}}, {"type": "Feature", "geometry": {"type": "LineString", "coordinates": [[-77.041309, 38.928824], [-77.04216, 38.928825]]}, "properties": {"STREETNAME": "IRVING", "STREETTYPE": "ST", "FHWAFUNCTIONALCLASS": 4}}, {"type": "Feature", "geometry": {"type": "LineString", "coordinates": [[-77.058512, 38.935574], [-77.059245, 38.936832]]}, "properties": {"STREETNAME": "CONNECTICUT", "STREETTYPE": "AVE", "FHWAFUNCTIONALCLASS": 3}}, {"type": "Feature", "geometry": {"type": "LineString", "coordinates": [[-77.032726, 38.949004], [-77.03274, 38.949195], [-77.03287, 38.949363]]}, "properties": {"STREETNAME": "14TH", "STREETTYPE": "ST", "FHWAFUNCTIONALCLASS": 4}}, {"type": "Feature", "geometry": {"type": "LineString", "coordinates": [[-77.07745, 38.967313], [-77.077218, 38.967227], [-77.076939, 38.967258]]}, "properties": {"STREETNAME": "CHEVY CHASE", "STREETTYPE": "CIR", "FHWAFUNCTIONALCLASS": 3}}, {"type": "Feature", "geometry": {"type": "LineString", "coordinates": [[-77.010715, 38.962365], [-77.010463, 38.962703]]}, "properties": {"STREETNAME": "KANSAS", "STREETTYPE": "AVE", "FHWAFUNCTIONALCLASS": 4}}, {"type": "Feature", "geometry": {"type": "LineString", "coordinates": [[-77.074655, 38.951082], [-77.074317, 38.951477]]}, "properties": {"STREETNAME": "NEBRASKA", "STREETTYPE": "AVE", "FHWAFUNCTIONALCLASS": 3}}, {"type": "Feature", "geometry": {"type": "LineString", "coordinates": [[-77.032244, 38.924763], [-77.032319, 38.925509]]}, "properties": {"STREETNAME": "14TH", "STREETTYPE": "ST", "FHWAFUNCTIONALCLASS": 4}}, {"type": "Feature", "geometry": {"type": "LineString", "coordinates": [[-77.032732, 38.939749], [-77.03273, 38.940814]]}, "properties": {"STREETNAME": "14TH", "STREETTYPE": "ST", "FHWAFUNCTIONALCLASS": 4}}, {"type": "Feature", "geometry": {"type": "LineString", "coordinates": [[-77.033429, 38.956221], [-77.033426, 38.956514]]}, "properties": {"STREETNAME": "14TH", "STREETTYPE": "ST", "FHWAFUNCTIONALCLASS": 4}}, {"type": "Feature", "geometry": {"type": "LineString", "coordinates": [[-77.111743, 38.930243], [-77.111855, 38.93045], [-77.112516, 38.931358], [-77.113091, 38.932496], [-77.113482, 38.933097], [-77.115137, 38.935066], [-77.116118, 38.936308], [-77.116641, 38.936829]]}, "properties": {"STREETNAME": "CLARA BARTON", "STREETTYPE": "PKWY", "FHWAFUNCTIONALCLASS": 2}}, {"type": "Feature", "geometry": {"type": "LineString", "coordinates": [[-77.030048, 38.96439], [-77.03004, 38.964546], [-77.02999, 38.964696], [-77.029727, 38.965026]]}, "properties": {"STREETNAME": "13TH", "STREETTYPE": "ST", "FHWAFUNCTIONALCLASS": 4}}, {"type": "Feature", "geometry": {"type": "LineString", "coordinates": [[-77.036431, 38.946137], [-77.036433, 38.947249]]}, "properties": {"STREETNAME": "16TH", "STREETTYPE": "ST", "FHWAFUNCTIONALCLASS": 3}}, {"type": "Feature", "geometry": {"type": "LineString", "coordinates": [[-77.012145, 38.92629], [-77.013892, 38.926273], [-77.01458, 38.92638], [-77.015123, 38.926595], [-77.016751, 38.927543]]}, "properties": {"STREETNAME": "MICHIGAN", "STREETTYPE": "AVE", "FHWAFUNCTIONALCLASS": 4}}, {"type": "Feature", "geometry": {"type": "LineString", "coordinates": [[-77.021917, 38.902109], [-77.023991, 38.902097]]}, "properties": {"STREETNAME": "K", "STREETTYPE": "ST", "FHWAFUNCTIONALCLASS": 3}}, {"type": "Feature", "geometry": {"type": "LineString", "coordinates": [[-77.039483, 38.892108], [-77.040678, 38.892108]]}, "properties": {"STREETNAME": "CONSTITUTION", "STREETTYPE": "AVE", "FHWAFUNCTIONALCLASS": 3}}, {"type": "Feature", "geometry": {"type": "LineString", "coordinates": [[-77.015157, 38.899819], [-77.015485, 38.899783], [-77.016206, 38.899796]]}, "properties": {"STREETNAME": "H", "STREETTYPE": "ST", "FHWAFUNCTIONALCLASS": 4}}, {"type": "Feature", "geometry": {"type": "LineString", "coordinates": [[-77.023024, 38.927628], [-77.023064, 38.927906]]}, "properties": {"STREETNAME": "GEORGIA", "STREETTYPE": "AVE", "FHWAFUNCTIONALCLASS": 3}}, {"type": "Feature", "geometry": {"type": "LineString", "coordinates": [[-77.029727, 38.936293], [-77.029712, 38.936844]]}, "properties": {"STREETNAME": "13TH", "STREETTYPE": "ST", "FHWAFUNCTIONALCLASS": 4}}, {"type": "Feature", "geometry": {"type": "LineString", "coordinates": [[-77.036341, 38.986405], [-77.036336, 38.987387]]}, "properties": {"STREETNAME": "16TH", "STREETTYPE": "ST", "FHWAFUNCTIONALCLASS": 3}}, {"type": "Feature", "geometry": {"type": "LineString", "coordinates": [[-77.033655, 38.892097], [-77.033648, 38.895487]]}, "properties": {"STREETNAME": "15TH", "STREETTYPE": "ST", "FHWAFUNCTIONALCLASS": 3}}, {"type": "Feature", "geometry": {"type": "LineString", "coordinates": [[-77.039483, 38.892108], [-77.039471, 38.893538]]}, "properties": {"STREETNAME": "17TH", "STREETTYPE": "ST", "FHWAFUNCTIONALCLASS": 3}}, {"type": "Feature", "geometry": {"type": "LineString", "coordinates": [[-77.072757, 38.928317], [-77.073164, 38.928619]]}, "properties": {"STREETNAME": "MASSACHUSETTS", "STREETTYPE": "AVE", "FHWAFUNCTIONALCLASS": 3}}, {"type": "Feature", "geometry": {"type": "LineString", "coordinates": [[-77.044902, 38.90375], [-77.046649, 38.90375]]}, "properties": {"STREETNAME": "L", "STREETTYPE": "ST", "FHWAFUNCTIONALCLASS": 4}}, {"type": "Feature", "geometry": {"type": "LineString", "coordinates": [[-77.04492, 38.896002], [-77.044977, 38.895936], [-77.045062, 38.895914], [-77.045928, 38.895776], [-77.046357, 38.89574], [-77.046861, 38.895743], [-77.048737, 38.895909], [-77.051864, 38.895916], [-77.053139, 38.89597], [-77.053553, 38.895924], [-77.053931, 38.895755], [-77.054134, 38.895578], [-77.054227, 38.895449], [-77.054316, 38.895163], [-77.054352, 38.894665], [-77.054477, 38.894229], [-77.05465, 38.89384], [-77.054795, 38.893666]]}, "properties": {"STREETNAME": "E", "STREETTYPE": "EXPY", "FHWAFUNCTIONALCLASS": 2}}, {"type": "Feature", "geometry": {"type": "LineString", "coordinates": [[-77.041657, 38.916992], [-77.04165, 38.917828]]}, "properties": {"STREETNAME": "18TH", "STREETTYPE": "ST", "FHWAFUNCTIONALCLASS": 4}}, {"type": "Feature", "geometry": {"type": "LineString", "coordinates": [[-77.027056, 38.894744], [-77.027043, 38.896137]]}, "properties": {"STREETNAME": "11TH", "STREETTYPE": "ST", "FHWAFUNCTIONALCLASS": 4}}, {"type": "Feature", "geometry": {"type": "LineString", "coordinates": [[-77.031957, 38.902531], [-77.031952, 38.903745]]}, "properties": {"STREETNAME": "14TH", "STREETTYPE": "ST", "FHWAFUNCTIONALCLASS": 3}}, {"type": "Feature", "geometry": {"type": "LineString", "coordinates": [[-77.029699, 38.952912], [-77.029699, 38.954089]]}, "properties": {"STREETNAME": "13TH", "STREETTYPE": "ST", "FHWAFUNCTIONALCLASS": 4}}, {"type": "Feature", "geometry": {"type": "LineString", "coordinates": [[-77.028083, 38.899819], [-77.029635, 38.899816]]}, "properties": {"STREETNAME": "H", "STREETTYPE": "ST", "FHWAFUNCTIONALCLASS": 4}}, {"type": "Feature", "geometry": {"type": "LineString", "coordinates": [[-77.085127, 38.932259], [-77.085238, 38.932452]]}, "properties": {"STREETNAME": "NEW MEXICO", "STREETTYPE": "AVE", "FHWAFUNCTIONALCLASS": 4}}, {"type": "Feature", "geometry": {"type": "LineString", "coordinates": [[-77.031954, 38.8994], [-77.031959, 38.900212]]}, "properties": {"STREETNAME": "14TH", "STREETTYPE": "ST", "FHWAFUNCTIONALCLASS": 3}}, {"type": "Feature", "geometry": {"type": "LineString", "coordinates": [[-77.037353, 38.928741], [-77.038872, 38.928807]]}, "properties": {"STREETNAME": "IRVING", "STREETTYPE": "ST", "FHWAFUNCTIONALCLASS": 4}}, {"type": "Feature", "geometry": {"type": "LineString", "coordinates": [[-77.019901, 38.907248], [-77.019904, 38.908581]]}, "properties": {"STREETNAME": "6TH", "STREETTYPE": "ST", "FHWAFUNCTIONALCLASS": 4}}, {"type": "Feature", "geometry": {"type": "LineString", "coordinates": [[-77.027962, 38.982788], [-77.026948, 38.983727], [-77.026882, 38.98383]]}, "properties": {"STREETNAME": "ALASKA", "STREETTYPE": "AVE", "FHWAFUNCTIONALCLASS": 4}}, {"type": "Feature", "geometry": {"type": "LineString", "coordinates": [[-77.067226, 38.924447], [-77.067581, 38.924582]]}, "properties": {"STREETNAME": "MASSACHUSETTS", "STREETTYPE": "AVE", "FHWAFUNCTIONALCLASS": 3}}, {"type": "Feature", "geometry": {"type": "LineString", "coordinates": [[-77.025941, 38.926862], [-77.027048, 38.926757]]}, "properties": {"STREETNAME": "HARVARD", "STREETTYPE": "ST", "FHWAFUNCTIONALCLASS": 4}}, {"type": "Feature", "geometry": {"type": "LineString", "coordinates": [[-77.043447, 38.907251], [-77.043443, 38.907907]]}, "properties": {"STREETNAME": "19TH", "STREETTYPE": "ST", "FHWAFUNCTIONALCLASS": 4}}, {"type": "Feature", "geometry": {"type": "LineString", "coordinates": [[-77.021913, 38.893885], [-77.02191, 38.894802]]}, "properties": {"STREETNAME": "7TH", "STREETTYPE": "ST", "FHWAFUNCTIONALCLASS": 3}}, {"type": "Feature", "geometry": {"type": "LineString", "coordinates": [[-77.045159, 38.912614], [-77.046021, 38.914091]]}, "properties": {"STREETNAME": "CONNECTICUT", "STREETTYPE": "AVE", "FHWAFUNCTIONALCLASS": 3}}, {"type": "Feature", "geometry": {"type": "LineString", "coordinates": [[-77.012144, 38.964963], [-77.012772, 38.966169]]}, "properties": {"STREETNAME": "BLAIR", "STREETTYPE": "RD", "FHWAFUNCTIONALCLASS": 4}}, {"type": "Feature", "geometry": {"type": "LineString", "coordinates": [[-77.057651, 38.934091], [-77.058512, 38.935574]]}, "properties": {"STREETNAME": "CONNECTICUT", "STREETTYPE": "AVE", "FHWAFUNCTIONALCLASS": 3}}, {"type": "Feature", "geometry": {"type": "LineString", "coordinates": [[-77.052127, 38.890512], [-77.052053, 38.890719], [-77.052063, 38.890892], [-77.052176, 38.891091], [-77.052354, 38.891184]]}, "properties": {"STREETNAME": "OHIO", "STREETTYPE": "DR", "FHWAFUNCTIONALCLASS": 3}}, {"type": "Feature", "geometry": {"type": "LineString", "coordinates": [[-77.038512, 38.902531], [-77.038511, 38.90375]]}, "properties": {"STREETNAME": "17TH", "STREETTYPE": "ST", "FHWAFUNCTIONALCLASS": 4}}, {"type": "Feature", "geometry": {"type": "LineString", "coordinates": [[-77.033429, 38.95081], [-77.033429, 38.95188]]}, "properties": {"STREETNAME": "14TH", "STREETTYPE": "ST", "FHWAFUNCTIONALCLASS": 4}}, {"type": "Feature", "geometry": {"type": "LineString", "coordinates": [[-77.032146, 38.923771], [-77.032222, 38.924549]]}, "properties": {"STREETNAME": "14TH", "STREETTYPE": "ST", "FHWAFUNCTIONALCLASS": 4}}, {"type": "Feature", "geometry": {"type": "LineString", "coordinates": [[-77.019606, 38.950409], [-77.019132, 38.951043]]}, "properties": {"STREETNAME": "KANSAS", "STREETTYPE": "AVE", "FHWAFUNCTIONALCLASS": 4}}, {"type": "Feature", "geometry": {"type": "LineString", "coordinates": [[-77.077144, 38.961029], [-77.080093, 38.961028]]}, "properties": {"STREETNAME": "MILITARY", "STREETTYPE": "RD", "FHWAFUNCTIONALCLASS": 4}}, {"type": "Feature", "geometry": {"type": "LineString", "coordinates": [[-77.091057, 38.930283], [-77.091067, 38.931355]]}, "properties": {"STREETNAME": "FOXHALL", "STREETTYPE": "RD", "FHWAFUNCTIONALCLASS": 4}}, {"type": "Feature", "geometry": {"type": "LineString", "coordinates": [[-77.029635, 38.899816], [-77.029637, 38.900224]]}, "properties": {"STREETNAME": "13TH", "STREETTYPE": "ST", "FHWAFUNCTIONALCLASS": 4}}, {"type": "Feature", "geometry": {"type": "LineString", "coordinates": [[-77.038511, 38.90375], [-77.038507, 38.904764]]}, "properties": {"STREETNAME": "17TH", "STREETTYPE": "ST", "FHWAFUNCTIONALCLASS": 4}}, {"type": "Feature", "geometry": {"type": "LineString", "coordinates": [[-77.026544, 38.901279], [-77.026601, 38.901363], [-77.027039, 38.901342]]}, "properties": {"STREETNAME": "I", "STREETTYPE": "ST", "FHWAFUNCTIONALCLASS": 3}}, {"type": "Feature", "geometry": {"type": "LineString", "coordinates": [[-77.046347, 38.915997], [-77.046398, 38.916184], [-77.046742, 38.916775]]}, "properties": {"STREETNAME": "CONNECTICUT", "STREETTYPE": "AVE", "FHWAFUNCTIONALCLASS": 3}}, {"type": "Feature", "geometry": {"type": "LineString", "coordinates": [[-77.033422, 38.968282], [-77.03342, 38.96899]]}, "properties": {"STREETNAME": "14TH", "STREETTYPE": "ST", "FHWAFUNCTIONALCLASS": 4}}, {"type": "Feature", "geometry": {"type": "LineString", "coordinates": [[-77.022525, 38.924191], [-77.022615, 38.924814]]}, "properties": {"STREETNAME": "GEORGIA", "STREETTYPE": "AVE", "FHWAFUNCTIONALCLASS": 3}}, {"type": "Feature", "geometry": {"type": "LineString", "coordinates": [[-77.02397, 38.915578], [-77.023958, 38.916998]]}, "properties": {"STREETNAME": "9TH", "STREETTYPE": "ST", "FHWAFUNCTIONALCLASS": 4}}, {"type": "Feature", "geometry": {"type": "LineString", "coordinates": [[-77.022505, 38.938748], [-77.021613, 38.939948]]}, "properties": {"STREETNAME": "NEW HAMPSHIRE", "STREETTYPE": "AVE", "FHWAFUNCTIONALCLASS": 4}}, {"type": "Feature", "geometry": {"type": "LineString", "coordinates": [[-77.029711, 38.929664], [-77.03181, 38.929671], [-77.032332, 38.929952], [-77.032751, 38.930239]]}, "properties": {"STREETNAME": "KENYON", "STREETTYPE": "ST", "FHWAFUNCTIONALCLASS": 4}}, {"type": "Feature", "geometry": {"type": "LineString", "coordinates": [[-77.081832, 38.934947], [-77.084295, 38.936746]]}, "properties": {"STREETNAME": "MASSACHUSETTS", "STREETTYPE": "AVE", "FHWAFUNCTIONALCLASS": 3}}, {"type": "Feature", "geometry": {"type": "LineString", "coordinates": [[-77.041658, 38.916297], [-77.041658, 38.916788]]}, "properties": {"STREETNAME": "18TH", "STREETTYPE": "ST", "FHWAFUNCTIONALCLASS": 4}}, {"type": "Feature", "geometry": {"type": "LineString", "coordinates": [[-77.080093, 38.961028], [-77.08031, 38.961028]]}, "properties": {"STREETNAME": "MILITARY", "STREETTYPE": "RD", "FHWAFUNCTIONALCLASS": 4}}, {"type": "Feature", "geometry": {"type": "LineString", "coordinates": [[-77.051279, 38.912617], [-77.052216, 38.913296]]}, "properties": {"STREETNAME": "MASSACHUSETTS", "STREETTYPE": "AVE", "FHWAFUNCTIONALCLASS": 3}}, {"type": "Feature", "geometry": {"type": "LineString", "coordinates": [[-77.048808, 38.906441], [-77.048808, 38.907246]]}, "properties": {"STREETNAME": "22ND", "STREETTYPE": "ST", "FHWAFUNCTIONALCLASS": 4}}, {"type": "Feature", "geometry": {"type": "LineString", "coordinates": [[-77.029625, 38.907248], [-77.029628, 38.908583]]}, "properties": {"STREETNAME": "13TH", "STREETTYPE": "ST", "FHWAFUNCTIONALCLASS": 4}}, {"type": "Feature", "geometry": {"type": "LineString", "coordinates": [[-77.023977, 38.893884], [-77.023956, 38.894148], [-77.023975, 38.894804]]}, "properties": {"STREETNAME": "9TH", "STREETTYPE": "ST", "FHWAFUNCTIONALCLASS": 4}}, {"type": "Feature", "geometry": {"type": "LineString", "coordinates": [[-77.012915, 38.900208], [-77.013311, 38.901327]]}, "properties": {"STREETNAME": "NEW JERSEY", "STREETTYPE": "AVE", "FHWAFUNCTIONALCLASS": 4}}, {"type": "Feature", "geometry": {"type": "LineString", "coordinates": [[-77.036511, 38.9141], [-77.036508, 38.91484]]}, "properties": {"STREETNAME": "16TH", "STREETTYPE": "ST", "FHWAFUNCTIONALCLASS": 3}}, {"type": "Feature", "geometry": {"type": "LineString", "coordinates": [[-77.061187, 38.905198], [-77.062814, 38.905184]]}, "properties": {"STREETNAME": "M", "STREETTYPE": "ST", "FHWAFUNCTIONALCLASS": 3}}, {"type": "Feature", "geometry": {"type": "LineString", "coordinates": [[-77.044784, 38.91906], [-77.045208, 38.918393]]}, "properties": {"STREETNAME": "COLUMBIA", "STREETTYPE": "RD", "FHWAFUNCTIONALCLASS": 4}}, {"type": "Feature", "geometry": {"type": "LineString", "coordinates": [[-77.012173, 38.902524], [-77.013725, 38.902521]]}, "properties": {"STREETNAME": "K", "STREETTYPE": "ST", "FHWAFUNCTIONALCLASS": 4}}, {"type": "Feature", "geometry": {"type": "LineString", "coordinates": [[-77.048815, 38.905276], [-77.050111, 38.905271]]}, "properties": {"STREETNAME": "M", "STREETTYPE": "ST", "FHWAFUNCTIONALCLASS": 4}}, {"type": "Feature", "geometry": {"type": "LineString", "coordinates": [[-77.032341, 38.925749], [-77.032425, 38.926567]]}, "properties": {"STREETNAME": "14TH", "STREETTYPE": "ST", "FHWAFUNCTIONALCLASS": 4}}, {"type": "Feature", "geometry": {"type": "LineString", "coordinates": [[-77.073738, 38.929033], [-77.074739, 38.929756]]}, "properties": {"STREETNAME": "MASSACHUSETTS", "STREETTYPE": "AVE", "FHWAFUNCTIONALCLASS": 3}}, {"type": "Feature", "geometry": {"type": "LineString", "coordinates": [[-77.02814, 38.892093], [-77.028098, 38.895026]]}, "properties": {"STREETNAME": "12TH", "STREETTYPE": "ST", "FHWAFUNCTIONALCLASS": 3}}, {"type": "Feature", "geometry": {"type": "LineString", "coordinates": [[-77.050163, 38.890219], [-77.050162, 38.892103]]}, "properties": {"STREETNAME": "23RD", "STREETTYPE": "ST", "FHWAFUNCTIONALCLASS": 3}}, {"type": "Feature", "geometry": {"type": "LineString", "coordinates": [[-77.015267, 38.90672], [-77.015443, 38.907243]]}, "properties": {"STREETNAME": "NEW JERSEY", "STREETTYPE": "AVE", "FHWAFUNCTIONALCLASS": 4}}, {"type": "Feature", "geometry": {"type": "LineString", "coordinates": [[-77.038498, 38.90725], [-77.038498, 38.907933]]}, "properties": {"STREETNAME": "17TH", "STREETTYPE": "ST", "FHWAFUNCTIONALCLASS": 4}}, {"type": "Feature", "geometry": {"type": "LineString", "coordinates": [[-77.018587, 38.892401], [-77.01868, 38.892268], [-77.018924, 38.892153], [-77.019176, 38.892083], [-77.019913, 38.892084]]}, "properties": {"STREETNAME": "CONSTITUTION", "STREETTYPE": "AVE", "FHWAFUNCTIONALCLASS": 3}}, {"type": "Feature", "geometry": {"type": "LineString", "coordinates": [[-77.029711, 38.929664], [-77.02971, 38.930704]]}, "properties": {"STREETNAME": "13TH", "STREETTYPE": "ST", "FHWAFUNCTIONALCLASS": 4}}, {"type": "Feature", "geometry": {"type": "LineString", "coordinates": [[-77.060735, 38.925569], [-77.061382, 38.926068]]}, "properties": {"STREETNAME": "CLEVELAND", "STREETTYPE": "AVE", "FHWAFUNCTIONALCLASS": 4}}, {"type": "Feature", "geometry": {"type": "LineString", "coordinates": [[-77.023969, 38.911623], [-77.02397, 38.912614]]}, "properties": {"STREETNAME": "9TH", "STREETTYPE": "ST", "FHWAFUNCTIONALCLASS": 4}}, {"type": "Feature", "geometry": {"type": "LineString", "coordinates": [[-77.027048, 38.926757], [-77.02971, 38.92675]]}, "properties": {"STREETNAME": "HARVARD", "STREETTYPE": "ST", "FHWAFUNCTIONALCLASS": 4}}, {"type": "Feature", "geometry": {"type": "LineString", "coordinates": [[-77.08152, 38.961027], [-77.082024, 38.961026]]}, "properties": {"STREETNAME": "MILITARY", "STREETTYPE": "RD", "FHWAFUNCTIONALCLASS": 4}}, {"type": "Feature", "geometry": {"type": "LineString", "coordinates": [[-77.039959, 38.913366], [-77.039277, 38.914099]]}, "properties": {"STREETNAME": "NEW HAMPSHIRE", "STREETTYPE": "AVE", "FHWAFUNCTIONALCLASS": 4}}, {"type": "Feature", "geometry": {"type": "LineString", "coordinates": [[-77.096172, 38.932387], [-77.097094, 38.932557]]}, "properties": {"STREETNAME": "LOUGHBORO", "STREETTYPE": "RD", "FHWAFUNCTIONALCLASS": 3}}, {"type": "Feature", "geometry": {"type": "LineString", "coordinates": [[-77.034838, 38.940842], [-77.033942, 38.941878]]}, "properties": {"STREETNAME": "ARKANSAS", "STREETTYPE": "AVE", "FHWAFUNCTIONALCLASS": 4}}, {"type": "Feature", "geometry": {"type": "LineString", "coordinates": [[-77.019132, 38.951043], [-77.018325, 38.952131]]}, "properties": {"STREETNAME": "KANSAS", "STREETTYPE": "AVE", "FHWAFUNCTIONALCLASS": 4}}, {"type": "Feature", "geometry": {"type": "LineString", "coordinates": [[-77.035527, 38.927058], [-77.03649, 38.926533]]}, "properties": {"STREETNAME": "COLUMBIA", "STREETTYPE": "RD", "FHWAFUNCTIONALCLASS": 4}}, {"type": "Feature", "geometry": {"type": "LineString", "coordinates": [[-77.033425, 38.949972], [-77.033429, 38.95081]]}, "properties": {"STREETNAME": "14TH", "STREETTYPE": "ST", "FHWAFUNCTIONALCLASS": 4}}, {"type": "Feature", "geometry": {"type": "LineString", "coordinates": [[-77.104037, 38.927366], [-77.103751, 38.927442], [-77.103136, 38.927675], [-77.10198, 38.928272]]}, "properties": {"STREETNAME": "ARIZONA", "STREETTYPE": "AVE", "FHWAFUNCTIONALCLASS": 3}}, {"type": "Feature", "geometry": {"type": "LineString", "coordinates": [[-77.02191, 38.894802], [-77.02192, 38.89614]]}, "properties": {"STREETNAME": "7TH", "STREETTYPE": "ST", "FHWAFUNCTIONALCLASS": 3}}, {"type": "Feature", "geometry": {"type": "LineString", "coordinates": [[-77.038475, 38.91853], [-77.038889, 38.918415]]}, "properties": {"STREETNAME": "FLORIDA", "STREETTYPE": "AVE", "FHWAFUNCTIONALCLASS": 4}}, {"type": "Feature", "geometry": {"type": "LineString", "coordinates": [[-77.074739, 38.929756], [-77.077011, 38.93142]]}, "properties": {"STREETNAME": "MASSACHUSETTS", "STREETTYPE": "AVE", "FHWAFUNCTIONALCLASS": 3}}, {"type": "Feature", "geometry": {"type": "LineString", "coordinates": [[-77.076939, 38.967258], [-77.076814, 38.967318], [-77.076708, 38.967416], [-77.07664, 38.967619]]}, "properties": {"STREETNAME": "CHEVY CHASE", "STREETTYPE": "CIR", "FHWAFUNCTIONALCLASS": 3}}, {"type": "Feature", "geometry": {"type": "LineString", "coordinates": [[-77.024045, 38.902936], [-77.024022, 38.90418]]}, "properties": {"STREETNAME": "9TH", "STREETTYPE": "ST", "FHWAFUNCTIONALCLASS": 4}}, {"type": "Feature", "geometry": {"type": "LineString", "coordinates": [[-77.008461, 38.970394], [-77.009276, 38.971032], [-77.010038, 38.971714]]}, "properties": {"STREETNAME": "EASTERN", "STREETTYPE": "AVE", "FHWAFUNCTIONALCLASS": 4}}, {"type": "Feature", "geometry": {"type": "LineString", "coordinates": [[-77.041732, 38.894341], [-77.04173, 38.895413]]}, "properties": {"STREETNAME": "18TH", "STREETTYPE": "ST", "FHWAFUNCTIONALCLASS": 4}}, {"type": "Feature", "geometry": {"type": "LineString", "coordinates": [[-77.023894, 38.93365], [-77.023918, 38.933806]]}, "properties": {"STREETNAME": "GEORGIA", "STREETTYPE": "AVE", "FHWAFUNCTIONALCLASS": 3}}, {"type": "Feature", "geometry": {"type": "LineString", "coordinates": [[-77.099589, 38.922239], [-77.099765, 38.92246], [-77.10002, 38.922928]]}, "properties": {"STREETNAME": "MACARTHUR", "STREETTYPE": "BLVD", "FHWAFUNCTIONALCLASS": 4}}, {"type": "Feature", "geometry": {"type": "LineString", "coordinates": [[-77.044171, 38.909903], [-77.044889, 38.910149]]}, "properties": {"STREETNAME": "MASSACHUSETTS", "STREETTYPE": "AVE", "FHWAFUNCTIONALCLASS": 3}}, {"type": "Feature", "geometry": {"type": "LineString", "coordinates": [[-77.031933, 38.921668], [-77.032013, 38.922435]]}, "properties": {"STREETNAME": "14TH", "STREETTYPE": "ST", "FHWAFUNCTIONALCLASS": 4}}, {"type": "Feature", "geometry": {"type": "LineString", "coordinates": [[-77.014962, 38.96993], [-77.015757, 38.971307]]}, "properties": {"STREETNAME": "BLAIR", "STREETTYPE": "RD", "FHWAFUNCTIONALCLASS": 4}}, {"type": "Feature", "geometry": {"type": "LineString", "coordinates": [[-77.036458, 38.933295], [-77.036456, 38.934438]]}, "properties": {"STREETNAME": "16TH", "STREETTYPE": "ST", "FHWAFUNCTIONALCLASS": 3}}, {"type": "Feature", "geometry": {"type": "LineString", "coordinates": [[-77.043462, 38.902532], [-77.043459, 38.903752]]}, "properties": {"STREETNAME": "19TH", "STREETTYPE": "ST", "FHWAFUNCTIONALCLASS": 4}}, {"type": "Feature", "geometry": {"type": "LineString", "coordinates": [[-77.029694, 38.962711], [-77.029693, 38.963562], [-77.02974, 38.963781]]}, "properties": {"STREETNAME": "13TH", "STREETTYPE": "ST", "FHWAFUNCTIONALCLASS": 4}}, {"type": "Feature", "geometry": {"type": "LineString", "coordinates": [[-77.034552, 38.912616], [-77.034548, 38.9141]]}, "properties": {"STREETNAME": "15TH", "STREETTYPE": "ST", "FHWAFUNCTIONALCLASS": 4}}, {"type": "Feature", "geometry": {"type": "LineString", "coordinates": [[-77.018247, 38.974756], [-77.019396, 38.975519], [-77.019833, 38.975858]]}, "properties": {"STREETNAME": "BLAIR", "STREETTYPE": "RD", "FHWAFUNCTIONALCLASS": 4}}, {"type": "Feature", "geometry": {"type": "LineString", "coordinates": [[-77.023946, 38.917772], [-77.024113, 38.917946], [-77.02434, 38.918282]]}, "properties": {"STREETNAME": "FLORIDA", "STREETTYPE": "AVE", "FHWAFUNCTIONALCLASS": 4}}, {"type": "Feature", "geometry": {"type": "LineString", "coordinates": [[-77.061382, 38.926068], [-77.061748, 38.926359]]}, "properties": {"STREETNAME": "CLEVELAND", "STREETTYPE": "AVE", "FHWAFUNCTIONALCLASS": 4}}, {"type": "Feature", "geometry": {"type": "LineString", "coordinates": [[-77.015234, 38.892094], [-77.015845, 38.892026], [-77.01626, 38.891892], [-77.01639, 38.89179]]}, "properties": {"STREETNAME": "CONSTITUTION", "STREETTYPE": "AVE", "FHWAFUNCTIONALCLASS": 3}}, {"type": "Feature", "geometry": {"type": "LineString", "coordinates": [[-77.056203, 38.961021], [-77.057475, 38.961022]]}, "properties": {"STREETNAME": "MILITARY", "STREETTYPE": "RD", "FHWAFUNCTIONALCLASS": 3}}, {"type": "Feature", "geometry": {"type": "LineString", "coordinates": [[-77.060967, 38.961024], [-77.062129, 38.961024]]}, "properties": {"STREETNAME": "MILITARY", "STREETTYPE": "RD", "FHWAFUNCTIONALCLASS": 3}}, {"type": "Feature", "geometry": {"type": "LineString", "coordinates": [[-77.010303, 38.955187], [-77.010056, 38.955513]]}, "properties": {"STREETNAME": "NEW HAMPSHIRE", "STREETTYPE": "AVE", "FHWAFUNCTIONALCLASS": 4}}, {"type": "Feature", "geometry": {"type": "LineString", "coordinates": [[-77.02288, 38.926647], [-77.022898, 38.92677]]}, "properties": {"STREETNAME": "GEORGIA", "STREETTYPE": "AVE", "FHWAFUNCTIONALCLASS": 3}}, {"type": "Feature", "geometry": {"type": "LineString", "coordinates": [[-77.081093, 38.906871], [-77.082405, 38.908639]]}, "properties": {"STREETNAME": "FOXHALL", "STREETTYPE": "RD", "FHWAFUNCTIONALCLASS": 4}}, {"type": "Feature", "geometry": {"type": "LineString", "coordinates": [[-77.044902, 38.900713], [-77.044904, 38.901345]]}, "properties": {"STREETNAME": "20TH", "STREETTYPE": "ST", "FHWAFUNCTIONALCLASS": 4}}, {"type": "Feature", "geometry": {"type": "LineString", "coordinates": [[-77.046168, 38.914387], [-77.046576, 38.914038]]}, "properties": {"STREETNAME": "FLORIDA", "STREETTYPE": "AVE", "FHWAFUNCTIONALCLASS": 4}}, {"type": "Feature", "geometry": {"type": "LineString", "coordinates": [[-77.029625, 38.901334], [-77.031965, 38.901346]]}, "properties": {"STREETNAME": "I", "STREETTYPE": "ST", "FHWAFUNCTIONALCLASS": 3}}, {"type": "Feature", "geometry": {"type": "LineString", "coordinates": [[-77.023969, 38.914838], [-77.02397, 38.915578]]}, "properties": {"STREETNAME": "9TH", "STREETTYPE": "ST", "FHWAFUNCTIONALCLASS": 4}}, {"type": "Feature", "geometry": {"type": "LineString", "coordinates": [[-77.027043, 38.896137], [-77.027036, 38.897358]]}, "properties": {"STREETNAME": "11TH", "STREETTYPE": "ST", "FHWAFUNCTIONALCLASS": 4}}, {"type": "Feature", "geometry": {"type": "LineString", "coordinates": [[-77.036351, 38.978698], [-77.036352, 38.979402]]}, "properties": {"STREETNAME": "16TH", "STREETTYPE": "ST", "FHWAFUNCTIONALCLASS": 3}}, {"type": "Feature", "geometry": {"type": "LineString", "coordinates": [[-77.041128, 38.905671], [-77.041689, 38.905663]]}, "properties": {"STREETNAME": "M", "STREETTYPE": "ST", "FHWAFUNCTIONALCLASS": 4}}, {"type": "Feature", "geometry": {"type": "LineString", "coordinates": [[-77.072256, 38.953887], [-77.072146, 38.954017]]}, "properties": {"STREETNAME": "NEBRASKA", "STREETTYPE": "AVE", "FHWAFUNCTIONALCLASS": 3}}, {"type": "Feature", "geometry": {"type": "LineString", "coordinates": [[-77.023991, 38.902097], [-77.024173, 38.902097], [-77.025989, 38.90147]]}, "properties": {"STREETNAME": "NEW YORK", "STREETTYPE": "AVE", "FHWAFUNCTIONALCLASS": 3}}, {"type": "Feature", "geometry": {"type": "LineString", "coordinates": [[-77.029711, 38.931331], [-77.029721, 38.932371]]}, "properties": {"STREETNAME": "13TH", "STREETTYPE": "ST", "FHWAFUNCTIONALCLASS": 4}}, {"type": "Feature", "geometry": {"type": "LineString", "coordinates": [[-77.05141, 38.905269], [-77.053298, 38.905265]]}, "properties": {"STREETNAME": "M", "STREETTYPE": "ST", "FHWAFUNCTIONALCLASS": 4}}, {"type": "Feature", "geometry": {"type": "LineString", "coordinates": [[-77.036446, 38.939113], [-77.036446, 38.939745]]}, "properties": {"STREETNAME": "16TH", "STREETTYPE": "ST", "FHWAFUNCTIONALCLASS": 3}}, {"type": "Feature", "geometry": {"type": "LineString", "coordinates": [[-77.044916, 38.915116], [-77.046168, 38.914387]]}, "properties": {"STREETNAME": "FLORIDA", "STREETTYPE": "AVE", "FHWAFUNCTIONALCLASS": 4}}, {"type": "Feature", "geometry": {"type": "LineString", "coordinates": [[-77.011165, 38.893585], [-77.012173, 38.892866]]}, "properties": {"STREETNAME": "LOUISIANA", "STREETTYPE": "AVE", "FHWAFUNCTIONALCLASS": 3}}, {"type": "Feature", "geometry": {"type": "LineString", "coordinates": [[-77.053298, 38.905265], [-77.054752, 38.905259]]}, "properties": {"STREETNAME": "M", "STREETTYPE": "ST", "FHWAFUNCTIONALCLASS": 4}}, {"type": "Feature", "geometry": {"type": "LineString", "coordinates": [[-77.050103, 38.907254], [-77.050101, 38.90752], [-77.050044, 38.907689], [-77.049903, 38.907865], [-77.049463, 38.90823], [-77.049359, 38.908412], [-77.049343, 38.908573]]}, "properties": {"STREETNAME": "23RD", "STREETTYPE": "ST", "FHWAFUNCTIONALCLASS": 3}}, {"type": "Feature", "geometry": {"type": "LineString", "coordinates": [[-77.067545, 38.959396], [-77.066329, 38.960818], [-77.06624, 38.961021]]}, "properties": {"STREETNAME": "NEBRASKA", "STREETTYPE": "AVE", "FHWAFUNCTIONALCLASS": 3}}, {"type": "Feature", "geometry": {"type": "LineString", "coordinates": [[-77.029729, 38.934578], [-77.029727, 38.936293]]}, "properties": {"STREETNAME": "13TH", "STREETTYPE": "ST", "FHWAFUNCTIONALCLASS": 4}}, {"type": "Feature", "geometry": {"type": "LineString", "coordinates": [[-77.052216, 38.913296], [-77.052673, 38.913628]]}, "properties": {"STREETNAME": "MASSACHUSETTS", "STREETTYPE": "AVE", "FHWAFUNCTIONALCLASS": 3}}, {"type": "Feature", "geometry": {"type": "LineString", "coordinates": [[-77.029703, 38.948996], [-77.029703, 38.949745]]}, "properties": {"STREETNAME": "13TH", "STREETTYPE": "ST", "FHWAFUNCTIONALCLASS": 4}}, {"type": "Feature", "geometry": {"type": "LineString", "coordinates": [[-77.023968, 38.896141], [-77.025987, 38.896141]]}, "properties": {"STREETNAME": "E", "STREETTYPE": "ST", "FHWAFUNCTIONALCLASS": 4}}, {"type": "Feature", "geometry": {"type": "LineString", "coordinates": [[-77.038498, 38.907933], [-77.038498, 38.9087]]}, "properties": {"STREETNAME": "17TH", "STREETTYPE": "ST", "FHWAFUNCTIONALCLASS": 4}}, {"type": "Feature", "geometry": {"type": "LineString", "coordinates": [[-77.032272, 38.978697], [-77.031529, 38.979401]]}, "properties": {"STREETNAME": "ALASKA", "STREETTYPE": "AVE", "FHWAFUNCTIONALCLASS": 4}}, {"type": "Feature", "geometry": {"type": "LineString", "coordinates": [[-77.040662, 38.912616], [-77.039959, 38.913366]]}, "properties": {"STREETNAME": "NEW HAMPSHIRE", "STREETTYPE": "AVE", "FHWAFUNCTIONALCLASS": 4}}, {"type": "Feature", "geometry": {"type": "LineString", "coordinates": [[-77.059344, 38.92448], [-77.060735, 38.925569]]}, "properties": {"STREETNAME": "CLEVELAND", "STREETTYPE": "AVE", "FHWAFUNCTIONALCLASS": 4}}, {"type": "Feature", "geometry": {"type": "LineString", "coordinates": [[-77.022444, 38.959161], [-77.022963, 38.95933]]}, "properties": {"STREETNAME": "MISSOURI", "STREETTYPE": "AVE", "FHWAFUNCTIONALCLASS": 3}}, {"type": "Feature", "geometry": {"type": "LineString", "coordinates": [[-77.054721, 38.92905], [-77.056263, 38.931703]]}, "properties": {"STREETNAME": "CONNECTICUT", "STREETTYPE": "AVE", "FHWAFUNCTIONALCLASS": 3}}, {"type": "Feature", "geometry": {"type": "LineString", "coordinates": [[-77.046576, 38.914038], [-77.046855, 38.91379], [-77.046953, 38.913638]]}, "properties": {"STREETNAME": "FLORIDA", "STREETTYPE": "AVE", "FHWAFUNCTIONALCLASS": 4}}, {"type": "Feature", "geometry": {"type": "LineString", "coordinates": [[-77.031965, 38.889535], [-77.031964, 38.890424]]}, "properties": {"STREETNAME": "14TH", "STREETTYPE": "ST", "FHWAFUNCTIONALCLASS": 3}}, {"type": "Feature", "geometry": {"type": "LineString", "coordinates": [[-77.019901, 38.904171], [-77.019903, 38.905651]]}, "properties": {"STREETNAME": "6TH", "STREETTYPE": "ST", "FHWAFUNCTIONALCLASS": 4}}, {"type": "Feature", "geometry": {"type": "LineString", "coordinates": [[-77.066387, 38.937114], [-77.066389, 38.937343]]}, "properties": {"STREETNAME": "34TH", "STREETTYPE": "ST", "FHWAFUNCTIONALCLASS": 4}}, {"type": "Feature", "geometry": {"type": "LineString", "coordinates": [[-77.019911, 38.900875], [-77.019921, 38.901477]]}, "properties": {"STREETNAME": "6TH", "STREETTYPE": "ST", "FHWAFUNCTIONALCLASS": 4}}, {"type": "Feature", "geometry": {"type": "LineString", "coordinates": [[-77.032519, 38.927546], [-77.034823, 38.927384], [-77.035087, 38.927304], [-77.035527, 38.927058]]}, "properties": {"STREETNAME": "COLUMBIA", "STREETTYPE": "RD", "FHWAFUNCTIONALCLASS": 4}}, {"type": "Feature", "geometry": {"type": "LineString", "coordinates": [[-77.048799, 38.909642], [-77.048799, 38.910331], [-77.048748, 38.911138]]}, "properties": {"STREETNAME": "22ND", "STREETTYPE": "ST", "FHWAFUNCTIONALCLASS": 4}}, {"type": "Feature", "geometry": {"type": "LineString", "coordinates": [[-77.059245, 38.936832], [-77.06006, 38.938234]]}, "properties": {"STREETNAME": "CONNECTICUT", "STREETTYPE": "AVE", "FHWAFUNCTIONALCLASS": 3}}, {"type": "Feature", "geometry": {"type": "LineString", "coordinates": [[-77.02971, 38.927645], [-77.02971, 38.928643]]}, "properties": {"STREETNAME": "13TH", "STREETTYPE": "ST", "FHWAFUNCTIONALCLASS": 4}}, {"type": "Feature", "geometry": {"type": "LineString", "coordinates": [[-77.031965, 38.901346], [-77.031957, 38.902531]]}, "properties": {"STREETNAME": "14TH", "STREETTYPE": "ST", "FHWAFUNCTIONALCLASS": 3}}, {"type": "Feature", "geometry": {"type": "LineString", "coordinates": [[-77.037957, 38.900209], [-77.03945, 38.900216]]}, "properties": {"STREETNAME": "H", "STREETTYPE": "ST", "FHWAFUNCTIONALCLASS": 3}}, {"type": "Feature", "geometry": {"type": "LineString", "coordinates": [[-77.03849, 38.910392], [-77.038489, 38.911133]]}, "properties": {"STREETNAME": "17TH", "STREETTYPE": "ST", "FHWAFUNCTIONALCLASS": 4}}, {"type": "Feature", "geometry": {"type": "LineString", "coordinates": [[-77.018439, 38.944225], [-77.017625, 38.945322]]}, "properties": {"STREETNAME": "NEW HAMPSHIRE", "STREETTYPE": "AVE", "FHWAFUNCTIONALCLASS": 4}}, {"type": "Feature", "geometry": {"type": "LineString", "coordinates": [[-77.019903, 38.897347], [-77.019908, 38.898318]]}, "properties": {"STREETNAME": "6TH", "STREETTYPE": "ST", "FHWAFUNCTIONALCLASS": 4}}, {"type": "Feature", "geometry": {"type": "LineString", "coordinates": [[-77.089172, 38.934548], [-77.088688, 38.934912]]}, "properties": {"STREETNAME": "NEBRASKA", "STREETTYPE": "AVE", "FHWAFUNCTIONALCLASS": 3}}, {"type": "Feature", "geometry": {"type": "LineString", "coordinates": [[-77.061748, 38.926359], [-77.063242, 38.927528]]}, "properties": {"STREETNAME": "CLEVELAND", "STREETTYPE": "AVE", "FHWAFUNCTIONALCLASS": 4}}, {"type": "Feature", "geometry": {"type": "LineString", "coordinates": [[-77.042022, 38.920598], [-77.042687, 38.922669]]}, "properties": {"STREETNAME": "18TH", "STREETTYPE": "ST", "FHWAFUNCTIONALCLASS": 4}}, {"type": "Feature", "geometry": {"type": "LineString", "coordinates": [[-77.029703, 38.948266], [-77.029703, 38.948728]]}, "properties": {"STREETNAME": "13TH", "STREETTYPE": "ST", "FHWAFUNCTIONALCLASS": 4}}, {"type": "Feature", "geometry": {"type": "LineString", "coordinates": [[-77.031958, 38.898324], [-77.031954, 38.8994]]}, "properties": {"STREETNAME": "14TH", "STREETTYPE": "ST", "FHWAFUNCTIONALCLASS": 3}}, {"type": "Feature", "geometry": {"type": "LineString", "coordinates": [[-77.029699, 38.954089], [-77.029697, 38.955156]]}, "properties": {"STREETNAME": "13TH", "STREETTYPE": "ST", "FHWAFUNCTIONALCLASS": 4}}, {"type": "Feature", "geometry": {"type": "LineString", "coordinates": [[-77.066391, 38.934657], [-77.066391, 38.935147]]}, "properties": {"STREETNAME": "34TH", "STREETTYPE": "ST", "FHWAFUNCTIONALCLASS": 4}}, {"type": "Feature", "geometry": {"type": "LineString", "coordinates": [[-77.027712, 38.964961], [-77.027605, 38.96614]]}, "properties": {"STREETNAME": "GEORGIA", "STREETTYPE": "AVE", "FHWAFUNCTIONALCLASS": 3}}, {"type": "Feature", "geometry": {"type": "LineString", "coordinates": [[-77.036556, 38.900209], [-77.037957, 38.900209]]}, "properties": {"STREETNAME": "H", "STREETTYPE": "ST", "FHWAFUNCTIONALCLASS": 3}}, {"type": "Feature", "geometry": {"type": "LineString", "coordinates": [[-77.029696, 38.961514], [-77.032004, 38.961846]]}, "properties": {"STREETNAME": "MISSOURI", "STREETTYPE": "AVE", "FHWAFUNCTIONALCLASS": 3}}, {"type": "Feature", "geometry": {"type": "LineString", "coordinates": [[-77.050131, 38.900706], [-77.050122, 38.901994]]}, "properties": {"STREETNAME": "23RD", "STREETTYPE": "ST", "FHWAFUNCTIONALCLASS": 3}}, {"type": "Feature", "geometry": {"type": "LineString", "coordinates": [[-77.025989, 38.90147], [-77.026544, 38.901279]]}, "properties": {"STREETNAME": "NEW YORK", "STREETTYPE": "AVE", "FHWAFUNCTIONALCLASS": 3}}, {"type": "Feature", "geometry": {"type": "LineString", "coordinates": [[-77.019904, 38.909651], [-77.019903, 38.91113]]}, "properties": {"STREETNAME": "6TH", "STREETTYPE": "ST", "FHWAFUNCTIONALCLASS": 4}}, {"type": "Feature", "geometry": {"type": "LineString", "coordinates": [[-77.035486, 38.926333], [-77.035527, 38.927058]]}, "properties": {"STREETNAME": "15TH", "STREETTYPE": "ST", "FHWAFUNCTIONALCLASS": 4}}, {"type": "Feature", "geometry": {"type": "LineString", "coordinates": [[-77.032733, 38.933488], [-77.032732, 38.933589]]}, "properties": {"STREETNAME": "14TH", "STREETTYPE": "ST", "FHWAFUNCTIONALCLASS": 4}}, {"type": "Feature", "geometry": {"type": "LineString", "coordinates": [[-77.024045, 38.902936], [-77.024323, 38.903005], [-77.025986, 38.903586]]}, "properties": {"STREETNAME": "MASSACHUSETTS", "STREETTYPE": "AVE", "FHWAFUNCTIONALCLASS": 3}}, {"type": "Feature", "geometry": {"type": "LineString", "coordinates": [[-77.036517, 38.912616], [-77.036516, 38.913354]]}, "properties": {"STREETNAME": "16TH", "STREETTYPE": "ST", "FHWAFUNCTIONALCLASS": 3}}, {"type": "Feature", "geometry": {"type": "LineString", "coordinates": [[-77.069632, 38.954699], [-77.070413, 38.956041]]}, "properties": {"STREETNAME": "CONNECTICUT", "STREETTYPE": "AVE", "FHWAFUNCTIONALCLASS": 3}}, {"type": "Feature", "geometry": {"type": "LineString", "coordinates": [[-77.041667, 38.912616], [-77.041664, 38.913364]]}, "properties": {"STREETNAME": "18TH", "STREETTYPE": "ST", "FHWAFUNCTIONALCLASS": 4}}, {"type": "Feature", "geometry": {"type": "LineString", "coordinates": [[-77.011184, 38.898338], [-77.011907, 38.898645]]}, "properties": {"STREETNAME": "MASSACHUSETTS", "STREETTYPE": "AVE", "FHWAFUNCTIONALCLASS": 3}}, {"type": "Feature", "geometry": {"type": "LineString", "coordinates": [[-77.048851, 38.89211], [-77.050162, 38.892103]]}, "properties": {"STREETNAME": "CONSTITUTION", "STREETTYPE": "AVE", "FHWAFUNCTIONALCLASS": 3}}, {"type": "Feature", "geometry": {"type": "LineString", "coordinates": [[-77.052354, 38.891184], [-77.053197, 38.891522], [-77.054048, 38.892026], [-77.05505, 38.89223]]}, "properties": {"STREETNAME": "OHIO", "STREETTYPE": "DR", "FHWAFUNCTIONALCLASS": 3}}, {"type": "Feature", "geometry": {"type": "LineString", "coordinates": [[-77.02963, 38.9102], [-77.029623, 38.911134]]}, "properties": {"STREETNAME": "13TH", "STREETTYPE": "ST", "FHWAFUNCTIONALCLASS": 4}}, {"type": "Feature", "geometry": {"type": "LineString", "coordinates": [[-77.046651, 38.902534], [-77.053308, 38.902536]]}, "properties": {"STREETNAME": "K", "STREETTYPE": "ST", "FHWAFUNCTIONALCLASS": 3}}, {"type": "Feature", "geometry": {"type": "LineString", "coordinates": [[-77.036941, 38.926293], [-77.037138, 38.926119], [-77.037973, 38.925644]]}, "properties": {"STREETNAME": "COLUMBIA", "STREETTYPE": "RD", "FHWAFUNCTIONALCLASS": 4}}, {"type": "Feature", "geometry": {"type": "LineString", "coordinates": [[-77.033428, 38.955156], [-77.033428, 38.955732]]}, "properties": {"STREETNAME": "14TH", "STREETTYPE": "ST", "FHWAFUNCTIONALCLASS": 4}}, {"type": "Feature", "geometry": {"type": "LineString", "coordinates": [[-77.029646, 38.946133], [-77.029705, 38.946454], [-77.029705, 38.947194]]}, "properties": {"STREETNAME": "13TH", "STREETTYPE": "ST", "FHWAFUNCTIONALCLASS": 4}}, {"type": "Feature", "geometry": {"type": "LineString", "coordinates": [[-77.084627, 38.931387], [-77.084913, 38.931889]]}, "properties": {"STREETNAME": "NEW MEXICO", "STREETTYPE": "AVE", "FHWAFUNCTIONALCLASS": 4}}, {"type": "Feature", "geometry": {"type": "LineString", "coordinates": [[-77.033418, 38.972271], [-77.036373, 38.972277]]}, "properties": {"STREETNAME": "ASPEN", "STREETTYPE": "ST", "FHWAFUNCTIONALCLASS": 4}}, {"type": "Feature", "geometry": {"type": "LineString", "coordinates": [[-77.041664, 38.913364], [-77.041664, 38.9141]]}, "properties": {"STREETNAME": "18TH", "STREETTYPE": "ST", "FHWAFUNCTIONALCLASS": 4}}, {"type": "Feature", "geometry": {"type": "LineString", "coordinates": [[-77.01503, 38.956591], [-77.014947, 38.956711]]}, "properties": {"STREETNAME": "KANSAS", "STREETTYPE": "AVE", "FHWAFUNCTIONALCLASS": 4}}, {"type": "Feature", "geometry": {"type": "LineString", "coordinates": [[-77.036446, 38.939745], [-77.036433, 38.940816]]}, "properties": {"STREETNAME": "16TH", "STREETTYPE": "ST", "FHWAFUNCTIONALCLASS": 3}}, {"type": "Feature", "geometry": {"type": "LineString", "coordinates": [[-77.036366, 38.974871], [-77.036351, 38.978698]]}, "properties": {"STREETNAME": "16TH", "STREETTYPE": "ST", "FHWAFUNCTIONALCLASS": 3}}, {"type": "Feature", "geometry": {"type": "LineString", "coordinates": [[-77.025993, 38.89209], [-77.02814, 38.892093]]}, "properties": {"STREETNAME": "CONSTITUTION", "STREETTYPE": "AVE", "FHWAFUNCTIONALCLASS": 3}}, {"type": "Feature", "geometry": {"type": "LineString", "coordinates": [[-77.033427, 38.957289], [-77.033428, 38.958359]]}, "properties": {"STREETNAME": "14TH", "STREETTYPE": "ST", "FHWAFUNCTIONALCLASS": 4}}, {"type": "Feature", "geometry": {"type": "LineString", "coordinates": [[-77.085238, 38.932452], [-77.085838, 38.933508]]}, "properties": {"STREETNAME": "NEW MEXICO", "STREETTYPE": "AVE", "FHWAFUNCTIONALCLASS": 4}}, {"type": "Feature", "geometry": {"type": "LineString", "coordinates": [[-77.066355, 38.92433], [-77.06692, 38.924383], [-77.067226, 38.924447]]}, "properties": {"STREETNAME": "MASSACHUSETTS", "STREETTYPE": "AVE", "FHWAFUNCTIONALCLASS": 3}}, {"type": "Feature", "geometry": {"type": "LineString", "coordinates": [[-77.041701, 38.901345], [-77.043463, 38.901344]]}, "properties": {"STREETNAME": "I", "STREETTYPE": "ST", "FHWAFUNCTIONALCLASS": 3}}, {"type": "Feature", "geometry": {"type": "LineString", "coordinates": [[-77.021925, 38.919998], [-77.02206, 38.92097]]}, "properties": {"STREETNAME": "GEORGIA", "STREETTYPE": "AVE", "FHWAFUNCTIONALCLASS": 3}}, {"type": "Feature", "geometry": {"type": "LineString", "coordinates": [[-77.023097, 38.928131], [-77.023231, 38.929049]]}, "properties": {"STREETNAME": "GEORGIA", "STREETTYPE": "AVE", "FHWAFUNCTIONALCLASS": 3}}, {"type": "Feature", "geometry": {"type": "LineString", "coordinates": [[-77.015627, 38.948014], [-77.015218, 38.948566]]}, "properties": {"STREETNAME": "NEW HAMPSHIRE", "STREETTYPE": "AVE", "FHWAFUNCTIONALCLASS": 4}}, {"type": "Feature", "geometry": {"type": "LineString", "coordinates": [[-77.035496, 38.918122], [-77.034782, 38.918881], [-77.034612, 38.919137]]}, "properties": {"STREETNAME": "NEW HAMPSHIRE", "STREETTYPE": "AVE", "FHWAFUNCTIONALCLASS": 4}}, {"type": "Feature", "geometry": {"type": "LineString", "coordinates": [[-77.061137, 38.902601], [-77.062757, 38.902606]]}, "properties": {"STREETNAME": "K", "STREETTYPE": "ST", "FHWAFUNCTIONALCLASS": 4}}, {"type": "Feature", "geometry": {"type": "LineString", "coordinates": [[-77.039463, 38.898821], [-77.03945, 38.900216]]}, "properties": {"STREETNAME": "17TH", "STREETTYPE": "ST", "FHWAFUNCTIONALCLASS": 3}}, {"type": "Feature", "geometry": {"type": "LineString", "coordinates": [[-77.041691, 38.902533], [-77.041675, 38.903751]]}, "properties": {"STREETNAME": "18TH", "STREETTYPE": "ST", "FHWAFUNCTIONALCLASS": 4}}, {"type": "Feature", "geometry": {"type": "LineString", "coordinates": [[-77.036433, 38.940816], [-77.036444, 38.941882]]}, "properties": {"STREETNAME": "16TH", "STREETTYPE": "ST", "FHWAFUNCTIONALCLASS": 3}}, {"type": "Feature", "geometry": {"type": "LineString", "coordinates": [[-77.034566, 38.907942], [-77.034563, 38.90871]]}, "properties": {"STREETNAME": "15TH", "STREETTYPE": "ST", "FHWAFUNCTIONALCLASS": 4}}, {"type": "Feature", "geometry": {"type": "LineString", "coordinates": [[-77.013807, 38.974789], [-77.014849, 38.974889]]}, "properties": {"STREETNAME": "CARROLL", "STREETTYPE": "ST", "FHWAFUNCTIONALCLASS": 4}}, {"type": "Feature", "geometry": {"type": "LineString", "coordinates": [[-77.033428, 38.958359], [-77.033427, 38.959291]]}, "properties": {"STREETNAME": "14TH", "STREETTYPE": "ST", "FHWAFUNCTIONALCLASS": 4}}, {"type": "Feature", "geometry": {"type": "LineString", "coordinates": [[-77.018279, 38.930564], [-77.019832, 38.930315]]}, "properties": {"STREETNAME": "KENYON", "STREETTYPE": "ST", "FHWAFUNCTIONALCLASS": 4}}, {"type": "Feature", "geometry": {"type": "LineString", "coordinates": [[-77.028177, 38.957288], [-77.028232, 38.957815], [-77.028237, 38.958359]]}, "properties": {"STREETNAME": "GEORGIA", "STREETTYPE": "AVE", "FHWAFUNCTIONALCLASS": 3}}, {"type": "Feature", "geometry": {"type": "LineString", "coordinates": [[-77.029697, 38.957285], [-77.029698, 38.958357]]}, "properties": {"STREETNAME": "13TH", "STREETTYPE": "ST", "FHWAFUNCTIONALCLASS": 4}}, {"type": "Feature", "geometry": {"type": "LineString", "coordinates": [[-77.031954, 38.914102], [-77.031955, 38.914839]]}, "properties": {"STREETNAME": "14TH", "STREETTYPE": "ST", "FHWAFUNCTIONALCLASS": 3}}, {"type": "Feature", "geometry": {"type": "LineString", "coordinates": [[-77.033256, 38.949746], [-77.033366, 38.949853], [-77.033425, 38.949972]]}, "properties": {"STREETNAME": "IOWA", "STREETTYPE": "AVE", "FHWAFUNCTIONALCLASS": 4}}, {"type": "Feature", "geometry": {"type": "LineString", "coordinates": [[-77.036433, 38.947249], [-77.036426, 38.948268]]}, "properties": {"STREETNAME": "16TH", "STREETTYPE": "ST", "FHWAFUNCTIONALCLASS": 3}}, {"type": "Feature", "geometry": {"type": "LineString", "coordinates": [[-77.043695, 38.923245], [-77.044698, 38.923247]]}, "properties": {"STREETNAME": "CALVERT", "STREETTYPE": "ST", "FHWAFUNCTIONALCLASS": 4}}, {"type": "Feature", "geometry": {"type": "LineString", "coordinates": [[-77.015816, 38.955513], [-77.01503, 38.956591]]}, "properties": {"STREETNAME": "KANSAS", "STREETTYPE": "AVE", "FHWAFUNCTIONALCLASS": 4}}, {"type": "Feature", "geometry": {"type": "LineString", "coordinates": [[-77.029703, 38.948728], [-77.029439, 38.949054]]}, "properties": {"STREETNAME": "ARKANSAS", "STREETTYPE": "AVE", "FHWAFUNCTIONALCLASS": 4}}, {"type": "Feature", "geometry": {"type": "LineString", "coordinates": [[-77.02397, 38.913345], [-77.02397, 38.914094]]}, "properties": {"STREETNAME": "9TH", "STREETTYPE": "ST", "FHWAFUNCTIONALCLASS": 4}}, {"type": "Feature", "geometry": {"type": "LineString", "coordinates": [[-77.05677, 38.91663], [-77.057357, 38.917067]]}, "properties": {"STREETNAME": "MASSACHUSETTS", "STREETTYPE": "AVE", "FHWAFUNCTIONALCLASS": 3}}, {"type": "Feature", "geometry": {"type": "LineString", "coordinates": [[-77.016183, 38.904887], [-77.018151, 38.904197]]}, "properties": {"STREETNAME": "NEW YORK", "STREETTYPE": "AVE", "FHWAFUNCTIONALCLASS": 3}}, {"type": "Feature", "geometry": {"type": "LineString", "coordinates": [[-77.112027, 38.937384], [-77.111953, 38.937849], [-77.111946, 38.938828], [-77.112074, 38.939257], [-77.112416, 38.939823], [-77.112524, 38.940065]]}, "properties": {"STREETNAME": "MACARTHUR", "STREETTYPE": "BLVD", "FHWAFUNCTIONALCLASS": 4}}, {"type": "Feature", "geometry": {"type": "LineString", "coordinates": [[-77.040162, 38.918066], [-77.040257, 38.918004], [-77.040429, 38.917784]]}, "properties": {"STREETNAME": "FLORIDA", "STREETTYPE": "AVE", "FHWAFUNCTIONALCLASS": 4}}, {"type": "Feature", "geometry": {"type": "LineString", "coordinates": [[-77.036544, 38.902533], [-77.038512, 38.902531]]}, "properties": {"STREETNAME": "K", "STREETTYPE": "ST", "FHWAFUNCTIONALCLASS": 3}}, {"type": "Feature", "geometry": {"type": "LineString", "coordinates": [[-77.026228, 38.933744], [-77.02599, 38.934062]]}, "properties": {"STREETNAME": "NEW HAMPSHIRE", "STREETTYPE": "AVE", "FHWAFUNCTIONALCLASS": 4}}, {"type": "Feature", "geometry": {"type": "LineString", "coordinates": [[-77.046069, 38.917028], [-77.046288, 38.916555], [-77.046347, 38.915997]]}, "properties": {"STREETNAME": "COLUMBIA", "STREETTYPE": "RD", "FHWAFUNCTIONALCLASS": 4}}, {"type": "Feature", "geometry": {"type": "LineString", "coordinates": [[-77.016304, 38.972353], [-77.016823, 38.973296], [-77.017056, 38.973614]]}, "properties": {"STREETNAME": "BLAIR", "STREETTYPE": "RD", "FHWAFUNCTIONALCLASS": 4}}, {"type": "Feature", "geometry": {"type": "LineString", "coordinates": [[-77.074317, 38.951477], [-77.073732, 38.952159]]}, "properties": {"STREETNAME": "NEBRASKA", "STREETTYPE": "AVE", "FHWAFUNCTIONALCLASS": 3}}, {"type": "Feature", "geometry": {"type": "LineString", "coordinates": [[-77.031953, 38.907247], [-77.031952, 38.908846]]}, "properties": {"STREETNAME": "14TH", "STREETTYPE": "ST", "FHWAFUNCTIONALCLASS": 3}}, {"type": "Feature", "geometry": {"type": "LineString", "coordinates": [[-77.028083, 38.899819], [-77.028074, 38.900752]]}, "properties": {"STREETNAME": "12TH", "STREETTYPE": "ST", "FHWAFUNCTIONALCLASS": 4}}, {"type": "Feature", "geometry": {"type": "LineString", "coordinates": [[-77.023972, 38.908582], [-77.023972, 38.909654]]}, "properties": {"STREETNAME": "9TH", "STREETTYPE": "ST", "FHWAFUNCTIONALCLASS": 4}}, {"type": "Feature", "geometry": {"type": "LineString", "coordinates": [[-77.032734, 38.933174], [-77.032733, 38.933488]]}, "properties": {"STREETNAME": "14TH", "STREETTYPE": "ST", "FHWAFUNCTIONALCLASS": 4}}, {"type": "Feature", "geometry": {"type": "LineString", "coordinates": [[-77.08994, 38.925109], [-77.090043, 38.925963]]}, "properties": {"STREETNAME": "FOXHALL", "STREETTYPE": "RD", "FHWAFUNCTIONALCLASS": 4}}, {"type": "Feature", "geometry": {"type": "LineString", "coordinates": [[-77.038872, 38.928807], [-77.041309, 38.928824]]}, "properties": {"STREETNAME": "IRVING", "STREETTYPE": "ST", "FHWAFUNCTIONALCLASS": 4}}, {"type": "Feature", "geometry": {"type": "LineString", "coordinates": [[-77.028078, 38.901339], [-77.029625, 38.901334]]}, "properties": {"STREETNAME": "I", "STREETTYPE": "ST", "FHWAFUNCTIONALCLASS": 3}}, {"type": "Feature", "geometry": {"type": "LineString", "coordinates": [[-77.036444, 38.941882], [-77.036428, 38.942943]]}, "properties": {"STREETNAME": "16TH", "STREETTYPE": "ST", "FHWAFUNCTIONALCLASS": 3}}, {"type": "Feature", "geometry": {"type": "LineString", "coordinates": [[-77.023803, 38.933025], [-77.023894, 38.93365]]}, "properties": {"STREETNAME": "GEORGIA", "STREETTYPE": "AVE", "FHWAFUNCTIONALCLASS": 3}}, {"type": "Feature", "geometry": {"type": "LineString", "coordinates": [[-77.032734, 38.936271], [-77.032733, 38.937086]]}, "properties": {"STREETNAME": "14TH", "STREETTYPE": "ST", "FHWAFUNCTIONALCLASS": 4}}, {"type": "Feature", "geometry": {"type": "LineString", "coordinates": [[-77.096126, 38.91695], [-77.096687, 38.917463]]}, "properties": {"STREETNAME": "MACARTHUR", "STREETTYPE": "BLVD", "FHWAFUNCTIONALCLASS": 4}}, {"type": "Feature", "geometry": {"type": "LineString", "coordinates": [[-77.029679, 38.920507], [-77.031943, 38.920072]]}, "properties": {"STREETNAME": "FLORIDA", "STREETTYPE": "AVE", "FHWAFUNCTIONALCLASS": 4}}, {"type": "Feature", "geometry": {"type": "LineString", "coordinates": [[-77.093253, 38.932611], [-77.09509, 38.93237], [-77.095623, 38.932354], [-77.096172, 38.932387]]}, "properties": {"STREETNAME": "LOUGHBORO", "STREETTYPE": "RD", "FHWAFUNCTIONALCLASS": 3}}, {"type": "Feature", "geometry": {"type": "LineString", "coordinates": [[-77.023965, 38.907252], [-77.023972, 38.908582]]}, "properties": {"STREETNAME": "9TH", "STREETTYPE": "ST", "FHWAFUNCTIONALCLASS": 4}}, {"type": "Feature", "geometry": {"type": "LineString", "coordinates": [[-77.023972, 38.909654], [-77.02397, 38.911133]]}, "properties": {"STREETNAME": "9TH", "STREETTYPE": "ST", "FHWAFUNCTIONALCLASS": 4}}, {"type": "Feature", "geometry": {"type": "LineString", "coordinates": [[-77.052686, 38.961611], [-77.052843, 38.961585], [-77.053599, 38.961308], [-77.054269, 38.961164], [-77.055184, 38.961049], [-77.056203, 38.961021]]}, "properties": {"STREETNAME": "MILITARY", "STREETTYPE": "RD", "FHWAFUNCTIONALCLASS": 3}}, {"type": "Feature", "geometry": {"type": "LineString", "coordinates": [[-77.022966, 38.927234], [-77.023024, 38.927628]]}, "properties": {"STREETNAME": "GEORGIA", "STREETTYPE": "AVE", "FHWAFUNCTIONALCLASS": 3}}, {"type": "Feature", "geometry": {"type": "LineString", "coordinates": [[-77.106704, 38.926363], [-77.106296, 38.926615]]}, "properties": {"STREETNAME": "ARIZONA", "STREETTYPE": "AVE", "FHWAFUNCTIONALCLASS": 3}}, {"type": "Feature", "geometry": {"type": "LineString", "coordinates": [[-77.030152, 38.948264], [-77.02996, 38.948417], [-77.029703, 38.948728]]}, "properties": {"STREETNAME": "ARKANSAS", "STREETTYPE": "AVE", "FHWAFUNCTIONALCLASS": 4}}, {"type": "Feature", "geometry": {"type": "LineString", "coordinates": [[-77.043451, 38.906465], [-77.043447, 38.907251]]}, "properties": {"STREETNAME": "19TH", "STREETTYPE": "ST", "FHWAFUNCTIONALCLASS": 4}}, {"type": "Feature", "geometry": {"type": "LineString", "coordinates": [[-77.050162, 38.892103], [-77.050303, 38.892176], [-77.050631, 38.892248], [-77.050872, 38.892378], [-77.052524, 38.893804], [-77.052812, 38.893975], [-77.053091, 38.894065], [-77.053252, 38.894093], [-77.05355, 38.894084], [-77.054029, 38.893982], [-77.054222, 38.893886], [-77.055126, 38.893272], [-77.055453, 38.893146]]}, "properties": {"STREETNAME": "CONSTITUTION", "STREETTYPE": "AVE", "FHWAFUNCTIONALCLASS": 3}}, {"type": "Feature", "geometry": {"type": "LineString", "coordinates": [[-77.041705, 38.898322], [-77.041707, 38.899602]]}, "properties": {"STREETNAME": "18TH", "STREETTYPE": "ST", "FHWAFUNCTIONALCLASS": 4}}, {"type": "Feature", "geometry": {"type": "LineString", "coordinates": [[-77.023975, 38.894804], [-77.023968, 38.896141]]}, "properties": {"STREETNAME": "9TH", "STREETTYPE": "ST", "FHWAFUNCTIONALCLASS": 4}}, {"type": "Feature", "geometry": {"type": "LineString", "coordinates": [[-77.090267, 38.941107], [-77.090864, 38.94154]]}, "properties": {"STREETNAME": "MASSACHUSETTS", "STREETTYPE": "AVE", "FHWAFUNCTIONALCLASS": 3}}, {"type": "Feature", "geometry": {"type": "LineString", "coordinates": [[-77.047237, 38.917748], [-77.0476, 38.918439], [-77.047739, 38.918553], [-77.047942, 38.918621]]}, "properties": {"STREETNAME": "CONNECTICUT", "STREETTYPE": "AVE", "FHWAFUNCTIONALCLASS": 3}}, {"type": "Feature", "geometry": {"type": "LineString", "coordinates": [[-77.03649, 38.92274], [-77.036493, 38.923258]]}, "properties": {"STREETNAME": "16TH", "STREETTYPE": "ST", "FHWAFUNCTIONALCLASS": 3}}, {"type": "Feature", "geometry": {"type": "LineString", "coordinates": [[-77.041672, 38.911542], [-77.041356, 38.911878]]}, "properties": {"STREETNAME": "NEW HAMPSHIRE", "STREETTYPE": "AVE", "FHWAFUNCTIONALCLASS": 4}}, {"type": "Feature", "geometry": {"type": "LineString", "coordinates": [[-77.026882, 38.98383], [-77.026845, 38.983917], [-77.026669, 38.98413], [-77.0266, 38.984287]]}, "properties": {"STREETNAME": "ALASKA", "STREETTYPE": "AVE", "FHWAFUNCTIONALCLASS": 4}}, {"type": "Feature", "geometry": {"type": "LineString", "coordinates": [[-77.026452, 38.933452], [-77.026228, 38.933744]]}, "properties": {"STREETNAME": "NEW HAMPSHIRE", "STREETTYPE": "AVE", "FHWAFUNCTIONALCLASS": 4}}, {"type": "Feature", "geometry": {"type": "LineString", "coordinates": [[-77.036475, 38.929173], [-77.03646, 38.930458]]}, "properties": {"STREETNAME": "16TH", "STREETTYPE": "ST", "FHWAFUNCTIONALCLASS": 3}}, {"type": "Feature", "geometry": {"type": "LineString", "coordinates": [[-77.045208, 38.918393], [-77.045492, 38.917941]]}, "properties": {"STREETNAME": "COLUMBIA", "STREETTYPE": "RD", "FHWAFUNCTIONALCLASS": 4}}, {"type": "Feature", "geometry": {"type": "LineString", "coordinates": [[-77.02963, 38.909107], [-77.02932, 38.909156], [-77.029133, 38.909249], [-77.028983, 38.909411], [-77.028909, 38.909648]]}, "properties": {"STREETNAME": "LOGAN", "STREETTYPE": "CIR", "FHWAFUNCTIONALCLASS": 3}}, {"type": "Feature", "geometry": {"type": "LineString", "coordinates": [[-77.019908, 38.896138], [-77.02192, 38.89614]]}, "properties": {"STREETNAME": "E", "STREETTYPE": "ST", "FHWAFUNCTIONALCLASS": 4}}, {"type": "Feature", "geometry": {"type": "LineString", "coordinates": [[-77.009048, 38.954823], [-77.009414, 38.954899], [-77.010303, 38.955187]]}, "properties": {"STREETNAME": "MISSOURI", "STREETTYPE": "AVE", "FHWAFUNCTIONALCLASS": 3}}, {"type": "Feature", "geometry": {"type": "LineString", "coordinates": [[-77.024018, 38.902529], [-77.025989, 38.90253]]}, "properties": {"STREETNAME": "K", "STREETTYPE": "ST", "FHWAFUNCTIONALCLASS": 3}}, {"type": "Feature", "geometry": {"type": "LineString", "coordinates": [[-77.046742, 38.916775], [-77.047237, 38.917748]]}, "properties": {"STREETNAME": "CONNECTICUT", "STREETTYPE": "AVE", "FHWAFUNCTIONALCLASS": 3}}, {"type": "Feature", "geometry": {"type": "LineString", "coordinates": [[-77.027883, 38.955156], [-77.028031, 38.956224]]}, "properties": {"STREETNAME": "GEORGIA", "STREETTYPE": "AVE", "FHWAFUNCTIONALCLASS": 3}}, {"type": "Feature", "geometry": {"type": "LineString", "coordinates": [[-77.040589, 38.904743], [-77.041128, 38.905671]]}, "properties": {"STREETNAME": "CONNECTICUT", "STREETTYPE": "AVE", "FHWAFUNCTIONALCLASS": 3}}, {"type": "Feature", "geometry": {"type": "LineString", "coordinates": [[-77.033648, 38.895487], [-77.033652, 38.89641]]}, "properties": {"STREETNAME": "15TH", "STREETTYPE": "ST", "FHWAFUNCTIONALCLASS": 3}}, {"type": "Feature", "geometry": {"type": "LineString", "coordinates": [[-77.025986, 38.903586], [-77.026596, 38.903799]]}, "properties": {"STREETNAME": "MASSACHUSETTS", "STREETTYPE": "AVE", "FHWAFUNCTIONALCLASS": 3}}, {"type": "Feature", "geometry": {"type": "LineString", "coordinates": [[-77.037973, 38.925644], [-77.038452, 38.925365]]}, "properties": {"STREETNAME": "COLUMBIA", "STREETTYPE": "RD", "FHWAFUNCTIONALCLASS": 4}}, {"type": "Feature", "geometry": {"type": "LineString", "coordinates": [[-77.012163, 38.906276], [-77.013411, 38.905844]]}, "properties": {"STREETNAME": "NEW YORK", "STREETTYPE": "AVE", "FHWAFUNCTIONALCLASS": 3}}, {"type": "Feature", "geometry": {"type": "LineString", "coordinates": [[-77.048815, 38.905276], [-77.048808, 38.906441]]}, "properties": {"STREETNAME": "22ND", "STREETTYPE": "ST", "FHWAFUNCTIONALCLASS": 4}}, {"type": "Feature", "geometry": {"type": "LineString", "coordinates": [[-77.02971, 38.928643], [-77.029711, 38.929664]]}, "properties": {"STREETNAME": "13TH", "STREETTYPE": "ST", "FHWAFUNCTIONALCLASS": 4}}, {"type": "Feature", "geometry": {"type": "LineString", "coordinates": [[-77.02066, 38.915746], [-77.021205, 38.915976]]}, "properties": {"STREETNAME": "FLORIDA", "STREETTYPE": "AVE", "FHWAFUNCTIONALCLASS": 3}}, {"type": "Feature", "geometry": {"type": "LineString", "coordinates": [[-77.047126, 38.913322], [-77.047473, 38.912707], [-77.047555, 38.912616]]}, "properties": {"STREETNAME": "FLORIDA", "STREETTYPE": "AVE", "FHWAFUNCTIONALCLASS": 4}}, {"type": "Feature", "geometry": {"type": "LineString", "coordinates": [[-77.100525, 38.919001], [-77.101, 38.919817], [-77.101794, 38.920714], [-77.104264, 38.923019], [-77.104816, 38.923415], [-77.107127, 38.924806]]}, "properties": {"STREETNAME": "CANAL", "STREETTYPE": "RD", "FHWAFUNCTIONALCLASS": 3}}, {"type": "Feature", "geometry": {"type": "LineString", "coordinates": [[-77.06006, 38.938234], [-77.060737, 38.939397]]}, "properties": {"STREETNAME": "CONNECTICUT", "STREETTYPE": "AVE", "FHWAFUNCTIONALCLASS": 3}}, {"type": "Feature", "geometry": {"type": "LineString", "coordinates": [[-77.04492, 38.895437], [-77.04492, 38.896002]]}, "properties": {"STREETNAME": "20TH", "STREETTYPE": "ST", "FHWAFUNCTIONALCLASS": 4}}, {"type": "Feature", "geometry": {"type": "LineString", "coordinates": [[-77.025982, 38.90418], [-77.02705, 38.904174]]}, "properties": {"STREETNAME": "L", "STREETTYPE": "ST", "FHWAFUNCTIONALCLASS": 4}}, {"type": "Feature", "geometry": {"type": "LineString", "coordinates": [[-77.038498, 38.9087], [-77.038492, 38.909652]]}, "properties": {"STREETNAME": "17TH", "STREETTYPE": "ST", "FHWAFUNCTIONALCLASS": 4}}, {"type": "Feature", "geometry": {"type": "LineString", "coordinates": [[-77.043451, 38.905664], [-77.0449, 38.905664]]}, "properties": {"STREETNAME": "M", "STREETTYPE": "ST", "FHWAFUNCTIONALCLASS": 4}}, {"type": "Feature", "geometry": {"type": "LineString", "coordinates": [[-77.036498, 38.919153], [-77.038475, 38.91853]]}, "properties": {"STREETNAME": "FLORIDA", "STREETTYPE": "AVE", "FHWAFUNCTIONALCLASS": 4}}, {"type": "Feature", "geometry": {"type": "LineString", "coordinates": [[-77.028098, 38.895026], [-77.028083, 38.89614]]}, "properties": {"STREETNAME": "12TH", "STREETTYPE": "ST", "FHWAFUNCTIONALCLASS": 4}}, {"type": "Feature", "geometry": {"type": "LineString", "coordinates": [[-77.012915, 38.900208], [-77.013681, 38.900211]]}, "properties": {"STREETNAME": "H", "STREETTYPE": "ST", "FHWAFUNCTIONALCLASS": 3}}, {"type": "Feature", "geometry": {"type": "LineString", "coordinates": [[-77.020414, 38.927003], [-77.020468, 38.927433], [-77.020452, 38.927542]]}, "properties": {"STREETNAME": "5TH", "STREETTYPE": "ST", "FHWAFUNCTIONALCLASS": 4}}, {"type": "Feature", "geometry": {"type": "LineString", "coordinates": [[-77.032732, 38.937617], [-77.032732, 38.937908]]}, "properties": {"STREETNAME": "14TH", "STREETTYPE": "ST", "FHWAFUNCTIONALCLASS": 4}}, {"type": "Feature", "geometry": {"type": "LineString", "coordinates": [[-77.045409, 38.933217], [-77.046527, 38.932757]]}, "properties": {"STREETNAME": "KLINGLE", "STREETTYPE": "RD", "FHWAFUNCTIONALCLASS": 4}}, {"type": "Feature", "geometry": {"type": "LineString", "coordinates": [[-77.022966, 38.927234], [-77.023217, 38.927141], [-77.023488, 38.927084], [-77.025941, 38.926862]]}, "properties": {"STREETNAME": "HARVARD", "STREETTYPE": "ST", "FHWAFUNCTIONALCLASS": 4}}, {"type": "Feature", "geometry": {"type": "LineString", "coordinates": [[-77.024022, 38.90418], [-77.023995, 38.905653]]}, "properties": {"STREETNAME": "9TH", "STREETTYPE": "ST", "FHWAFUNCTIONALCLASS": 4}}, {"type": "Feature", "geometry": {"type": "LineString", "coordinates": [[-77.028086, 38.903747], [-77.02963, 38.903745]]}, "properties": {"STREETNAME": "L", "STREETTYPE": "ST", "FHWAFUNCTIONALCLASS": 4}}, {"type": "Feature", "geometry": {"type": "LineString", "coordinates": [[-77.027286, 38.95081], [-77.027386, 38.951546]]}, "properties": {"STREETNAME": "GEORGIA", "STREETTYPE": "AVE", "FHWAFUNCTIONALCLASS": 3}}, {"type": "Feature", "geometry": {"type": "LineString", "coordinates": [[-77.040429, 38.917784], [-77.040556, 38.917616]]}, "properties": {"STREETNAME": "FLORIDA", "STREETTYPE": "AVE", "FHWAFUNCTIONALCLASS": 4}}, {"type": "Feature", "geometry": {"type": "LineString", "coordinates": [[-77.043463, 38.901344], [-77.043462, 38.902532]]}, "properties": {"STREETNAME": "19TH", "STREETTYPE": "ST", "FHWAFUNCTIONALCLASS": 4}}, {"type": "Feature", "geometry": {"type": "LineString", "coordinates": [[-77.03947, 38.894348], [-77.039466, 38.895404]]}, "properties": {"STREETNAME": "17TH", "STREETTYPE": "ST", "FHWAFUNCTIONALCLASS": 3}}, {"type": "Feature", "geometry": {"type": "LineString", "coordinates": [[-77.070413, 38.956041], [-77.07111, 38.957231]]}, "properties": {"STREETNAME": "CONNECTICUT", "STREETTYPE": "AVE", "FHWAFUNCTIONALCLASS": 3}}, {"type": "Feature", "geometry": {"type": "LineString", "coordinates": [[-77.089565, 38.922582], [-77.089716, 38.923267], [-77.08994, 38.925109]]}, "properties": {"STREETNAME": "FOXHALL", "STREETTYPE": "RD", "FHWAFUNCTIONALCLASS": 4}}, {"type": "Feature", "geometry": {"type": "LineString", "coordinates": [[-77.02192, 38.89614], [-77.022958, 38.896142]]}, "properties": {"STREETNAME": "E", "STREETTYPE": "ST", "FHWAFUNCTIONALCLASS": 4}}, {"type": "Feature", "geometry": {"type": "LineString", "coordinates": [[-77.031283, 38.946133], [-77.030799, 38.947351]]}, "properties": {"STREETNAME": "ARKANSAS", "STREETTYPE": "AVE", "FHWAFUNCTIONALCLASS": 4}}, {"type": "Feature", "geometry": {"type": "LineString", "coordinates": [[-77.019912, 38.899819], [-77.021917, 38.899821]]}, "properties": {"STREETNAME": "H", "STREETTYPE": "ST", "FHWAFUNCTIONALCLASS": 4}}, {"type": "Feature", "geometry": {"type": "LineString", "coordinates": [[-77.090712, 38.928876], [-77.090759, 38.929051]]}, "properties": {"STREETNAME": "FOXHALL", "STREETTYPE": "RD", "FHWAFUNCTIONALCLASS": 4}}, {"type": "Feature", "geometry": {"type": "LineString", "coordinates": [[-77.019564, 38.943626], [-77.019711, 38.943551], [-77.019855, 38.943419], [-77.019939, 38.943259], [-77.019956, 38.943108]]}, "properties": {"STREETNAME": "GRANT", "STREETTYPE": "CIR", "FHWAFUNCTIONALCLASS": 4}}, {"type": "Feature", "geometry": {"type": "LineString", "coordinates": [[-77.050138, 38.893506], [-77.050131, 38.895359]]}, "properties": {"STREETNAME": "23RD", "STREETTYPE": "ST", "FHWAFUNCTIONALCLASS": 3}}, {"type": "Feature", "geometry": {"type": "LineString", "coordinates": [[-77.056263, 38.931703], [-77.057317, 38.933518]]}, "properties": {"STREETNAME": "CONNECTICUT", "STREETTYPE": "AVE", "FHWAFUNCTIONALCLASS": 3}}, {"type": "Feature", "geometry": {"type": "LineString", "coordinates": [[-77.013641, 38.892091], [-77.015234, 38.892094]]}, "properties": {"STREETNAME": "CONSTITUTION", "STREETTYPE": "AVE", "FHWAFUNCTIONALCLASS": 3}}, {"type": "Feature", "geometry": {"type": "LineString", "coordinates": [[-77.023981, 38.889625], [-77.023964, 38.892087]]}, "properties": {"STREETNAME": "9TH", "STREETTYPE": "ST", "FHWAFUNCTIONALCLASS": 2}}, {"type": "Feature", "geometry": {"type": "LineString", "coordinates": [[-77.031952, 38.908846], [-77.031954, 38.909655]]}, "properties": {"STREETNAME": "14TH", "STREETTYPE": "ST", "FHWAFUNCTIONALCLASS": 3}}, {"type": "Feature", "geometry": {"type": "LineString", "coordinates": [[-77.031954, 38.8994], [-77.033539, 38.898857], [-77.033644, 38.89879]]}, "properties": {"STREETNAME": "NEW YORK", "STREETTYPE": "AVE", "FHWAFUNCTIONALCLASS": 4}}, {"type": "Feature", "geometry": {"type": "LineString", "coordinates": [[-77.010715, 38.962365], [-77.010969, 38.962708]]}, "properties": {"STREETNAME": "BLAIR", "STREETTYPE": "RD", "FHWAFUNCTIONALCLASS": 4}}, {"type": "Feature", "geometry": {"type": "LineString", "coordinates": [[-77.03308, 38.903746], [-77.034579, 38.903745]]}, "properties": {"STREETNAME": "L", "STREETTYPE": "ST", "FHWAFUNCTIONALCLASS": 4}}, {"type": "Feature", "geometry": {"type": "LineString", "coordinates": [[-77.029998, 38.909174], [-77.029851, 38.909124], [-77.02963, 38.909107]]}, "properties": {"STREETNAME": "LOGAN", "STREETTYPE": "CIR", "FHWAFUNCTIONALCLASS": 3}}, {"type": "Feature", "geometry": {"type": "LineString", "coordinates": [[-77.027038, 38.908584], [-77.027038, 38.909652]]}, "properties": {"STREETNAME": "11TH", "STREETTYPE": "ST", "FHWAFUNCTIONALCLASS": 4}}, {"type": "Feature", "geometry": {"type": "LineString", "coordinates": [[-77.02397, 38.914094], [-77.023969, 38.914838]]}, "properties": {"STREETNAME": "9TH", "STREETTYPE": "ST", "FHWAFUNCTIONALCLASS": 4}}, {"type": "Feature", "geometry": {"type": "LineString", "coordinates": [[-77.049574, 38.943373], [-77.049597, 38.943613], [-77.049712, 38.944014], [-77.049689, 38.944219]]}, "properties": {"STREETNAME": "BEACH", "STREETTYPE": "DR", "FHWAFUNCTIONALCLASS": 4}}, {"type": "Feature", "geometry": {"type": "LineString", "coordinates": [[-77.067327, 38.950734], [-77.06773, 38.951422]]}, "properties": {"STREETNAME": "CONNECTICUT", "STREETTYPE": "AVE", "FHWAFUNCTIONALCLASS": 3}}, {"type": "Feature", "geometry": {"type": "LineString", "coordinates": [[-77.044904, 38.901345], [-77.0449, 38.902533]]}, "properties": {"STREETNAME": "20TH", "STREETTYPE": "ST", "FHWAFUNCTIONALCLASS": 4}}, {"type": "Feature", "geometry": {"type": "LineString", "coordinates": [[-77.040678, 38.892108], [-77.041733, 38.892108]]}, "properties": {"STREETNAME": "CONSTITUTION", "STREETTYPE": "AVE", "FHWAFUNCTIONALCLASS": 3}}, {"type": "Feature", "geometry": {"type": "LineString", "coordinates": [[-77.019203, 38.942061], [-77.019226, 38.942579]]}, "properties": {"STREETNAME": "5TH", "STREETTYPE": "ST", "FHWAFUNCTIONALCLASS": 4}}, {"type": "Feature", "geometry": {"type": "LineString", "coordinates": [[-77.021909, 38.889638], [-77.02191, 38.890546]]}, "properties": {"STREETNAME": "7TH", "STREETTYPE": "ST", "FHWAFUNCTIONALCLASS": 3}}, {"type": "Feature", "geometry": {"type": "LineString", "coordinates": [[-77.036526, 38.90965], [-77.036523, 38.910391]]}, "properties": {"STREETNAME": "16TH", "STREETTYPE": "ST", "FHWAFUNCTIONALCLASS": 3}}, {"type": "Feature", "geometry": {"type": "LineString", "coordinates": [[-77.029635, 38.98126], [-77.029479, 38.981349], [-77.027962, 38.982788]]}, "properties": {"STREETNAME": "ALASKA", "STREETTYPE": "AVE", "FHWAFUNCTIONALCLASS": 4}}, {"type": "Feature", "geometry": {"type": "LineString", "coordinates": [[-77.023231, 38.929049], [-77.023372, 38.930026]]}, "properties": {"STREETNAME": "GEORGIA", "STREETTYPE": "AVE", "FHWAFUNCTIONALCLASS": 3}}, {"type": "Feature", "geometry": {"type": "LineString", "coordinates": [[-77.101584, 38.928607], [-77.100572, 38.929496]]}, "properties": {"STREETNAME": "ARIZONA", "STREETTYPE": "AVE", "FHWAFUNCTIONALCLASS": 3}}, {"type": "Feature", "geometry": {"type": "LineString", "coordinates": [[-77.026787, 38.947198], [-77.026935, 38.948264]]}, "properties": {"STREETNAME": "GEORGIA", "STREETTYPE": "AVE", "FHWAFUNCTIONALCLASS": 3}}, {"type": "Feature", "geometry": {"type": "LineString", "coordinates": [[-77.03273, 38.940814], [-77.03273, 38.941875]]}, "properties": {"STREETNAME": "14TH", "STREETTYPE": "ST", "FHWAFUNCTIONALCLASS": 4}}, {"type": "Feature", "geometry": {"type": "LineString", "coordinates": [[-77.00982, 38.911131], [-77.011454, 38.911823]]}, "properties": {"STREETNAME": "FLORIDA", "STREETTYPE": "AVE", "FHWAFUNCTIONALCLASS": 3}}, {"type": "Feature", "geometry": {"type": "LineString", "coordinates": [[-77.021917, 38.898454], [-77.021917, 38.899821]]}, "properties": {"STREETNAME": "7TH", "STREETTYPE": "ST", "FHWAFUNCTIONALCLASS": 3}}, {"type": "Feature", "geometry": {"type": "LineString", "coordinates": [[-77.031842, 38.920608], [-77.031876, 38.921094]]}, "properties": {"STREETNAME": "14TH", "STREETTYPE": "ST", "FHWAFUNCTIONALCLASS": 4}}, {"type": "Feature", "geometry": {"type": "LineString", "coordinates": [[-77.023958, 38.916998], [-77.023946, 38.917772]]}, "properties": {"STREETNAME": "9TH", "STREETTYPE": "ST", "FHWAFUNCTIONALCLASS": 4}}, {"type": "Feature", "geometry": {"type": "LineString", "coordinates": [[-77.073164, 38.928619], [-77.073738, 38.929033]]}, "properties": {"STREETNAME": "MASSACHUSETTS", "STREETTYPE": "AVE", "FHWAFUNCTIONALCLASS": 3}}, {"type": "Feature", "geometry": {"type": "LineString", "coordinates": [[-77.021902, 38.892086], [-77.021921, 38.893303]]}, "properties": {"STREETNAME": "7TH", "STREETTYPE": "ST", "FHWAFUNCTIONALCLASS": 3}}, {"type": "Feature", "geometry": {"type": "LineString", "coordinates": [[-77.018024, 38.974493], [-77.018129, 38.974671], [-77.018247, 38.974756]]}, "properties": {"STREETNAME": "BLAIR", "STREETTYPE": "RD", "FHWAFUNCTIONALCLASS": 4}}, {"type": "Feature", "geometry": {"type": "LineString", "coordinates": [[-77.024018, 38.902529], [-77.024045, 38.902936]]}, "properties": {"STREETNAME": "9TH", "STREETTYPE": "ST", "FHWAFUNCTIONALCLASS": 3}}, {"type": "Feature", "geometry": {"type": "LineString", "coordinates": [[-77.02735, 38.968987], [-77.027267, 38.969932]]}, "properties": {"STREETNAME": "GEORGIA", "STREETTYPE": "AVE", "FHWAFUNCTIONALCLASS": 3}}, {"type": "Feature", "geometry": {"type": "LineString", "coordinates": [[-77.036435, 38.944007], [-77.036429, 38.94507]]}, "properties": {"STREETNAME": "16TH", "STREETTYPE": "ST", "FHWAFUNCTIONALCLASS": 3}}, {"type": "Feature", "geometry": {"type": "LineString", "coordinates": [[-77.084058, 38.907988], [-77.085277, 38.908525], [-77.086314, 38.908884]]}, "properties": {"STREETNAME": "MACARTHUR", "STREETTYPE": "BLVD", "FHWAFUNCTIONALCLASS": 4}}, {"type": "Feature", "geometry": {"type": "LineString", "coordinates": [[-77.048748, 38.911138], [-77.048735, 38.911422], [-77.048792, 38.911509]]}, "properties": {"STREETNAME": "22ND", "STREETTYPE": "ST", "FHWAFUNCTIONALCLASS": 4}}, {"type": "Feature", "geometry": {"type": "LineString", "coordinates": [[-77.024212, 38.935769], [-77.0243, 38.936336]]}, "properties": {"STREETNAME": "GEORGIA", "STREETTYPE": "AVE", "FHWAFUNCTIONALCLASS": 3}}, {"type": "Feature", "geometry": {"type": "LineString", "coordinates": [[-77.025127, 38.942959], [-77.024324, 38.94405]]}, "properties": {"STREETNAME": "KANSAS", "STREETTYPE": "AVE", "FHWAFUNCTIONALCLASS": 4}}, {"type": "Feature", "geometry": {"type": "LineString", "coordinates": [[-77.04973, 38.902977], [-77.049044, 38.903683], [-77.048886, 38.903764]]}, "properties": {"STREETNAME": "NEW HAMPSHIRE", "STREETTYPE": "AVE", "FHWAFUNCTIONALCLASS": 4}}, {"type": "Feature", "geometry": {"type": "LineString", "coordinates": [[-77.009612, 38.961006], [-77.009861, 38.961347], [-77.010715, 38.962365]]}, "properties": {"STREETNAME": "BLAIR", "STREETTYPE": "RD", "FHWAFUNCTIONALCLASS": 4}}, {"type": "Feature", "geometry": {"type": "LineString", "coordinates": [[-77.041675, 38.903751], [-77.041689, 38.905663]]}, "properties": {"STREETNAME": "18TH", "STREETTYPE": "ST", "FHWAFUNCTIONALCLASS": 4}}, {"type": "Feature", "geometry": {"type": "LineString", "coordinates": [[-77.041703, 38.900219], [-77.041701, 38.901345]]}, "properties": {"STREETNAME": "18TH", "STREETTYPE": "ST", "FHWAFUNCTIONALCLASS": 4}}, {"type": "Feature", "geometry": {"type": "LineString", "coordinates": [[-77.029265, 38.910128], [-77.02963, 38.9102]]}, "properties": {"STREETNAME": "LOGAN", "STREETTYPE": "CIR", "FHWAFUNCTIONALCLASS": 3}}, {"type": "Feature", "geometry": {"type": "LineString", "coordinates": [[-77.088707, 38.916447], [-77.088781, 38.917341], [-77.088775, 38.918034]]}, "properties": {"STREETNAME": "FOXHALL", "STREETTYPE": "RD", "FHWAFUNCTIONALCLASS": 4}}, {"type": "Feature", "geometry": {"type": "LineString", "coordinates": [[-77.041679, 38.909038], [-77.041673, 38.909651]]}, "properties": {"STREETNAME": "18TH", "STREETTYPE": "ST", "FHWAFUNCTIONALCLASS": 4}}, {"type": "Feature", "geometry": {"type": "LineString", "coordinates": [[-77.012154, 38.931247], [-77.014875, 38.93122], [-77.015211, 38.931168], [-77.015636, 38.931037]]}, "properties": {"STREETNAME": "IRVING", "STREETTYPE": "ST", "FHWAFUNCTIONALCLASS": 4}}, {"type": "Feature", "geometry": {"type": "LineString", "coordinates": [[-77.019978, 38.915458], [-77.02066, 38.915746]]}, "properties": {"STREETNAME": "FLORIDA", "STREETTYPE": "AVE", "FHWAFUNCTIONALCLASS": 3}}, {"type": "Feature", "geometry": {"type": "LineString", "coordinates": [[-77.043474, 38.895406], [-77.043468, 38.895987]]}, "properties": {"STREETNAME": "19TH", "STREETTYPE": "ST", "FHWAFUNCTIONALCLASS": 4}}, {"type": "Feature", "geometry": {"type": "LineString", "coordinates": [[-77.01591, 38.908582], [-77.016156, 38.909255]]}, "properties": {"STREETNAME": "NEW JERSEY", "STREETTYPE": "AVE", "FHWAFUNCTIONALCLASS": 4}}, {"type": "Feature", "geometry": {"type": "LineString", "coordinates": [[-77.026235, 38.928831], [-77.027512, 38.928712]]}, "properties": {"STREETNAME": "IRVING", "STREETTYPE": "ST", "FHWAFUNCTIONALCLASS": 4}}, {"type": "Feature", "geometry": {"type": "LineString", "coordinates": [[-77.094802, 38.944416], [-77.096766, 38.945852]]}, "properties": {"STREETNAME": "MASSACHUSETTS", "STREETTYPE": "AVE", "FHWAFUNCTIONALCLASS": 3}}, {"type": "Feature", "geometry": {"type": "LineString", "coordinates": [[-77.04347, 38.897363], [-77.043471, 38.898329]]}, "properties": {"STREETNAME": "19TH", "STREETTYPE": "ST", "FHWAFUNCTIONALCLASS": 4}}, {"type": "Feature", "geometry": {"type": "LineString", "coordinates": [[-77.034533, 38.918121], [-77.034532, 38.918409], [-77.034635, 38.918849], [-77.034612, 38.919137]]}, "properties": {"STREETNAME": "15TH", "STREETTYPE": "ST", "FHWAFUNCTIONALCLASS": 4}}, {"type": "Feature", "geometry": {"type": "LineString", "coordinates": [[-77.014947, 38.956711], [-77.014221, 38.957668]]}, "properties": {"STREETNAME": "KANSAS", "STREETTYPE": "AVE", "FHWAFUNCTIONALCLASS": 4}}, {"type": "Feature", "geometry": {"type": "LineString", "coordinates": [[-77.051516, 38.923537], [-77.052296, 38.924878]]}, "properties": {"STREETNAME": "CONNECTICUT", "STREETTYPE": "AVE", "FHWAFUNCTIONALCLASS": 3}}, {"type": "Feature", "geometry": {"type": "LineString", "coordinates": [[-77.021526, 38.947813], [-77.02107, 38.948432]]}, "properties": {"STREETNAME": "KANSAS", "STREETTYPE": "AVE", "FHWAFUNCTIONALCLASS": 4}}, {"type": "Feature", "geometry": {"type": "LineString", "coordinates": [[-77.09851, 38.920257], [-77.098527, 38.92095], [-77.098587, 38.921169], [-77.098722, 38.921365], [-77.099431, 38.922078]]}, "properties": {"STREETNAME": "MACARTHUR", "STREETTYPE": "BLVD", "FHWAFUNCTIONALCLASS": 4}}, {"type": "Feature", "geometry": {"type": "LineString", "coordinates": [[-77.036479, 38.928695], [-77.036475, 38.929173]]}, "properties": {"STREETNAME": "16TH", "STREETTYPE": "ST", "FHWAFUNCTIONALCLASS": 3}}, {"type": "Feature", "geometry": {"type": "LineString", "coordinates": [[-77.091066, 38.932423], [-77.091072, 38.933205]]}, "properties": {"STREETNAME": "FOXHALL", "STREETTYPE": "RD", "FHWAFUNCTIONALCLASS": 4}}, {"type": "Feature", "geometry": {"type": "LineString", "coordinates": [[-77.02971, 38.927645], [-77.032519, 38.927546]]}, "properties": {"STREETNAME": "COLUMBIA", "STREETTYPE": "RD", "FHWAFUNCTIONALCLASS": 4}}, {"type": "Feature", "geometry": {"type": "LineString", "coordinates": [[-77.033419, 38.971513], [-77.033418, 38.972271]]}, "properties": {"STREETNAME": "14TH", "STREETTYPE": "ST", "FHWAFUNCTIONALCLASS": 4}}, {"type": "Feature", "geometry": {"type": "LineString", "coordinates": [[-77.072539, 38.959695], [-77.072906, 38.960324]]}, "properties": {"STREETNAME": "CONNECTICUT", "STREETTYPE": "AVE", "FHWAFUNCTIONALCLASS": 3}}, {"type": "Feature", "geometry": {"type": "LineString", "coordinates": [[-77.099431, 38.922078], [-77.099589, 38.922239]]}, "properties": {"STREETNAME": "MACARTHUR", "STREETTYPE": "BLVD", "FHWAFUNCTIONALCLASS": 4}}, {"type": "Feature", "geometry": {"type": "LineString", "coordinates": [[-77.024862, 38.91919], [-77.025134, 38.919632], [-77.025169, 38.919968]]}, "properties": {"STREETNAME": "FLORIDA", "STREETTYPE": "AVE", "FHWAFUNCTIONALCLASS": 4}}, {"type": "Feature", "geometry": {"type": "LineString", "coordinates": [[-77.0449, 38.905664], [-77.046344, 38.905664], [-77.046648, 38.905633]]}, "properties": {"STREETNAME": "M", "STREETTYPE": "ST", "FHWAFUNCTIONALCLASS": 4}}, {"type": "Feature", "geometry": {"type": "LineString", "coordinates": [[-77.029637, 38.900224], [-77.029625, 38.901334]]}, "properties": {"STREETNAME": "13TH", "STREETTYPE": "ST", "FHWAFUNCTIONALCLASS": 4}}, {"type": "Feature", "geometry": {"type": "LineString", "coordinates": [[-77.054166, 38.928096], [-77.054721, 38.92905]]}, "properties": {"STREETNAME": "CONNECTICUT", "STREETTYPE": "AVE", "FHWAFUNCTIONALCLASS": 3}}, {"type": "Feature", "geometry": {"type": "LineString", "coordinates": [[-77.013673, 38.958403], [-77.013424, 38.95874]]}, "properties": {"STREETNAME": "KANSAS", "STREETTYPE": "AVE", "FHWAFUNCTIONALCLASS": 4}}, {"type": "Feature", "geometry": {"type": "LineString", "coordinates": [[-77.018349, 38.922743], [-77.018246, 38.923574], [-77.018272, 38.92377], [-77.018345, 38.923958], [-77.018542, 38.92422], [-77.019058, 38.924673], [-77.019958, 38.925719], [-77.020184, 38.926079], [-77.020328, 38.926473]]}, "properties": {"STREETNAME": "4TH", "STREETTYPE": "ST", "FHWAFUNCTIONALCLASS": 4}}, {"type": "Feature", "geometry": {"type": "LineString", "coordinates": [[-77.024693, 38.938692], [-77.024966, 38.939751]]}, "properties": {"STREETNAME": "GEORGIA", "STREETTYPE": "AVE", "FHWAFUNCTIONALCLASS": 3}}, {"type": "Feature", "geometry": {"type": "LineString", "coordinates": [[-77.033426, 38.956514], [-77.033427, 38.957289]]}, "properties": {"STREETNAME": "14TH", "STREETTYPE": "ST", "FHWAFUNCTIONALCLASS": 4}}, {"type": "Feature", "geometry": {"type": "LineString", "coordinates": [[-77.033427, 38.959291], [-77.033428, 38.959642]]}, "properties": {"STREETNAME": "14TH", "STREETTYPE": "ST", "FHWAFUNCTIONALCLASS": 4}}, {"type": "Feature", "geometry": {"type": "LineString", "coordinates": [[-77.036396, 38.960844], [-77.036396, 38.961522]]}, "properties": {"STREETNAME": "16TH", "STREETTYPE": "ST", "FHWAFUNCTIONALCLASS": 3}}, {"type": "Feature", "geometry": {"type": "LineString", "coordinates": [[-77.069427, 38.954344], [-77.069632, 38.954699]]}, "properties": {"STREETNAME": "CONNECTICUT", "STREETTYPE": "AVE", "FHWAFUNCTIONALCLASS": 3}}, {"type": "Feature", "geometry": {"type": "LineString", "coordinates": [[-77.014253, 38.968669], [-77.014962, 38.96993]]}, "properties": {"STREETNAME": "BLAIR", "STREETTYPE": "RD", "FHWAFUNCTIONALCLASS": 4}}, {"type": "Feature", "geometry": {"type": "LineString", "coordinates": [[-77.02814, 38.892093], [-77.031966, 38.892101]]}, "properties": {"STREETNAME": "CONSTITUTION", "STREETTYPE": "AVE", "FHWAFUNCTIONALCLASS": 3}}, {"type": "Feature", "geometry": {"type": "LineString", "coordinates": [[-77.035311, 38.923441], [-77.035392, 38.924807]]}, "properties": {"STREETNAME": "15TH", "STREETTYPE": "ST", "FHWAFUNCTIONALCLASS": 4}}, {"type": "Feature", "geometry": {"type": "LineString", "coordinates": [[-77.045686, 38.90725], [-77.044924, 38.90807]]}, "properties": {"STREETNAME": "NEW HAMPSHIRE", "STREETTYPE": "AVE", "FHWAFUNCTIONALCLASS": 4}}, {"type": "Feature", "geometry": {"type": "LineString", "coordinates": [[-77.048792, 38.911509], [-77.048863, 38.911439], [-77.04887, 38.911135]]}, "properties": {"STREETNAME": "FLORIDA", "STREETTYPE": "AVE", "FHWAFUNCTIONALCLASS": 3}}, {"type": "Feature", "geometry": {"type": "LineString", "coordinates": [[-77.0449, 38.902533], [-77.044902, 38.90375]]}, "properties": {"STREETNAME": "20TH", "STREETTYPE": "ST", "FHWAFUNCTIONALCLASS": 4}}, {"type": "Feature", "geometry": {"type": "LineString", "coordinates": [[-77.048886, 38.903764], [-77.048819, 38.904087], [-77.048815, 38.905276]]}, "properties": {"STREETNAME": "22ND", "STREETTYPE": "ST", "FHWAFUNCTIONALCLASS": 4}}, {"type": "Feature", "geometry": {"type": "LineString", "coordinates": [[-77.018929, 38.901132], [-77.019482, 38.901327]]}, "properties": {"STREETNAME": "MASSACHUSETTS", "STREETTYPE": "AVE", "FHWAFUNCTIONALCLASS": 3}}, {"type": "Feature", "geometry": {"type": "LineString", "coordinates": [[-77.012177, 38.900207], [-77.012915, 38.900208]]}, "properties": {"STREETNAME": "H", "STREETTYPE": "ST", "FHWAFUNCTIONALCLASS": 3}}, {"type": "Feature", "geometry": {"type": "LineString", "coordinates": [[-77.019909, 38.902528], [-77.019908, 38.903585]]}, "properties": {"STREETNAME": "6TH", "STREETTYPE": "ST", "FHWAFUNCTIONALCLASS": 4}}, {"type": "Feature", "geometry": {"type": "LineString", "coordinates": [[-77.044902, 38.900713], [-77.046653, 38.9007]]}, "properties": {"STREETNAME": "I", "STREETTYPE": "ST", "FHWAFUNCTIONALCLASS": 3}}, {"type": "Feature", "geometry": {"type": "LineString", "coordinates": [[-77.073732, 38.952159], [-77.073623, 38.952283]]}, "properties": {"STREETNAME": "NEBRASKA", "STREETTYPE": "AVE", "FHWAFUNCTIONALCLASS": 3}}, {"type": "Feature", "geometry": {"type": "LineString", "coordinates": [[-77.036544, 38.892104], [-77.039483, 38.892108]]}, "properties": {"STREETNAME": "CONSTITUTION", "STREETTYPE": "AVE", "FHWAFUNCTIONALCLASS": 3}}, {"type": "Feature", "geometry": {"type": "LineString", "coordinates": [[-77.026383, 38.92981], [-77.027747, 38.929683]]}, "properties": {"STREETNAME": "KENYON", "STREETTYPE": "ST", "FHWAFUNCTIONALCLASS": 4}}, {"type": "Feature", "geometry": {"type": "LineString", "coordinates": [[-77.009066, 38.900216], [-77.012177, 38.900207]]}, "properties": {"STREETNAME": "H", "STREETTYPE": "ST", "FHWAFUNCTIONALCLASS": 3}}, {"type": "Feature", "geometry": {"type": "LineString", "coordinates": [[-77.021921, 38.893303], [-77.021913, 38.893885]]}, "properties": {"STREETNAME": "7TH", "STREETTYPE": "ST", "FHWAFUNCTIONALCLASS": 3}}, {"type": "Feature", "geometry": {"type": "LineString", "coordinates": [[-77.011557, 38.963804], [-77.012144, 38.964963]]}, "properties": {"STREETNAME": "BLAIR", "STREETTYPE": "RD", "FHWAFUNCTIONALCLASS": 4}}, {"type": "Feature", "geometry": {"type": "LineString", "coordinates": [[-77.027052, 38.903956], [-77.027528, 38.904122]]}, "properties": {"STREETNAME": "MASSACHUSETTS", "STREETTYPE": "AVE", "FHWAFUNCTIONALCLASS": 3}}, {"type": "Feature", "geometry": {"type": "LineString", "coordinates": [[-77.041689, 38.905663], [-77.041684, 38.906244], [-77.041593, 38.906467]]}, "properties": {"STREETNAME": "18TH", "STREETTYPE": "ST", "FHWAFUNCTIONALCLASS": 4}}, {"type": "Feature", "geometry": {"type": "LineString", "coordinates": [[-77.029701, 38.951879], [-77.029699, 38.952912]]}, "properties": {"STREETNAME": "13TH", "STREETTYPE": "ST", "FHWAFUNCTIONALCLASS": 4}}, {"type": "Feature", "geometry": {"type": "LineString", "coordinates": [[-77.009053, 38.910803], [-77.00982, 38.911131]]}, "properties": {"STREETNAME": "FLORIDA", "STREETTYPE": "AVE", "FHWAFUNCTIONALCLASS": 3}}, {"type": "Feature", "geometry": {"type": "LineString", "coordinates": [[-77.072025, 38.927786], [-77.072757, 38.928317]]}, "properties": {"STREETNAME": "MASSACHUSETTS", "STREETTYPE": "AVE", "FHWAFUNCTIONALCLASS": 3}}, {"type": "Feature", "geometry": {"type": "LineString", "coordinates": [[-77.0162, 38.900184], [-77.018186, 38.900875]]}, "properties": {"STREETNAME": "MASSACHUSETTS", "STREETTYPE": "AVE", "FHWAFUNCTIONALCLASS": 3}}, {"type": "Feature", "geometry": {"type": "LineString", "coordinates": [[-77.02206, 38.92097], [-77.02226, 38.922347]]}, "properties": {"STREETNAME": "GEORGIA", "STREETTYPE": "AVE", "FHWAFUNCTIONALCLASS": 3}}, {"type": "Feature", "geometry": {"type": "LineString", "coordinates": [[-77.017334, 38.915917], [-77.01746, 38.916759]]}, "properties": {"STREETNAME": "4TH", "STREETTYPE": "ST", "FHWAFUNCTIONALCLASS": 4}}, {"type": "Feature", "geometry": {"type": "LineString", "coordinates": [[-77.048792, 38.911509], [-77.050295, 38.912031]]}, "properties": {"STREETNAME": "MASSACHUSETTS", "STREETTYPE": "AVE", "FHWAFUNCTIONALCLASS": 3}}, {"type": "Feature", "geometry": {"type": "LineString", "coordinates": [[-77.036199, 38.928683], [-77.036475, 38.929173]]}, "properties": {"STREETNAME": "15TH", "STREETTYPE": "ST", "FHWAFUNCTIONALCLASS": 4}}, {"type": "Feature", "geometry": {"type": "LineString", "coordinates": [[-77.090864, 38.94154], [-77.091875, 38.942277]]}, "properties": {"STREETNAME": "MASSACHUSETTS", "STREETTYPE": "AVE", "FHWAFUNCTIONALCLASS": 3}}, {"type": "Feature", "geometry": {"type": "LineString", "coordinates": [[-77.047342, 38.923256], [-77.050363, 38.923476]]}, "properties": {"STREETNAME": "CALVERT", "STREETTYPE": "ST", "FHWAFUNCTIONALCLASS": 4}}, {"type": "Feature", "geometry": {"type": "LineString", "coordinates": [[-77.044892, 38.907252], [-77.044893, 38.907914], [-77.044924, 38.90807]]}, "properties": {"STREETNAME": "20TH", "STREETTYPE": "ST", "FHWAFUNCTIONALCLASS": 4}}, {"type": "Feature", "geometry": {"type": "LineString", "coordinates": [[-77.0243, 38.936336], [-77.024501, 38.937618]]}, "properties": {"STREETNAME": "GEORGIA", "STREETTYPE": "AVE", "FHWAFUNCTIONALCLASS": 3}}, {"type": "Feature", "geometry": {"type": "LineString", "coordinates": [[-77.036497, 38.920371], [-77.036492, 38.920972]]}, "properties": {"STREETNAME": "16TH", "STREETTYPE": "ST", "FHWAFUNCTIONALCLASS": 3}}, {"type": "Feature", "geometry": {"type": "LineString", "coordinates": [[-77.031951, 38.911876], [-77.031955, 38.912614]]}, "properties": {"STREETNAME": "14TH", "STREETTYPE": "ST", "FHWAFUNCTIONALCLASS": 3}}, {"type": "Feature", "geometry": {"type": "LineString", "coordinates": [[-77.015891, 38.904986], [-77.016183, 38.904887]]}, "properties": {"STREETNAME": "NEW YORK", "STREETTYPE": "AVE", "FHWAFUNCTIONALCLASS": 3}}, {"type": "Feature", "geometry": {"type": "LineString", "coordinates": [[-77.036417, 38.951878], [-77.036417, 38.952543]]}, "properties": {"STREETNAME": "16TH", "STREETTYPE": "ST", "FHWAFUNCTIONALCLASS": 3}}, {"type": "Feature", "geometry": {"type": "LineString", "coordinates": [[-77.025624, 38.942301], [-77.025787, 38.942932]]}, "properties": {"STREETNAME": "GEORGIA", "STREETTYPE": "AVE", "FHWAFUNCTIONALCLASS": 3}}, {"type": "Feature", "geometry": {"type": "LineString", "coordinates": [[-77.070231, 38.905031], [-77.070858, 38.905041], [-77.071509, 38.9051]]}, "properties": {"STREETNAME": "M", "STREETTYPE": "ST", "FHWAFUNCTIONALCLASS": 3}}, {"type": "Feature", "geometry": {"type": "LineString", "coordinates": [[-77.02599, 38.934062], [-77.0252, 38.935125]]}, "properties": {"STREETNAME": "NEW HAMPSHIRE", "STREETTYPE": "AVE", "FHWAFUNCTIONALCLASS": 4}}, {"type": "Feature", "geometry": {"type": "LineString", "coordinates": [[-77.029707, 38.922434], [-77.029713, 38.923773]]}, "properties": {"STREETNAME": "13TH", "STREETTYPE": "ST", "FHWAFUNCTIONALCLASS": 4}}, {"type": "Feature", "geometry": {"type": "LineString", "coordinates": [[-77.036327, 38.989942], [-77.036325, 38.990679]]}, "properties": {"STREETNAME": "16TH", "STREETTYPE": "ST", "FHWAFUNCTIONALCLASS": 3}}, {"type": "Feature", "geometry": {"type": "LineString", "coordinates": [[-77.036498, 38.919153], [-77.036497, 38.920371]]}, "properties": {"STREETNAME": "16TH", "STREETTYPE": "ST", "FHWAFUNCTIONALCLASS": 3}}, {"type": "Feature", "geometry": {"type": "LineString", "coordinates": [[-77.028084, 38.902526], [-77.029628, 38.90253]]}, "properties": {"STREETNAME": "K", "STREETTYPE": "ST", "FHWAFUNCTIONALCLASS": 3}}, {"type": "Feature", "geometry": {"type": "LineString", "coordinates": [[-77.036541, 38.903747], [-77.036536, 38.905662]]}, "properties": {"STREETNAME": "16TH", "STREETTYPE": "ST", "FHWAFUNCTIONALCLASS": 3}}, {"type": "Feature", "geometry": {"type": "LineString", "coordinates": [[-77.047, 38.905861], [-77.046645, 38.90624]]}, "properties": {"STREETNAME": "NEW HAMPSHIRE", "STREETTYPE": "AVE", "FHWAFUNCTIONALCLASS": 4}}, {"type": "Feature", "geometry": {"type": "LineString", "coordinates": [[-77.010038, 38.971714], [-77.010946, 38.972434]]}, "properties": {"STREETNAME": "EASTERN", "STREETTYPE": "AVE", "FHWAFUNCTIONALCLASS": 4}}, {"type": "Feature", "geometry": {"type": "LineString", "coordinates": [[-77.031966, 38.897357], [-77.031958, 38.898324]]}, "properties": {"STREETNAME": "14TH", "STREETTYPE": "ST", "FHWAFUNCTIONALCLASS": 3}}, {"type": "Feature", "geometry": {"type": "LineString", "coordinates": [[-77.071509, 38.9051], [-77.072479, 38.905292], [-77.07417, 38.905488]]}, "properties": {"STREETNAME": "CANAL", "STREETTYPE": "RD", "FHWAFUNCTIONALCLASS": 3}}, {"type": "Feature", "geometry": {"type": "LineString", "coordinates": [[-77.080287, 38.963098], [-77.080288, 38.96401]]}, "properties": {"STREETNAME": "41ST", "STREETTYPE": "ST", "FHWAFUNCTIONALCLASS": 4}}, {"type": "Feature", "geometry": {"type": "LineString", "coordinates": [[-77.023231, 38.929049], [-77.023424, 38.929079], [-77.026235, 38.928831]]}, "properties": {"STREETNAME": "IRVING", "STREETTYPE": "ST", "FHWAFUNCTIONALCLASS": 4}}, {"type": "Feature", "geometry": {"type": "LineString", "coordinates": [[-77.023975, 38.934188], [-77.024024, 38.934514]]}, "properties": {"STREETNAME": "GEORGIA", "STREETTYPE": "AVE", "FHWAFUNCTIONALCLASS": 3}}, {"type": "Feature", "geometry": {"type": "LineString", "coordinates": [[-77.033411, 38.977614], [-77.03297, 38.978032]]}, "properties": {"STREETNAME": "ALASKA", "STREETTYPE": "AVE", "FHWAFUNCTIONALCLASS": 4}}, {"type": "Feature", "geometry": {"type": "LineString", "coordinates": [[-77.034595, 38.901343], [-77.034581, 38.902526]]}, "properties": {"STREETNAME": "15TH", "STREETTYPE": "ST", "FHWAFUNCTIONALCLASS": 4}}, {"type": "Feature", "geometry": {"type": "LineString", "coordinates": [[-77.107127, 38.924806], [-77.106809, 38.925246], [-77.10686, 38.925831], [-77.106699, 38.926271], [-77.106704, 38.926363]]}, "properties": {"STREETNAME": "ARIZONA", "STREETTYPE": "AVE", "FHWAFUNCTIONALCLASS": 3}}, {"type": "Feature", "geometry": {"type": "LineString", "coordinates": [[-77.019903, 38.913044], [-77.0199, 38.914099]]}, "properties": {"STREETNAME": "6TH", "STREETTYPE": "ST", "FHWAFUNCTIONALCLASS": 4}}, {"type": "Feature", "geometry": {"type": "LineString", "coordinates": [[-77.091072, 38.933205], [-77.090786, 38.933349], [-77.090496, 38.933557]]}, "properties": {"STREETNAME": "NEBRASKA", "STREETTYPE": "AVE", "FHWAFUNCTIONALCLASS": 3}}, {"type": "Feature", "geometry": {"type": "LineString", "coordinates": [[-77.098509, 38.919994], [-77.09851, 38.920257]]}, "properties": {"STREETNAME": "MACARTHUR", "STREETTYPE": "BLVD", "FHWAFUNCTIONALCLASS": 4}}, {"type": "Feature", "geometry": {"type": "LineString", "coordinates": [[-77.073312, 38.961025], [-77.074596, 38.961024]]}, "properties": {"STREETNAME": "MILITARY", "STREETTYPE": "RD", "FHWAFUNCTIONALCLASS": 4}}, {"type": "Feature", "geometry": {"type": "LineString", "coordinates": [[-77.082024, 38.961026], [-77.082898, 38.961027]]}, "properties": {"STREETNAME": "MILITARY", "STREETTYPE": "RD", "FHWAFUNCTIONALCLASS": 4}}, {"type": "Feature", "geometry": {"type": "LineString", "coordinates": [[-77.043474, 38.895406], [-77.044798, 38.895412], [-77.04492, 38.895437]]}, "properties": {"STREETNAME": "E", "STREETTYPE": "ST", "FHWAFUNCTIONALCLASS": 3}}, {"type": "Feature", "geometry": {"type": "LineString", "coordinates": [[-77.028084, 38.902526], [-77.028086, 38.903747]]}, "properties": {"STREETNAME": "12TH", "STREETTYPE": "ST", "FHWAFUNCTIONALCLASS": 4}}, {"type": "Feature", "geometry": {"type": "LineString", "coordinates": [[-77.018947, 38.942637], [-77.018785, 38.94272], [-77.018662, 38.942829], [-77.018584, 38.942962], [-77.018551, 38.943151]]}, "properties": {"STREETNAME": "GRANT", "STREETTYPE": "CIR", "FHWAFUNCTIONALCLASS": 4}}, {"type": "Feature", "geometry": {"type": "LineString", "coordinates": [[-77.038498, 38.907933], [-77.041679, 38.909038]]}, "properties": {"STREETNAME": "MASSACHUSETTS", "STREETTYPE": "AVE", "FHWAFUNCTIONALCLASS": 3}}, {"type": "Feature", "geometry": {"type": "LineString", "coordinates": [[-77.093246, 38.915133], [-77.094238, 38.915457], [-77.094675, 38.915637]]}, "properties": {"STREETNAME": "MACARTHUR", "STREETTYPE": "BLVD", "FHWAFUNCTIONALCLASS": 4}}, {"type": "Feature", "geometry": {"type": "LineString", "coordinates": [[-77.015202, 38.890643], [-77.015184, 38.891455]]}, "properties": {"STREETNAME": "3RD", "STREETTYPE": "ST", "FHWAFUNCTIONALCLASS": 3}}, {"type": "Feature", "geometry": {"type": "LineString", "coordinates": [[-77.018911, 38.943613], [-77.018439, 38.944225]]}, "properties": {"STREETNAME": "NEW HAMPSHIRE", "STREETTYPE": "AVE", "FHWAFUNCTIONALCLASS": 4}}, {"type": "Feature", "geometry": {"type": "LineString", "coordinates": [[-77.036479, 38.928695], [-77.037353, 38.928741]]}, "properties": {"STREETNAME": "IRVING", "STREETTYPE": "ST", "FHWAFUNCTIONALCLASS": 4}}, {"type": "Feature", "geometry": {"type": "LineString", "coordinates": [[-77.051516, 38.923537], [-77.052601, 38.92348]]}, "properties": {"STREETNAME": "CALVERT", "STREETTYPE": "ST", "FHWAFUNCTIONALCLASS": 4}}, {"type": "Feature", "geometry": {"type": "LineString", "coordinates": [[-77.021918, 38.909653], [-77.021921, 38.911131]]}, "properties": {"STREETNAME": "7TH", "STREETTYPE": "ST", "FHWAFUNCTIONALCLASS": 3}}, {"type": "Feature", "geometry": {"type": "LineString", "coordinates": [[-77.021918, 38.914096], [-77.021921, 38.91558]]}, "properties": {"STREETNAME": "7TH", "STREETTYPE": "ST", "FHWAFUNCTIONALCLASS": 3}}, {"type": "Feature", "geometry": {"type": "LineString", "coordinates": [[-77.104964, 38.928203], [-77.105719, 38.928882]]}, "properties": {"STREETNAME": "MACARTHUR", "STREETTYPE": "BLVD", "FHWAFUNCTIONALCLASS": 4}}, {"type": "Feature", "geometry": {"type": "LineString", "coordinates": [[-77.019907, 38.894802], [-77.019908, 38.896138]]}, "properties": {"STREETNAME": "6TH", "STREETTYPE": "ST", "FHWAFUNCTIONALCLASS": 4}}, {"type": "Feature", "geometry": {"type": "LineString", "coordinates": [[-77.041689, 38.905663], [-77.043451, 38.905664]]}, "properties": {"STREETNAME": "M", "STREETTYPE": "ST", "FHWAFUNCTIONALCLASS": 4}}, {"type": "Feature", "geometry": {"type": "LineString", "coordinates": [[-77.03945, 38.901348], [-77.039448, 38.902531]]}, "properties": {"STREETNAME": "17TH", "STREETTYPE": "ST", "FHWAFUNCTIONALCLASS": 3}}, {"type": "Feature", "geometry": {"type": "LineString", "coordinates": [[-77.032013, 38.922435], [-77.03204, 38.922694]]}, "properties": {"STREETNAME": "14TH", "STREETTYPE": "ST", "FHWAFUNCTIONALCLASS": 4}}, {"type": "Feature", "geometry": {"type": "LineString", "coordinates": [[-77.029621, 38.897347], [-77.029622, 38.898321]]}, "properties": {"STREETNAME": "13TH", "STREETTYPE": "ST", "FHWAFUNCTIONALCLASS": 4}}, {"type": "Feature", "geometry": {"type": "LineString", "coordinates": [[-77.016829, 38.911127], [-77.017098, 38.911872]]}, "properties": {"STREETNAME": "NEW JERSEY", "STREETTYPE": "AVE", "FHWAFUNCTIONALCLASS": 4}}, {"type": "Feature", "geometry": {"type": "LineString", "coordinates": [[-77.016182, 38.89614], [-77.018928, 38.896136]]}, "properties": {"STREETNAME": "E", "STREETTYPE": "ST", "FHWAFUNCTIONALCLASS": 4}}, {"type": "Feature", "geometry": {"type": "LineString", "coordinates": [[-77.050138, 38.897327], [-77.050137, 38.898335]]}, "properties": {"STREETNAME": "23RD", "STREETTYPE": "ST", "FHWAFUNCTIONALCLASS": 3}}, {"type": "Feature", "geometry": {"type": "LineString", "coordinates": [[-77.028078, 38.901339], [-77.028084, 38.902526]]}, "properties": {"STREETNAME": "12TH", "STREETTYPE": "ST", "FHWAFUNCTIONALCLASS": 4}}, {"type": "Feature", "geometry": {"type": "LineString", "coordinates": [[-77.052673, 38.913628], [-77.053233, 38.914041]]}, "properties": {"STREETNAME": "MASSACHUSETTS", "STREETTYPE": "AVE", "FHWAFUNCTIONALCLASS": 3}}, {"type": "Feature", "geometry": {"type": "LineString", "coordinates": [[-77.03338, 38.969929], [-77.03342, 38.970022], [-77.033419, 38.97073]]}, "properties": {"STREETNAME": "14TH", "STREETTYPE": "ST", "FHWAFUNCTIONALCLASS": 4}}, {"type": "Feature", "geometry": {"type": "LineString", "coordinates": [[-77.019903, 38.912614], [-77.019903, 38.913044]]}, "properties": {"STREETNAME": "6TH", "STREETTYPE": "ST", "FHWAFUNCTIONALCLASS": 4}}, {"type": "Feature", "geometry": {"type": "LineString", "coordinates": [[-77.029626, 38.916293], [-77.029624, 38.917007]]}, "properties": {"STREETNAME": "13TH", "STREETTYPE": "ST", "FHWAFUNCTIONALCLASS": 4}}, {"type": "Feature", "geometry": {"type": "LineString", "coordinates": [[-77.031954, 38.919193], [-77.031943, 38.920072]]}, "properties": {"STREETNAME": "14TH", "STREETTYPE": "ST", "FHWAFUNCTIONALCLASS": 4}}, {"type": "Feature", "geometry": {"type": "LineString", "coordinates": [[-77.030799, 38.947351], [-77.030519, 38.947893], [-77.030335, 38.948113], [-77.030152, 38.948264]]}, "properties": {"STREETNAME": "ARKANSAS", "STREETTYPE": "AVE", "FHWAFUNCTIONALCLASS": 4}}, {"type": "Feature", "geometry": {"type": "LineString", "coordinates": [[-77.036318, 38.99228], [-77.036317, 38.992365]]}, "properties": {"STREETNAME": "16TH", "STREETTYPE": "ST", "FHWAFUNCTIONALCLASS": 3}}, {"type": "Feature", "geometry": {"type": "LineString", "coordinates": [[-77.10198, 38.928272], [-77.101584, 38.928607]]}, "properties": {"STREETNAME": "ARIZONA", "STREETTYPE": "AVE", "FHWAFUNCTIONALCLASS": 3}}, {"type": "Feature", "geometry": {"type": "LineString", "coordinates": [[-77.028093, 38.897351], [-77.02808, 38.898323]]}, "properties": {"STREETNAME": "12TH", "STREETTYPE": "ST", "FHWAFUNCTIONALCLASS": 4}}, {"type": "Feature", "geometry": {"type": "LineString", "coordinates": [[-77.009055, 38.907358], [-77.009562, 38.90718]]}, "properties": {"STREETNAME": "NEW YORK", "STREETTYPE": "AVE", "FHWAFUNCTIONALCLASS": 3}}, {"type": "Feature", "geometry": {"type": "LineString", "coordinates": [[-77.028074, 38.900752], [-77.029637, 38.900224]]}, "properties": {"STREETNAME": "NEW YORK", "STREETTYPE": "AVE", "FHWAFUNCTIONALCLASS": 4}}, {"type": "Feature", "geometry": {"type": "LineString", "coordinates": [[-77.033429, 38.95188], [-77.033428, 38.952914]]}, "properties": {"STREETNAME": "14TH", "STREETTYPE": "ST", "FHWAFUNCTIONALCLASS": 4}}, {"type": "Feature", "geometry": {"type": "LineString", "coordinates": [[-77.01766, 38.902529], [-77.01893, 38.902529]]}, "properties": {"STREETNAME": "K", "STREETTYPE": "ST", "FHWAFUNCTIONALCLASS": 4}}, {"type": "Feature", "geometry": {"type": "LineString", "coordinates": [[-77.038525, 38.901353], [-77.038512, 38.902531]]}, "properties": {"STREETNAME": "17TH", "STREETTYPE": "ST", "FHWAFUNCTIONALCLASS": 4}}, {"type": "Feature", "geometry": {"type": "LineString", "coordinates": [[-77.036399, 38.957361], [-77.036397, 38.958363]]}, "properties": {"STREETNAME": "16TH", "STREETTYPE": "ST", "FHWAFUNCTIONALCLASS": 3}}, {"type": "Feature", "geometry": {"type": "LineString", "coordinates": [[-77.038452, 38.925365], [-77.039151, 38.924953]]}, "properties": {"STREETNAME": "COLUMBIA", "STREETTYPE": "RD", "FHWAFUNCTIONALCLASS": 4}}, {"type": "Feature", "geometry": {"type": "LineString", "coordinates": [[-77.076285, 38.966131], [-77.07663, 38.966724]]}, "properties": {"STREETNAME": "CONNECTICUT", "STREETTYPE": "AVE", "FHWAFUNCTIONALCLASS": 3}}, {"type": "Feature", "geometry": {"type": "LineString", "coordinates": [[-77.032737, 38.931876], [-77.032735, 38.93249]]}, "properties": {"STREETNAME": "14TH", "STREETTYPE": "ST", "FHWAFUNCTIONALCLASS": 4}}, {"type": "Feature", "geometry": {"type": "LineString", "coordinates": [[-77.029625, 38.901334], [-77.029628, 38.90253]]}, "properties": {"STREETNAME": "13TH", "STREETTYPE": "ST", "FHWAFUNCTIONALCLASS": 4}}, {"type": "Feature", "geometry": {"type": "LineString", "coordinates": [[-77.050115, 38.903745], [-77.051416, 38.903748]]}, "properties": {"STREETNAME": "L", "STREETTYPE": "ST", "FHWAFUNCTIONALCLASS": 4}}, {"type": "Feature", "geometry": {"type": "LineString", "coordinates": [[-77.009067, 38.897477], [-77.011184, 38.898338]]}, "properties": {"STREETNAME": "MASSACHUSETTS", "STREETTYPE": "AVE", "FHWAFUNCTIONALCLASS": 3}}, {"type": "Feature", "geometry": {"type": "LineString", "coordinates": [[-77.036426, 38.948268], [-77.036422, 38.949746]]}, "properties": {"STREETNAME": "16TH", "STREETTYPE": "ST", "FHWAFUNCTIONALCLASS": 3}}, {"type": "Feature", "geometry": {"type": "LineString", "coordinates": [[-77.065008, 38.946744], [-77.06568, 38.947903]]}, "properties": {"STREETNAME": "CONNECTICUT", "STREETTYPE": "AVE", "FHWAFUNCTIONALCLASS": 3}}, {"type": "Feature", "geometry": {"type": "LineString", "coordinates": [[-77.109081, 38.932596], [-77.109839, 38.933318], [-77.110633, 38.934387]]}, "properties": {"STREETNAME": "MACARTHUR", "STREETTYPE": "BLVD", "FHWAFUNCTIONALCLASS": 4}}, {"type": "Feature", "geometry": {"type": "LineString", "coordinates": [[-77.027528, 38.904122], [-77.028084, 38.904311]]}, "properties": {"STREETNAME": "MASSACHUSETTS", "STREETTYPE": "AVE", "FHWAFUNCTIONALCLASS": 3}}, {"type": "Feature", "geometry": {"type": "LineString", "coordinates": [[-77.052682, 38.925544], [-77.053283, 38.926577]]}, "properties": {"STREETNAME": "CONNECTICUT", "STREETTYPE": "AVE", "FHWAFUNCTIONALCLASS": 3}}, {"type": "Feature", "geometry": {"type": "LineString", "coordinates": [[-77.028143, 38.957036], [-77.028177, 38.957288]]}, "properties": {"STREETNAME": "GEORGIA", "STREETTYPE": "AVE", "FHWAFUNCTIONALCLASS": 3}}, {"type": "Feature", "geometry": {"type": "LineString", "coordinates": [[-77.036373, 38.969722], [-77.036372, 38.969934]]}, "properties": {"STREETNAME": "16TH", "STREETTYPE": "ST", "FHWAFUNCTIONALCLASS": 3}}, {"type": "Feature", "geometry": {"type": "LineString", "coordinates": [[-77.058048, 38.902557], [-77.0588, 38.902569], [-77.05911, 38.90262]]}, "properties": {"STREETNAME": "K", "STREETTYPE": "ST", "FHWAFUNCTIONALCLASS": 4}}, {"type": "Feature", "geometry": {"type": "LineString", "coordinates": [[-77.038481, 38.913359], [-77.038482, 38.914099]]}, "properties": {"STREETNAME": "17TH", "STREETTYPE": "ST", "FHWAFUNCTIONALCLASS": 4}}, {"type": "Feature", "geometry": {"type": "LineString", "coordinates": [[-77.016751, 38.927543], [-77.017451, 38.92819], [-77.017856, 38.928411], [-77.018406, 38.928545], [-77.019386, 38.928583]]}, "properties": {"STREETNAME": "MICHIGAN", "STREETTYPE": "AVE", "FHWAFUNCTIONALCLASS": 4}}, {"type": "Feature", "geometry": {"type": "LineString", "coordinates": [[-77.011616, 38.955619], [-77.013647, 38.956284]]}, "properties": {"STREETNAME": "MISSOURI", "STREETTYPE": "AVE", "FHWAFUNCTIONALCLASS": 3}}, {"type": "Feature", "geometry": {"type": "LineString", "coordinates": [[-77.035433, 38.906866], [-77.036187, 38.907139]]}, "properties": {"STREETNAME": "MASSACHUSETTS", "STREETTYPE": "AVE", "FHWAFUNCTIONALCLASS": 3}}, {"type": "Feature", "geometry": {"type": "LineString", "coordinates": [[-77.036345, 38.985667], [-77.036341, 38.986405]]}, "properties": {"STREETNAME": "16TH", "STREETTYPE": "ST", "FHWAFUNCTIONALCLASS": 3}}, {"type": "Feature", "geometry": {"type": "LineString", "coordinates": [[-77.036372, 38.970731], [-77.036373, 38.971515]]}, "properties": {"STREETNAME": "16TH", "STREETTYPE": "ST", "FHWAFUNCTIONALCLASS": 3}}, {"type": "Feature", "geometry": {"type": "LineString", "coordinates": [[-77.014171, 38.903747], [-77.014502, 38.904683]]}, "properties": {"STREETNAME": "NEW JERSEY", "STREETTYPE": "AVE", "FHWAFUNCTIONALCLASS": 4}}, {"type": "Feature", "geometry": {"type": "LineString", "coordinates": [[-77.015859, 38.913701], [-77.016099, 38.913803]]}, "properties": {"STREETNAME": "FLORIDA", "STREETTYPE": "AVE", "FHWAFUNCTIONALCLASS": 3}}, {"type": "Feature", "geometry": {"type": "LineString", "coordinates": [[-77.026435, 38.97799], [-77.026428, 38.978311]]}, "properties": {"STREETNAME": "GEORGIA", "STREETTYPE": "AVE", "FHWAFUNCTIONALCLASS": 3}}, {"type": "Feature", "geometry": {"type": "LineString", "coordinates": [[-77.032734, 38.934129], [-77.032735, 38.934575]]}, "properties": {"STREETNAME": "14TH", "STREETTYPE": "ST", "FHWAFUNCTIONALCLASS": 4}}, {"type": "Feature", "geometry": {"type": "LineString", "coordinates": [[-77.036376, 38.969043], [-77.036373, 38.969722]]}, "properties": {"STREETNAME": "16TH", "STREETTYPE": "ST", "FHWAFUNCTIONALCLASS": 3}}, {"type": "Feature", "geometry": {"type": "LineString", "coordinates": [[-77.034579, 38.903745], [-77.034572, 38.905654]]}, "properties": {"STREETNAME": "15TH", "STREETTYPE": "ST", "FHWAFUNCTIONALCLASS": 4}}, {"type": "Feature", "geometry": {"type": "LineString", "coordinates": [[-77.047942, 38.918621], [-77.048315, 38.918725]]}, "properties": {"STREETNAME": "CONNECTICUT", "STREETTYPE": "AVE", "FHWAFUNCTIONALCLASS": 3}}, {"type": "Feature", "geometry": {"type": "LineString", "coordinates": [[-77.032732, 38.938685], [-77.032732, 38.939749]]}, "properties": {"STREETNAME": "14TH", "STREETTYPE": "ST", "FHWAFUNCTIONALCLASS": 4}}, {"type": "Feature", "geometry": {"type": "LineString", "coordinates": [[-77.02963, 38.903745], [-77.029625, 38.904842]]}, "properties": {"STREETNAME": "13TH", "STREETTYPE": "ST", "FHWAFUNCTIONALCLASS": 4}}, {"type": "Feature", "geometry": {"type": "LineString", "coordinates": [[-77.043592, 38.909043], [-77.043318, 38.909042], [-77.04306, 38.909114], [-77.042873, 38.909213], [-77.042718, 38.909397]]}, "properties": {"STREETNAME": "DUPONT", "STREETTYPE": "CIR", "FHWAFUNCTIONALCLASS": 3}}, {"type": "Feature", "geometry": {"type": "LineString", "coordinates": [[-77.070834, 38.961021], [-77.073312, 38.961025]]}, "properties": {"STREETNAME": "MILITARY", "STREETTYPE": "RD", "FHWAFUNCTIONALCLASS": 4}}, {"type": "Feature", "geometry": {"type": "LineString", "coordinates": [[-77.026602, 38.946133], [-77.026787, 38.947198]]}, "properties": {"STREETNAME": "GEORGIA", "STREETTYPE": "AVE", "FHWAFUNCTIONALCLASS": 3}}, {"type": "Feature", "geometry": {"type": "LineString", "coordinates": [[-77.016032, 38.947467], [-77.015627, 38.948014]]}, "properties": {"STREETNAME": "NEW HAMPSHIRE", "STREETTYPE": "AVE", "FHWAFUNCTIONALCLASS": 4}}, {"type": "Feature", "geometry": {"type": "LineString", "coordinates": [[-77.066386, 38.927535], [-77.066387, 38.929017]]}, "properties": {"STREETNAME": "34TH", "STREETTYPE": "ST", "FHWAFUNCTIONALCLASS": 4}}, {"type": "Feature", "geometry": {"type": "LineString", "coordinates": [[-77.036331, 38.988215], [-77.036329, 38.988872]]}, "properties": {"STREETNAME": "16TH", "STREETTYPE": "ST", "FHWAFUNCTIONALCLASS": 3}}, {"type": "Feature", "geometry": {"type": "LineString", "coordinates": [[-77.050111, 38.905271], [-77.050103, 38.907254]]}, "properties": {"STREETNAME": "23RD", "STREETTYPE": "ST", "FHWAFUNCTIONALCLASS": 3}}, {"type": "Feature", "geometry": {"type": "LineString", "coordinates": [[-77.080288, 38.962083], [-77.080287, 38.962859]]}, "properties": {"STREETNAME": "41ST", "STREETTYPE": "ST", "FHWAFUNCTIONALCLASS": 4}}, {"type": "Feature", "geometry": {"type": "LineString", "coordinates": [[-77.012431, 38.952316], [-77.011638, 38.953383]]}, "properties": {"STREETNAME": "NEW HAMPSHIRE", "STREETTYPE": "AVE", "FHWAFUNCTIONALCLASS": 4}}, {"type": "Feature", "geometry": {"type": "LineString", "coordinates": [[-77.050363, 38.923476], [-77.051516, 38.923537]]}, "properties": {"STREETNAME": "CALVERT", "STREETTYPE": "ST", "FHWAFUNCTIONALCLASS": 4}}, {"type": "Feature", "geometry": {"type": "LineString", "coordinates": [[-77.068697, 38.925349], [-77.069849, 38.926188]]}, "properties": {"STREETNAME": "MASSACHUSETTS", "STREETTYPE": "AVE", "FHWAFUNCTIONALCLASS": 3}}, {"type": "Feature", "geometry": {"type": "LineString", "coordinates": [[-77.012173, 38.892866], [-77.013182, 38.892098]]}, "properties": {"STREETNAME": "LOUISIANA", "STREETTYPE": "AVE", "FHWAFUNCTIONALCLASS": 3}}, {"type": "Feature", "geometry": {"type": "LineString", "coordinates": [[-77.017123, 38.957421], [-77.017876, 38.957668]]}, "properties": {"STREETNAME": "MISSOURI", "STREETTYPE": "AVE", "FHWAFUNCTIONALCLASS": 3}}, {"type": "Feature", "geometry": {"type": "LineString", "coordinates": [[-77.043706, 38.921118], [-77.043933, 38.920596]]}, "properties": {"STREETNAME": "COLUMBIA", "STREETTYPE": "RD", "FHWAFUNCTIONALCLASS": 4}}, {"type": "Feature", "geometry": {"type": "LineString", "coordinates": [[-77.021921, 38.911131], [-77.021921, 38.912321]]}, "properties": {"STREETNAME": "7TH", "STREETTYPE": "ST", "FHWAFUNCTIONALCLASS": 3}}, {"type": "Feature", "geometry": {"type": "LineString", "coordinates": [[-77.012176, 38.892095], [-77.013182, 38.892098]]}, "properties": {"STREETNAME": "CONSTITUTION", "STREETTYPE": "AVE", "FHWAFUNCTIONALCLASS": 4}}, {"type": "Feature", "geometry": {"type": "LineString", "coordinates": [[-77.0488, 38.908573], [-77.048799, 38.909642]]}, "properties": {"STREETNAME": "22ND", "STREETTYPE": "ST", "FHWAFUNCTIONALCLASS": 4}}, {"type": "Feature", "geometry": {"type": "LineString", "coordinates": [[-77.015194, 38.889808], [-77.015202, 38.890643]]}, "properties": {"STREETNAME": "3RD", "STREETTYPE": "ST", "FHWAFUNCTIONALCLASS": 3}}, {"type": "Feature", "geometry": {"type": "LineString", "coordinates": [[-77.096766, 38.945852], [-77.097338, 38.946267]]}, "properties": {"STREETNAME": "MASSACHUSETTS", "STREETTYPE": "AVE", "FHWAFUNCTIONALCLASS": 3}}, {"type": "Feature", "geometry": {"type": "LineString", "coordinates": [[-77.088809, 38.910165], [-77.089017, 38.910482], [-77.089275, 38.911072], [-77.089497, 38.911378], [-77.089745, 38.911614], [-77.091135, 38.912719]]}, "properties": {"STREETNAME": "MACARTHUR", "STREETTYPE": "BLVD", "FHWAFUNCTIONALCLASS": 4}}, {"type": "Feature", "geometry": {"type": "LineString", "coordinates": [[-77.027515, 38.939749], [-77.026727, 38.940812]]}, "properties": {"STREETNAME": "KANSAS", "STREETTYPE": "AVE", "FHWAFUNCTIONALCLASS": 4}}, {"type": "Feature", "geometry": {"type": "LineString", "coordinates": [[-77.04165, 38.917828], [-77.041683, 38.918751]]}, "properties": {"STREETNAME": "18TH", "STREETTYPE": "ST", "FHWAFUNCTIONALCLASS": 4}}, {"type": "Feature", "geometry": {"type": "LineString", "coordinates": [[-77.033024, 38.94294], [-77.032728, 38.943283]]}, "properties": {"STREETNAME": "ARKANSAS", "STREETTYPE": "AVE", "FHWAFUNCTIONALCLASS": 4}}, {"type": "Feature", "geometry": {"type": "LineString", "coordinates": [[-77.049512, 38.890104], [-77.048103, 38.891886], [-77.047974, 38.892109]]}, "properties": {"STREETNAME": "HENRY BACON", "STREETTYPE": "DR", "FHWAFUNCTIONALCLASS": 3}}, {"type": "Feature", "geometry": {"type": "LineString", "coordinates": [[-77.043471, 38.898329], [-77.043466, 38.899583]]}, "properties": {"STREETNAME": "19TH", "STREETTYPE": "ST", "FHWAFUNCTIONALCLASS": 4}}, {"type": "Feature", "geometry": {"type": "LineString", "coordinates": [[-77.038492, 38.909652], [-77.03849, 38.910392]]}, "properties": {"STREETNAME": "17TH", "STREETTYPE": "ST", "FHWAFUNCTIONALCLASS": 4}}, {"type": "Feature", "geometry": {"type": "LineString", "coordinates": [[-77.036328, 38.989672], [-77.036327, 38.989942]]}, "properties": {"STREETNAME": "16TH", "STREETTYPE": "ST", "FHWAFUNCTIONALCLASS": 3}}, {"type": "Feature", "geometry": {"type": "LineString", "coordinates": [[-77.080287, 38.962859], [-77.080287, 38.963098]]}, "properties": {"STREETNAME": "41ST", "STREETTYPE": "ST", "FHWAFUNCTIONALCLASS": 4}}, {"type": "Feature", "geometry": {"type": "LineString", "coordinates": [[-77.02192, 38.912616], [-77.021918, 38.914096]]}, "properties": {"STREETNAME": "7TH", "STREETTYPE": "ST", "FHWAFUNCTIONALCLASS": 3}}, {"type": "Feature", "geometry": {"type": "LineString", "coordinates": [[-77.033644, 38.900214], [-77.035131, 38.90021]]}, "properties": {"STREETNAME": "H", "STREETTYPE": "ST", "FHWAFUNCTIONALCLASS": 3}}, {"type": "Feature", "geometry": {"type": "LineString", "coordinates": [[-77.026596, 38.903799], [-77.026714, 38.903759], [-77.027047, 38.903752]]}, "properties": {"STREETNAME": "L", "STREETTYPE": "ST", "FHWAFUNCTIONALCLASS": 4}}, {"type": "Feature", "geometry": {"type": "LineString", "coordinates": [[-77.029705, 38.947194], [-77.029703, 38.948266]]}, "properties": {"STREETNAME": "13TH", "STREETTYPE": "ST", "FHWAFUNCTIONALCLASS": 4}}, {"type": "Feature", "geometry": {"type": "LineString", "coordinates": [[-77.014778, 38.905369], [-77.014903, 38.90566]]}, "properties": {"STREETNAME": "NEW JERSEY", "STREETTYPE": "AVE", "FHWAFUNCTIONALCLASS": 4}}, {"type": "Feature", "geometry": {"type": "LineString", "coordinates": [[-77.032735, 38.934945], [-77.032735, 38.935304]]}, "properties": {"STREETNAME": "14TH", "STREETTYPE": "ST", "FHWAFUNCTIONALCLASS": 4}}, {"type": "Feature", "geometry": {"type": "LineString", "coordinates": [[-77.019912, 38.899819], [-77.019911, 38.900875]]}, "properties": {"STREETNAME": "6TH", "STREETTYPE": "ST", "FHWAFUNCTIONALCLASS": 4}}, {"type": "Feature", "geometry": {"type": "LineString", "coordinates": [[-77.036517, 38.911877], [-77.036517, 38.912616]]}, "properties": {"STREETNAME": "16TH", "STREETTYPE": "ST", "FHWAFUNCTIONALCLASS": 3}}, {"type": "Feature", "geometry": {"type": "LineString", "coordinates": [[-77.018935, 38.904182], [-77.019901, 38.904171]]}, "properties": {"STREETNAME": "L", "STREETTYPE": "ST", "FHWAFUNCTIONALCLASS": 4}}, {"type": "Feature", "geometry": {"type": "LineString", "coordinates": [[-77.101406, 38.924958], [-77.101623, 38.925198], [-77.102856, 38.926299]]}, "properties": {"STREETNAME": "MACARTHUR", "STREETTYPE": "BLVD", "FHWAFUNCTIONALCLASS": 4}}, {"type": "Feature", "geometry": {"type": "LineString", "coordinates": [[-77.019909, 38.902528], [-77.02192, 38.902529]]}, "properties": {"STREETNAME": "K", "STREETTYPE": "ST", "FHWAFUNCTIONALCLASS": 4}}, {"type": "Feature", "geometry": {"type": "LineString", "coordinates": [[-77.029706, 38.941873], [-77.029705, 38.94507]]}, "properties": {"STREETNAME": "13TH", "STREETTYPE": "ST", "FHWAFUNCTIONALCLASS": 4}}, {"type": "Feature", "geometry": {"type": "LineString", "coordinates": [[-77.036343, 38.982291], [-77.036343, 38.983221]]}, "properties": {"STREETNAME": "16TH", "STREETTYPE": "ST", "FHWAFUNCTIONALCLASS": 3}}, {"type": "Feature", "geometry": {"type": "LineString", "coordinates": [[-77.029625, 38.904842], [-77.029623, 38.905655]]}, "properties": {"STREETNAME": "13TH", "STREETTYPE": "ST", "FHWAFUNCTIONALCLASS": 4}}, {"type": "Feature", "geometry": {"type": "LineString", "coordinates": [[-77.041593, 38.906467], [-77.042066, 38.907254]]}, "properties": {"STREETNAME": "CONNECTICUT", "STREETTYPE": "AVE", "FHWAFUNCTIONALCLASS": 3}}, {"type": "Feature", "geometry": {"type": "LineString", "coordinates": [[-77.021901, 38.918998], [-77.021925, 38.919998]]}, "properties": {"STREETNAME": "GEORGIA", "STREETTYPE": "AVE", "FHWAFUNCTIONALCLASS": 3}}, {"type": "Feature", "geometry": {"type": "LineString", "coordinates": [[-77.025243, 38.940819], [-77.025517, 38.94188]]}, "properties": {"STREETNAME": "GEORGIA", "STREETTYPE": "AVE", "FHWAFUNCTIONALCLASS": 3}}, {"type": "Feature", "geometry": {"type": "LineString", "coordinates": [[-77.046953, 38.913638], [-77.047126, 38.913322]]}, "properties": {"STREETNAME": "FLORIDA", "STREETTYPE": "AVE", "FHWAFUNCTIONALCLASS": 4}}, {"type": "Feature", "geometry": {"type": "LineString", "coordinates": [[-77.016206, 38.899796], [-77.018934, 38.899817]]}, "properties": {"STREETNAME": "H", "STREETTYPE": "ST", "FHWAFUNCTIONALCLASS": 4}}, {"type": "Feature", "geometry": {"type": "LineString", "coordinates": [[-77.040014, 38.903749], [-77.041675, 38.903751]]}, "properties": {"STREETNAME": "L", "STREETTYPE": "ST", "FHWAFUNCTIONALCLASS": 4}}, {"type": "Feature", "geometry": {"type": "LineString", "coordinates": [[-77.036508, 38.91484], [-77.03651, 38.91558]]}, "properties": {"STREETNAME": "16TH", "STREETTYPE": "ST", "FHWAFUNCTIONALCLASS": 3}}, {"type": "Feature", "geometry": {"type": "LineString", "coordinates": [[-77.021921, 38.902947], [-77.021916, 38.904176]]}, "properties": {"STREETNAME": "7TH", "STREETTYPE": "ST", "FHWAFUNCTIONALCLASS": 3}}, {"type": "Feature", "geometry": {"type": "LineString", "coordinates": [[-77.031943, 38.920072], [-77.031868, 38.92033], [-77.031842, 38.920608]]}, "properties": {"STREETNAME": "14TH", "STREETTYPE": "ST", "FHWAFUNCTIONALCLASS": 4}}, {"type": "Feature", "geometry": {"type": "LineString", "coordinates": [[-77.044908, 38.899587], [-77.044902, 38.900713]]}, "properties": {"STREETNAME": "20TH", "STREETTYPE": "ST", "FHWAFUNCTIONALCLASS": 4}}, {"type": "Feature", "geometry": {"type": "LineString", "coordinates": [[-77.015636, 38.931037], [-77.016533, 38.930845], [-77.018279, 38.930564]]}, "properties": {"STREETNAME": "KENYON", "STREETTYPE": "ST", "FHWAFUNCTIONALCLASS": 4}}, {"type": "Feature", "geometry": {"type": "LineString", "coordinates": [[-77.034581, 38.902526], [-77.034579, 38.903745]]}, "properties": {"STREETNAME": "15TH", "STREETTYPE": "ST", "FHWAFUNCTIONALCLASS": 4}}, {"type": "Feature", "geometry": {"type": "LineString", "coordinates": [[-77.032643, 38.928814], [-77.032736, 38.929555], [-77.032751, 38.930239]]}, "properties": {"STREETNAME": "14TH", "STREETTYPE": "ST", "FHWAFUNCTIONALCLASS": 4}}, {"type": "Feature", "geometry": {"type": "LineString", "coordinates": [[-77.041671, 38.910395], [-77.041669, 38.911136]]}, "properties": {"STREETNAME": "18TH", "STREETTYPE": "ST", "FHWAFUNCTIONALCLASS": 4}}, {"type": "Feature", "geometry": {"type": "LineString", "coordinates": [[-77.009302, 38.956594], [-77.009049, 38.956924]]}, "properties": {"STREETNAME": "NEW HAMPSHIRE", "STREETTYPE": "AVE", "FHWAFUNCTIONALCLASS": 4}}, {"type": "Feature", "geometry": {"type": "LineString", "coordinates": [[-77.093253, 38.932611], [-77.091072, 38.933205]]}, "properties": {"STREETNAME": "NEBRASKA", "STREETTYPE": "AVE", "FHWAFUNCTIONALCLASS": 3}}, {"type": "Feature", "geometry": {"type": "LineString", "coordinates": [[-77.042687, 38.922669], [-77.042755, 38.922882], [-77.04288, 38.923063], [-77.043044, 38.92318], [-77.043238, 38.923241]]}, "properties": {"STREETNAME": "ADAMS MILL", "STREETTYPE": "RD", "FHWAFUNCTIONALCLASS": 4}}, {"type": "Feature", "geometry": {"type": "LineString", "coordinates": [[-77.024022, 38.90418], [-77.025982, 38.90418]]}, "properties": {"STREETNAME": "L", "STREETTYPE": "ST", "FHWAFUNCTIONALCLASS": 4}}, {"type": "Feature", "geometry": {"type": "LineString", "coordinates": [[-77.078397, 38.946716], [-77.078021, 38.947147]]}, "properties": {"STREETNAME": "NEBRASKA", "STREETTYPE": "AVE", "FHWAFUNCTIONALCLASS": 3}}, {"type": "Feature", "geometry": {"type": "LineString", "coordinates": [[-77.019903, 38.91113], [-77.019903, 38.912614]]}, "properties": {"STREETNAME": "6TH", "STREETTYPE": "ST", "FHWAFUNCTIONALCLASS": 4}}, {"type": "Feature", "geometry": {"type": "LineString", "coordinates": [[-77.041662, 38.914842], [-77.04166, 38.915582]]}, "properties": {"STREETNAME": "18TH", "STREETTYPE": "ST", "FHWAFUNCTIONALCLASS": 4}}, {"type": "Feature", "geometry": {"type": "LineString", "coordinates": [[-77.021917, 38.899821], [-77.022951, 38.899822]]}, "properties": {"STREETNAME": "H", "STREETTYPE": "ST", "FHWAFUNCTIONALCLASS": 4}}, {"type": "Feature", "geometry": {"type": "LineString", "coordinates": [[-77.059753, 38.961026], [-77.060967, 38.961024]]}, "properties": {"STREETNAME": "MILITARY", "STREETTYPE": "RD", "FHWAFUNCTIONALCLASS": 3}}, {"type": "Feature", "geometry": {"type": "LineString", "coordinates": [[-77.038486, 38.911877], [-77.038486, 38.912618]]}, "properties": {"STREETNAME": "17TH", "STREETTYPE": "ST", "FHWAFUNCTIONALCLASS": 4}}, {"type": "Feature", "geometry": {"type": "LineString", "coordinates": [[-77.051234, 38.939499], [-77.051064, 38.940115], [-77.050858, 38.940616], [-77.050789, 38.941174], [-77.050737, 38.941363], [-77.050403, 38.941975], [-77.049977, 38.942921], [-77.049574, 38.943373]]}, "properties": {"STREETNAME": "BEACH", "STREETTYPE": "DR", "FHWAFUNCTIONALCLASS": 4}}, {"type": "Feature", "geometry": {"type": "LineString", "coordinates": [[-77.085893, 38.913867], [-77.0866, 38.914439], [-77.08764, 38.914997], [-77.08803, 38.915287], [-77.088294, 38.915567], [-77.088473, 38.915826], [-77.088621, 38.916138], [-77.088707, 38.916447]]}, "properties": {"STREETNAME": "FOXHALL", "STREETTYPE": "RD", "FHWAFUNCTIONALCLASS": 4}}, {"type": "Feature", "geometry": {"type": "LineString", "coordinates": [[-77.032751, 38.930239], [-77.032718, 38.931193]]}, "properties": {"STREETNAME": "14TH", "STREETTYPE": "ST", "FHWAFUNCTIONALCLASS": 4}}, {"type": "Feature", "geometry": {"type": "LineString", "coordinates": [[-77.027038, 38.920771], [-77.028087, 38.920711]]}, "properties": {"STREETNAME": "FLORIDA", "STREETTYPE": "AVE", "FHWAFUNCTIONALCLASS": 4}}, {"type": "Feature", "geometry": {"type": "LineString", "coordinates": [[-77.031964, 38.890424], [-77.031966, 38.892101]]}, "properties": {"STREETNAME": "14TH", "STREETTYPE": "ST", "FHWAFUNCTIONALCLASS": 3}}, {"type": "Feature", "geometry": {"type": "LineString", "coordinates": [[-77.068465, 38.95832], [-77.067891, 38.958993]]}, "properties": {"STREETNAME": "NEBRASKA", "STREETTYPE": "AVE", "FHWAFUNCTIONALCLASS": 3}}, {"type": "Feature", "geometry": {"type": "LineString", "coordinates": [[-77.028033, 38.961022], [-77.028013, 38.961267]]}, "properties": {"STREETNAME": "GEORGIA", "STREETTYPE": "AVE", "FHWAFUNCTIONALCLASS": 3}}, {"type": "Feature", "geometry": {"type": "LineString", "coordinates": [[-77.017625, 38.945322], [-77.017308, 38.945751]]}, "properties": {"STREETNAME": "NEW HAMPSHIRE", "STREETTYPE": "AVE", "FHWAFUNCTIONALCLASS": 4}}, {"type": "Feature", "geometry": {"type": "LineString", "coordinates": [[-77.026822, 38.932755], [-77.026816, 38.932922], [-77.026763, 38.933056], [-77.026452, 38.933452]]}, "properties": {"STREETNAME": "NEW HAMPSHIRE", "STREETTYPE": "AVE", "FHWAFUNCTIONALCLASS": 4}}, {"type": "Feature", "geometry": {"type": "LineString", "coordinates": [[-77.023457, 38.930605], [-77.023523, 38.931066]]}, "properties": {"STREETNAME": "GEORGIA", "STREETTYPE": "AVE", "FHWAFUNCTIONALCLASS": 3}}, {"type": "Feature", "geometry": {"type": "LineString", "coordinates": [[-77.031954, 38.913357], [-77.031954, 38.914102]]}, "properties": {"STREETNAME": "14TH", "STREETTYPE": "ST", "FHWAFUNCTIONALCLASS": 3}}, {"type": "Feature", "geometry": {"type": "LineString", "coordinates": [[-77.028083, 38.89614], [-77.028093, 38.897351]]}, "properties": {"STREETNAME": "12TH", "STREETTYPE": "ST", "FHWAFUNCTIONALCLASS": 4}}, {"type": "Feature", "geometry": {"type": "LineString", "coordinates": [[-77.03646, 38.932615], [-77.036458, 38.933295]]}, "properties": {"STREETNAME": "16TH", "STREETTYPE": "ST", "FHWAFUNCTIONALCLASS": 3}}, {"type": "Feature", "geometry": {"type": "LineString", "coordinates": [[-77.029696, 38.961514], [-77.029696, 38.962183]]}, "properties": {"STREETNAME": "13TH", "STREETTYPE": "ST", "FHWAFUNCTIONALCLASS": 4}}, {"type": "Feature", "geometry": {"type": "LineString", "coordinates": [[-77.03342, 38.967574], [-77.033422, 38.968282]]}, "properties": {"STREETNAME": "14TH", "STREETTYPE": "ST", "FHWAFUNCTIONALCLASS": 4}}, {"type": "Feature", "geometry": {"type": "LineString", "coordinates": [[-77.019903, 38.894419], [-77.019907, 38.894802]]}, "properties": {"STREETNAME": "6TH", "STREETTYPE": "ST", "FHWAFUNCTIONALCLASS": 4}}, {"type": "Feature", "geometry": {"type": "LineString", "coordinates": [[-77.02738, 38.968638], [-77.02735, 38.968987]]}, "properties": {"STREETNAME": "GEORGIA", "STREETTYPE": "AVE", "FHWAFUNCTIONALCLASS": 3}}, {"type": "Feature", "geometry": {"type": "LineString", "coordinates": [[-77.028237, 38.958359], [-77.028033, 38.961022]]}, "properties": {"STREETNAME": "GEORGIA", "STREETTYPE": "AVE", "FHWAFUNCTIONALCLASS": 3}}, {"type": "Feature", "geometry": {"type": "LineString", "coordinates": [[-77.038512, 38.902531], [-77.039448, 38.902531]]}, "properties": {"STREETNAME": "K", "STREETTYPE": "ST", "FHWAFUNCTIONALCLASS": 3}}, {"type": "Feature", "geometry": {"type": "LineString", "coordinates": [[-77.022963, 38.95933], [-77.024199, 38.959733]]}, "properties": {"STREETNAME": "MISSOURI", "STREETTYPE": "AVE", "FHWAFUNCTIONALCLASS": 3}}, {"type": "Feature", "geometry": {"type": "LineString", "coordinates": [[-77.009063, 38.895111], [-77.0095, 38.894796]]}, "properties": {"STREETNAME": "LOUISIANA", "STREETTYPE": "AVE", "FHWAFUNCTIONALCLASS": 3}}, {"type": "Feature", "geometry": {"type": "LineString", "coordinates": [[-77.023064, 38.927906], [-77.023097, 38.928131]]}, "properties": {"STREETNAME": "GEORGIA", "STREETTYPE": "AVE", "FHWAFUNCTIONALCLASS": 3}}, {"type": "Feature", "geometry": {"type": "LineString", "coordinates": [[-77.023372, 38.930026], [-77.023457, 38.930605]]}, "properties": {"STREETNAME": "GEORGIA", "STREETTYPE": "AVE", "FHWAFUNCTIONALCLASS": 3}}, {"type": "Feature", "geometry": {"type": "LineString", "coordinates": [[-77.088748, 38.919173], [-77.088773, 38.920203], [-77.089268, 38.921445], [-77.089565, 38.922582]]}, "properties": {"STREETNAME": "FOXHALL", "STREETTYPE": "RD", "FHWAFUNCTIONALCLASS": 4}}, {"type": "Feature", "geometry": {"type": "LineString", "coordinates": [[-77.019152, 38.940992], [-77.019203, 38.942061]]}, "properties": {"STREETNAME": "5TH", "STREETTYPE": "ST", "FHWAFUNCTIONALCLASS": 4}}, {"type": "Feature", "geometry": {"type": "LineString", "coordinates": [[-77.029694, 38.97227], [-77.031047, 38.97227]]}, "properties": {"STREETNAME": "ASPEN", "STREETTYPE": "ST", "FHWAFUNCTIONALCLASS": 4}}, {"type": "Feature", "geometry": {"type": "LineString", "coordinates": [[-77.03649, 38.926533], [-77.036941, 38.926293]]}, "properties": {"STREETNAME": "COLUMBIA", "STREETTYPE": "RD", "FHWAFUNCTIONALCLASS": 4}}, {"type": "Feature", "geometry": {"type": "LineString", "coordinates": [[-77.029721, 38.932371], [-77.029729, 38.934578]]}, "properties": {"STREETNAME": "13TH", "STREETTYPE": "ST", "FHWAFUNCTIONALCLASS": 4}}, {"type": "Feature", "geometry": {"type": "LineString", "coordinates": [[-77.019945, 38.949949], [-77.019606, 38.950409]]}, "properties": {"STREETNAME": "KANSAS", "STREETTYPE": "AVE", "FHWAFUNCTIONALCLASS": 4}}, {"type": "Feature", "geometry": {"type": "LineString", "coordinates": [[-77.03457, 38.906566], [-77.035433, 38.906866]]}, "properties": {"STREETNAME": "MASSACHUSETTS", "STREETTYPE": "AVE", "FHWAFUNCTIONALCLASS": 3}}, {"type": "Feature", "geometry": {"type": "LineString", "coordinates": [[-77.03273, 38.941875], [-77.032728, 38.942936]]}, "properties": {"STREETNAME": "14TH", "STREETTYPE": "ST", "FHWAFUNCTIONALCLASS": 4}}, {"type": "Feature", "geometry": {"type": "LineString", "coordinates": [[-77.053283, 38.926577], [-77.054166, 38.928096]]}, "properties": {"STREETNAME": "CONNECTICUT", "STREETTYPE": "AVE", "FHWAFUNCTIONALCLASS": 3}}, {"type": "Feature", "geometry": {"type": "LineString", "coordinates": [[-77.036556, 38.900209], [-77.036548, 38.901352]]}, "properties": {"STREETNAME": "16TH", "STREETTYPE": "ST", "FHWAFUNCTIONALCLASS": 4}}, {"type": "Feature", "geometry": {"type": "LineString", "coordinates": [[-77.03454, 38.914835], [-77.034543, 38.915581]]}, "properties": {"STREETNAME": "15TH", "STREETTYPE": "ST", "FHWAFUNCTIONALCLASS": 4}}, {"type": "Feature", "geometry": {"type": "LineString", "coordinates": [[-77.02705, 38.904174], [-77.02704, 38.905655]]}, "properties": {"STREETNAME": "11TH", "STREETTYPE": "ST", "FHWAFUNCTIONALCLASS": 4}}, {"type": "Feature", "geometry": {"type": "LineString", "coordinates": [[-77.023318, 38.937652], [-77.023078, 38.937978]]}, "properties": {"STREETNAME": "NEW HAMPSHIRE", "STREETTYPE": "AVE", "FHWAFUNCTIONALCLASS": 4}}, {"type": "Feature", "geometry": {"type": "LineString", "coordinates": [[-77.034537, 38.916295], [-77.034534, 38.91701]]}, "properties": {"STREETNAME": "15TH", "STREETTYPE": "ST", "FHWAFUNCTIONALCLASS": 4}}, {"type": "Feature", "geometry": {"type": "LineString", "coordinates": [[-77.070887, 38.92695], [-77.071681, 38.927534]]}, "properties": {"STREETNAME": "MASSACHUSETTS", "STREETTYPE": "AVE", "FHWAFUNCTIONALCLASS": 3}}, {"type": "Feature", "geometry": {"type": "LineString", "coordinates": [[-77.036548, 38.901352], [-77.036544, 38.902533]]}, "properties": {"STREETNAME": "16TH", "STREETTYPE": "ST", "FHWAFUNCTIONALCLASS": 4}}, {"type": "Feature", "geometry": {"type": "LineString", "coordinates": [[-77.012328, 38.960206], [-77.010715, 38.962365]]}, "properties": {"STREETNAME": "KANSAS", "STREETTYPE": "AVE", "FHWAFUNCTIONALCLASS": 4}}, {"type": "Feature", "geometry": {"type": "LineString", "coordinates": [[-77.026502, 38.977294], [-77.026435, 38.97799]]}, "properties": {"STREETNAME": "GEORGIA", "STREETTYPE": "AVE", "FHWAFUNCTIONALCLASS": 3}}, {"type": "Feature", "geometry": {"type": "LineString", "coordinates": [[-77.038503, 38.90566], [-77.038501, 38.906561]]}, "properties": {"STREETNAME": "17TH", "STREETTYPE": "ST", "FHWAFUNCTIONALCLASS": 4}}, {"type": "Feature", "geometry": {"type": "LineString", "coordinates": [[-77.009046, 38.926674], [-77.011158, 38.926385], [-77.012145, 38.92629]]}, "properties": {"STREETNAME": "MICHIGAN", "STREETTYPE": "AVE", "FHWAFUNCTIONALCLASS": 4}}, {"type": "Feature", "geometry": {"type": "LineString", "coordinates": [[-77.020733, 38.958602], [-77.021155, 38.95874]]}, "properties": {"STREETNAME": "MISSOURI", "STREETTYPE": "AVE", "FHWAFUNCTIONALCLASS": 3}}, {"type": "Feature", "geometry": {"type": "LineString", "coordinates": [[-77.01757, 38.890604], [-77.017567, 38.892117]]}, "properties": {"STREETNAME": "4TH", "STREETTYPE": "ST", "FHWAFUNCTIONALCLASS": 4}}, {"type": "Feature", "geometry": {"type": "LineString", "coordinates": [[-77.027386, 38.951546], [-77.027432, 38.951876]]}, "properties": {"STREETNAME": "GEORGIA", "STREETTYPE": "AVE", "FHWAFUNCTIONALCLASS": 3}}, {"type": "Feature", "geometry": {"type": "LineString", "coordinates": [[-77.079173, 38.905962], [-77.079327, 38.905837], [-77.079547, 38.905734], [-77.081248, 38.905278], [-77.081696, 38.905238], [-77.082503, 38.905283], [-77.083081, 38.90545], [-77.08548, 38.906313], [-77.086809, 38.906722]]}, "properties": {"STREETNAME": "CANAL", "STREETTYPE": "RD", "FHWAFUNCTIONALCLASS": 3}}, {"type": "Feature", "geometry": {"type": "LineString", "coordinates": [[-77.04887, 38.911135], [-77.048874, 38.910871], [-77.048921, 38.910618], [-77.049293, 38.909856]]}, "properties": {"STREETNAME": "FLORIDA", "STREETTYPE": "AVE", "FHWAFUNCTIONALCLASS": 3}}, {"type": "Feature", "geometry": {"type": "LineString", "coordinates": [[-77.039464, 38.896409], [-77.039463, 38.896617]]}, "properties": {"STREETNAME": "17TH", "STREETTYPE": "ST", "FHWAFUNCTIONALCLASS": 3}}, {"type": "Feature", "geometry": {"type": "LineString", "coordinates": [[-77.10002, 38.922928], [-77.10035, 38.923572]]}, "properties": {"STREETNAME": "MACARTHUR", "STREETTYPE": "BLVD", "FHWAFUNCTIONALCLASS": 4}}, {"type": "Feature", "geometry": {"type": "LineString", "coordinates": [[-77.04906, 38.919332], [-77.051516, 38.923537]]}, "properties": {"STREETNAME": "CONNECTICUT", "STREETTYPE": "AVE", "FHWAFUNCTIONALCLASS": 3}}, {"type": "Feature", "geometry": {"type": "LineString", "coordinates": [[-77.066355, 38.92433], [-77.066388, 38.924801], [-77.066385, 38.926189]]}, "properties": {"STREETNAME": "34TH", "STREETTYPE": "ST", "FHWAFUNCTIONALCLASS": 4}}, {"type": "Feature", "geometry": {"type": "LineString", "coordinates": [[-77.065156, 38.929019], [-77.066399, 38.929972]]}, "properties": {"STREETNAME": "CLEVELAND", "STREETTYPE": "AVE", "FHWAFUNCTIONALCLASS": 4}}, {"type": "Feature", "geometry": {"type": "LineString", "coordinates": [[-77.035079, 38.940561], [-77.034838, 38.940842]]}, "properties": {"STREETNAME": "ARKANSAS", "STREETTYPE": "AVE", "FHWAFUNCTIONALCLASS": 4}}, {"type": "Feature", "geometry": {"type": "LineString", "coordinates": [[-77.024199, 38.959733], [-77.025292, 38.960092]]}, "properties": {"STREETNAME": "MISSOURI", "STREETTYPE": "AVE", "FHWAFUNCTIONALCLASS": 3}}, {"type": "Feature", "geometry": {"type": "LineString", "coordinates": [[-77.050162, 38.892103], [-77.050138, 38.893506]]}, "properties": {"STREETNAME": "23RD", "STREETTYPE": "ST", "FHWAFUNCTIONALCLASS": 3}}, {"type": "Feature", "geometry": {"type": "LineString", "coordinates": [[-77.090043, 38.925963], [-77.090117, 38.926558]]}, "properties": {"STREETNAME": "FOXHALL", "STREETTYPE": "RD", "FHWAFUNCTIONALCLASS": 4}}, {"type": "Feature", "geometry": {"type": "LineString", "coordinates": [[-77.053233, 38.914041], [-77.055254, 38.915519]]}, "properties": {"STREETNAME": "MASSACHUSETTS", "STREETTYPE": "AVE", "FHWAFUNCTIONALCLASS": 3}}, {"type": "Feature", "geometry": {"type": "LineString", "coordinates": [[-77.061656, 38.940979], [-77.062265, 38.942024]]}, "properties": {"STREETNAME": "CONNECTICUT", "STREETTYPE": "AVE", "FHWAFUNCTIONALCLASS": 3}}, {"type": "Feature", "geometry": {"type": "LineString", "coordinates": [[-77.036329, 38.988872], [-77.036328, 38.989672]]}, "properties": {"STREETNAME": "16TH", "STREETTYPE": "ST", "FHWAFUNCTIONALCLASS": 3}}, {"type": "Feature", "geometry": {"type": "LineString", "coordinates": [[-77.031955, 38.91812], [-77.031954, 38.919193]]}, "properties": {"STREETNAME": "14TH", "STREETTYPE": "ST", "FHWAFUNCTIONALCLASS": 4}}, {"type": "Feature", "geometry": {"type": "LineString", "coordinates": [[-77.016156, 38.909255], [-77.016298, 38.90965]]}, "properties": {"STREETNAME": "NEW JERSEY", "STREETTYPE": "AVE", "FHWAFUNCTIONALCLASS": 4}}, {"type": "Feature", "geometry": {"type": "LineString", "coordinates": [[-77.032309, 38.972271], [-77.033418, 38.972271]]}, "properties": {"STREETNAME": "ASPEN", "STREETTYPE": "ST", "FHWAFUNCTIONALCLASS": 4}}, {"type": "Feature", "geometry": {"type": "LineString", "coordinates": [[-77.071681, 38.927534], [-77.072025, 38.927786]]}, "properties": {"STREETNAME": "MASSACHUSETTS", "STREETTYPE": "AVE", "FHWAFUNCTIONALCLASS": 3}}, {"type": "Feature", "geometry": {"type": "LineString", "coordinates": [[-77.015177, 38.906466], [-77.015267, 38.90672]]}, "properties": {"STREETNAME": "NEW JERSEY", "STREETTYPE": "AVE", "FHWAFUNCTIONALCLASS": 4}}, {"type": "Feature", "geometry": {"type": "LineString", "coordinates": [[-77.013725, 38.902521], [-77.01518, 38.902526]]}, "properties": {"STREETNAME": "K", "STREETTYPE": "ST", "FHWAFUNCTIONALCLASS": 4}}, {"type": "Feature", "geometry": {"type": "LineString", "coordinates": [[-77.04492, 38.896002], [-77.044912, 38.897361]]}, "properties": {"STREETNAME": "20TH", "STREETTYPE": "ST", "FHWAFUNCTIONALCLASS": 4}}, {"type": "Feature", "geometry": {"type": "LineString", "coordinates": [[-77.036373, 38.972277], [-77.036371, 38.973132]]}, "properties": {"STREETNAME": "16TH", "STREETTYPE": "ST", "FHWAFUNCTIONALCLASS": 3}}, {"type": "Feature", "geometry": {"type": "LineString", "coordinates": [[-77.044904, 38.901345], [-77.046655, 38.901326]]}, "properties": {"STREETNAME": "I", "STREETTYPE": "ST", "FHWAFUNCTIONALCLASS": 3}}, {"type": "Feature", "geometry": {"type": "LineString", "coordinates": [[-77.019908, 38.898318], [-77.019912, 38.899819]]}, "properties": {"STREETNAME": "6TH", "STREETTYPE": "ST", "FHWAFUNCTIONALCLASS": 4}}, {"type": "Feature", "geometry": {"type": "LineString", "coordinates": [[-77.033429, 38.954093], [-77.033428, 38.955156]]}, "properties": {"STREETNAME": "14TH", "STREETTYPE": "ST", "FHWAFUNCTIONALCLASS": 4}}, {"type": "Feature", "geometry": {"type": "LineString", "coordinates": [[-77.043459, 38.903752], [-77.044902, 38.90375]]}, "properties": {"STREETNAME": "L", "STREETTYPE": "ST", "FHWAFUNCTIONALCLASS": 4}}, {"type": "Feature", "geometry": {"type": "LineString", "coordinates": [[-77.032732, 38.933589], [-77.032733, 38.933863]]}, "properties": {"STREETNAME": "14TH", "STREETTYPE": "ST", "FHWAFUNCTIONALCLASS": 4}}, {"type": "Feature", "geometry": {"type": "LineString", "coordinates": [[-77.09262, 38.942825], [-77.093094, 38.943171]]}, "properties": {"STREETNAME": "MASSACHUSETTS", "STREETTYPE": "AVE", "FHWAFUNCTIONALCLASS": 3}}, {"type": "Feature", "geometry": {"type": "LineString", "coordinates": [[-77.025624, 38.942301], [-77.025127, 38.942959]]}, "properties": {"STREETNAME": "KANSAS", "STREETTYPE": "AVE", "FHWAFUNCTIONALCLASS": 4}}, {"type": "Feature", "geometry": {"type": "LineString", "coordinates": [[-77.026428, 38.978311], [-77.026461, 38.979399]]}, "properties": {"STREETNAME": "GEORGIA", "STREETTYPE": "AVE", "FHWAFUNCTIONALCLASS": 3}}, {"type": "Feature", "geometry": {"type": "LineString", "coordinates": [[-77.088688, 38.934912], [-77.088121, 38.935348], [-77.087731, 38.935788]]}, "properties": {"STREETNAME": "NEBRASKA", "STREETTYPE": "AVE", "FHWAFUNCTIONALCLASS": 3}}, {"type": "Feature", "geometry": {"type": "LineString", "coordinates": [[-77.033634, 38.902526], [-77.034581, 38.902526]]}, "properties": {"STREETNAME": "K", "STREETTYPE": "ST", "FHWAFUNCTIONALCLASS": 3}}, {"type": "Feature", "geometry": {"type": "LineString", "coordinates": [[-77.093094, 38.943171], [-77.094802, 38.944416]]}, "properties": {"STREETNAME": "MASSACHUSETTS", "STREETTYPE": "AVE", "FHWAFUNCTIONALCLASS": 3}}, {"type": "Feature", "geometry": {"type": "LineString", "coordinates": [[-77.016637, 38.95441], [-77.016036, 38.955217]]}, "properties": {"STREETNAME": "KANSAS", "STREETTYPE": "AVE", "FHWAFUNCTIONALCLASS": 4}}, {"type": "Feature", "geometry": {"type": "LineString", "coordinates": [[-77.012823, 38.973904], [-77.013705, 38.974593], [-77.013807, 38.974789]]}, "properties": {"STREETNAME": "EASTERN", "STREETTYPE": "AVE", "FHWAFUNCTIONALCLASS": 4}}, {"type": "Feature", "geometry": {"type": "LineString", "coordinates": [[-77.019035, 38.937406], [-77.018996, 38.937546], [-77.018995, 38.93778]]}, "properties": {"STREETNAME": "5TH", "STREETTYPE": "ST", "FHWAFUNCTIONALCLASS": 4}}, {"type": "Feature", "geometry": {"type": "LineString", "coordinates": [[-77.065183, 38.905135], [-77.065298, 38.905133]]}, "properties": {"STREETNAME": "M", "STREETTYPE": "ST", "FHWAFUNCTIONALCLASS": 3}}, {"type": "Feature", "geometry": {"type": "LineString", "coordinates": [[-77.036422, 38.949746], [-77.036418, 38.950531]]}, "properties": {"STREETNAME": "16TH", "STREETTYPE": "ST", "FHWAFUNCTIONALCLASS": 3}}, {"type": "Feature", "geometry": {"type": "LineString", "coordinates": [[-77.029697, 38.955156], [-77.029697, 38.956224]]}, "properties": {"STREETNAME": "13TH", "STREETTYPE": "ST", "FHWAFUNCTIONALCLASS": 4}}, {"type": "Feature", "geometry": {"type": "LineString", "coordinates": [[-77.031966, 38.892101], [-77.033655, 38.892097]]}, "properties": {"STREETNAME": "CONSTITUTION", "STREETTYPE": "AVE", "FHWAFUNCTIONALCLASS": 3}}, {"type": "Feature", "geometry": {"type": "LineString", "coordinates": [[-77.027736, 38.95409], [-77.027883, 38.955156]]}, "properties": {"STREETNAME": "GEORGIA", "STREETTYPE": "AVE", "FHWAFUNCTIONALCLASS": 3}}, {"type": "Feature", "geometry": {"type": "LineString", "coordinates": [[-77.034559, 38.909657], [-77.034559, 38.910394]]}, "properties": {"STREETNAME": "15TH", "STREETTYPE": "ST", "FHWAFUNCTIONALCLASS": 4}}, {"type": "Feature", "geometry": {"type": "LineString", "coordinates": [[-77.041707, 38.897362], [-77.041705, 38.898322]]}, "properties": {"STREETNAME": "18TH", "STREETTYPE": "ST", "FHWAFUNCTIONALCLASS": 4}}, {"type": "Feature", "geometry": {"type": "LineString", "coordinates": [[-77.037886, 38.91558], [-77.036844, 38.916691], [-77.036495, 38.91701]]}, "properties": {"STREETNAME": "NEW HAMPSHIRE", "STREETTYPE": "AVE", "FHWAFUNCTIONALCLASS": 4}}, {"type": "Feature", "geometry": {"type": "LineString", "coordinates": [[-77.068125, 38.952104], [-77.068828, 38.953315]]}, "properties": {"STREETNAME": "CONNECTICUT", "STREETTYPE": "AVE", "FHWAFUNCTIONALCLASS": 3}}, {"type": "Feature", "geometry": {"type": "LineString", "coordinates": [[-77.048808, 38.907246], [-77.0488, 38.907908]]}, "properties": {"STREETNAME": "22ND", "STREETTYPE": "ST", "FHWAFUNCTIONALCLASS": 4}}, {"type": "Feature", "geometry": {"type": "LineString", "coordinates": [[-77.032727, 38.946132], [-77.032729, 38.947202]]}, "properties": {"STREETNAME": "14TH", "STREETTYPE": "ST", "FHWAFUNCTIONALCLASS": 4}}, {"type": "Feature", "geometry": {"type": "LineString", "coordinates": [[-77.029637, 38.900224], [-77.030343, 38.899987]]}, "properties": {"STREETNAME": "NEW YORK", "STREETTYPE": "AVE", "FHWAFUNCTIONALCLASS": 4}}, {"type": "Feature", "geometry": {"type": "LineString", "coordinates": [[-77.036372, 38.969934], [-77.036372, 38.970731]]}, "properties": {"STREETNAME": "16TH", "STREETTYPE": "ST", "FHWAFUNCTIONALCLASS": 3}}, {"type": "Feature", "geometry": {"type": "LineString", "coordinates": [[-77.027807, 38.96378], [-77.027712, 38.964961]]}, "properties": {"STREETNAME": "GEORGIA", "STREETTYPE": "AVE", "FHWAFUNCTIONALCLASS": 3}}, {"type": "Feature", "geometry": {"type": "LineString", "coordinates": [[-77.029986, 38.980868], [-77.029807, 38.981038], [-77.029635, 38.98126]]}, "properties": {"STREETNAME": "ALASKA", "STREETTYPE": "AVE", "FHWAFUNCTIONALCLASS": 4}}, {"type": "Feature", "geometry": {"type": "LineString", "coordinates": [[-77.038853, 38.91455], [-77.038479, 38.914943]]}, "properties": {"STREETNAME": "NEW HAMPSHIRE", "STREETTYPE": "AVE", "FHWAFUNCTIONALCLASS": 4}}, {"type": "Feature", "geometry": {"type": "LineString", "coordinates": [[-77.044912, 38.897361], [-77.044911, 38.89833]]}, "properties": {"STREETNAME": "20TH", "STREETTYPE": "ST", "FHWAFUNCTIONALCLASS": 4}}, {"type": "Feature", "geometry": {"type": "LineString", "coordinates": [[-77.012772, 38.966169], [-77.013101, 38.966627], [-77.013685, 38.967296]]}, "properties": {"STREETNAME": "BLAIR", "STREETTYPE": "RD", "FHWAFUNCTIONALCLASS": 4}}, {"type": "Feature", "geometry": {"type": "LineString", "coordinates": [[-77.033641, 38.90134], [-77.033634, 38.902526]]}, "properties": {"STREETNAME": "15TH", "STREETTYPE": "ST", "FHWAFUNCTIONALCLASS": 4}}, {"type": "Feature", "geometry": {"type": "LineString", "coordinates": [[-77.014903, 38.90566], [-77.015088, 38.906202]]}, "properties": {"STREETNAME": "NEW JERSEY", "STREETTYPE": "AVE", "FHWAFUNCTIONALCLASS": 4}}, {"type": "Feature", "geometry": {"type": "LineString", "coordinates": [[-77.097338, 38.946267], [-77.09755, 38.946419]]}, "properties": {"STREETNAME": "MASSACHUSETTS", "STREETTYPE": "AVE", "FHWAFUNCTIONALCLASS": 3}}, {"type": "Feature", "geometry": {"type": "LineString", "coordinates": [[-77.059086, 38.918321], [-77.05953, 38.918653]]}, "properties": {"STREETNAME": "MASSACHUSETTS", "STREETTYPE": "AVE", "FHWAFUNCTIONALCLASS": 3}}, {"type": "Feature", "geometry": {"type": "LineString", "coordinates": [[-77.031954, 38.911137], [-77.031951, 38.911876]]}, "properties": {"STREETNAME": "14TH", "STREETTYPE": "ST", "FHWAFUNCTIONALCLASS": 3}}, {"type": "Feature", "geometry": {"type": "LineString", "coordinates": [[-77.01893, 38.915008], [-77.019978, 38.915458]]}, "properties": {"STREETNAME": "FLORIDA", "STREETTYPE": "AVE", "FHWAFUNCTIONALCLASS": 3}}, {"type": "Feature", "geometry": {"type": "LineString", "coordinates": [[-77.029625, 38.911873], [-77.029625, 38.912613]]}, "properties": {"STREETNAME": "13TH", "STREETTYPE": "ST", "FHWAFUNCTIONALCLASS": 4}}, {"type": "Feature", "geometry": {"type": "LineString", "coordinates": [[-77.043468, 38.895987], [-77.04492, 38.896002]]}, "properties": {"STREETNAME": "E", "STREETTYPE": "ST", "FHWAFUNCTIONALCLASS": 3}}, {"type": "Feature", "geometry": {"type": "LineString", "coordinates": [[-77.042651, 38.909651], [-77.042682, 38.909818], [-77.042749, 38.909947], [-77.042979, 38.91015]]}, "properties": {"STREETNAME": "DUPONT", "STREETTYPE": "CIR", "FHWAFUNCTIONALCLASS": 3}}, {"type": "Feature", "geometry": {"type": "LineString", "coordinates": [[-77.034581, 38.902526], [-77.036544, 38.902533]]}, "properties": {"STREETNAME": "K", "STREETTYPE": "ST", "FHWAFUNCTIONALCLASS": 3}}, {"type": "Feature", "geometry": {"type": "LineString", "coordinates": [[-77.04492, 38.895437], [-77.046038, 38.895625], [-77.049193, 38.895833], [-77.052249, 38.89583], [-77.052809, 38.895717], [-77.053406, 38.895521], [-77.053584, 38.89551], [-77.05383, 38.895569], [-77.05396, 38.89565], [-77.054069, 38.895774], [-77.05412, 38.895892], [-77.054125, 38.895994], [-77.054045, 38.896271]]}, "properties": {"STREETNAME": "E", "STREETTYPE": "EXPY", "FHWAFUNCTIONALCLASS": 2}}, {"type": "Feature", "geometry": {"type": "LineString", "coordinates": [[-77.030275, 38.909432], [-77.030195, 38.909318], [-77.029998, 38.909174]]}, "properties": {"STREETNAME": "LOGAN", "STREETTYPE": "CIR", "FHWAFUNCTIONALCLASS": 3}}, {"type": "Feature", "geometry": {"type": "LineString", "coordinates": [[-77.041715, 38.895996], [-77.043468, 38.895987]]}, "properties": {"STREETNAME": "E", "STREETTYPE": "ST", "FHWAFUNCTIONALCLASS": 3}}, {"type": "Feature", "geometry": {"type": "LineString", "coordinates": [[-77.031952, 38.903745], [-77.031951, 38.9053]]}, "properties": {"STREETNAME": "14TH", "STREETTYPE": "ST", "FHWAFUNCTIONALCLASS": 3}}, {"type": "Feature", "geometry": {"type": "LineString", "coordinates": [[-77.032712, 38.931354], [-77.032737, 38.931876]]}, "properties": {"STREETNAME": "14TH", "STREETTYPE": "ST", "FHWAFUNCTIONALCLASS": 4}}, {"type": "Feature", "geometry": {"type": "LineString", "coordinates": [[-77.009254, 38.960192], [-77.009455, 38.960706], [-77.009612, 38.961006]]}, "properties": {"STREETNAME": "BLAIR", "STREETTYPE": "RD", "FHWAFUNCTIONALCLASS": 4}}, {"type": "Feature", "geometry": {"type": "LineString", "coordinates": [[-77.04494, 38.892109], [-77.046678, 38.892109]]}, "properties": {"STREETNAME": "CONSTITUTION", "STREETTYPE": "AVE", "FHWAFUNCTIONALCLASS": 3}}, {"type": "Feature", "geometry": {"type": "LineString", "coordinates": [[-77.021896, 38.916269], [-77.021899, 38.917767]]}, "properties": {"STREETNAME": "GEORGIA", "STREETTYPE": "AVE", "FHWAFUNCTIONALCLASS": 3}}, {"type": "Feature", "geometry": {"type": "LineString", "coordinates": [[-77.087731, 38.935788], [-77.086175, 38.937606]]}, "properties": {"STREETNAME": "NEBRASKA", "STREETTYPE": "AVE", "FHWAFUNCTIONALCLASS": 3}}, {"type": "Feature", "geometry": {"type": "LineString", "coordinates": [[-77.029622, 38.898321], [-77.029635, 38.899816]]}, "properties": {"STREETNAME": "13TH", "STREETTYPE": "ST", "FHWAFUNCTIONALCLASS": 4}}, {"type": "Feature", "geometry": {"type": "LineString", "coordinates": [[-77.069849, 38.926188], [-77.070887, 38.92695]]}, "properties": {"STREETNAME": "MASSACHUSETTS", "STREETTYPE": "AVE", "FHWAFUNCTIONALCLASS": 3}}, {"type": "Feature", "geometry": {"type": "LineString", "coordinates": [[-77.021916, 38.904176], [-77.021916, 38.905651]]}, "properties": {"STREETNAME": "7TH", "STREETTYPE": "ST", "FHWAFUNCTIONALCLASS": 3}}, {"type": "Feature", "geometry": {"type": "LineString", "coordinates": [[-77.030326, 38.909677], [-77.030275, 38.909432]]}, "properties": {"STREETNAME": "LOGAN", "STREETTYPE": "CIR", "FHWAFUNCTIONALCLASS": 3}}, {"type": "Feature", "geometry": {"type": "LineString", "coordinates": [[-77.0449, 38.905664], [-77.044892, 38.907252]]}, "properties": {"STREETNAME": "20TH", "STREETTYPE": "ST", "FHWAFUNCTIONALCLASS": 4}}, {"type": "Feature", "geometry": {"type": "LineString", "coordinates": [[-77.0364, 38.95622], [-77.0364, 38.956475]]}, "properties": {"STREETNAME": "16TH", "STREETTYPE": "ST", "FHWAFUNCTIONALCLASS": 3}}, {"type": "Feature", "geometry": {"type": "LineString", "coordinates": [[-77.043443, 38.907907], [-77.043443, 38.908852], [-77.043492, 38.908972], [-77.043592, 38.909043]]}, "properties": {"STREETNAME": "19TH", "STREETTYPE": "ST", "FHWAFUNCTIONALCLASS": 4}}, {"type": "Feature", "geometry": {"type": "LineString", "coordinates": [[-77.045544, 38.931272], [-77.046698, 38.932551], [-77.046818, 38.932611]]}, "properties": {"STREETNAME": "ADAMS MILL", "STREETTYPE": "RD", "FHWAFUNCTIONALCLASS": 4}}, {"type": "Feature", "geometry": {"type": "LineString", "coordinates": [[-77.033428, 38.961025], [-77.033427, 38.9616]]}, "properties": {"STREETNAME": "14TH", "STREETTYPE": "ST", "FHWAFUNCTIONALCLASS": 4}}, {"type": "Feature", "geometry": {"type": "LineString", "coordinates": [[-77.029698, 38.958357], [-77.029696, 38.960219]]}, "properties": {"STREETNAME": "13TH", "STREETTYPE": "ST", "FHWAFUNCTIONALCLASS": 4}}, {"type": "Feature", "geometry": {"type": "LineString", "coordinates": [[-77.029622, 38.914096], [-77.029624, 38.915581]]}, "properties": {"STREETNAME": "13TH", "STREETTYPE": "ST", "FHWAFUNCTIONALCLASS": 4}}, {"type": "Feature", "geometry": {"type": "LineString", "coordinates": [[-77.013411, 38.905844], [-77.013651, 38.90576]]}, "properties": {"STREETNAME": "NEW YORK", "STREETTYPE": "AVE", "FHWAFUNCTIONALCLASS": 3}}, {"type": "Feature", "geometry": {"type": "LineString", "coordinates": [[-77.041703, 38.900219], [-77.043196, 38.900238], [-77.043465, 38.90021]]}, "properties": {"STREETNAME": "H", "STREETTYPE": "ST", "FHWAFUNCTIONALCLASS": 3}}, {"type": "Feature", "geometry": {"type": "LineString", "coordinates": [[-77.036456, 38.934438], [-77.036454, 38.934974]]}, "properties": {"STREETNAME": "16TH", "STREETTYPE": "ST", "FHWAFUNCTIONALCLASS": 3}}, {"type": "Feature", "geometry": {"type": "LineString", "coordinates": [[-77.010946, 38.972434], [-77.012823, 38.973904]]}, "properties": {"STREETNAME": "EASTERN", "STREETTYPE": "AVE", "FHWAFUNCTIONALCLASS": 4}}, {"type": "Feature", "geometry": {"type": "LineString", "coordinates": [[-77.019902, 38.892766], [-77.019927, 38.893606]]}, "properties": {"STREETNAME": "6TH", "STREETTYPE": "ST", "FHWAFUNCTIONALCLASS": 4}}, {"type": "Feature", "geometry": {"type": "LineString", "coordinates": [[-77.083081, 38.907552], [-77.084058, 38.907988]]}, "properties": {"STREETNAME": "MACARTHUR", "STREETTYPE": "BLVD", "FHWAFUNCTIONALCLASS": 4}}, {"type": "Feature", "geometry": {"type": "LineString", "coordinates": [[-77.044889, 38.910149], [-77.046634, 38.910757]]}, "properties": {"STREETNAME": "MASSACHUSETTS", "STREETTYPE": "AVE", "FHWAFUNCTIONALCLASS": 3}}, {"type": "Feature", "geometry": {"type": "LineString", "coordinates": [[-77.028303, 38.938685], [-77.027515, 38.939749]]}, "properties": {"STREETNAME": "KANSAS", "STREETTYPE": "AVE", "FHWAFUNCTIONALCLASS": 4}}, {"type": "Feature", "geometry": {"type": "LineString", "coordinates": [[-77.023097, 38.928131], [-77.026089, 38.927842]]}, "properties": {"STREETNAME": "COLUMBIA", "STREETTYPE": "RD", "FHWAFUNCTIONALCLASS": 4}}, {"type": "Feature", "geometry": {"type": "LineString", "coordinates": [[-77.036492, 38.920972], [-77.03649, 38.92274]]}, "properties": {"STREETNAME": "16TH", "STREETTYPE": "ST", "FHWAFUNCTIONALCLASS": 3}}, {"type": "Feature", "geometry": {"type": "LineString", "coordinates": [[-77.02192, 38.89614], [-77.021918, 38.897283]]}, "properties": {"STREETNAME": "7TH", "STREETTYPE": "ST", "FHWAFUNCTIONALCLASS": 3}}, {"type": "Feature", "geometry": {"type": "LineString", "coordinates": [[-77.032728, 38.945069], [-77.032727, 38.946132]]}, "properties": {"STREETNAME": "14TH", "STREETTYPE": "ST", "FHWAFUNCTIONALCLASS": 4}}, {"type": "Feature", "geometry": {"type": "LineString", "coordinates": [[-77.036502, 38.918122], [-77.036498, 38.919153]]}, "properties": {"STREETNAME": "16TH", "STREETTYPE": "ST", "FHWAFUNCTIONALCLASS": 3}}, {"type": "Feature", "geometry": {"type": "LineString", "coordinates": [[-77.046255, 38.914839], [-77.046347, 38.915997]]}, "properties": {"STREETNAME": "CONNECTICUT", "STREETTYPE": "AVE", "FHWAFUNCTIONALCLASS": 3}}, {"type": "Feature", "geometry": {"type": "LineString", "coordinates": [[-77.03464, 38.928692], [-77.035323, 38.928655], [-77.036199, 38.928683]]}, "properties": {"STREETNAME": "IRVING", "STREETTYPE": "ST", "FHWAFUNCTIONALCLASS": 4}}, {"type": "Feature", "geometry": {"type": "LineString", "coordinates": [[-77.034572, 38.905654], [-77.03457, 38.906566]]}, "properties": {"STREETNAME": "15TH", "STREETTYPE": "ST", "FHWAFUNCTIONALCLASS": 4}}, {"type": "Feature", "geometry": {"type": "LineString", "coordinates": [[-77.016298, 38.90965], [-77.016614, 38.910529]]}, "properties": {"STREETNAME": "NEW JERSEY", "STREETTYPE": "AVE", "FHWAFUNCTIONALCLASS": 4}}, {"type": "Feature", "geometry": {"type": "LineString", "coordinates": [[-77.023542, 38.931201], [-77.023664, 38.932047]]}, "properties": {"STREETNAME": "GEORGIA", "STREETTYPE": "AVE", "FHWAFUNCTIONALCLASS": 3}}, {"type": "Feature", "geometry": {"type": "LineString", "coordinates": [[-77.039471, 38.893538], [-77.03947, 38.894348]]}, "properties": {"STREETNAME": "17TH", "STREETTYPE": "ST", "FHWAFUNCTIONALCLASS": 3}}, {"type": "Feature", "geometry": {"type": "LineString", "coordinates": [[-77.08505, 38.912434], [-77.085226, 38.912992]]}, "properties": {"STREETNAME": "FOXHALL", "STREETTYPE": "RD", "FHWAFUNCTIONALCLASS": 4}}, {"type": "Feature", "geometry": {"type": "LineString", "coordinates": [[-77.08031, 38.961028], [-77.08152, 38.961027]]}, "properties": {"STREETNAME": "MILITARY", "STREETTYPE": "RD", "FHWAFUNCTIONALCLASS": 4}}, {"type": "Feature", "geometry": {"type": "LineString", "coordinates": [[-77.039466, 38.895404], [-77.039464, 38.896409]]}, "properties": {"STREETNAME": "17TH", "STREETTYPE": "ST", "FHWAFUNCTIONALCLASS": 3}}, {"type": "Feature", "geometry": {"type": "LineString", "coordinates": [[-77.04167, 38.911875], [-77.041667, 38.912616]]}, "properties": {"STREETNAME": "18TH", "STREETTYPE": "ST", "FHWAFUNCTIONALCLASS": 4}}, {"type": "Feature", "geometry": {"type": "LineString", "coordinates": [[-77.046634, 38.910757], [-77.047727, 38.911137]]}, "properties": {"STREETNAME": "MASSACHUSETTS", "STREETTYPE": "AVE", "FHWAFUNCTIONALCLASS": 3}}, {"type": "Feature", "geometry": {"type": "LineString", "coordinates": [[-77.017308, 38.945751], [-77.016813, 38.946417]]}, "properties": {"STREETNAME": "NEW HAMPSHIRE", "STREETTYPE": "AVE", "FHWAFUNCTIONALCLASS": 4}}, {"type": "Feature", "geometry": {"type": "LineString", "coordinates": [[-77.107921, 38.931592], [-77.109081, 38.932596]]}, "properties": {"STREETNAME": "MACARTHUR", "STREETTYPE": "BLVD", "FHWAFUNCTIONALCLASS": 4}}, {"type": "Feature", "geometry": {"type": "LineString", "coordinates": [[-77.027039, 38.901342], [-77.027041, 38.90253]]}, "properties": {"STREETNAME": "11TH", "STREETTYPE": "ST", "FHWAFUNCTIONALCLASS": 4}}, {"type": "Feature", "geometry": {"type": "LineString", "coordinates": [[-77.018934, 38.899817], [-77.019912, 38.899819]]}, "properties": {"STREETNAME": "H", "STREETTYPE": "ST", "FHWAFUNCTIONALCLASS": 4}}, {"type": "Feature", "geometry": {"type": "LineString", "coordinates": [[-77.075051, 38.964006], [-77.075575, 38.96491]]}, "properties": {"STREETNAME": "CONNECTICUT", "STREETTYPE": "AVE", "FHWAFUNCTIONALCLASS": 3}}, {"type": "Feature", "geometry": {"type": "LineString", "coordinates": [[-77.016036, 38.955217], [-77.015816, 38.955513]]}, "properties": {"STREETNAME": "KANSAS", "STREETTYPE": "AVE", "FHWAFUNCTIONALCLASS": 4}}, {"type": "Feature", "geometry": {"type": "LineString", "coordinates": [[-77.036353, 38.980867], [-77.03635, 38.981356]]}, "properties": {"STREETNAME": "16TH", "STREETTYPE": "ST", "FHWAFUNCTIONALCLASS": 3}}, {"type": "Feature", "geometry": {"type": "LineString", "coordinates": [[-77.036495, 38.91701], [-77.036502, 38.918122]]}, "properties": {"STREETNAME": "16TH", "STREETTYPE": "ST", "FHWAFUNCTIONALCLASS": 3}}, {"type": "Feature", "geometry": {"type": "LineString", "coordinates": [[-77.027503, 38.967296], [-77.027479, 38.967543]]}, "properties": {"STREETNAME": "GEORGIA", "STREETTYPE": "AVE", "FHWAFUNCTIONALCLASS": 3}}, {"type": "Feature", "geometry": {"type": "LineString", "coordinates": [[-77.050115, 38.903745], [-77.050111, 38.905271]]}, "properties": {"STREETNAME": "23RD", "STREETTYPE": "ST", "FHWAFUNCTIONALCLASS": 3}}, {"type": "Feature", "geometry": {"type": "LineString", "coordinates": [[-77.072156, 38.959034], [-77.072539, 38.959695]]}, "properties": {"STREETNAME": "CONNECTICUT", "STREETTYPE": "AVE", "FHWAFUNCTIONALCLASS": 3}}, {"type": "Feature", "geometry": {"type": "LineString", "coordinates": [[-77.074596, 38.961024], [-77.077144, 38.961029]]}, "properties": {"STREETNAME": "MILITARY", "STREETTYPE": "RD", "FHWAFUNCTIONALCLASS": 4}}, {"type": "Feature", "geometry": {"type": "LineString", "coordinates": [[-77.036353, 38.980389], [-77.036353, 38.980867]]}, "properties": {"STREETNAME": "16TH", "STREETTYPE": "ST", "FHWAFUNCTIONALCLASS": 3}}, {"type": "Feature", "geometry": {"type": "LineString", "coordinates": [[-77.037957, 38.900209], [-77.038475, 38.901108], [-77.038516, 38.901208], [-77.038525, 38.901353]]}, "properties": {"STREETNAME": "CONNECTICUT", "STREETTYPE": "AVE", "FHWAFUNCTIONALCLASS": 4}}, {"type": "Feature", "geometry": {"type": "LineString", "coordinates": [[-77.036536, 38.905662], [-77.036529, 38.908704]]}, "properties": {"STREETNAME": "16TH", "STREETTYPE": "ST", "FHWAFUNCTIONALCLASS": 3}}, {"type": "Feature", "geometry": {"type": "LineString", "coordinates": [[-77.029628, 38.908583], [-77.02963, 38.909107]]}, "properties": {"STREETNAME": "13TH", "STREETTYPE": "ST", "FHWAFUNCTIONALCLASS": 4}}, {"type": "Feature", "geometry": {"type": "LineString", "coordinates": [[-77.029624, 38.913355], [-77.029622, 38.914096]]}, "properties": {"STREETNAME": "13TH", "STREETTYPE": "ST", "FHWAFUNCTIONALCLASS": 4}}, {"type": "Feature", "geometry": {"type": "LineString", "coordinates": [[-77.029635, 38.895454], [-77.029642, 38.896133]]}, "properties": {"STREETNAME": "13TH", "STREETTYPE": "ST", "FHWAFUNCTIONALCLASS": 4}}, {"type": "Feature", "geometry": {"type": "LineString", "coordinates": [[-77.028084, 38.904311], [-77.029625, 38.904842]]}, "properties": {"STREETNAME": "MASSACHUSETTS", "STREETTYPE": "AVE", "FHWAFUNCTIONALCLASS": 3}}, {"type": "Feature", "geometry": {"type": "LineString", "coordinates": [[-77.033419, 38.964022], [-77.033421, 38.965437]]}, "properties": {"STREETNAME": "14TH", "STREETTYPE": "ST", "FHWAFUNCTIONALCLASS": 4}}, {"type": "Feature", "geometry": {"type": "LineString", "coordinates": [[-77.036536, 38.905662], [-77.038503, 38.90566]]}, "properties": {"STREETNAME": "M", "STREETTYPE": "ST", "FHWAFUNCTIONALCLASS": 4}}, {"type": "Feature", "geometry": {"type": "LineString", "coordinates": [[-77.02971, 38.930704], [-77.029711, 38.931331]]}, "properties": {"STREETNAME": "13TH", "STREETTYPE": "ST", "FHWAFUNCTIONALCLASS": 4}}, {"type": "Feature", "geometry": {"type": "LineString", "coordinates": [[-77.030343, 38.899987], [-77.030486, 38.900126], [-77.030637, 38.900197], [-77.031959, 38.900212]]}, "properties": {"STREETNAME": "H", "STREETTYPE": "ST", "FHWAFUNCTIONALCLASS": 4}}, {"type": "Feature", "geometry": {"type": "LineString", "coordinates": [[-77.031956, 38.905997], [-77.031953, 38.907247]]}, "properties": {"STREETNAME": "14TH", "STREETTYPE": "ST", "FHWAFUNCTIONALCLASS": 3}}, {"type": "Feature", "geometry": {"type": "LineString", "coordinates": [[-77.028013, 38.961267], [-77.028522, 38.961346]]}, "properties": {"STREETNAME": "MISSOURI", "STREETTYPE": "AVE", "FHWAFUNCTIONALCLASS": 3}}, {"type": "Feature", "geometry": {"type": "LineString", "coordinates": [[-77.034595, 38.901343], [-77.036548, 38.901352]]}, "properties": {"STREETNAME": "I", "STREETTYPE": "ST", "FHWAFUNCTIONALCLASS": 3}}, {"type": "Feature", "geometry": {"type": "LineString", "coordinates": [[-77.010749, 38.954581], [-77.010303, 38.955187]]}, "properties": {"STREETNAME": "NEW HAMPSHIRE", "STREETTYPE": "AVE", "FHWAFUNCTIONALCLASS": 4}}, {"type": "Feature", "geometry": {"type": "LineString", "coordinates": [[-77.014221, 38.957668], [-77.013673, 38.958403]]}, "properties": {"STREETNAME": "KANSAS", "STREETTYPE": "AVE", "FHWAFUNCTIONALCLASS": 4}}, {"type": "Feature", "geometry": {"type": "LineString", "coordinates": [[-77.033033, 38.890137], [-77.033517, 38.890838], [-77.033627, 38.891104], [-77.033667, 38.891331], [-77.033655, 38.892097]]}, "properties": {"STREETNAME": "15TH", "STREETTYPE": "ST", "FHWAFUNCTIONALCLASS": 3}}, {"type": "Feature", "geometry": {"type": "LineString", "coordinates": [[-77.032728, 38.943283], [-77.032133, 38.943988]]}, "properties": {"STREETNAME": "ARKANSAS", "STREETTYPE": "AVE", "FHWAFUNCTIONALCLASS": 4}}, {"type": "Feature", "geometry": {"type": "LineString", "coordinates": [[-77.021917, 38.899821], [-77.021913, 38.900878]]}, "properties": {"STREETNAME": "7TH", "STREETTYPE": "ST", "FHWAFUNCTIONALCLASS": 3}}, {"type": "Feature", "geometry": {"type": "LineString", "coordinates": [[-77.029623, 38.918122], [-77.029622, 38.91919]]}, "properties": {"STREETNAME": "13TH", "STREETTYPE": "ST", "FHWAFUNCTIONALCLASS": 4}}, {"type": "Feature", "geometry": {"type": "LineString", "coordinates": [[-77.031876, 38.921094], [-77.031933, 38.921668]]}, "properties": {"STREETNAME": "14TH", "STREETTYPE": "ST", "FHWAFUNCTIONALCLASS": 4}}, {"type": "Feature", "geometry": {"type": "LineString", "coordinates": [[-76.990984, 38.936178], [-76.990611, 38.937253]]}, "properties": {"STREETNAME": "12TH", "STREETTYPE": "ST", "FHWAFUNCTIONALCLASS": 4}}, {"type": "Feature", "geometry": {"type": "LineString", "coordinates": [[-76.998822, 38.962864], [-76.999076, 38.963063]]}, "properties": {"STREETNAME": "EASTERN", "STREETTYPE": "AVE", "FHWAFUNCTIONALCLASS": 4}}, {"type": "Feature", "geometry": {"type": "LineString", "coordinates": [[-76.979978, 38.90537], [-76.979776, 38.90567]]}, "properties": {"STREETNAME": "BLADENSBURG", "STREETTYPE": "RD", "FHWAFUNCTIONALCLASS": 4}}, {"type": "Feature", "geometry": {"type": "LineString", "coordinates": [[-77.056349, 38.898223], [-77.056363, 38.898524], [-77.056422, 38.898797], [-77.056854, 38.900074], [-77.057208, 38.900988]]}, "properties": {"STREETNAME": "ROCK CREEK AND POTOMAC PKWY", "STREETTYPE": "PKWY", "FHWAFUNCTIONALCLASS": 3}}, {"type": "Feature", "geometry": {"type": "LineString", "coordinates": [[-77.023968, 38.896141], [-77.023972, 38.897296]]}, "properties": {"STREETNAME": "9TH", "STREETTYPE": "ST", "FHWAFUNCTIONALCLASS": 4}}, {"type": "Feature", "geometry": {"type": "LineString", "coordinates": [[-77.0488, 38.907908], [-77.0488, 38.908573]]}, "properties": {"STREETNAME": "22ND", "STREETTYPE": "ST", "FHWAFUNCTIONALCLASS": 4}}, {"type": "Feature", "geometry": {"type": "LineString", "coordinates": [[-77.032718, 38.931193], [-77.032712, 38.931354]]}, "properties": {"STREETNAME": "14TH", "STREETTYPE": "ST", "FHWAFUNCTIONALCLASS": 4}}, {"type": "Feature", "geometry": {"type": "LineString", "coordinates": [[-77.049512, 38.890104], [-77.049913, 38.890198], [-77.050163, 38.890219]]}, "properties": {"STREETNAME": "LINCOLN MEMORIAL", "STREETTYPE": "CIR", "FHWAFUNCTIONALCLASS": 3}}, {"type": "Feature", "geometry": {"type": "LineString", "coordinates": [[-77.031958, 38.915576], [-77.031954, 38.916297]]}, "properties": {"STREETNAME": "14TH", "STREETTYPE": "ST", "FHWAFUNCTIONALCLASS": 3}}, {"type": "Feature", "geometry": {"type": "LineString", "coordinates": [[-77.02963, 38.9102], [-77.029864, 38.910169], [-77.030108, 38.910059], [-77.030268, 38.90989], [-77.030326, 38.909677]]}, "properties": {"STREETNAME": "LOGAN", "STREETTYPE": "CIR", "FHWAFUNCTIONALCLASS": 3}}, {"type": "Feature", "geometry": {"type": "LineString", "coordinates": [[-77.023991, 38.902097], [-77.024018, 38.902529]]}, "properties": {"STREETNAME": "9TH", "STREETTYPE": "ST", "FHWAFUNCTIONALCLASS": 3}}, {"type": "Feature", "geometry": {"type": "LineString", "coordinates": [[-77.099733, 38.930233], [-77.098309, 38.931483]]}, "properties": {"STREETNAME": "ARIZONA", "STREETTYPE": "AVE", "FHWAFUNCTIONALCLASS": 3}}, {"type": "Feature", "geometry": {"type": "LineString", "coordinates": [[-77.013725, 38.902521], [-77.014171, 38.903747]]}, "properties": {"STREETNAME": "NEW JERSEY", "STREETTYPE": "AVE", "FHWAFUNCTIONALCLASS": 4}}, {"type": "Feature", "geometry": {"type": "LineString", "coordinates": [[-77.022898, 38.92677], [-77.022966, 38.927234]]}, "properties": {"STREETNAME": "GEORGIA", "STREETTYPE": "AVE", "FHWAFUNCTIONALCLASS": 3}}, {"type": "Feature", "geometry": {"type": "LineString", "coordinates": [[-77.018029, 38.920368], [-77.018185, 38.921369]]}, "properties": {"STREETNAME": "4TH", "STREETTYPE": "ST", "FHWAFUNCTIONALCLASS": 4}}, {"type": "Feature", "geometry": {"type": "LineString", "coordinates": [[-77.036387, 38.965431], [-77.036387, 38.966149]]}, "properties": {"STREETNAME": "16TH", "STREETTYPE": "ST", "FHWAFUNCTIONALCLASS": 3}}, {"type": "Feature", "geometry": {"type": "LineString", "coordinates": [[-77.023964, 38.892087], [-77.025993, 38.89209]]}, "properties": {"STREETNAME": "CONSTITUTION", "STREETTYPE": "AVE", "FHWAFUNCTIONALCLASS": 3}}, {"type": "Feature", "geometry": {"type": "LineString", "coordinates": [[-77.034548, 38.9141], [-77.03454, 38.914835]]}, "properties": {"STREETNAME": "15TH", "STREETTYPE": "ST", "FHWAFUNCTIONALCLASS": 4}}, {"type": "Feature", "geometry": {"type": "LineString", "coordinates": [[-77.033646, 38.898322], [-77.033644, 38.89879]]}, "properties": {"STREETNAME": "15TH", "STREETTYPE": "ST", "FHWAFUNCTIONALCLASS": 3}}, {"type": "Feature", "geometry": {"type": "LineString", "coordinates": [[-77.04175, 38.89265], [-77.041746, 38.893537]]}, "properties": {"STREETNAME": "18TH", "STREETTYPE": "ST", "FHWAFUNCTIONALCLASS": 4}}, {"type": "Feature", "geometry": {"type": "LineString", "coordinates": [[-77.036199, 38.928683], [-77.036479, 38.928695]]}, "properties": {"STREETNAME": "IRVING", "STREETTYPE": "ST", "FHWAFUNCTIONALCLASS": 4}}, {"type": "Feature", "geometry": {"type": "LineString", "coordinates": [[-77.050131, 38.895359], [-77.05012, 38.896032]]}, "properties": {"STREETNAME": "23RD", "STREETTYPE": "ST", "FHWAFUNCTIONALCLASS": 3}}, {"type": "Feature", "geometry": {"type": "LineString", "coordinates": [[-77.044924, 38.90807], [-77.044451, 38.908577]]}, "properties": {"STREETNAME": "NEW HAMPSHIRE", "STREETTYPE": "AVE", "FHWAFUNCTIONALCLASS": 4}}, {"type": "Feature", "geometry": {"type": "LineString", "coordinates": [[-76.968778, 38.928622], [-76.969395, 38.929214]]}, "properties": {"STREETNAME": "SOUTH DAKOTA", "STREETTYPE": "AVE", "FHWAFUNCTIONALCLASS": 3}}, {"type": "Feature", "geometry": {"type": "LineString", "coordinates": [[-77.027039, 38.917007], [-77.028086, 38.917005]]}, "properties": {"STREETNAME": "U", "STREETTYPE": "ST", "FHWAFUNCTIONALCLASS": 3}}, {"type": "Feature", "geometry": {"type": "LineString", "coordinates": [[-77.022193, 38.947831], [-77.022373, 38.947735], [-77.022493, 38.947619], [-77.022575, 38.947455], [-77.022591, 38.947321]]}, "properties": {"STREETNAME": "SHERMAN", "STREETTYPE": "CIR", "FHWAFUNCTIONALCLASS": 4}}, {"type": "Feature", "geometry": {"type": "LineString", "coordinates": [[-77.004223, 38.921317], [-77.003885, 38.922401]]}, "properties": {"STREETNAME": "LINCOLN", "STREETTYPE": "RD", "FHWAFUNCTIONALCLASS": 4}}, {"type": "Feature", "geometry": {"type": "LineString", "coordinates": [[-77.078627, 38.946041], [-77.07852, 38.946135], [-77.078422, 38.946291]]}, "properties": {"STREETNAME": "TENLEY", "STREETTYPE": "CIR", "FHWAFUNCTIONALCLASS": 3}}, {"type": "Feature", "geometry": {"type": "LineString", "coordinates": [[-76.992647, 38.90021], [-76.991528, 38.900208]]}, "properties": {"STREETNAME": "H", "STREETTYPE": "ST", "FHWAFUNCTIONALCLASS": 3}}, {"type": "Feature", "geometry": {"type": "LineString", "coordinates": [[-77.072998, 38.929721], [-77.072652, 38.931879]]}, "properties": {"STREETNAME": "WISCONSIN", "STREETTYPE": "AVE", "FHWAFUNCTIONALCLASS": 3}}, {"type": "Feature", "geometry": {"type": "LineString", "coordinates": [[-76.921518, 38.90237], [-76.922286, 38.902976]]}, "properties": {"STREETNAME": "EASTERN", "STREETTYPE": "AVE", "FHWAFUNCTIONALCLASS": 4}}, {"type": "Feature", "geometry": {"type": "LineString", "coordinates": [[-76.942611, 38.901935], [-76.941485, 38.902838], [-76.941293, 38.902919], [-76.941029, 38.90294]]}, "properties": {"STREETNAME": "MINNESOTA", "STREETTYPE": "AVE", "FHWAFUNCTIONALCLASS": 4}}, {"type": "Feature", "geometry": {"type": "LineString", "coordinates": [[-77.043476, 38.893521], [-77.04409, 38.893859]]}, "properties": {"STREETNAME": "VIRGINIA", "STREETTYPE": "AVE", "FHWAFUNCTIONALCLASS": 4}}, {"type": "Feature", "geometry": {"type": "LineString", "coordinates": [[-76.958383, 38.930311], [-76.957758, 38.930757]]}, "properties": {"STREETNAME": "BLADENSBURG", "STREETTYPE": "RD", "FHWAFUNCTIONALCLASS": 4}}, {"type": "Feature", "geometry": {"type": "LineString", "coordinates": [[-76.951477, 38.891996], [-76.951264, 38.892296]]}, "properties": {"STREETNAME": "MINNESOTA", "STREETTYPE": "AVE", "FHWAFUNCTIONALCLASS": 4}}, {"type": "Feature", "geometry": {"type": "LineString", "coordinates": [[-77.073047, 38.929421], [-77.072998, 38.929721]]}, "properties": {"STREETNAME": "WISCONSIN", "STREETTYPE": "AVE", "FHWAFUNCTIONALCLASS": 3}}, {"type": "Feature", "geometry": {"type": "LineString", "coordinates": [[-76.992649, 38.893581], [-76.991535, 38.893587]]}, "properties": {"STREETNAME": "C", "STREETTYPE": "ST", "FHWAFUNCTIONALCLASS": 4}}, {"type": "Feature", "geometry": {"type": "LineString", "coordinates": [[-76.990237, 38.938772], [-76.990237, 38.939661]]}, "properties": {"STREETNAME": "12TH", "STREETTYPE": "ST", "FHWAFUNCTIONALCLASS": 4}}, {"type": "Feature", "geometry": {"type": "LineString", "coordinates": [[-76.967286, 38.927207], [-76.9679, 38.927784]]}, "properties": {"STREETNAME": "SOUTH DAKOTA", "STREETTYPE": "AVE", "FHWAFUNCTIONALCLASS": 3}}, {"type": "Feature", "geometry": {"type": "LineString", "coordinates": [[-76.991898, 38.937322], [-76.990699, 38.938371]]}, "properties": {"STREETNAME": "MICHIGAN", "STREETTYPE": "AVE", "FHWAFUNCTIONALCLASS": 4}}, {"type": "Feature", "geometry": {"type": "LineString", "coordinates": [[-76.993743, 38.915555], [-76.993766, 38.91724]]}, "properties": {"STREETNAME": "9TH", "STREETTYPE": "ST", "FHWAFUNCTIONALCLASS": 4}}, {"type": "Feature", "geometry": {"type": "LineString", "coordinates": [[-76.929642, 38.903531], [-76.928597, 38.90352]]}, "properties": {"STREETNAME": "SHERIFF", "STREETTYPE": "RD", "FHWAFUNCTIONALCLASS": 4}}, {"type": "Feature", "geometry": {"type": "LineString", "coordinates": [[-76.98629, 38.910656], [-76.985776, 38.910482]]}, "properties": {"STREETNAME": "MOUNT OLIVET", "STREETTYPE": "RD", "FHWAFUNCTIONALCLASS": 4}}, {"type": "Feature", "geometry": {"type": "LineString", "coordinates": [[-76.914122, 38.896572], [-76.914932, 38.897212]]}, "properties": {"STREETNAME": "EASTERN", "STREETTYPE": "AVE", "FHWAFUNCTIONALCLASS": 4}}, {"type": "Feature", "geometry": {"type": "LineString", "coordinates": [[-76.982216, 38.909008], [-76.980319, 38.908013]]}, "properties": {"STREETNAME": "MOUNT OLIVET", "STREETTYPE": "RD", "FHWAFUNCTIONALCLASS": 4}}, {"type": "Feature", "geometry": {"type": "LineString", "coordinates": [[-76.985666, 38.900831], [-76.98518, 38.900656]]}, "properties": {"STREETNAME": "FLORIDA", "STREETTYPE": "AVE", "FHWAFUNCTIONALCLASS": 3}}, {"type": "Feature", "geometry": {"type": "LineString", "coordinates": [[-76.998339, 38.906238], [-76.998264, 38.906381], [-76.997842, 38.906959]]}, "properties": {"STREETNAME": "6TH", "STREETTYPE": "ST", "FHWAFUNCTIONALCLASS": 4}}, {"type": "Feature", "geometry": {"type": "LineString", "coordinates": [[-76.979298, 38.899418], [-76.977526, 38.899093]]}, "properties": {"STREETNAME": "BENNING", "STREETTYPE": "RD", "FHWAFUNCTIONALCLASS": 3}}, {"type": "Feature", "geometry": {"type": "LineString", "coordinates": [[-76.948027, 38.894618], [-76.946641, 38.894029]]}, "properties": {"STREETNAME": "BENNING", "STREETTYPE": "RD", "FHWAFUNCTIONALCLASS": 3}}, {"type": "Feature", "geometry": {"type": "LineString", "coordinates": [[-77.100499, 38.948812], [-77.100484, 38.949011], [-77.100596, 38.949184]]}, "properties": {"STREETNAME": "WESTMORELAND", "STREETTYPE": "CIR", "FHWAFUNCTIONALCLASS": 4}}, {"type": "Feature", "geometry": {"type": "LineString", "coordinates": [[-77.025995, 38.910916], [-77.026608, 38.910707]]}, "properties": {"STREETNAME": "RHODE ISLAND", "STREETTYPE": "AVE", "FHWAFUNCTIONALCLASS": 3}}, {"type": "Feature", "geometry": {"type": "LineString", "coordinates": [[-76.979099, 38.927658], [-76.978788, 38.927802]]}, "properties": {"STREETNAME": "RHODE ISLAND", "STREETTYPE": "AVE", "FHWAFUNCTIONALCLASS": 3}}, {"type": "Feature", "geometry": {"type": "LineString", "coordinates": [[-77.017782, 38.913773], [-77.018931, 38.913369]]}, "properties": {"STREETNAME": "RHODE ISLAND", "STREETTYPE": "AVE", "FHWAFUNCTIONALCLASS": 3}}, {"type": "Feature", "geometry": {"type": "LineString", "coordinates": [[-76.974176, 38.898512], [-76.973074, 38.898316]]}, "properties": {"STREETNAME": "BENNING", "STREETTYPE": "RD", "FHWAFUNCTIONALCLASS": 3}}, {"type": "Feature", "geometry": {"type": "LineString", "coordinates": [[-76.932716, 38.902958], [-76.932055, 38.902997], [-76.931671, 38.903053]]}, "properties": {"STREETNAME": "SHERIFF", "STREETTYPE": "RD", "FHWAFUNCTIONALCLASS": 4}}, {"type": "Feature", "geometry": {"type": "LineString", "coordinates": [[-77.075943, 38.941197], [-77.076509, 38.942224]]}, "properties": {"STREETNAME": "WISCONSIN", "STREETTYPE": "AVE", "FHWAFUNCTIONALCLASS": 3}}, {"type": "Feature", "geometry": {"type": "LineString", "coordinates": [[-77.002369, 38.937399], [-77.002708, 38.939191]]}, "properties": {"STREETNAME": "HAREWOOD", "STREETTYPE": "RD", "FHWAFUNCTIONALCLASS": 4}}, {"type": "Feature", "geometry": {"type": "LineString", "coordinates": [[-76.965164, 38.925176], [-76.965611, 38.925588]]}, "properties": {"STREETNAME": "SOUTH DAKOTA", "STREETTYPE": "AVE", "FHWAFUNCTIONALCLASS": 3}}, {"type": "Feature", "geometry": {"type": "LineString", "coordinates": [[-77.082173, 38.963574], [-77.080374, 38.964982]]}, "properties": {"STREETNAME": "WESTERN", "STREETTYPE": "AVE", "FHWAFUNCTIONALCLASS": 4}}, {"type": "Feature", "geometry": {"type": "LineString", "coordinates": [[-77.078874, 38.925823], [-77.080007, 38.925916]]}, "properties": {"STREETNAME": "TUNLAW", "STREETTYPE": "RD", "FHWAFUNCTIONALCLASS": 4}}, {"type": "Feature", "geometry": {"type": "LineString", "coordinates": [[-77.004595, 38.908905], [-76.998321, 38.911062]]}, "properties": {"STREETNAME": "NEW YORK", "STREETTYPE": "AVE", "FHWAFUNCTIONALCLASS": 3}}, {"type": "Feature", "geometry": {"type": "LineString", "coordinates": [[-77.072729, 38.954699], [-77.072947, 38.955072]]}, "properties": {"STREETNAME": "RENO", "STREETTYPE": "RD", "FHWAFUNCTIONALCLASS": 4}}, {"type": "Feature", "geometry": {"type": "LineString", "coordinates": [[-77.007643, 38.896654], [-77.007437, 38.896267]]}, "properties": {"STREETNAME": "COLUMBUS", "STREETTYPE": "CIR", "FHWAFUNCTIONALCLASS": 4}}, {"type": "Feature", "geometry": {"type": "LineString", "coordinates": [[-77.027042, 38.910556], [-77.028085, 38.910187]]}, "properties": {"STREETNAME": "RHODE ISLAND", "STREETTYPE": "AVE", "FHWAFUNCTIONALCLASS": 3}}, {"type": "Feature", "geometry": {"type": "LineString", "coordinates": [[-77.008537, 38.9126], [-77.00832, 38.913354]]}, "properties": {"STREETNAME": "LINCOLN", "STREETTYPE": "RD", "FHWAFUNCTIONALCLASS": 4}}, {"type": "Feature", "geometry": {"type": "LineString", "coordinates": [[-76.996171, 38.893585], [-76.994966, 38.893586]]}, "properties": {"STREETNAME": "C", "STREETTYPE": "ST", "FHWAFUNCTIONALCLASS": 4}}, {"type": "Feature", "geometry": {"type": "LineString", "coordinates": [[-76.985504, 38.899286], [-76.983445, 38.900139]]}, "properties": {"STREETNAME": "MARYLAND", "STREETTYPE": "AVE", "FHWAFUNCTIONALCLASS": 4}}, {"type": "Feature", "geometry": {"type": "LineString", "coordinates": [[-77.004384, 38.940747], [-77.002985, 38.940751]]}, "properties": {"STREETNAME": "TAYLOR", "STREETTYPE": "ST", "FHWAFUNCTIONALCLASS": 4}}, {"type": "Feature", "geometry": {"type": "LineString", "coordinates": [[-77.002043, 38.89202], [-77.000574, 38.892022]]}, "properties": {"STREETNAME": "CONSTITUTION", "STREETTYPE": "AVE", "FHWAFUNCTIONALCLASS": 4}}, {"type": "Feature", "geometry": {"type": "LineString", "coordinates": [[-77.066801, 38.93909], [-77.067162, 38.939456], [-77.06732, 38.939675], [-77.067446, 38.939907], [-77.067655, 38.940463]]}, "properties": {"STREETNAME": "RENO", "STREETTYPE": "RD", "FHWAFUNCTIONALCLASS": 4}}, {"type": "Feature", "geometry": {"type": "LineString", "coordinates": [[-77.078498, 38.945811], [-77.078627, 38.946041]]}, "properties": {"STREETNAME": "WISCONSIN", "STREETTYPE": "AVE", "FHWAFUNCTIONALCLASS": 3}}, {"type": "Feature", "geometry": {"type": "LineString", "coordinates": [[-77.09376, 38.954517], [-77.093476, 38.954738]]}, "properties": {"STREETNAME": "WESTERN", "STREETTYPE": "AVE", "FHWAFUNCTIONALCLASS": 4}}, {"type": "Feature", "geometry": {"type": "LineString", "coordinates": [[-77.086175, 38.937606], [-77.086044, 38.937553], [-77.085888, 38.937543], [-77.085733, 38.937585], [-77.085588, 38.93767]]}, "properties": {"STREETNAME": "WARD", "STREETTYPE": "CIR", "FHWAFUNCTIONALCLASS": 3}}, {"type": "Feature", "geometry": {"type": "LineString", "coordinates": [[-76.963657, 38.924162], [-76.965164, 38.925176]]}, "properties": {"STREETNAME": "SOUTH DAKOTA", "STREETTYPE": "AVE", "FHWAFUNCTIONALCLASS": 3}}, {"type": "Feature", "geometry": {"type": "LineString", "coordinates": [[-77.035424, 38.90764], [-77.036183, 38.907352]]}, "properties": {"STREETNAME": "RHODE ISLAND", "STREETTYPE": "AVE", "FHWAFUNCTIONALCLASS": 3}}, {"type": "Feature", "geometry": {"type": "LineString", "coordinates": [[-77.000572, 38.926626], [-77.00057, 38.928513]]}, "properties": {"STREETNAME": "4TH", "STREETTYPE": "ST", "FHWAFUNCTIONALCLASS": 4}}, {"type": "Feature", "geometry": {"type": "LineString", "coordinates": [[-76.91287, 38.895592], [-76.913418, 38.896023]]}, "properties": {"STREETNAME": "EASTERN", "STREETTYPE": "AVE", "FHWAFUNCTIONALCLASS": 4}}, {"type": "Feature", "geometry": {"type": "LineString", "coordinates": [[-77.04489, 38.911134], [-77.046632, 38.911136]]}, "properties": {"STREETNAME": "Q", "STREETTYPE": "ST", "FHWAFUNCTIONALCLASS": 4}}, {"type": "Feature", "geometry": {"type": "LineString", "coordinates": [[-77.02192, 38.912616], [-77.022947, 38.912613]]}, "properties": {"STREETNAME": "R", "STREETTYPE": "ST", "FHWAFUNCTIONALCLASS": 4}}, {"type": "Feature", "geometry": {"type": "LineString", "coordinates": [[-77.0641, 38.908845], [-77.064284, 38.909189]]}, "properties": {"STREETNAME": "WISCONSIN", "STREETTYPE": "AVE", "FHWAFUNCTIONALCLASS": 3}}, {"type": "Feature", "geometry": {"type": "LineString", "coordinates": [[-77.071523, 38.952105], [-77.071635, 38.952667], [-77.07191, 38.953292]]}, "properties": {"STREETNAME": "RENO", "STREETTYPE": "RD", "FHWAFUNCTIONALCLASS": 4}}, {"type": "Feature", "geometry": {"type": "LineString", "coordinates": [[-77.079108, 38.959661], [-77.079443, 38.95999], [-77.079704, 38.960313], [-77.079919, 38.960655], [-77.080093, 38.961028]]}, "properties": {"STREETNAME": "RENO", "STREETTYPE": "RD", "FHWAFUNCTIONALCLASS": 4}}, {"type": "Feature", "geometry": {"type": "LineString", "coordinates": [[-77.031767, 38.905984], [-77.031956, 38.905997]]}, "properties": {"STREETNAME": "THOMAS", "STREETTYPE": "CIR", "FHWAFUNCTIONALCLASS": 3}}, {"type": "Feature", "geometry": {"type": "LineString", "coordinates": [[-77.025223, 38.920678], [-77.025392, 38.922908], [-77.025505, 38.923919]]}, "properties": {"STREETNAME": "SHERMAN", "STREETTYPE": "AVE", "FHWAFUNCTIONALCLASS": 4}}, {"type": "Feature", "geometry": {"type": "LineString", "coordinates": [[-77.07258, 38.947907], [-77.072576, 38.948348], [-77.072481, 38.94876]]}, "properties": {"STREETNAME": "RENO", "STREETTYPE": "RD", "FHWAFUNCTIONALCLASS": 4}}, {"type": "Feature", "geometry": {"type": "LineString", "coordinates": [[-76.98648, 38.893581], [-76.985511, 38.893583]]}, "properties": {"STREETNAME": "C", "STREETTYPE": "ST", "FHWAFUNCTIONALCLASS": 4}}, {"type": "Feature", "geometry": {"type": "LineString", "coordinates": [[-77.00232, 38.956869], [-77.001788, 38.957788]]}, "properties": {"STREETNAME": "RIGGS", "STREETTYPE": "RD", "FHWAFUNCTIONALCLASS": 4}}, {"type": "Feature", "geometry": {"type": "LineString", "coordinates": [[-77.02704, 38.911128], [-77.028084, 38.911133]]}, "properties": {"STREETNAME": "Q", "STREETTYPE": "ST", "FHWAFUNCTIONALCLASS": 4}}, {"type": "Feature", "geometry": {"type": "LineString", "coordinates": [[-76.92095, 38.901925], [-76.921518, 38.90237]]}, "properties": {"STREETNAME": "EASTERN", "STREETTYPE": "AVE", "FHWAFUNCTIONALCLASS": 4}}, {"type": "Feature", "geometry": {"type": "LineString", "coordinates": [[-77.050295, 38.912031], [-77.050262, 38.912132], [-77.050272, 38.912237], [-77.050337, 38.912345], [-77.050434, 38.912418], [-77.050689, 38.912473], [-77.050941, 38.912386]]}, "properties": {"STREETNAME": "SHERIDAN", "STREETTYPE": "CIR", "FHWAFUNCTIONALCLASS": 3}}, {"type": "Feature", "geometry": {"type": "LineString", "coordinates": [[-77.025131, 38.911218], [-77.025995, 38.910916]]}, "properties": {"STREETNAME": "RHODE ISLAND", "STREETTYPE": "AVE", "FHWAFUNCTIONALCLASS": 3}}, {"type": "Feature", "geometry": {"type": "LineString", "coordinates": [[-77.088869, 38.95835], [-77.088713, 38.958478]]}, "properties": {"STREETNAME": "WESTERN", "STREETTYPE": "AVE", "FHWAFUNCTIONALCLASS": 4}}, {"type": "Feature", "geometry": {"type": "LineString", "coordinates": [[-76.982009, 38.926262], [-76.980741, 38.92687]]}, "properties": {"STREETNAME": "RHODE ISLAND", "STREETTYPE": "AVE", "FHWAFUNCTIONALCLASS": 3}}, {"type": "Feature", "geometry": {"type": "LineString", "coordinates": [[-77.092651, 38.955387], [-77.091249, 38.956485]]}, "properties": {"STREETNAME": "WESTERN", "STREETTYPE": "AVE", "FHWAFUNCTIONALCLASS": 4}}, {"type": "Feature", "geometry": {"type": "LineString", "coordinates": [[-77.068629, 38.905083], [-77.070582, 38.90084]]}, "properties": {"STREETNAME": "FRANCIS SCOTT KEY", "STREETTYPE": "BRG", "FHWAFUNCTIONALCLASS": 3}}, {"type": "Feature", "geometry": {"type": "LineString", "coordinates": [[-76.982215, 38.893333], [-76.98211, 38.893308], [-76.981282, 38.893308]]}, "properties": {"STREETNAME": "C", "STREETTYPE": "ST", "FHWAFUNCTIONALCLASS": 4}}, {"type": "Feature", "geometry": {"type": "LineString", "coordinates": [[-77.005503, 38.896343], [-77.005374, 38.896492], [-77.005092, 38.896607], [-77.004979, 38.896697], [-77.004875, 38.896933], [-77.004775, 38.897348]]}, "properties": {"STREETNAME": "COLUMBUS", "STREETTYPE": "CIR", "FHWAFUNCTIONALCLASS": 4}}, {"type": "Feature", "geometry": {"type": "LineString", "coordinates": [[-77.062785, 38.903988], [-77.062814, 38.905184]]}, "properties": {"STREETNAME": "WISCONSIN", "STREETTYPE": "AVE", "FHWAFUNCTIONALCLASS": 4}}, {"type": "Feature", "geometry": {"type": "LineString", "coordinates": [[-76.986441, 38.924288], [-76.985598, 38.924574]]}, "properties": {"STREETNAME": "RHODE ISLAND", "STREETTYPE": "AVE", "FHWAFUNCTIONALCLASS": 3}}, {"type": "Feature", "geometry": {"type": "LineString", "coordinates": [[-77.002708, 38.939191], [-77.002985, 38.940751]]}, "properties": {"STREETNAME": "HAREWOOD", "STREETTYPE": "RD", "FHWAFUNCTIONALCLASS": 4}}, {"type": "Feature", "geometry": {"type": "LineString", "coordinates": [[-76.992649, 38.892018], [-76.991535, 38.892017]]}, "properties": {"STREETNAME": "CONSTITUTION", "STREETTYPE": "AVE", "FHWAFUNCTIONALCLASS": 4}}, {"type": "Feature", "geometry": {"type": "LineString", "coordinates": [[-77.085735, 38.96079], [-77.085814, 38.960959]]}, "properties": {"STREETNAME": "WISCONSIN", "STREETTYPE": "AVE", "FHWAFUNCTIONALCLASS": 3}}, {"type": "Feature", "geometry": {"type": "LineString", "coordinates": [[-76.980766, 38.893308], [-76.980764, 38.894787]]}, "properties": {"STREETNAME": "17TH", "STREETTYPE": "ST", "FHWAFUNCTIONALCLASS": 4}}, {"type": "Feature", "geometry": {"type": "LineString", "coordinates": [[-76.961398, 38.933604], [-76.962083, 38.934141]]}, "properties": {"STREETNAME": "EASTERN", "STREETTYPE": "AVE", "FHWAFUNCTIONALCLASS": 4}}, {"type": "Feature", "geometry": {"type": "LineString", "coordinates": [[-76.992417, 38.911289], [-76.992297, 38.9115], [-76.99223, 38.911712], [-76.992205, 38.912185]]}, "properties": {"STREETNAME": "9TH", "STREETTYPE": "ST", "FHWAFUNCTIONALCLASS": 4}}, {"type": "Feature", "geometry": {"type": "LineString", "coordinates": [[-76.980764, 38.895478], [-76.980762, 38.89598], [-76.980714, 38.896119]]}, "properties": {"STREETNAME": "17TH", "STREETTYPE": "ST", "FHWAFUNCTIONALCLASS": 4}}, {"type": "Feature", "geometry": {"type": "LineString", "coordinates": [[-77.042053, 38.911135], [-77.043437, 38.911137]]}, "properties": {"STREETNAME": "Q", "STREETTYPE": "ST", "FHWAFUNCTIONALCLASS": 4}}, {"type": "Feature", "geometry": {"type": "LineString", "coordinates": [[-76.990249, 38.89202], [-76.989259, 38.89202]]}, "properties": {"STREETNAME": "CONSTITUTION", "STREETTYPE": "AVE", "FHWAFUNCTIONALCLASS": 4}}, {"type": "Feature", "geometry": {"type": "LineString", "coordinates": [[-77.075039, 38.939552], [-77.075943, 38.941197]]}, "properties": {"STREETNAME": "WISCONSIN", "STREETTYPE": "AVE", "FHWAFUNCTIONALCLASS": 3}}, {"type": "Feature", "geometry": {"type": "LineString", "coordinates": [[-76.998544, 38.962645], [-76.998822, 38.962864]]}, "properties": {"STREETNAME": "EASTERN", "STREETTYPE": "AVE", "FHWAFUNCTIONALCLASS": 4}}, {"type": "Feature", "geometry": {"type": "LineString", "coordinates": [[-76.989531, 38.950277], [-76.98953, 38.950964]]}, "properties": {"STREETNAME": "SARGENT", "STREETTYPE": "RD", "FHWAFUNCTIONALCLASS": 4}}, {"type": "Feature", "geometry": {"type": "LineString", "coordinates": [[-76.994356, 38.950753], [-76.994913, 38.951179]]}, "properties": {"STREETNAME": "SOUTH DAKOTA", "STREETTYPE": "AVE", "FHWAFUNCTIONALCLASS": 3}}, {"type": "Feature", "geometry": {"type": "LineString", "coordinates": [[-76.927696, 38.907221], [-76.928568, 38.907896]]}, "properties": {"STREETNAME": "EASTERN", "STREETTYPE": "AVE", "FHWAFUNCTIONALCLASS": 4}}, {"type": "Feature", "geometry": {"type": "LineString", "coordinates": [[-77.079105, 38.945932], [-77.078901, 38.94594], [-77.078627, 38.946041]]}, "properties": {"STREETNAME": "TENLEY", "STREETTYPE": "CIR", "FHWAFUNCTIONALCLASS": 3}}, {"type": "Feature", "geometry": {"type": "LineString", "coordinates": [[-76.977526, 38.899093], [-76.976459, 38.898911]]}, "properties": {"STREETNAME": "BENNING", "STREETTYPE": "RD", "FHWAFUNCTIONALCLASS": 3}}, {"type": "Feature", "geometry": {"type": "LineString", "coordinates": [[-77.06345, 38.907616], [-77.063584, 38.907868]]}, "properties": {"STREETNAME": "WISCONSIN", "STREETTYPE": "AVE", "FHWAFUNCTIONALCLASS": 3}}, {"type": "Feature", "geometry": {"type": "LineString", "coordinates": [[-76.990607, 38.927611], [-76.990685, 38.928596]]}, "properties": {"STREETNAME": "12TH", "STREETTYPE": "ST", "FHWAFUNCTIONALCLASS": 4}}, {"type": "Feature", "geometry": {"type": "LineString", "coordinates": [[-76.983334, 38.94256], [-76.983665, 38.942865]]}, "properties": {"STREETNAME": "SOUTH DAKOTA", "STREETTYPE": "AVE", "FHWAFUNCTIONALCLASS": 3}}, {"type": "Feature", "geometry": {"type": "LineString", "coordinates": [[-76.990237, 38.940198], [-76.990237, 38.940731]]}, "properties": {"STREETNAME": "12TH", "STREETTYPE": "ST", "FHWAFUNCTIONALCLASS": 4}}, {"type": "Feature", "geometry": {"type": "LineString", "coordinates": [[-76.923601, 38.904006], [-76.923338, 38.904056]]}, "properties": {"STREETNAME": "SHERIFF", "STREETTYPE": "RD", "FHWAFUNCTIONALCLASS": 4}}, {"type": "Feature", "geometry": {"type": "LineString", "coordinates": [[-76.992938, 38.935282], [-76.992739, 38.935502], [-76.99259, 38.935727]]}, "properties": {"STREETNAME": "MICHIGAN", "STREETTYPE": "AVE", "FHWAFUNCTIONALCLASS": 4}}, {"type": "Feature", "geometry": {"type": "LineString", "coordinates": [[-76.937594, 38.902755], [-76.936594, 38.902776]]}, "properties": {"STREETNAME": "SHERIFF", "STREETTYPE": "RD", "FHWAFUNCTIONALCLASS": 4}}, {"type": "Feature", "geometry": {"type": "LineString", "coordinates": [[-76.96654, 38.924056], [-76.966072, 38.924442]]}, "properties": {"STREETNAME": "BLADENSBURG", "STREETTYPE": "RD", "FHWAFUNCTIONALCLASS": 4}}, {"type": "Feature", "geometry": {"type": "LineString", "coordinates": [[-77.00204, 38.900211], [-77.000573, 38.900212]]}, "properties": {"STREETNAME": "H", "STREETTYPE": "ST", "FHWAFUNCTIONALCLASS": 3}}, {"type": "Feature", "geometry": {"type": "LineString", "coordinates": [[-77.00056, 38.959544], [-77.000061, 38.960147]]}, "properties": {"STREETNAME": "RIGGS", "STREETTYPE": "RD", "FHWAFUNCTIONALCLASS": 4}}, {"type": "Feature", "geometry": {"type": "LineString", "coordinates": [[-76.978129, 38.893308], [-76.977262, 38.893309]]}, "properties": {"STREETNAME": "C", "STREETTYPE": "ST", "FHWAFUNCTIONALCLASS": 4}}, {"type": "Feature", "geometry": {"type": "LineString", "coordinates": [[-77.100615, 38.948659], [-77.100499, 38.948812]]}, "properties": {"STREETNAME": "WESTMORELAND", "STREETTYPE": "CIR", "FHWAFUNCTIONALCLASS": 4}}, {"type": "Feature", "geometry": {"type": "LineString", "coordinates": [[-76.938078, 38.890646], [-76.937831, 38.890341], [-76.937685, 38.890078]]}, "properties": {"STREETNAME": "BENNING", "STREETTYPE": "RD", "FHWAFUNCTIONALCLASS": 3}}, {"type": "Feature", "geometry": {"type": "LineString", "coordinates": [[-76.988581, 38.92205], [-76.988355, 38.923153]]}, "properties": {"STREETNAME": "BRENTWOOD", "STREETTYPE": "RD", "FHWAFUNCTIONALCLASS": 4}}, {"type": "Feature", "geometry": {"type": "LineString", "coordinates": [[-76.993272, 38.949918], [-76.994356, 38.950753]]}, "properties": {"STREETNAME": "SOUTH DAKOTA", "STREETTYPE": "AVE", "FHWAFUNCTIONALCLASS": 3}}, {"type": "Feature", "geometry": {"type": "LineString", "coordinates": [[-76.99617, 38.892224], [-76.995681, 38.892025]]}, "properties": {"STREETNAME": "MASSACHUSETTS", "STREETTYPE": "AVE", "FHWAFUNCTIONALCLASS": 4}}, {"type": "Feature", "geometry": {"type": "LineString", "coordinates": [[-77.031953, 38.917006], [-77.034534, 38.91701]]}, "properties": {"STREETNAME": "U", "STREETTYPE": "ST", "FHWAFUNCTIONALCLASS": 3}}, {"type": "Feature", "geometry": {"type": "LineString", "coordinates": [[-77.026015, 38.92735], [-77.026089, 38.927842]]}, "properties": {"STREETNAME": "SHERMAN", "STREETTYPE": "AVE", "FHWAFUNCTIONALCLASS": 4}}, {"type": "Feature", "geometry": {"type": "LineString", "coordinates": [[-77.029623, 38.911134], [-77.030899, 38.911134]]}, "properties": {"STREETNAME": "Q", "STREETTYPE": "ST", "FHWAFUNCTIONALCLASS": 4}}, {"type": "Feature", "geometry": {"type": "LineString", "coordinates": [[-77.000573, 38.900212], [-76.999509, 38.900212]]}, "properties": {"STREETNAME": "H", "STREETTYPE": "ST", "FHWAFUNCTIONALCLASS": 3}}, {"type": "Feature", "geometry": {"type": "LineString", "coordinates": [[-76.998339, 38.906238], [-76.997101, 38.905704]]}, "properties": {"STREETNAME": "FLORIDA", "STREETTYPE": "AVE", "FHWAFUNCTIONALCLASS": 3}}, {"type": "Feature", "geometry": {"type": "LineString", "coordinates": [[-77.058206, 38.910542], [-77.059263, 38.910519]]}, "properties": {"STREETNAME": "Q", "STREETTYPE": "ST", "FHWAFUNCTIONALCLASS": 4}}, {"type": "Feature", "geometry": {"type": "LineString", "coordinates": [[-76.988308, 38.898143], [-76.986491, 38.898888]]}, "properties": {"STREETNAME": "MARYLAND", "STREETTYPE": "AVE", "FHWAFUNCTIONALCLASS": 4}}, {"type": "Feature", "geometry": {"type": "LineString", "coordinates": [[-76.988897, 38.946277], [-76.989022, 38.946765]]}, "properties": {"STREETNAME": "SARGENT", "STREETTYPE": "RD", "FHWAFUNCTIONALCLASS": 4}}, {"type": "Feature", "geometry": {"type": "LineString", "coordinates": [[-76.998444, 38.900212], [-76.99617, 38.900213]]}, "properties": {"STREETNAME": "H", "STREETTYPE": "ST", "FHWAFUNCTIONALCLASS": 3}}, {"type": "Feature", "geometry": {"type": "LineString", "coordinates": [[-77.034552, 38.912616], [-77.036517, 38.912616]]}, "properties": {"STREETNAME": "R", "STREETTYPE": "ST", "FHWAFUNCTIONALCLASS": 4}}, {"type": "Feature", "geometry": {"type": "LineString", "coordinates": [[-77.072123, 38.949693], [-77.071712, 38.950734]]}, "properties": {"STREETNAME": "RENO", "STREETTYPE": "RD", "FHWAFUNCTIONALCLASS": 4}}, {"type": "Feature", "geometry": {"type": "LineString", "coordinates": [[-77.080401, 38.949693], [-77.080615, 38.950607], [-77.080769, 38.951062]]}, "properties": {"STREETNAME": "WISCONSIN", "STREETTYPE": "AVE", "FHWAFUNCTIONALCLASS": 3}}, {"type": "Feature", "geometry": {"type": "LineString", "coordinates": [[-77.071069, 38.912622], [-77.072679, 38.912602]]}, "properties": {"STREETNAME": "RESERVOIR", "STREETTYPE": "RD", "FHWAFUNCTIONALCLASS": 4}}, {"type": "Feature", "geometry": {"type": "LineString", "coordinates": [[-76.916483, 38.898421], [-76.917119, 38.898925]]}, "properties": {"STREETNAME": "EASTERN", "STREETTYPE": "AVE", "FHWAFUNCTIONALCLASS": 4}}, {"type": "Feature", "geometry": {"type": "LineString", "coordinates": [[-76.970764, 38.931672], [-76.969125, 38.932462]]}, "properties": {"STREETNAME": "RHODE ISLAND", "STREETTYPE": "AVE", "FHWAFUNCTIONALCLASS": 3}}, {"type": "Feature", "geometry": {"type": "LineString", "coordinates": [[-77.048842, 38.896458], [-77.05149, 38.897888]]}, "properties": {"STREETNAME": "VIRGINIA", "STREETTYPE": "AVE", "FHWAFUNCTIONALCLASS": 4}}, {"type": "Feature", "geometry": {"type": "LineString", "coordinates": [[-76.986368, 38.932787], [-76.984438, 38.932875]]}, "properties": {"STREETNAME": "MONROE", "STREETTYPE": "ST", "FHWAFUNCTIONALCLASS": 4}}, {"type": "Feature", "geometry": {"type": "LineString", "coordinates": [[-76.990845, 38.930575], [-76.990923, 38.931557]]}, "properties": {"STREETNAME": "12TH", "STREETTYPE": "ST", "FHWAFUNCTIONALCLASS": 4}}, {"type": "Feature", "geometry": {"type": "LineString", "coordinates": [[-76.971282, 38.931427], [-76.970764, 38.931672]]}, "properties": {"STREETNAME": "RHODE ISLAND", "STREETTYPE": "AVE", "FHWAFUNCTIONALCLASS": 3}}, {"type": "Feature", "geometry": {"type": "LineString", "coordinates": [[-76.993035, 38.890946], [-76.992648, 38.890787]]}, "properties": {"STREETNAME": "MASSACHUSETTS", "STREETTYPE": "AVE", "FHWAFUNCTIONALCLASS": 4}}, {"type": "Feature", "geometry": {"type": "LineString", "coordinates": [[-77.074262, 38.938144], [-77.075039, 38.939552]]}, "properties": {"STREETNAME": "WISCONSIN", "STREETTYPE": "AVE", "FHWAFUNCTIONALCLASS": 3}}, {"type": "Feature", "geometry": {"type": "LineString", "coordinates": [[-77.007712, 38.896783], [-77.007643, 38.896654]]}, "properties": {"STREETNAME": "COLUMBUS", "STREETTYPE": "CIR", "FHWAFUNCTIONALCLASS": 4}}, {"type": "Feature", "geometry": {"type": "LineString", "coordinates": [[-77.072114, 38.937338], [-77.07242, 38.937338]]}, "properties": {"STREETNAME": "PORTER", "STREETTYPE": "ST", "FHWAFUNCTIONALCLASS": 4}}, {"type": "Feature", "geometry": {"type": "LineString", "coordinates": [[-76.9182, 38.899772], [-76.918975, 38.900378]]}, "properties": {"STREETNAME": "EASTERN", "STREETTYPE": "AVE", "FHWAFUNCTIONALCLASS": 4}}, {"type": "Feature", "geometry": {"type": "LineString", "coordinates": [[-76.933761, 38.898984], [-76.931664, 38.898621]]}, "properties": {"STREETNAME": "NANNIE HELEN BURROUGHS", "STREETTYPE": "AVE", "FHWAFUNCTIONALCLASS": 4}}, {"type": "Feature", "geometry": {"type": "LineString", "coordinates": [[-76.993614, 38.94073], [-76.992642, 38.940732]]}, "properties": {"STREETNAME": "TAYLOR", "STREETTYPE": "ST", "FHWAFUNCTIONALCLASS": 4}}, {"type": "Feature", "geometry": {"type": "LineString", "coordinates": [[-76.936558, 38.899539], [-76.935808, 38.899346], [-76.935043, 38.899204]]}, "properties": {"STREETNAME": "NANNIE HELEN BURROUGHS", "STREETTYPE": "AVE", "FHWAFUNCTIONALCLASS": 4}}, {"type": "Feature", "geometry": {"type": "LineString", "coordinates": [[-76.989259, 38.89202], [-76.988352, 38.892011]]}, "properties": {"STREETNAME": "CONSTITUTION", "STREETTYPE": "AVE", "FHWAFUNCTIONALCLASS": 4}}, {"type": "Feature", "geometry": {"type": "LineString", "coordinates": [[-77.050534, 38.902104], [-77.050357, 38.902027], [-77.050122, 38.901994]]}, "properties": {"STREETNAME": "WASHINGTON", "STREETTYPE": "CIR", "FHWAFUNCTIONALCLASS": 3}}, {"type": "Feature", "geometry": {"type": "LineString", "coordinates": [[-77.005339, 38.918099], [-77.003515, 38.918734]]}, "properties": {"STREETNAME": "RHODE ISLAND", "STREETTYPE": "AVE", "FHWAFUNCTIONALCLASS": 3}}, {"type": "Feature", "geometry": {"type": "LineString", "coordinates": [[-76.994966, 38.893586], [-76.993762, 38.893586]]}, "properties": {"STREETNAME": "C", "STREETTYPE": "ST", "FHWAFUNCTIONALCLASS": 4}}, {"type": "Feature", "geometry": {"type": "LineString", "coordinates": [[-76.992645, 38.902519], [-76.991529, 38.902519]]}, "properties": {"STREETNAME": "K", "STREETTYPE": "ST", "FHWAFUNCTIONALCLASS": 4}}, {"type": "Feature", "geometry": {"type": "LineString", "coordinates": [[-77.006646, 38.967835], [-77.006202, 38.968425], [-77.006081, 38.968534]]}, "properties": {"STREETNAME": "KANSAS", "STREETTYPE": "AVE", "FHWAFUNCTIONALCLASS": 4}}, {"type": "Feature", "geometry": {"type": "LineString", "coordinates": [[-77.056108, 38.902539], [-77.056372, 38.902416], [-77.057907, 38.902416], [-77.058501, 38.902531], [-77.059108, 38.902575]]}, "properties": {"STREETNAME": "WHITEHURST", "STREETTYPE": "FWY", "FHWAFUNCTIONALCLASS": 2}}, {"type": "Feature", "geometry": {"type": "LineString", "coordinates": [[-77.005255, 38.96789], [-77.006081, 38.968534]]}, "properties": {"STREETNAME": "EASTERN", "STREETTYPE": "AVE", "FHWAFUNCTIONALCLASS": 4}}, {"type": "Feature", "geometry": {"type": "LineString", "coordinates": [[-76.99376, 38.90021], [-76.992647, 38.90021]]}, "properties": {"STREETNAME": "H", "STREETTYPE": "ST", "FHWAFUNCTIONALCLASS": 3}}, {"type": "Feature", "geometry": {"type": "LineString", "coordinates": [[-76.922513, 38.898366], [-76.921896, 38.898373]]}, "properties": {"STREETNAME": "NANNIE HELEN BURROUGHS", "STREETTYPE": "AVE", "FHWAFUNCTIONALCLASS": 4}}, {"type": "Feature", "geometry": {"type": "LineString", "coordinates": [[-76.978416, 38.937868], [-76.978879, 38.938313]]}, "properties": {"STREETNAME": "SOUTH DAKOTA", "STREETTYPE": "AVE", "FHWAFUNCTIONALCLASS": 3}}, {"type": "Feature", "geometry": {"type": "LineString", "coordinates": [[-77.000573, 38.924518], [-77.000573, 38.925599]]}, "properties": {"STREETNAME": "4TH", "STREETTYPE": "ST", "FHWAFUNCTIONALCLASS": 4}}, {"type": "Feature", "geometry": {"type": "LineString", "coordinates": [[-77.072256, 38.953887], [-77.072729, 38.954699]]}, "properties": {"STREETNAME": "RENO", "STREETTYPE": "RD", "FHWAFUNCTIONALCLASS": 4}}, {"type": "Feature", "geometry": {"type": "LineString", "coordinates": [[-76.990246, 38.947297], [-76.990245, 38.947511], [-76.990202, 38.947609]]}, "properties": {"STREETNAME": "12TH", "STREETTYPE": "ST", "FHWAFUNCTIONALCLASS": 4}}, {"type": "Feature", "geometry": {"type": "LineString", "coordinates": [[-76.99617, 38.900213], [-76.994963, 38.900211]]}, "properties": {"STREETNAME": "H", "STREETTYPE": "ST", "FHWAFUNCTIONALCLASS": 3}}, {"type": "Feature", "geometry": {"type": "LineString", "coordinates": [[-76.946585, 38.898388], [-76.946393, 38.898842], [-76.946131, 38.89911]]}, "properties": {"STREETNAME": "MINNESOTA", "STREETTYPE": "AVE", "FHWAFUNCTIONALCLASS": 4}}, {"type": "Feature", "geometry": {"type": "LineString", "coordinates": [[-76.997804, 38.962066], [-76.998544, 38.962645]]}, "properties": {"STREETNAME": "EASTERN", "STREETTYPE": "AVE", "FHWAFUNCTIONALCLASS": 4}}, {"type": "Feature", "geometry": {"type": "LineString", "coordinates": [[-76.967256, 38.923447], [-76.96654, 38.924056]]}, "properties": {"STREETNAME": "BLADENSBURG", "STREETTYPE": "RD", "FHWAFUNCTIONALCLASS": 4}}, {"type": "Feature", "geometry": {"type": "LineString", "coordinates": [[-77.081614, 38.949695], [-77.082039, 38.949996]]}, "properties": {"STREETNAME": "RIVER", "STREETTYPE": "RD", "FHWAFUNCTIONALCLASS": 4}}, {"type": "Feature", "geometry": {"type": "LineString", "coordinates": [[-77.006954, 38.931267], [-77.004905, 38.93148], [-77.004544, 38.931476], [-77.004235, 38.931426], [-77.003979, 38.931346], [-77.003742, 38.931229], [-77.002885, 38.930604], [-77.00245, 38.930448]]}, "properties": {"STREETNAME": "IRVING", "STREETTYPE": "ST", "FHWAFUNCTIONALCLASS": 4}}, {"type": "Feature", "geometry": {"type": "LineString", "coordinates": [[-76.973074, 38.898316], [-76.97217, 38.89816]]}, "properties": {"STREETNAME": "BENNING", "STREETTYPE": "RD", "FHWAFUNCTIONALCLASS": 3}}, {"type": "Feature", "geometry": {"type": "LineString", "coordinates": [[-76.924506, 38.904713], [-76.925113, 38.90519]]}, "properties": {"STREETNAME": "EASTERN", "STREETTYPE": "AVE", "FHWAFUNCTIONALCLASS": 4}}, {"type": "Feature", "geometry": {"type": "LineString", "coordinates": [[-77.003555, 38.966561], [-77.004443, 38.967253]]}, "properties": {"STREETNAME": "EASTERN", "STREETTYPE": "AVE", "FHWAFUNCTIONALCLASS": 4}}, {"type": "Feature", "geometry": {"type": "LineString", "coordinates": [[-77.090747, 38.914348], [-77.093246, 38.915133]]}, "properties": {"STREETNAME": "RESERVOIR", "STREETTYPE": "RD", "FHWAFUNCTIONALCLASS": 4}}, {"type": "Feature", "geometry": {"type": "LineString", "coordinates": [[-77.002446, 38.925602], [-77.000573, 38.925599]]}, "properties": {"STREETNAME": "FRANKLIN", "STREETTYPE": "ST", "FHWAFUNCTIONALCLASS": 4}}, {"type": "Feature", "geometry": {"type": "LineString", "coordinates": [[-76.981033, 38.903734], [-76.980864, 38.903994]]}, "properties": {"STREETNAME": "BLADENSBURG", "STREETTYPE": "RD", "FHWAFUNCTIONALCLASS": 4}}, {"type": "Feature", "geometry": {"type": "LineString", "coordinates": [[-77.000573, 38.925599], [-76.999506, 38.925594]]}, "properties": {"STREETNAME": "FRANKLIN", "STREETTYPE": "ST", "FHWAFUNCTIONALCLASS": 4}}, {"type": "Feature", "geometry": {"type": "LineString", "coordinates": [[-77.000796, 38.907288], [-77.000486, 38.907157]]}, "properties": {"STREETNAME": "FLORIDA", "STREETTYPE": "AVE", "FHWAFUNCTIONALCLASS": 3}}, {"type": "Feature", "geometry": {"type": "LineString", "coordinates": [[-77.021016, 38.912641], [-77.021921, 38.912321]]}, "properties": {"STREETNAME": "RHODE ISLAND", "STREETTYPE": "AVE", "FHWAFUNCTIONALCLASS": 3}}, {"type": "Feature", "geometry": {"type": "LineString", "coordinates": [[-76.917119, 38.898925], [-76.917574, 38.899283]]}, "properties": {"STREETNAME": "EASTERN", "STREETTYPE": "AVE", "FHWAFUNCTIONALCLASS": 4}}, {"type": "Feature", "geometry": {"type": "LineString", "coordinates": [[-76.999509, 38.900212], [-76.998444, 38.900212]]}, "properties": {"STREETNAME": "H", "STREETTYPE": "ST", "FHWAFUNCTIONALCLASS": 3}}, {"type": "Feature", "geometry": {"type": "LineString", "coordinates": [[-76.955955, 38.91894], [-76.957569, 38.920067]]}, "properties": {"STREETNAME": "SOUTH DAKOTA", "STREETTYPE": "AVE", "FHWAFUNCTIONALCLASS": 3}}, {"type": "Feature", "geometry": {"type": "LineString", "coordinates": [[-77.021067, 38.975814], [-77.020546, 38.976535]]}, "properties": {"STREETNAME": "PINEY BRANCH", "STREETTYPE": "RD", "FHWAFUNCTIONALCLASS": 4}}, {"type": "Feature", "geometry": {"type": "LineString", "coordinates": [[-77.067655, 38.940463], [-77.067854, 38.940884]]}, "properties": {"STREETNAME": "RENO", "STREETTYPE": "RD", "FHWAFUNCTIONALCLASS": 4}}, {"type": "Feature", "geometry": {"type": "LineString", "coordinates": [[-76.97507, 38.914136], [-76.973734, 38.915782]]}, "properties": {"STREETNAME": "BLADENSBURG", "STREETTYPE": "RD", "FHWAFUNCTIONALCLASS": 4}}, {"type": "Feature", "geometry": {"type": "LineString", "coordinates": [[-77.020546, 38.976535], [-77.02014, 38.977112], [-77.019751, 38.977566], [-77.019142, 38.978047], [-77.018581, 38.978368]]}, "properties": {"STREETNAME": "PINEY BRANCH", "STREETTYPE": "RD", "FHWAFUNCTIONALCLASS": 4}}, {"type": "Feature", "geometry": {"type": "LineString", "coordinates": [[-77.082658, 38.912684], [-77.08301, 38.912657], [-77.084609, 38.912379], [-77.084777, 38.912375], [-77.08505, 38.912434]]}, "properties": {"STREETNAME": "RESERVOIR", "STREETTYPE": "RD", "FHWAFUNCTIONALCLASS": 4}}, {"type": "Feature", "geometry": {"type": "LineString", "coordinates": [[-76.954822, 38.918178], [-76.955955, 38.91894]]}, "properties": {"STREETNAME": "SOUTH DAKOTA", "STREETTYPE": "AVE", "FHWAFUNCTIONALCLASS": 3}}, {"type": "Feature", "geometry": {"type": "LineString", "coordinates": [[-76.985506, 38.900205], [-76.984155, 38.900219]]}, "properties": {"STREETNAME": "H", "STREETTYPE": "ST", "FHWAFUNCTIONALCLASS": 3}}, {"type": "Feature", "geometry": {"type": "LineString", "coordinates": [[-77.095475, 38.953174], [-77.095226, 38.953369]]}, "properties": {"STREETNAME": "WESTERN", "STREETTYPE": "AVE", "FHWAFUNCTIONALCLASS": 4}}, {"type": "Feature", "geometry": {"type": "LineString", "coordinates": [[-76.999514, 38.893093], [-76.998452, 38.893089]]}, "properties": {"STREETNAME": "C", "STREETTYPE": "ST", "FHWAFUNCTIONALCLASS": 4}}, {"type": "Feature", "geometry": {"type": "LineString", "coordinates": [[-76.990243, 38.902498], [-76.98983, 38.902492], [-76.989702, 38.902547]]}, "properties": {"STREETNAME": "K", "STREETTYPE": "ST", "FHWAFUNCTIONALCLASS": 4}}, {"type": "Feature", "geometry": {"type": "LineString", "coordinates": [[-77.027479, 38.967543], [-77.02651, 38.968075], [-77.026254, 38.968307], [-77.026146, 38.968474]]}, "properties": {"STREETNAME": "PINEY BRANCH", "STREETTYPE": "RD", "FHWAFUNCTIONALCLASS": 4}}, {"type": "Feature", "geometry": {"type": "LineString", "coordinates": [[-76.979298, 38.899418], [-76.97907, 38.900219]]}, "properties": {"STREETNAME": "17TH", "STREETTYPE": "ST", "FHWAFUNCTIONALCLASS": 4}}, {"type": "Feature", "geometry": {"type": "LineString", "coordinates": [[-76.935633, 38.902817], [-76.934702, 38.902861]]}, "properties": {"STREETNAME": "SHERIFF", "STREETTYPE": "RD", "FHWAFUNCTIONALCLASS": 4}}, {"type": "Feature", "geometry": {"type": "LineString", "coordinates": [[-76.976224, 38.929041], [-76.974839, 38.929714]]}, "properties": {"STREETNAME": "RHODE ISLAND", "STREETTYPE": "AVE", "FHWAFUNCTIONALCLASS": 3}}, {"type": "Feature", "geometry": {"type": "LineString", "coordinates": [[-77.069248, 38.912683], [-77.071069, 38.912622]]}, "properties": {"STREETNAME": "RESERVOIR", "STREETTYPE": "RD", "FHWAFUNCTIONALCLASS": 4}}, {"type": "Feature", "geometry": {"type": "LineString", "coordinates": [[-76.992623, 38.932466], [-76.991001, 38.932545]]}, "properties": {"STREETNAME": "MONROE", "STREETTYPE": "ST", "FHWAFUNCTIONALCLASS": 4}}, {"type": "Feature", "geometry": {"type": "LineString", "coordinates": [[-77.000984, 38.931222], [-77.001206, 38.931534], [-77.001278, 38.931704], [-77.001824, 38.934545]]}, "properties": {"STREETNAME": "HAREWOOD", "STREETTYPE": "RD", "FHWAFUNCTIONALCLASS": 4}}, {"type": "Feature", "geometry": {"type": "LineString", "coordinates": [[-77.031951, 38.9053], [-77.03177, 38.905321], [-77.031627, 38.90538], [-77.031538, 38.905514], [-77.031495, 38.905657]]}, "properties": {"STREETNAME": "THOMAS", "STREETTYPE": "CIR", "FHWAFUNCTIONALCLASS": 3}}, {"type": "Feature", "geometry": {"type": "LineString", "coordinates": [[-77.002948, 38.965093], [-77.002473, 38.965699]]}, "properties": {"STREETNAME": "NEW HAMPSHIRE", "STREETTYPE": "AVE", "FHWAFUNCTIONALCLASS": 3}}, {"type": "Feature", "geometry": {"type": "LineString", "coordinates": [[-76.988307, 38.940479], [-76.988002, 38.940729]]}, "properties": {"STREETNAME": "MICHIGAN", "STREETTYPE": "AVE", "FHWAFUNCTIONALCLASS": 4}}, {"type": "Feature", "geometry": {"type": "LineString", "coordinates": [[-76.991081, 38.933534], [-76.99116, 38.934524]]}, "properties": {"STREETNAME": "12TH", "STREETTYPE": "ST", "FHWAFUNCTIONALCLASS": 4}}, {"type": "Feature", "geometry": {"type": "LineString", "coordinates": [[-77.076836, 38.958368], [-77.077147, 38.958526]]}, "properties": {"STREETNAME": "RENO", "STREETTYPE": "RD", "FHWAFUNCTIONALCLASS": 4}}, {"type": "Feature", "geometry": {"type": "LineString", "coordinates": [[-76.97869, 38.945482], [-76.978399, 38.945855], [-76.97805, 38.946187]]}, "properties": {"STREETNAME": "MICHIGAN", "STREETTYPE": "AVE", "FHWAFUNCTIONALCLASS": 4}}, {"type": "Feature", "geometry": {"type": "LineString", "coordinates": [[-77.073187, 38.923628], [-77.073191, 38.924704]]}, "properties": {"STREETNAME": "WISCONSIN", "STREETTYPE": "AVE", "FHWAFUNCTIONALCLASS": 3}}, {"type": "Feature", "geometry": {"type": "LineString", "coordinates": [[-76.91565, 38.897774], [-76.915934, 38.897995]]}, "properties": {"STREETNAME": "EASTERN", "STREETTYPE": "AVE", "FHWAFUNCTIONALCLASS": 4}}, {"type": "Feature", "geometry": {"type": "LineString", "coordinates": [[-76.957569, 38.920067], [-76.960571, 38.922072]]}, "properties": {"STREETNAME": "SOUTH DAKOTA", "STREETTYPE": "AVE", "FHWAFUNCTIONALCLASS": 3}}, {"type": "Feature", "geometry": {"type": "LineString", "coordinates": [[-76.973664, 38.930278], [-76.972159, 38.931009]]}, "properties": {"STREETNAME": "RHODE ISLAND", "STREETTYPE": "AVE", "FHWAFUNCTIONALCLASS": 3}}, {"type": "Feature", "geometry": {"type": "LineString", "coordinates": [[-76.99951, 38.894088], [-76.99886, 38.894089], [-76.998457, 38.894054]]}, "properties": {"STREETNAME": "C", "STREETTYPE": "ST", "FHWAFUNCTIONALCLASS": 4}}, {"type": "Feature", "geometry": {"type": "LineString", "coordinates": [[-77.029727, 38.965026], [-77.029374, 38.965431]]}, "properties": {"STREETNAME": "PINEY BRANCH", "STREETTYPE": "RD", "FHWAFUNCTIONALCLASS": 4}}, {"type": "Feature", "geometry": {"type": "LineString", "coordinates": [[-76.983665, 38.942865], [-76.985325, 38.94411], [-76.985583, 38.944257]]}, "properties": {"STREETNAME": "SOUTH DAKOTA", "STREETTYPE": "AVE", "FHWAFUNCTIONALCLASS": 3}}, {"type": "Feature", "geometry": {"type": "LineString", "coordinates": [[-77.00057, 38.928513], [-77.000569, 38.93056]]}, "properties": {"STREETNAME": "4TH", "STREETTYPE": "ST", "FHWAFUNCTIONALCLASS": 4}}, {"type": "Feature", "geometry": {"type": "LineString", "coordinates": [[-77.032415, 38.905653], [-77.032408, 38.905547], [-77.032332, 38.905431], [-77.032128, 38.905312]]}, "properties": {"STREETNAME": "THOMAS", "STREETTYPE": "CIR", "FHWAFUNCTIONALCLASS": 3}}, {"type": "Feature", "geometry": {"type": "LineString", "coordinates": [[-76.991528, 38.896835], [-76.990406, 38.897294]]}, "properties": {"STREETNAME": "MARYLAND", "STREETTYPE": "AVE", "FHWAFUNCTIONALCLASS": 4}}, {"type": "Feature", "geometry": {"type": "LineString", "coordinates": [[-77.027829, 38.967351], [-77.027479, 38.967543]]}, "properties": {"STREETNAME": "PINEY BRANCH", "STREETTYPE": "RD", "FHWAFUNCTIONALCLASS": 4}}, {"type": "Feature", "geometry": {"type": "LineString", "coordinates": [[-76.983677, 38.94256], [-76.983334, 38.94256]]}, "properties": {"STREETNAME": "MICHIGAN", "STREETTYPE": "AVE", "FHWAFUNCTIONALCLASS": 4}}, {"type": "Feature", "geometry": {"type": "LineString", "coordinates": [[-76.992651, 38.910995], [-76.992417, 38.911289]]}, "properties": {"STREETNAME": "BRENTWOOD", "STREETTYPE": "PKWY", "FHWAFUNCTIONALCLASS": 4}}, {"type": "Feature", "geometry": {"type": "LineString", "coordinates": [[-77.082183, 38.953823], [-77.082634, 38.954708]]}, "properties": {"STREETNAME": "WISCONSIN", "STREETTYPE": "AVE", "FHWAFUNCTIONALCLASS": 3}}, {"type": "Feature", "geometry": {"type": "LineString", "coordinates": [[-77.000572, 38.919763], [-76.999527, 38.920135]]}, "properties": {"STREETNAME": "RHODE ISLAND", "STREETTYPE": "AVE", "FHWAFUNCTIONALCLASS": 3}}, {"type": "Feature", "geometry": {"type": "LineString", "coordinates": [[-77.051234, 38.939499], [-77.051796, 38.939838], [-77.052403, 38.940458]]}, "properties": {"STREETNAME": "TILDEN", "STREETTYPE": "ST", "FHWAFUNCTIONALCLASS": 4}}, {"type": "Feature", "geometry": {"type": "LineString", "coordinates": [[-76.911878, 38.89482], [-76.91287, 38.895592]]}, "properties": {"STREETNAME": "EASTERN", "STREETTYPE": "AVE", "FHWAFUNCTIONALCLASS": 4}}, {"type": "Feature", "geometry": {"type": "LineString", "coordinates": [[-77.054966, 38.910582], [-77.057142, 38.910552]]}, "properties": {"STREETNAME": "Q", "STREETTYPE": "ST", "FHWAFUNCTIONALCLASS": 4}}, {"type": "Feature", "geometry": {"type": "LineString", "coordinates": [[-77.007897, 38.914833], [-77.007683, 38.91557]]}, "properties": {"STREETNAME": "LINCOLN", "STREETTYPE": "RD", "FHWAFUNCTIONALCLASS": 4}}, {"type": "Feature", "geometry": {"type": "LineString", "coordinates": [[-76.965804, 38.937051], [-76.966826, 38.93785]]}, "properties": {"STREETNAME": "EASTERN", "STREETTYPE": "AVE", "FHWAFUNCTIONALCLASS": 4}}, {"type": "Feature", "geometry": {"type": "LineString", "coordinates": [[-77.002463, 38.894787], [-77.002038, 38.894614]]}, "properties": {"STREETNAME": "MASSACHUSETTS", "STREETTYPE": "AVE", "FHWAFUNCTIONALCLASS": 4}}, {"type": "Feature", "geometry": {"type": "LineString", "coordinates": [[-77.072481, 38.94876], [-77.072123, 38.949693]]}, "properties": {"STREETNAME": "RENO", "STREETTYPE": "RD", "FHWAFUNCTIONALCLASS": 4}}, {"type": "Feature", "geometry": {"type": "LineString", "coordinates": [[-76.987112, 38.893582], [-76.98648, 38.893581]]}, "properties": {"STREETNAME": "C", "STREETTYPE": "ST", "FHWAFUNCTIONALCLASS": 4}}, {"type": "Feature", "geometry": {"type": "LineString", "coordinates": [[-77.00202, 38.907804], [-77.000796, 38.907288]]}, "properties": {"STREETNAME": "FLORIDA", "STREETTYPE": "AVE", "FHWAFUNCTIONALCLASS": 3}}, {"type": "Feature", "geometry": {"type": "LineString", "coordinates": [[-76.988398, 38.946318], [-76.989022, 38.946765]]}, "properties": {"STREETNAME": "SOUTH DAKOTA", "STREETTYPE": "AVE", "FHWAFUNCTIONALCLASS": 3}}, {"type": "Feature", "geometry": {"type": "LineString", "coordinates": [[-77.074532, 38.912603], [-77.07554, 38.912628]]}, "properties": {"STREETNAME": "RESERVOIR", "STREETTYPE": "RD", "FHWAFUNCTIONALCLASS": 4}}, {"type": "Feature", "geometry": {"type": "LineString", "coordinates": [[-76.93141, 38.910124], [-76.932752, 38.911178]]}, "properties": {"STREETNAME": "EASTERN", "STREETTYPE": "AVE", "FHWAFUNCTIONALCLASS": 4}}, {"type": "Feature", "geometry": {"type": "LineString", "coordinates": [[-76.980154, 38.939584], [-76.981407, 38.940729]]}, "properties": {"STREETNAME": "SOUTH DAKOTA", "STREETTYPE": "AVE", "FHWAFUNCTIONALCLASS": 3}}, {"type": "Feature", "geometry": {"type": "LineString", "coordinates": [[-77.00582, 38.895997], [-77.005641, 38.896107], [-77.005503, 38.896343]]}, "properties": {"STREETNAME": "COLUMBUS", "STREETTYPE": "CIR", "FHWAFUNCTIONALCLASS": 4}}, {"type": "Feature", "geometry": {"type": "LineString", "coordinates": [[-76.973458, 38.933115], [-76.974176, 38.933803]]}, "properties": {"STREETNAME": "SOUTH DAKOTA", "STREETTYPE": "AVE", "FHWAFUNCTIONALCLASS": 3}}, {"type": "Feature", "geometry": {"type": "LineString", "coordinates": [[-76.988309, 38.940731], [-76.988305, 38.941805]]}, "properties": {"STREETNAME": "13TH", "STREETTYPE": "ST", "FHWAFUNCTIONALCLASS": 4}}, {"type": "Feature", "geometry": {"type": "LineString", "coordinates": [[-77.005903, 38.895979], [-77.00582, 38.895997]]}, "properties": {"STREETNAME": "COLUMBUS", "STREETTYPE": "CIR", "FHWAFUNCTIONALCLASS": 4}}, {"type": "Feature", "geometry": {"type": "LineString", "coordinates": [[-76.99116, 38.934524], [-76.991219, 38.935396], [-76.991168, 38.935638], [-76.990984, 38.936178]]}, "properties": {"STREETNAME": "12TH", "STREETTYPE": "ST", "FHWAFUNCTIONALCLASS": 4}}, {"type": "Feature", "geometry": {"type": "LineString", "coordinates": [[-76.98725, 38.910972], [-76.9867, 38.910791]]}, "properties": {"STREETNAME": "MOUNT OLIVET", "STREETTYPE": "RD", "FHWAFUNCTIONALCLASS": 4}}, {"type": "Feature", "geometry": {"type": "LineString", "coordinates": [[-76.928597, 38.90352], [-76.927322, 38.903487], [-76.926284, 38.903552]]}, "properties": {"STREETNAME": "SHERIFF", "STREETTYPE": "RD", "FHWAFUNCTIONALCLASS": 4}}, {"type": "Feature", "geometry": {"type": "LineString", "coordinates": [[-76.990278, 38.923523], [-76.990352, 38.924407]]}, "properties": {"STREETNAME": "12TH", "STREETTYPE": "ST", "FHWAFUNCTIONALCLASS": 4}}, {"type": "Feature", "geometry": {"type": "LineString", "coordinates": [[-77.073126, 38.922922], [-77.07317, 38.923087], [-77.073187, 38.923628]]}, "properties": {"STREETNAME": "WISCONSIN", "STREETTYPE": "AVE", "FHWAFUNCTIONALCLASS": 3}}, {"type": "Feature", "geometry": {"type": "LineString", "coordinates": [[-77.03308, 38.903746], [-77.032128, 38.905312]]}, "properties": {"STREETNAME": "VERMONT", "STREETTYPE": "AVE", "FHWAFUNCTIONALCLASS": 4}}, {"type": "Feature", "geometry": {"type": "LineString", "coordinates": [[-76.919949, 38.901145], [-76.92095, 38.901925]]}, "properties": {"STREETNAME": "EASTERN", "STREETTYPE": "AVE", "FHWAFUNCTIONALCLASS": 4}}, {"type": "Feature", "geometry": {"type": "LineString", "coordinates": [[-76.980319, 38.908013], [-76.979603, 38.907601]]}, "properties": {"STREETNAME": "MOUNT OLIVET", "STREETTYPE": "RD", "FHWAFUNCTIONALCLASS": 4}}, {"type": "Feature", "geometry": {"type": "LineString", "coordinates": [[-76.97907, 38.900219], [-76.979008, 38.90052], [-76.978996, 38.900837]]}, "properties": {"STREETNAME": "17TH", "STREETTYPE": "ST", "FHWAFUNCTIONALCLASS": 4}}, {"type": "Feature", "geometry": {"type": "LineString", "coordinates": [[-76.930675, 38.903338], [-76.930108, 38.903474], [-76.929642, 38.903531]]}, "properties": {"STREETNAME": "SHERIFF", "STREETTYPE": "RD", "FHWAFUNCTIONALCLASS": 4}}, {"type": "Feature", "geometry": {"type": "LineString", "coordinates": [[-76.985209, 38.91562], [-76.983882, 38.916083]]}, "properties": {"STREETNAME": "NEW YORK", "STREETTYPE": "AVE", "FHWAFUNCTIONALCLASS": 3}}, {"type": "Feature", "geometry": {"type": "LineString", "coordinates": [[-76.978997, 38.893309], [-76.978129, 38.893308]]}, "properties": {"STREETNAME": "C", "STREETTYPE": "ST", "FHWAFUNCTIONALCLASS": 4}}, {"type": "Feature", "geometry": {"type": "LineString", "coordinates": [[-76.990995, 38.956754], [-76.991638, 38.957254]]}, "properties": {"STREETNAME": "EASTERN", "STREETTYPE": "AVE", "FHWAFUNCTIONALCLASS": 4}}, {"type": "Feature", "geometry": {"type": "LineString", "coordinates": [[-76.972442, 38.917336], [-76.971021, 38.917398], [-76.968959, 38.917362], [-76.966403, 38.917237], [-76.964034, 38.917067], [-76.959396, 38.916855], [-76.958472, 38.916852], [-76.957844, 38.916955]]}, "properties": {"STREETNAME": "NEW YORK", "STREETTYPE": "AVE", "FHWAFUNCTIONALCLASS": 3}}, {"type": "Feature", "geometry": {"type": "LineString", "coordinates": [[-77.007781, 38.896868], [-77.007712, 38.896783]]}, "properties": {"STREETNAME": "COLUMBUS", "STREETTYPE": "CIR", "FHWAFUNCTIONALCLASS": 4}}, {"type": "Feature", "geometry": {"type": "LineString", "coordinates": [[-76.970411, 38.897851], [-76.969495, 38.897702]]}, "properties": {"STREETNAME": "BENNING", "STREETTYPE": "RD", "FHWAFUNCTIONALCLASS": 3}}, {"type": "Feature", "geometry": {"type": "LineString", "coordinates": [[-76.988307, 38.940479], [-76.988309, 38.940731]]}, "properties": {"STREETNAME": "13TH", "STREETTYPE": "ST", "FHWAFUNCTIONALCLASS": 4}}, {"type": "Feature", "geometry": {"type": "LineString", "coordinates": [[-77.073795, 38.937295], [-77.074262, 38.938144]]}, "properties": {"STREETNAME": "WISCONSIN", "STREETTYPE": "AVE", "FHWAFUNCTIONALCLASS": 3}}, {"type": "Feature", "geometry": {"type": "LineString", "coordinates": [[-76.971479, 38.918541], [-76.9708, 38.919371]]}, "properties": {"STREETNAME": "BLADENSBURG", "STREETTYPE": "RD", "FHWAFUNCTIONALCLASS": 4}}, {"type": "Feature", "geometry": {"type": "LineString", "coordinates": [[-76.946641, 38.894029], [-76.945776, 38.893714], [-76.944542, 38.893445]]}, "properties": {"STREETNAME": "BENNING", "STREETTYPE": "RD", "FHWAFUNCTIONALCLASS": 3}}, {"type": "Feature", "geometry": {"type": "LineString", "coordinates": [[-76.989243, 38.921058], [-76.988927, 38.921335], [-76.988776, 38.921513], [-76.988643, 38.921782], [-76.988581, 38.92205]]}, "properties": {"STREETNAME": "BRENTWOOD", "STREETTYPE": "RD", "FHWAFUNCTIONALCLASS": 4}}, {"type": "Feature", "geometry": {"type": "LineString", "coordinates": [[-77.019903, 38.912614], [-77.020857, 38.912615], [-77.021016, 38.912641]]}, "properties": {"STREETNAME": "R", "STREETTYPE": "ST", "FHWAFUNCTIONALCLASS": 4}}, {"type": "Feature", "geometry": {"type": "LineString", "coordinates": [[-76.995474, 38.95161], [-76.995988, 38.952004]]}, "properties": {"STREETNAME": "SOUTH DAKOTA", "STREETTYPE": "AVE", "FHWAFUNCTIONALCLASS": 3}}, {"type": "Feature", "geometry": {"type": "LineString", "coordinates": [[-76.985513, 38.89202], [-76.984564, 38.892117]]}, "properties": {"STREETNAME": "CONSTITUTION", "STREETTYPE": "AVE", "FHWAFUNCTIONALCLASS": 4}}, {"type": "Feature", "geometry": {"type": "LineString", "coordinates": [[-76.991535, 38.889813], [-76.991533, 38.890374]]}, "properties": {"STREETNAME": "11TH", "STREETTYPE": "ST", "FHWAFUNCTIONALCLASS": 4}}, {"type": "Feature", "geometry": {"type": "LineString", "coordinates": [[-77.045405, 38.931468], [-77.045409, 38.933217]]}, "properties": {"STREETNAME": "WALBRIDGE", "STREETTYPE": "PL", "FHWAFUNCTIONALCLASS": 4}}, {"type": "Feature", "geometry": {"type": "LineString", "coordinates": [[-76.957758, 38.930757], [-76.959488, 38.932111]]}, "properties": {"STREETNAME": "EASTERN", "STREETTYPE": "AVE", "FHWAFUNCTIONALCLASS": 4}}, {"type": "Feature", "geometry": {"type": "LineString", "coordinates": [[-77.006597, 38.90975], [-77.005334, 38.909219]]}, "properties": {"STREETNAME": "FLORIDA", "STREETTYPE": "AVE", "FHWAFUNCTIONALCLASS": 3}}, {"type": "Feature", "geometry": {"type": "LineString", "coordinates": [[-77.023958, 38.916998], [-77.025316, 38.917005]]}, "properties": {"STREETNAME": "U", "STREETTYPE": "ST", "FHWAFUNCTIONALCLASS": 3}}, {"type": "Feature", "geometry": {"type": "LineString", "coordinates": [[-77.081956, 38.953361], [-77.082183, 38.953823]]}, "properties": {"STREETNAME": "WISCONSIN", "STREETTYPE": "AVE", "FHWAFUNCTIONALCLASS": 3}}, {"type": "Feature", "geometry": {"type": "LineString", "coordinates": [[-76.989763, 38.947294], [-76.990202, 38.947609]]}, "properties": {"STREETNAME": "SOUTH DAKOTA", "STREETTYPE": "AVE", "FHWAFUNCTIONALCLASS": 3}}, {"type": "Feature", "geometry": {"type": "LineString", "coordinates": [[-77.094394, 38.954021], [-77.09376, 38.954517]]}, "properties": {"STREETNAME": "WESTERN", "STREETTYPE": "AVE", "FHWAFUNCTIONALCLASS": 4}}, {"type": "Feature", "geometry": {"type": "LineString", "coordinates": [[-77.082634, 38.954708], [-77.083272, 38.955962]]}, "properties": {"STREETNAME": "WISCONSIN", "STREETTYPE": "AVE", "FHWAFUNCTIONALCLASS": 3}}, {"type": "Feature", "geometry": {"type": "LineString", "coordinates": [[-77.090506, 38.955957], [-77.091249, 38.956485]]}, "properties": {"STREETNAME": "RIVER", "STREETTYPE": "RD", "FHWAFUNCTIONALCLASS": 4}}, {"type": "Feature", "geometry": {"type": "LineString", "coordinates": [[-77.07554, 38.912628], [-77.078555, 38.912698], [-77.081604, 38.912688]]}, "properties": {"STREETNAME": "RESERVOIR", "STREETTYPE": "RD", "FHWAFUNCTIONALCLASS": 4}}, {"type": "Feature", "geometry": {"type": "LineString", "coordinates": [[-77.066391, 38.938159], [-77.066405, 38.938394], [-77.066457, 38.938594]]}, "properties": {"STREETNAME": "RENO", "STREETTYPE": "RD", "FHWAFUNCTIONALCLASS": 4}}, {"type": "Feature", "geometry": {"type": "LineString", "coordinates": [[-76.990198, 38.923131], [-76.989978, 38.922844], [-76.989836, 38.922728], [-76.9889, 38.922116], [-76.988581, 38.92205]]}, "properties": {"STREETNAME": "SARATOGA", "STREETTYPE": "AVE", "FHWAFUNCTIONALCLASS": 4}}, {"type": "Feature", "geometry": {"type": "LineString", "coordinates": [[-76.996168, 38.894947], [-76.994964, 38.895438]]}, "properties": {"STREETNAME": "MARYLAND", "STREETTYPE": "AVE", "FHWAFUNCTIONALCLASS": 4}}, {"type": "Feature", "geometry": {"type": "LineString", "coordinates": [[-76.935043, 38.899204], [-76.933761, 38.898984]]}, "properties": {"STREETNAME": "NANNIE HELEN BURROUGHS", "STREETTYPE": "AVE", "FHWAFUNCTIONALCLASS": 4}}, {"type": "Feature", "geometry": {"type": "LineString", "coordinates": [[-76.996173, 38.892022], [-76.995681, 38.892025]]}, "properties": {"STREETNAME": "CONSTITUTION", "STREETTYPE": "AVE", "FHWAFUNCTIONALCLASS": 4}}, {"type": "Feature", "geometry": {"type": "LineString", "coordinates": [[-77.026383, 38.92981], [-77.026524, 38.930791]]}, "properties": {"STREETNAME": "SHERMAN", "STREETTYPE": "AVE", "FHWAFUNCTIONALCLASS": 4}}, {"type": "Feature", "geometry": {"type": "LineString", "coordinates": [[-76.995731, 38.940737], [-76.995629, 38.940736]]}, "properties": {"STREETNAME": "TAYLOR", "STREETTYPE": "ST", "FHWAFUNCTIONALCLASS": 4}}, {"type": "Feature", "geometry": {"type": "LineString", "coordinates": [[-76.983445, 38.900139], [-76.981483, 38.899816]]}, "properties": {"STREETNAME": "BENNING", "STREETTYPE": "RD", "FHWAFUNCTIONALCLASS": 3}}, {"type": "Feature", "geometry": {"type": "LineString", "coordinates": [[-77.007437, 38.896267], [-77.00731, 38.896148], [-77.00712, 38.896033], [-77.006768, 38.895927]]}, "properties": {"STREETNAME": "COLUMBUS", "STREETTYPE": "CIR", "FHWAFUNCTIONALCLASS": 4}}, {"type": "Feature", "geometry": {"type": "LineString", "coordinates": [[-77.070999, 38.945569], [-77.071735, 38.946286]]}, "properties": {"STREETNAME": "RENO", "STREETTYPE": "RD", "FHWAFUNCTIONALCLASS": 4}}, {"type": "Feature", "geometry": {"type": "LineString", "coordinates": [[-77.052403, 38.940458], [-77.052839, 38.940813], [-77.053133, 38.940888], [-77.053973, 38.940815], [-77.055013, 38.940668]]}, "properties": {"STREETNAME": "TILDEN", "STREETTYPE": "ST", "FHWAFUNCTIONALCLASS": 4}}, {"type": "Feature", "geometry": {"type": "LineString", "coordinates": [[-77.000572, 38.919763], [-77.000573, 38.920236]]}, "properties": {"STREETNAME": "4TH", "STREETTYPE": "ST", "FHWAFUNCTIONALCLASS": 4}}, {"type": "Feature", "geometry": {"type": "LineString", "coordinates": [[-76.989702, 38.902547], [-76.988293, 38.901949]]}, "properties": {"STREETNAME": "FLORIDA", "STREETTYPE": "AVE", "FHWAFUNCTIONALCLASS": 3}}, {"type": "Feature", "geometry": {"type": "LineString", "coordinates": [[-77.083881, 38.951297], [-77.085073, 38.952139]]}, "properties": {"STREETNAME": "RIVER", "STREETTYPE": "RD", "FHWAFUNCTIONALCLASS": 4}}, {"type": "Feature", "geometry": {"type": "LineString", "coordinates": [[-76.972041, 38.941927], [-76.973715, 38.943237]]}, "properties": {"STREETNAME": "EASTERN", "STREETTYPE": "AVE", "FHWAFUNCTIONALCLASS": 4}}, {"type": "Feature", "geometry": {"type": "LineString", "coordinates": [[-76.981282, 38.893308], [-76.980766, 38.893308]]}, "properties": {"STREETNAME": "C", "STREETTYPE": "ST", "FHWAFUNCTIONALCLASS": 4}}, {"type": "Feature", "geometry": {"type": "LineString", "coordinates": [[-76.980766, 38.890934], [-76.980764, 38.892017]]}, "properties": {"STREETNAME": "17TH", "STREETTYPE": "ST", "FHWAFUNCTIONALCLASS": 4}}, {"type": "Feature", "geometry": {"type": "LineString", "coordinates": [[-77.021581, 38.946848], [-77.021409, 38.946931], [-77.021297, 38.947025], [-77.021211, 38.947162], [-77.021177, 38.947358]]}, "properties": {"STREETNAME": "SHERMAN", "STREETTYPE": "CIR", "FHWAFUNCTIONALCLASS": 4}}, {"type": "Feature", "geometry": {"type": "LineString", "coordinates": [[-77.057049, 38.904949], [-77.058112, 38.905245]]}, "properties": {"STREETNAME": "PENNSYLVANIA", "STREETTYPE": "AVE", "FHWAFUNCTIONALCLASS": 3}}, {"type": "Feature", "geometry": {"type": "LineString", "coordinates": [[-77.025169, 38.919968], [-77.025223, 38.920678]]}, "properties": {"STREETNAME": "SHERMAN", "STREETTYPE": "AVE", "FHWAFUNCTIONALCLASS": 4}}, {"type": "Feature", "geometry": {"type": "LineString", "coordinates": [[-77.005334, 38.909219], [-77.004595, 38.908905]]}, "properties": {"STREETNAME": "FLORIDA", "STREETTYPE": "AVE", "FHWAFUNCTIONALCLASS": 3}}, {"type": "Feature", "geometry": {"type": "LineString", "coordinates": [[-76.957844, 38.916955], [-76.957358, 38.917094], [-76.957093, 38.917207], [-76.953728, 38.91884], [-76.953097, 38.919064], [-76.952361, 38.919219], [-76.95139, 38.919229], [-76.950642, 38.919175], [-76.945073, 38.918249], [-76.944109, 38.918119], [-76.942696, 38.91804], [-76.941737, 38.91807], [-76.941287, 38.918133]]}, "properties": {"STREETNAME": "NEW YORK", "STREETTYPE": "AVE", "FHWAFUNCTIONALCLASS": 2}}, {"type": "Feature", "geometry": {"type": "LineString", "coordinates": [[-76.979622, 38.944241], [-76.978857, 38.945259]]}, "properties": {"STREETNAME": "MICHIGAN", "STREETTYPE": "AVE", "FHWAFUNCTIONALCLASS": 4}}, {"type": "Feature", "geometry": {"type": "LineString", "coordinates": [[-77.029374, 38.965431], [-77.028752, 38.96614]]}, "properties": {"STREETNAME": "PINEY BRANCH", "STREETTYPE": "RD", "FHWAFUNCTIONALCLASS": 4}}, {"type": "Feature", "geometry": {"type": "LineString", "coordinates": [[-76.990238, 38.941267], [-76.990238, 38.941804]]}, "properties": {"STREETNAME": "12TH", "STREETTYPE": "ST", "FHWAFUNCTIONALCLASS": 4}}, {"type": "Feature", "geometry": {"type": "LineString", "coordinates": [[-77.062814, 38.905184], [-77.062836, 38.906034]]}, "properties": {"STREETNAME": "WISCONSIN", "STREETTYPE": "AVE", "FHWAFUNCTIONALCLASS": 3}}, {"type": "Feature", "geometry": {"type": "LineString", "coordinates": [[-76.994968, 38.92559], [-76.992432, 38.925592]]}, "properties": {"STREETNAME": "FRANKLIN", "STREETTYPE": "ST", "FHWAFUNCTIONALCLASS": 4}}, {"type": "Feature", "geometry": {"type": "LineString", "coordinates": [[-77.000061, 38.960147], [-76.999601, 38.960564], [-76.999077, 38.960919]]}, "properties": {"STREETNAME": "RIGGS", "STREETTYPE": "RD", "FHWAFUNCTIONALCLASS": 4}}, {"type": "Feature", "geometry": {"type": "LineString", "coordinates": [[-76.973715, 38.943237], [-76.977721, 38.946394]]}, "properties": {"STREETNAME": "EASTERN", "STREETTYPE": "AVE", "FHWAFUNCTIONALCLASS": 4}}, {"type": "Feature", "geometry": {"type": "LineString", "coordinates": [[-76.989263, 38.893583], [-76.988314, 38.893583]]}, "properties": {"STREETNAME": "C", "STREETTYPE": "ST", "FHWAFUNCTIONALCLASS": 4}}, {"type": "Feature", "geometry": {"type": "LineString", "coordinates": [[-77.009067, 38.902522], [-77.005889, 38.902523]]}, "properties": {"STREETNAME": "K", "STREETTYPE": "ST", "FHWAFUNCTIONALCLASS": 4}}, {"type": "Feature", "geometry": {"type": "LineString", "coordinates": [[-76.98365, 38.893512], [-76.983401, 38.893407], [-76.983098, 38.89334], [-76.982215, 38.893333]]}, "properties": {"STREETNAME": "C", "STREETTYPE": "ST", "FHWAFUNCTIONALCLASS": 4}}, {"type": "Feature", "geometry": {"type": "LineString", "coordinates": [[-77.046655, 38.901326], [-77.048834, 38.902096]]}, "properties": {"STREETNAME": "PENNSYLVANIA", "STREETTYPE": "AVE", "FHWAFUNCTIONALCLASS": 3}}, {"type": "Feature", "geometry": {"type": "LineString", "coordinates": [[-76.993757, 38.902519], [-76.992645, 38.902519]]}, "properties": {"STREETNAME": "K", "STREETTYPE": "ST", "FHWAFUNCTIONALCLASS": 4}}, {"type": "Feature", "geometry": {"type": "LineString", "coordinates": [[-77.086558, 38.960148], [-77.085735, 38.96079]]}, "properties": {"STREETNAME": "WESTERN", "STREETTYPE": "AVE", "FHWAFUNCTIONALCLASS": 4}}, {"type": "Feature", "geometry": {"type": "LineString", "coordinates": [[-76.990577, 38.947878], [-76.991114, 38.948267]]}, "properties": {"STREETNAME": "SOUTH DAKOTA", "STREETTYPE": "AVE", "FHWAFUNCTIONALCLASS": 3}}, {"type": "Feature", "geometry": {"type": "LineString", "coordinates": [[-76.990244, 38.893582], [-76.989263, 38.893583]]}, "properties": {"STREETNAME": "C", "STREETTYPE": "ST", "FHWAFUNCTIONALCLASS": 4}}, {"type": "Feature", "geometry": {"type": "LineString", "coordinates": [[-77.000569, 38.93056], [-77.000562, 38.931401]]}, "properties": {"STREETNAME": "4TH", "STREETTYPE": "ST", "FHWAFUNCTIONALCLASS": 4}}, {"type": "Feature", "geometry": {"type": "LineString", "coordinates": [[-76.94098, 38.892283], [-76.940248, 38.891983]]}, "properties": {"STREETNAME": "BENNING", "STREETTYPE": "RD", "FHWAFUNCTIONALCLASS": 3}}, {"type": "Feature", "geometry": {"type": "LineString", "coordinates": [[-76.988305, 38.941805], [-76.988308, 38.942874]]}, "properties": {"STREETNAME": "13TH", "STREETTYPE": "ST", "FHWAFUNCTIONALCLASS": 4}}, {"type": "Feature", "geometry": {"type": "LineString", "coordinates": [[-76.978857, 38.945259], [-76.97869, 38.945482]]}, "properties": {"STREETNAME": "MICHIGAN", "STREETTYPE": "AVE", "FHWAFUNCTIONALCLASS": 4}}, {"type": "Feature", "geometry": {"type": "LineString", "coordinates": [[-76.991114, 38.948267], [-76.991739, 38.94874]]}, "properties": {"STREETNAME": "SOUTH DAKOTA", "STREETTYPE": "AVE", "FHWAFUNCTIONALCLASS": 3}}, {"type": "Feature", "geometry": {"type": "LineString", "coordinates": [[-76.931671, 38.903053], [-76.93122, 38.90316], [-76.930675, 38.903338]]}, "properties": {"STREETNAME": "SHERIFF", "STREETTYPE": "RD", "FHWAFUNCTIONALCLASS": 4}}, {"type": "Feature", "geometry": {"type": "LineString", "coordinates": [[-77.015743, 38.914485], [-77.016821, 38.914109]]}, "properties": {"STREETNAME": "RHODE ISLAND", "STREETTYPE": "AVE", "FHWAFUNCTIONALCLASS": 3}}, {"type": "Feature", "geometry": {"type": "LineString", "coordinates": [[-77.029635, 38.895454], [-77.029888, 38.89551], [-77.030772, 38.895512]]}, "properties": {"STREETNAME": "PENNSYLVANIA", "STREETTYPE": "AVE", "FHWAFUNCTIONALCLASS": 3}}, {"type": "Feature", "geometry": {"type": "LineString", "coordinates": [[-77.009061, 38.896133], [-77.007643, 38.896654]]}, "properties": {"STREETNAME": "E", "STREETTYPE": "ST", "FHWAFUNCTIONALCLASS": 4}}, {"type": "Feature", "geometry": {"type": "LineString", "coordinates": [[-76.942611, 38.901935], [-76.94202, 38.901689], [-76.941623, 38.901562], [-76.939191, 38.900567]]}, "properties": {"STREETNAME": "NANNIE HELEN BURROUGHS", "STREETTYPE": "AVE", "FHWAFUNCTIONALCLASS": 4}}, {"type": "Feature", "geometry": {"type": "LineString", "coordinates": [[-76.980575, 38.942994], [-76.980237, 38.943418]]}, "properties": {"STREETNAME": "MICHIGAN", "STREETTYPE": "AVE", "FHWAFUNCTIONALCLASS": 4}}, {"type": "Feature", "geometry": {"type": "LineString", "coordinates": [[-77.058633, 38.940975], [-77.061656, 38.940979]]}, "properties": {"STREETNAME": "TILDEN", "STREETTYPE": "ST", "FHWAFUNCTIONALCLASS": 4}}, {"type": "Feature", "geometry": {"type": "LineString", "coordinates": [[-77.086755, 38.953322], [-77.088482, 38.95454], [-77.088666, 38.95471]]}, "properties": {"STREETNAME": "RIVER", "STREETTYPE": "RD", "FHWAFUNCTIONALCLASS": 4}}, {"type": "Feature", "geometry": {"type": "LineString", "coordinates": [[-76.954805, 38.896103], [-76.949394, 38.895239], [-76.949163, 38.895141]]}, "properties": {"STREETNAME": "BENNING", "STREETTYPE": "RD", "FHWAFUNCTIONALCLASS": 3}}, {"type": "Feature", "geometry": {"type": "LineString", "coordinates": [[-77.017365, 38.912613], [-77.018928, 38.912613]]}, "properties": {"STREETNAME": "R", "STREETTYPE": "ST", "FHWAFUNCTIONALCLASS": 4}}, {"type": "Feature", "geometry": {"type": "LineString", "coordinates": [[-76.997693, 38.932552], [-76.996391, 38.933083]]}, "properties": {"STREETNAME": "MICHIGAN", "STREETTYPE": "AVE", "FHWAFUNCTIONALCLASS": 4}}, {"type": "Feature", "geometry": {"type": "LineString", "coordinates": [[-77.095226, 38.953369], [-77.094394, 38.954021]]}, "properties": {"STREETNAME": "WESTERN", "STREETTYPE": "AVE", "FHWAFUNCTIONALCLASS": 4}}, {"type": "Feature", "geometry": {"type": "LineString", "coordinates": [[-77.072417, 38.933492], [-77.072433, 38.934265], [-77.072507, 38.934644]]}, "properties": {"STREETNAME": "WISCONSIN", "STREETTYPE": "AVE", "FHWAFUNCTIONALCLASS": 3}}, {"type": "Feature", "geometry": {"type": "LineString", "coordinates": [[-77.084848, 38.959049], [-77.085735, 38.96079]]}, "properties": {"STREETNAME": "WISCONSIN", "STREETTYPE": "AVE", "FHWAFUNCTIONALCLASS": 3}}, {"type": "Feature", "geometry": {"type": "LineString", "coordinates": [[-76.981553, 38.916886], [-76.981054, 38.917051], [-76.980588, 38.917153], [-76.980095, 38.917196], [-76.97853, 38.917225]]}, "properties": {"STREETNAME": "NEW YORK", "STREETTYPE": "AVE", "FHWAFUNCTIONALCLASS": 3}}, {"type": "Feature", "geometry": {"type": "LineString", "coordinates": [[-76.958637, 38.93014], [-76.958383, 38.930311]]}, "properties": {"STREETNAME": "BLADENSBURG", "STREETTYPE": "RD", "FHWAFUNCTIONALCLASS": 4}}, {"type": "Feature", "geometry": {"type": "LineString", "coordinates": [[-77.029642, 38.896133], [-77.031964, 38.896112]]}, "properties": {"STREETNAME": "PENNSYLVANIA", "STREETTYPE": "AVE", "FHWAFUNCTIONALCLASS": 4}}, {"type": "Feature", "geometry": {"type": "LineString", "coordinates": [[-76.968993, 38.921588], [-76.968342, 38.922377]]}, "properties": {"STREETNAME": "BLADENSBURG", "STREETTYPE": "RD", "FHWAFUNCTIONALCLASS": 4}}, {"type": "Feature", "geometry": {"type": "LineString", "coordinates": [[-76.99666, 38.894747], [-76.996168, 38.894947]]}, "properties": {"STREETNAME": "MARYLAND", "STREETTYPE": "AVE", "FHWAFUNCTIONALCLASS": 4}}, {"type": "Feature", "geometry": {"type": "LineString", "coordinates": [[-77.007137, 38.917474], [-77.006951, 38.918116]]}, "properties": {"STREETNAME": "LINCOLN", "STREETTYPE": "RD", "FHWAFUNCTIONALCLASS": 4}}, {"type": "Feature", "geometry": {"type": "LineString", "coordinates": [[-77.000569, 38.93056], [-77.000673, 38.930795], [-77.000984, 38.931222]]}, "properties": {"STREETNAME": "HAREWOOD", "STREETTYPE": "RD", "FHWAFUNCTIONALCLASS": 4}}, {"type": "Feature", "geometry": {"type": "LineString", "coordinates": [[-76.97845, 38.927965], [-76.978134, 38.928132]]}, "properties": {"STREETNAME": "RHODE ISLAND", "STREETTYPE": "AVE", "FHWAFUNCTIONALCLASS": 3}}, {"type": "Feature", "geometry": {"type": "LineString", "coordinates": [[-76.920521, 38.898371], [-76.919152, 38.898371]]}, "properties": {"STREETNAME": "NANNIE HELEN BURROUGHS", "STREETTYPE": "AVE", "FHWAFUNCTIONALCLASS": 4}}, {"type": "Feature", "geometry": {"type": "LineString", "coordinates": [[-77.033247, 38.912619], [-77.034552, 38.912616]]}, "properties": {"STREETNAME": "R", "STREETTYPE": "ST", "FHWAFUNCTIONALCLASS": 4}}, {"type": "Feature", "geometry": {"type": "LineString", "coordinates": [[-77.00811, 38.914086], [-77.007897, 38.914833]]}, "properties": {"STREETNAME": "LINCOLN", "STREETTYPE": "RD", "FHWAFUNCTIONALCLASS": 4}}, {"type": "Feature", "geometry": {"type": "LineString", "coordinates": [[-76.9679, 38.927784], [-76.968778, 38.928622]]}, "properties": {"STREETNAME": "SOUTH DAKOTA", "STREETTYPE": "AVE", "FHWAFUNCTIONALCLASS": 3}}, {"type": "Feature", "geometry": {"type": "LineString", "coordinates": [[-76.944542, 38.893445], [-76.94341, 38.893201], [-76.942613, 38.892947]]}, "properties": {"STREETNAME": "BENNING", "STREETTYPE": "RD", "FHWAFUNCTIONALCLASS": 3}}, {"type": "Feature", "geometry": {"type": "LineString", "coordinates": [[-77.071712, 38.950734], [-77.071532, 38.951422]]}, "properties": {"STREETNAME": "RENO", "STREETTYPE": "RD", "FHWAFUNCTIONALCLASS": 4}}, {"type": "Feature", "geometry": {"type": "LineString", "coordinates": [[-76.994963, 38.892025], [-76.993761, 38.892019]]}, "properties": {"STREETNAME": "CONSTITUTION", "STREETTYPE": "AVE", "FHWAFUNCTIONALCLASS": 4}}, {"type": "Feature", "geometry": {"type": "LineString", "coordinates": [[-76.976226, 38.935766], [-76.977618, 38.937099]]}, "properties": {"STREETNAME": "SOUTH DAKOTA", "STREETTYPE": "AVE", "FHWAFUNCTIONALCLASS": 3}}, {"type": "Feature", "geometry": {"type": "LineString", "coordinates": [[-77.000486, 38.907157], [-76.999433, 38.906714]]}, "properties": {"STREETNAME": "FLORIDA", "STREETTYPE": "AVE", "FHWAFUNCTIONALCLASS": 3}}, {"type": "Feature", "geometry": {"type": "LineString", "coordinates": [[-77.116552, 38.929548], [-77.112049, 38.930307], [-77.111866, 38.930294], [-77.111743, 38.930243]]}, "properties": {"STREETNAME": "CHAIN BRIDGE", "STREETTYPE": "RD", "FHWAFUNCTIONALCLASS": 3}}, {"type": "Feature", "geometry": {"type": "LineString", "coordinates": [[-76.984615, 38.925766], [-76.98387, 38.925805]]}, "properties": {"STREETNAME": "FRANKLIN", "STREETTYPE": "ST", "FHWAFUNCTIONALCLASS": 4}}, {"type": "Feature", "geometry": {"type": "LineString", "coordinates": [[-77.023977, 38.893884], [-77.026004, 38.894452]]}, "properties": {"STREETNAME": "PENNSYLVANIA", "STREETTYPE": "AVE", "FHWAFUNCTIONALCLASS": 3}}, {"type": "Feature", "geometry": {"type": "LineString", "coordinates": [[-77.09053, 38.957043], [-77.088869, 38.95835]]}, "properties": {"STREETNAME": "WESTERN", "STREETTYPE": "AVE", "FHWAFUNCTIONALCLASS": 4}}, {"type": "Feature", "geometry": {"type": "LineString", "coordinates": [[-77.003558, 38.923437], [-77.002996, 38.925251], [-77.002903, 38.925347], [-77.002446, 38.925602]]}, "properties": {"STREETNAME": "LINCOLN", "STREETTYPE": "RD", "FHWAFUNCTIONALCLASS": 4}}, {"type": "Feature", "geometry": {"type": "LineString", "coordinates": [[-76.978995, 38.902513], [-76.978993, 38.903722]]}, "properties": {"STREETNAME": "17TH", "STREETTYPE": "ST", "FHWAFUNCTIONALCLASS": 4}}, {"type": "Feature", "geometry": {"type": "LineString", "coordinates": [[-76.910935, 38.891973], [-76.910929, 38.892896]]}, "properties": {"STREETNAME": "63RD", "STREETTYPE": "ST", "FHWAFUNCTIONALCLASS": 3}}, {"type": "Feature", "geometry": {"type": "LineString", "coordinates": [[-77.000572, 38.923447], [-77.000573, 38.924518]]}, "properties": {"STREETNAME": "4TH", "STREETTYPE": "ST", "FHWAFUNCTIONALCLASS": 4}}, {"type": "Feature", "geometry": {"type": "LineString", "coordinates": [[-77.014273, 38.914996], [-77.015743, 38.914485]]}, "properties": {"STREETNAME": "RHODE ISLAND", "STREETTYPE": "AVE", "FHWAFUNCTIONALCLASS": 3}}, {"type": "Feature", "geometry": {"type": "LineString", "coordinates": [[-77.080007, 38.925916], [-77.081303, 38.926051]]}, "properties": {"STREETNAME": "TUNLAW", "STREETTYPE": "RD", "FHWAFUNCTIONALCLASS": 4}}, {"type": "Feature", "geometry": {"type": "LineString", "coordinates": [[-77.099699, 38.949874], [-77.098838, 38.950548]]}, "properties": {"STREETNAME": "WESTERN", "STREETTYPE": "AVE", "FHWAFUNCTIONALCLASS": 4}}, {"type": "Feature", "geometry": {"type": "LineString", "coordinates": [[-77.030275, 38.909432], [-77.031952, 38.908846]]}, "properties": {"STREETNAME": "RHODE ISLAND", "STREETTYPE": "AVE", "FHWAFUNCTIONALCLASS": 3}}, {"type": "Feature", "geometry": {"type": "LineString", "coordinates": [[-76.994961, 38.90252], [-76.993757, 38.902519]]}, "properties": {"STREETNAME": "K", "STREETTYPE": "ST", "FHWAFUNCTIONALCLASS": 4}}, {"type": "Feature", "geometry": {"type": "LineString", "coordinates": [[-77.019903, 38.913044], [-77.021016, 38.912641]]}, "properties": {"STREETNAME": "RHODE ISLAND", "STREETTYPE": "AVE", "FHWAFUNCTIONALCLASS": 3}}, {"type": "Feature", "geometry": {"type": "LineString", "coordinates": [[-76.99477, 38.921708], [-76.993864, 38.921998]]}, "properties": {"STREETNAME": "RHODE ISLAND", "STREETTYPE": "AVE", "FHWAFUNCTIONALCLASS": 3}}, {"type": "Feature", "geometry": {"type": "LineString", "coordinates": [[-77.004595, 38.908905], [-77.003388, 38.908385]]}, "properties": {"STREETNAME": "FLORIDA", "STREETTYPE": "AVE", "FHWAFUNCTIONALCLASS": 3}}, {"type": "Feature", "geometry": {"type": "LineString", "coordinates": [[-77.059108, 38.902575], [-77.062756, 38.902582], [-77.063634, 38.90272], [-77.064573, 38.902943], [-77.06603, 38.903464], [-77.069772, 38.904328], [-77.069973, 38.90444], [-77.070135, 38.904629], [-77.070231, 38.905031]]}, "properties": {"STREETNAME": "WHITEHURST", "STREETTYPE": "FWY", "FHWAFUNCTIONALCLASS": 2}}, {"type": "Feature", "geometry": {"type": "LineString", "coordinates": [[-76.912409, 38.890522], [-76.911146, 38.891516]]}, "properties": {"STREETNAME": "SOUTHERN", "STREETTYPE": "AVE", "FHWAFUNCTIONALCLASS": 3}}, {"type": "Feature", "geometry": {"type": "LineString", "coordinates": [[-77.048026, 38.896024], [-77.048842, 38.896458]]}, "properties": {"STREETNAME": "VIRGINIA", "STREETTYPE": "AVE", "FHWAFUNCTIONALCLASS": 4}}, {"type": "Feature", "geometry": {"type": "LineString", "coordinates": [[-76.983445, 38.900139], [-76.983271, 38.900263], [-76.982914, 38.900829]]}, "properties": {"STREETNAME": "BLADENSBURG", "STREETTYPE": "RD", "FHWAFUNCTIONALCLASS": 4}}, {"type": "Feature", "geometry": {"type": "LineString", "coordinates": [[-76.993864, 38.921998], [-76.992417, 38.922444]]}, "properties": {"STREETNAME": "RHODE ISLAND", "STREETTYPE": "AVE", "FHWAFUNCTIONALCLASS": 3}}, {"type": "Feature", "geometry": {"type": "LineString", "coordinates": [[-76.950681, 38.893078], [-76.950545, 38.893265]]}, "properties": {"STREETNAME": "MINNESOTA", "STREETTYPE": "AVE", "FHWAFUNCTIONALCLASS": 4}}, {"type": "Feature", "geometry": {"type": "LineString", "coordinates": [[-76.988293, 38.901949], [-76.987414, 38.901575]]}, "properties": {"STREETNAME": "FLORIDA", "STREETTYPE": "AVE", "FHWAFUNCTIONALCLASS": 3}}, {"type": "Feature", "geometry": {"type": "LineString", "coordinates": [[-77.009055, 38.907358], [-77.005888, 38.908457]]}, "properties": {"STREETNAME": "NEW YORK", "STREETTYPE": "AVE", "FHWAFUNCTIONALCLASS": 3}}, {"type": "Feature", "geometry": {"type": "LineString", "coordinates": [[-77.091249, 38.956485], [-77.09053, 38.957043]]}, "properties": {"STREETNAME": "WESTERN", "STREETTYPE": "AVE", "FHWAFUNCTIONALCLASS": 4}}, {"type": "Feature", "geometry": {"type": "LineString", "coordinates": [[-77.019902, 38.892766], [-77.021921, 38.893303]]}, "properties": {"STREETNAME": "PENNSYLVANIA", "STREETTYPE": "AVE", "FHWAFUNCTIONALCLASS": 3}}, {"type": "Feature", "geometry": {"type": "LineString", "coordinates": [[-77.023647, 38.972355], [-77.022768, 38.973617]]}, "properties": {"STREETNAME": "PINEY BRANCH", "STREETTYPE": "RD", "FHWAFUNCTIONALCLASS": 4}}, {"type": "Feature", "geometry": {"type": "LineString", "coordinates": [[-77.038475, 38.917011], [-77.041226, 38.917016]]}, "properties": {"STREETNAME": "U", "STREETTYPE": "ST", "FHWAFUNCTIONALCLASS": 4}}, {"type": "Feature", "geometry": {"type": "LineString", "coordinates": [[-77.068877, 38.942218], [-77.069317, 38.943169]]}, "properties": {"STREETNAME": "RENO", "STREETTYPE": "RD", "FHWAFUNCTIONALCLASS": 4}}, {"type": "Feature", "geometry": {"type": "LineString", "coordinates": [[-77.085636, 38.938234], [-77.085762, 38.938278], [-77.085929, 38.938281], [-77.086094, 38.938247], [-77.086228, 38.938177]]}, "properties": {"STREETNAME": "WARD", "STREETTYPE": "CIR", "FHWAFUNCTIONALCLASS": 3}}, {"type": "Feature", "geometry": {"type": "LineString", "coordinates": [[-77.007683, 38.91557], [-77.007472, 38.916289]]}, "properties": {"STREETNAME": "LINCOLN", "STREETTYPE": "RD", "FHWAFUNCTIONALCLASS": 4}}, {"type": "Feature", "geometry": {"type": "LineString", "coordinates": [[-77.006081, 38.968534], [-77.008461, 38.970394]]}, "properties": {"STREETNAME": "EASTERN", "STREETTYPE": "AVE", "FHWAFUNCTIONALCLASS": 4}}, {"type": "Feature", "geometry": {"type": "LineString", "coordinates": [[-76.939208, 38.891535], [-76.938601, 38.891143], [-76.938078, 38.890646]]}, "properties": {"STREETNAME": "BENNING", "STREETTYPE": "RD", "FHWAFUNCTIONALCLASS": 3}}, {"type": "Feature", "geometry": {"type": "LineString", "coordinates": [[-76.990202, 38.947609], [-76.990577, 38.947878]]}, "properties": {"STREETNAME": "SOUTH DAKOTA", "STREETTYPE": "AVE", "FHWAFUNCTIONALCLASS": 3}}, {"type": "Feature", "geometry": {"type": "LineString", "coordinates": [[-76.979939, 38.897193], [-76.979806, 38.897652]]}, "properties": {"STREETNAME": "17TH", "STREETTYPE": "ST", "FHWAFUNCTIONALCLASS": 4}}, {"type": "Feature", "geometry": {"type": "LineString", "coordinates": [[-77.026608, 38.910707], [-77.026846, 38.911006], [-77.02704, 38.911128]]}, "properties": {"STREETNAME": "Q", "STREETTYPE": "ST", "FHWAFUNCTIONALCLASS": 4}}, {"type": "Feature", "geometry": {"type": "LineString", "coordinates": [[-77.07889, 38.946512], [-77.07921, 38.947086]]}, "properties": {"STREETNAME": "WISCONSIN", "STREETTYPE": "AVE", "FHWAFUNCTIONALCLASS": 3}}, {"type": "Feature", "geometry": {"type": "LineString", "coordinates": [[-77.080769, 38.951062], [-77.081287, 38.952074]]}, "properties": {"STREETNAME": "WISCONSIN", "STREETTYPE": "AVE", "FHWAFUNCTIONALCLASS": 3}}, {"type": "Feature", "geometry": {"type": "LineString", "coordinates": [[-76.997842, 38.906959], [-76.996943, 38.908181]]}, "properties": {"STREETNAME": "6TH", "STREETTYPE": "ST", "FHWAFUNCTIONALCLASS": 4}}, {"type": "Feature", "geometry": {"type": "LineString", "coordinates": [[-76.990699, 38.938371], [-76.990237, 38.938772]]}, "properties": {"STREETNAME": "MICHIGAN", "STREETTYPE": "AVE", "FHWAFUNCTIONALCLASS": 4}}, {"type": "Feature", "geometry": {"type": "LineString", "coordinates": [[-77.007788, 38.910257], [-77.006597, 38.90975]]}, "properties": {"STREETNAME": "FLORIDA", "STREETTYPE": "AVE", "FHWAFUNCTIONALCLASS": 3}}, {"type": "Feature", "geometry": {"type": "LineString", "coordinates": [[-77.024848, 38.970689], [-77.024408, 38.971284]]}, "properties": {"STREETNAME": "PINEY BRANCH", "STREETTYPE": "RD", "FHWAFUNCTIONALCLASS": 4}}, {"type": "Feature", "geometry": {"type": "LineString", "coordinates": [[-76.999433, 38.906714], [-76.998339, 38.906238]]}, "properties": {"STREETNAME": "FLORIDA", "STREETTYPE": "AVE", "FHWAFUNCTIONALCLASS": 3}}, {"type": "Feature", "geometry": {"type": "LineString", "coordinates": [[-77.080183, 38.94882], [-77.080334, 38.948829], [-77.080442, 38.948871], [-77.081614, 38.949695]]}, "properties": {"STREETNAME": "RIVER", "STREETTYPE": "RD", "FHWAFUNCTIONALCLASS": 4}}, {"type": "Feature", "geometry": {"type": "LineString", "coordinates": [[-76.983181, 38.925697], [-76.982009, 38.926262]]}, "properties": {"STREETNAME": "RHODE ISLAND", "STREETTYPE": "AVE", "FHWAFUNCTIONALCLASS": 3}}, {"type": "Feature", "geometry": {"type": "LineString", "coordinates": [[-77.051283, 38.88965], [-77.052893, 38.890187], [-77.053335, 38.890393], [-77.053748, 38.890642], [-77.054197, 38.891004], [-77.054519, 38.891349], [-77.054688, 38.891577], [-77.05505, 38.89223]]}, "properties": {"STREETNAME": "ROCK CREEK AND POTOMAC PKWY", "STREETTYPE": "PKWY", "FHWAFUNCTIONALCLASS": 4}}, {"type": "Feature", "geometry": {"type": "LineString", "coordinates": [[-77.075317, 38.923648], [-77.076103, 38.925038], [-77.076231, 38.925157], [-77.078133, 38.925749], [-77.078874, 38.925823]]}, "properties": {"STREETNAME": "TUNLAW", "STREETTYPE": "RD", "FHWAFUNCTIONALCLASS": 4}}, {"type": "Feature", "geometry": {"type": "LineString", "coordinates": [[-76.979603, 38.907601], [-76.97934, 38.907325], [-76.979089, 38.90675]]}, "properties": {"STREETNAME": "MOUNT OLIVET", "STREETTYPE": "RD", "FHWAFUNCTIONALCLASS": 4}}, {"type": "Feature", "geometry": {"type": "LineString", "coordinates": [[-77.036517, 38.912616], [-77.038486, 38.912618]]}, "properties": {"STREETNAME": "R", "STREETTYPE": "ST", "FHWAFUNCTIONALCLASS": 4}}, {"type": "Feature", "geometry": {"type": "LineString", "coordinates": [[-76.963449, 38.93521], [-76.963255, 38.935299]]}, "properties": {"STREETNAME": "RHODE ISLAND", "STREETTYPE": "AVE", "FHWAFUNCTIONALCLASS": 3}}, {"type": "Feature", "geometry": {"type": "LineString", "coordinates": [[-76.965706, 38.934106], [-76.963876, 38.935007]]}, "properties": {"STREETNAME": "RHODE ISLAND", "STREETTYPE": "AVE", "FHWAFUNCTIONALCLASS": 3}}, {"type": "Feature", "geometry": {"type": "LineString", "coordinates": [[-76.945286, 38.899792], [-76.944295, 38.900587]]}, "properties": {"STREETNAME": "MINNESOTA", "STREETTYPE": "AVE", "FHWAFUNCTIONALCLASS": 4}}, {"type": "Feature", "geometry": {"type": "LineString", "coordinates": [[-76.98682, 38.90132], [-76.986668, 38.901255]]}, "properties": {"STREETNAME": "FLORIDA", "STREETTYPE": "AVE", "FHWAFUNCTIONALCLASS": 3}}, {"type": "Feature", "geometry": {"type": "LineString", "coordinates": [[-77.038624, 38.937219], [-77.039162, 38.936994], [-77.040153, 38.936699], [-77.040845, 38.936331], [-77.041236, 38.9362], [-77.04159, 38.936151], [-77.042364, 38.936134], [-77.04328, 38.936006], [-77.044783, 38.935994], [-77.045128, 38.935961], [-77.045476, 38.935865], [-77.046575, 38.935416], [-77.047716, 38.935061]]}, "properties": {"STREETNAME": "PINEY BRANCH", "STREETTYPE": "PKWY", "FHWAFUNCTIONALCLASS": 4}}, {"type": "Feature", "geometry": {"type": "LineString", "coordinates": [[-77.053305, 38.903644], [-77.053783, 38.903807]]}, "properties": {"STREETNAME": "PENNSYLVANIA", "STREETTYPE": "AVE", "FHWAFUNCTIONALCLASS": 3}}, {"type": "Feature", "geometry": {"type": "LineString", "coordinates": [[-76.936594, 38.902776], [-76.935633, 38.902817]]}, "properties": {"STREETNAME": "SHERIFF", "STREETTYPE": "RD", "FHWAFUNCTIONALCLASS": 4}}, {"type": "Feature", "geometry": {"type": "LineString", "coordinates": [[-77.078167, 38.966709], [-77.077772, 38.967014], [-77.07745, 38.967313]]}, "properties": {"STREETNAME": "WESTERN", "STREETTYPE": "AVE", "FHWAFUNCTIONALCLASS": 4}}, {"type": "Feature", "geometry": {"type": "LineString", "coordinates": [[-77.028086, 38.917005], [-77.029624, 38.917007]]}, "properties": {"STREETNAME": "U", "STREETTYPE": "ST", "FHWAFUNCTIONALCLASS": 3}}, {"type": "Feature", "geometry": {"type": "LineString", "coordinates": [[-77.097612, 38.951505], [-77.096768, 38.952164]]}, "properties": {"STREETNAME": "WESTERN", "STREETTYPE": "AVE", "FHWAFUNCTIONALCLASS": 4}}, {"type": "Feature", "geometry": {"type": "LineString", "coordinates": [[-76.930445, 38.909369], [-76.93141, 38.910124]]}, "properties": {"STREETNAME": "EASTERN", "STREETTYPE": "AVE", "FHWAFUNCTIONALCLASS": 4}}, {"type": "Feature", "geometry": {"type": "LineString", "coordinates": [[-76.953088, 38.88977], [-76.95244, 38.89067]]}, "properties": {"STREETNAME": "MINNESOTA", "STREETTYPE": "AVE", "FHWAFUNCTIONALCLASS": 4}}, {"type": "Feature", "geometry": {"type": "LineString", "coordinates": [[-77.053567, 38.91291], [-77.054026, 38.913017], [-77.054352, 38.913147], [-77.054719, 38.913398], [-77.05544, 38.91403], [-77.055659, 38.914187], [-77.057386, 38.915125], [-77.057927, 38.915549], [-77.058135, 38.915792], [-77.058256, 38.915993], [-77.058381, 38.916363], [-77.0584, 38.916727], [-77.05831, 38.917106], [-77.058131, 38.917407], [-77.057727, 38.917783], [-77.057385, 38.918002], [-77.056213, 38.918458]]}, "properties": {"STREETNAME": "ROCK CREEK AND POTOMAC PKWY", "STREETTYPE": "PKWY", "FHWAFUNCTIONALCLASS": 3}}, {"type": "Feature", "geometry": {"type": "LineString", "coordinates": [[-77.062774, 38.903424], [-77.062785, 38.903988]]}, "properties": {"STREETNAME": "WISCONSIN", "STREETTYPE": "AVE", "FHWAFUNCTIONALCLASS": 4}}, {"type": "Feature", "geometry": {"type": "LineString", "coordinates": [[-77.079092, 38.946286], [-77.07912, 38.946173], [-77.079105, 38.945932]]}, "properties": {"STREETNAME": "TENLEY", "STREETTYPE": "CIR", "FHWAFUNCTIONALCLASS": 3}}, {"type": "Feature", "geometry": {"type": "LineString", "coordinates": [[-77.026761, 38.932329], [-77.026822, 38.932755]]}, "properties": {"STREETNAME": "SHERMAN", "STREETTYPE": "AVE", "FHWAFUNCTIONALCLASS": 4}}, {"type": "Feature", "geometry": {"type": "LineString", "coordinates": [[-77.004689, 38.955768], [-77.003373, 38.95606], [-77.002906, 38.956219], [-77.002679, 38.956353], [-77.002598, 38.956443], [-77.00232, 38.956869]]}, "properties": {"STREETNAME": "RIGGS", "STREETTYPE": "RD", "FHWAFUNCTIONALCLASS": 3}}, {"type": "Feature", "geometry": {"type": "LineString", "coordinates": [[-76.982184, 38.94256], [-76.981554, 38.942563], [-76.981237, 38.942612], [-76.980851, 38.94277], [-76.980575, 38.942994]]}, "properties": {"STREETNAME": "MICHIGAN", "STREETTYPE": "AVE", "FHWAFUNCTIONALCLASS": 4}}, {"type": "Feature", "geometry": {"type": "LineString", "coordinates": [[-77.075549, 38.957695], [-77.076836, 38.958368]]}, "properties": {"STREETNAME": "RENO", "STREETTYPE": "RD", "FHWAFUNCTIONALCLASS": 4}}, {"type": "Feature", "geometry": {"type": "LineString", "coordinates": [[-77.002985, 38.940751], [-76.999672, 38.940749]]}, "properties": {"STREETNAME": "TAYLOR", "STREETTYPE": "ST", "FHWAFUNCTIONALCLASS": 4}}, {"type": "Feature", "geometry": {"type": "LineString", "coordinates": [[-77.007137, 38.917474], [-77.005339, 38.918099]]}, "properties": {"STREETNAME": "RHODE ISLAND", "STREETTYPE": "AVE", "FHWAFUNCTIONALCLASS": 3}}, {"type": "Feature", "geometry": {"type": "LineString", "coordinates": [[-76.974181, 38.933123], [-76.973458, 38.933115]]}, "properties": {"STREETNAME": "MONROE", "STREETTYPE": "ST", "FHWAFUNCTIONALCLASS": 4}}, {"type": "Feature", "geometry": {"type": "LineString", "coordinates": [[-77.029625, 38.912613], [-77.031955, 38.912614]]}, "properties": {"STREETNAME": "R", "STREETTYPE": "ST", "FHWAFUNCTIONALCLASS": 4}}, {"type": "Feature", "geometry": {"type": "LineString", "coordinates": [[-77.025316, 38.917005], [-77.025993, 38.917005]]}, "properties": {"STREETNAME": "U", "STREETTYPE": "ST", "FHWAFUNCTIONALCLASS": 3}}, {"type": "Feature", "geometry": {"type": "LineString", "coordinates": [[-76.987836, 38.954273], [-76.989392, 38.955492]]}, "properties": {"STREETNAME": "EASTERN", "STREETTYPE": "AVE", "FHWAFUNCTIONALCLASS": 4}}, {"type": "Feature", "geometry": {"type": "LineString", "coordinates": [[-77.012661, 38.915569], [-77.014273, 38.914996]]}, "properties": {"STREETNAME": "RHODE ISLAND", "STREETTYPE": "AVE", "FHWAFUNCTIONALCLASS": 3}}, {"type": "Feature", "geometry": {"type": "LineString", "coordinates": [[-77.072544, 38.932553], [-77.072417, 38.933492]]}, "properties": {"STREETNAME": "WISCONSIN", "STREETTYPE": "AVE", "FHWAFUNCTIONALCLASS": 3}}, {"type": "Feature", "geometry": {"type": "LineString", "coordinates": [[-76.994913, 38.951179], [-76.995474, 38.95161]]}, "properties": {"STREETNAME": "SOUTH DAKOTA", "STREETTYPE": "AVE", "FHWAFUNCTIONALCLASS": 3}}, {"type": "Feature", "geometry": {"type": "LineString", "coordinates": [[-76.997693, 38.932552], [-76.997591, 38.932418], [-76.997476, 38.932374], [-76.996178, 38.932373]]}, "properties": {"STREETNAME": "MONROE", "STREETTYPE": "ST", "FHWAFUNCTIONALCLASS": 4}}, {"type": "Feature", "geometry": {"type": "LineString", "coordinates": [[-77.050751, 38.911083], [-77.050961, 38.91091], [-77.051173, 38.910799], [-77.051449, 38.910696], [-77.051788, 38.910628], [-77.054966, 38.910582]]}, "properties": {"STREETNAME": "Q", "STREETTYPE": "ST", "FHWAFUNCTIONALCLASS": 4}}, {"type": "Feature", "geometry": {"type": "LineString", "coordinates": [[-77.085073, 38.952139], [-77.086206, 38.952937]]}, "properties": {"STREETNAME": "RIVER", "STREETTYPE": "RD", "FHWAFUNCTIONALCLASS": 4}}, {"type": "Feature", "geometry": {"type": "LineString", "coordinates": [[-76.988595, 38.945259], [-76.988897, 38.946277]]}, "properties": {"STREETNAME": "SARGENT", "STREETTYPE": "RD", "FHWAFUNCTIONALCLASS": 4}}, {"type": "Feature", "geometry": {"type": "LineString", "coordinates": [[-77.008319, 38.917067], [-77.007137, 38.917474]]}, "properties": {"STREETNAME": "RHODE ISLAND", "STREETTYPE": "AVE", "FHWAFUNCTIONALCLASS": 3}}, {"type": "Feature", "geometry": {"type": "LineString", "coordinates": [[-76.972442, 38.917336], [-76.971479, 38.918541]]}, "properties": {"STREETNAME": "BLADENSBURG", "STREETTYPE": "RD", "FHWAFUNCTIONALCLASS": 4}}, {"type": "Feature", "geometry": {"type": "LineString", "coordinates": [[-76.933945, 38.912111], [-76.934313, 38.912369]]}, "properties": {"STREETNAME": "EASTERN", "STREETTYPE": "AVE", "FHWAFUNCTIONALCLASS": 4}}, {"type": "Feature", "geometry": {"type": "LineString", "coordinates": [[-77.00245, 38.930448], [-77.000984, 38.931222]]}, "properties": {"STREETNAME": "MICHIGAN", "STREETTYPE": "AVE", "FHWAFUNCTIONALCLASS": 4}}, {"type": "Feature", "geometry": {"type": "LineString", "coordinates": [[-76.989022, 38.946765], [-76.989172, 38.947311]]}, "properties": {"STREETNAME": "SARGENT", "STREETTYPE": "RD", "FHWAFUNCTIONALCLASS": 4}}, {"type": "Feature", "geometry": {"type": "LineString", "coordinates": [[-77.056213, 38.918458], [-77.055347, 38.918732]]}, "properties": {"STREETNAME": "ROCK CREEK AND POTOMAC PKWY", "STREETTYPE": "PKWY", "FHWAFUNCTIONALCLASS": 3}}, {"type": "Feature", "geometry": {"type": "LineString", "coordinates": [[-76.990685, 38.928596], [-76.990764, 38.929585]]}, "properties": {"STREETNAME": "12TH", "STREETTYPE": "ST", "FHWAFUNCTIONALCLASS": 4}}, {"type": "Feature", "geometry": {"type": "LineString", "coordinates": [[-76.910824, 38.894016], [-76.911223, 38.894329]]}, "properties": {"STREETNAME": "EASTERN", "STREETTYPE": "AVE", "FHWAFUNCTIONALCLASS": 4}}, {"type": "Feature", "geometry": {"type": "LineString", "coordinates": [[-76.990237, 38.938772], [-76.989296, 38.939597]]}, "properties": {"STREETNAME": "MICHIGAN", "STREETTYPE": "AVE", "FHWAFUNCTIONALCLASS": 4}}, {"type": "Feature", "geometry": {"type": "LineString", "coordinates": [[-76.929738, 38.898347], [-76.929588, 38.898349]]}, "properties": {"STREETNAME": "NANNIE HELEN BURROUGHS", "STREETTYPE": "AVE", "FHWAFUNCTIONALCLASS": 4}}, {"type": "Feature", "geometry": {"type": "LineString", "coordinates": [[-77.005649, 38.961453], [-77.005223, 38.962019]]}, "properties": {"STREETNAME": "NEW HAMPSHIRE", "STREETTYPE": "AVE", "FHWAFUNCTIONALCLASS": 3}}, {"type": "Feature", "geometry": {"type": "LineString", "coordinates": [[-77.055347, 38.918732], [-77.054209, 38.919598], [-77.053901, 38.919707], [-77.053207, 38.919821], [-77.052672, 38.919963], [-77.052144, 38.920182], [-77.051725, 38.920439]]}, "properties": {"STREETNAME": "ROCK CREEK AND POTOMAC PKWY", "STREETTYPE": "PKWY", "FHWAFUNCTIONALCLASS": 3}}, {"type": "Feature", "geometry": {"type": "LineString", "coordinates": [[-76.985931, 38.900943], [-76.985666, 38.900831]]}, "properties": {"STREETNAME": "FLORIDA", "STREETTYPE": "AVE", "FHWAFUNCTIONALCLASS": 3}}, {"type": "Feature", "geometry": {"type": "LineString", "coordinates": [[-77.081604, 38.912688], [-77.082658, 38.912684]]}, "properties": {"STREETNAME": "RESERVOIR", "STREETTYPE": "RD", "FHWAFUNCTIONALCLASS": 4}}, {"type": "Feature", "geometry": {"type": "LineString", "coordinates": [[-77.009046, 38.926674], [-77.007971, 38.926793]]}, "properties": {"STREETNAME": "MICHIGAN", "STREETTYPE": "AVE", "FHWAFUNCTIONALCLASS": 4}}, {"type": "Feature", "geometry": {"type": "LineString", "coordinates": [[-76.919152, 38.898371], [-76.918899, 38.89837]]}, "properties": {"STREETNAME": "NANNIE HELEN BURROUGHS", "STREETTYPE": "AVE", "FHWAFUNCTIONALCLASS": 4}}, {"type": "Feature", "geometry": {"type": "LineString", "coordinates": [[-77.000797, 38.964405], [-77.001498, 38.964953]]}, "properties": {"STREETNAME": "EASTERN", "STREETTYPE": "AVE", "FHWAFUNCTIONALCLASS": 4}}, {"type": "Feature", "geometry": {"type": "LineString", "coordinates": [[-77.057142, 38.910552], [-77.058206, 38.910542]]}, "properties": {"STREETNAME": "Q", "STREETTYPE": "ST", "FHWAFUNCTIONALCLASS": 4}}, {"type": "Feature", "geometry": {"type": "LineString", "coordinates": [[-76.996166, 38.905307], [-76.9949, 38.904766]]}, "properties": {"STREETNAME": "FLORIDA", "STREETTYPE": "AVE", "FHWAFUNCTIONALCLASS": 3}}, {"type": "Feature", "geometry": {"type": "LineString", "coordinates": [[-76.994095, 38.934306], [-76.992938, 38.935282]]}, "properties": {"STREETNAME": "MICHIGAN", "STREETTYPE": "AVE", "FHWAFUNCTIONALCLASS": 4}}, {"type": "Feature", "geometry": {"type": "LineString", "coordinates": [[-76.988308, 38.942874], [-76.988318, 38.944242]]}, "properties": {"STREETNAME": "13TH", "STREETTYPE": "ST", "FHWAFUNCTIONALCLASS": 4}}, {"type": "Feature", "geometry": {"type": "LineString", "coordinates": [[-77.08433, 38.958035], [-77.084848, 38.959049]]}, "properties": {"STREETNAME": "WISCONSIN", "STREETTYPE": "AVE", "FHWAFUNCTIONALCLASS": 3}}, {"type": "Feature", "geometry": {"type": "LineString", "coordinates": [[-76.980766, 38.889808], [-76.980766, 38.890934]]}, "properties": {"STREETNAME": "17TH", "STREETTYPE": "ST", "FHWAFUNCTIONALCLASS": 4}}, {"type": "Feature", "geometry": {"type": "LineString", "coordinates": [[-77.008174, 38.892038], [-77.005907, 38.89202]]}, "properties": {"STREETNAME": "CONSTITUTION", "STREETTYPE": "AVE", "FHWAFUNCTIONALCLASS": 4}}, {"type": "Feature", "geometry": {"type": "LineString", "coordinates": [[-77.001133, 38.958784], [-77.00056, 38.959544]]}, "properties": {"STREETNAME": "RIGGS", "STREETTYPE": "RD", "FHWAFUNCTIONALCLASS": 4}}, {"type": "Feature", "geometry": {"type": "LineString", "coordinates": [[-76.969719, 38.940113], [-76.972041, 38.941927]]}, "properties": {"STREETNAME": "EASTERN", "STREETTYPE": "AVE", "FHWAFUNCTIONALCLASS": 4}}, {"type": "Feature", "geometry": {"type": "LineString", "coordinates": [[-76.980587, 38.904412], [-76.980205, 38.905012]]}, "properties": {"STREETNAME": "BLADENSBURG", "STREETTYPE": "RD", "FHWAFUNCTIONALCLASS": 4}}, {"type": "Feature", "geometry": {"type": "LineString", "coordinates": [[-77.000572, 38.922993], [-77.000572, 38.923447]]}, "properties": {"STREETNAME": "4TH", "STREETTYPE": "ST", "FHWAFUNCTIONALCLASS": 4}}, {"type": "Feature", "geometry": {"type": "LineString", "coordinates": [[-77.073152, 38.936082], [-77.073795, 38.937295]]}, "properties": {"STREETNAME": "WISCONSIN", "STREETTYPE": "AVE", "FHWAFUNCTIONALCLASS": 3}}, {"type": "Feature", "geometry": {"type": "LineString", "coordinates": [[-77.007007, 38.967346], [-77.006646, 38.967835]]}, "properties": {"STREETNAME": "KANSAS", "STREETTYPE": "AVE", "FHWAFUNCTIONALCLASS": 4}}, {"type": "Feature", "geometry": {"type": "LineString", "coordinates": [[-77.004714, 38.962706], [-77.003972, 38.963703]]}, "properties": {"STREETNAME": "NEW HAMPSHIRE", "STREETTYPE": "AVE", "FHWAFUNCTIONALCLASS": 3}}, {"type": "Feature", "geometry": {"type": "LineString", "coordinates": [[-76.984438, 38.932875], [-76.982722, 38.932962]]}, "properties": {"STREETNAME": "MONROE", "STREETTYPE": "ST", "FHWAFUNCTIONALCLASS": 4}}, {"type": "Feature", "geometry": {"type": "LineString", "coordinates": [[-76.992205, 38.912185], [-76.992297, 38.912446], [-76.993574, 38.914649], [-76.993711, 38.915057], [-76.993743, 38.915555]]}, "properties": {"STREETNAME": "9TH", "STREETTYPE": "ST", "FHWAFUNCTIONALCLASS": 4}}, {"type": "Feature", "geometry": {"type": "LineString", "coordinates": [[-76.969495, 38.897702], [-76.960264, 38.896927]]}, "properties": {"STREETNAME": "BENNING", "STREETTYPE": "RD", "FHWAFUNCTIONALCLASS": 3}}, {"type": "Feature", "geometry": {"type": "LineString", "coordinates": [[-76.9867, 38.910791], [-76.98629, 38.910656]]}, "properties": {"STREETNAME": "MOUNT OLIVET", "STREETTYPE": "RD", "FHWAFUNCTIONALCLASS": 4}}, {"type": "Feature", "geometry": {"type": "LineString", "coordinates": [[-77.0853, 38.961126], [-77.084634, 38.961657]]}, "properties": {"STREETNAME": "WESTERN", "STREETTYPE": "AVE", "FHWAFUNCTIONALCLASS": 4}}, {"type": "Feature", "geometry": {"type": "LineString", "coordinates": [[-76.973805, 38.889755], [-76.973838, 38.89059]]}, "properties": {"STREETNAME": "22ND", "STREETTYPE": "ST", "FHWAFUNCTIONALCLASS": 4}}, {"type": "Feature", "geometry": {"type": "LineString", "coordinates": [[-76.999076, 38.963063], [-77.000055, 38.963827]]}, "properties": {"STREETNAME": "EASTERN", "STREETTYPE": "AVE", "FHWAFUNCTIONALCLASS": 4}}, {"type": "Feature", "geometry": {"type": "LineString", "coordinates": [[-76.915934, 38.897995], [-76.916105, 38.898128]]}, "properties": {"STREETNAME": "EASTERN", "STREETTYPE": "AVE", "FHWAFUNCTIONALCLASS": 4}}, {"type": "Feature", "geometry": {"type": "LineString", "coordinates": [[-77.006768, 38.895927], [-77.006329, 38.895903], [-77.005903, 38.895979]]}, "properties": {"STREETNAME": "COLUMBUS", "STREETTYPE": "CIR", "FHWAFUNCTIONALCLASS": 4}}, {"type": "Feature", "geometry": {"type": "LineString", "coordinates": [[-76.998155, 38.953669], [-76.99884, 38.954196]]}, "properties": {"STREETNAME": "SOUTH DAKOTA", "STREETTYPE": "AVE", "FHWAFUNCTIONALCLASS": 3}}, {"type": "Feature", "geometry": {"type": "LineString", "coordinates": [[-76.98756, 38.911075], [-76.98725, 38.910972]]}, "properties": {"STREETNAME": "MOUNT OLIVET", "STREETTYPE": "RD", "FHWAFUNCTIONALCLASS": 4}}, {"type": "Feature", "geometry": {"type": "LineString", "coordinates": [[-76.978997, 38.901934], [-76.978995, 38.902513]]}, "properties": {"STREETNAME": "17TH", "STREETTYPE": "ST", "FHWAFUNCTIONALCLASS": 4}}, {"type": "Feature", "geometry": {"type": "LineString", "coordinates": [[-76.964737, 38.936215], [-76.96508, 38.936483]]}, "properties": {"STREETNAME": "EASTERN", "STREETTYPE": "AVE", "FHWAFUNCTIONALCLASS": 4}}, {"type": "Feature", "geometry": {"type": "LineString", "coordinates": [[-77.008321, 38.965577], [-77.007693, 38.966426]]}, "properties": {"STREETNAME": "KANSAS", "STREETTYPE": "AVE", "FHWAFUNCTIONALCLASS": 4}}, {"type": "Feature", "geometry": {"type": "LineString", "coordinates": [[-77.021526, 38.947813], [-77.021739, 38.947877], [-77.02191, 38.947886]]}, "properties": {"STREETNAME": "SHERMAN", "STREETTYPE": "CIR", "FHWAFUNCTIONALCLASS": 4}}, {"type": "Feature", "geometry": {"type": "LineString", "coordinates": [[-76.98953, 38.950964], [-76.98953, 38.951642]]}, "properties": {"STREETNAME": "SARGENT", "STREETTYPE": "RD", "FHWAFUNCTIONALCLASS": 4}}, {"type": "Feature", "geometry": {"type": "LineString", "coordinates": [[-77.083272, 38.955962], [-77.08382, 38.957032]]}, "properties": {"STREETNAME": "WISCONSIN", "STREETTYPE": "AVE", "FHWAFUNCTIONALCLASS": 3}}, {"type": "Feature", "geometry": {"type": "LineString", "coordinates": [[-77.067797, 38.915769], [-77.068534, 38.9167]]}, "properties": {"STREETNAME": "WISCONSIN", "STREETTYPE": "AVE", "FHWAFUNCTIONALCLASS": 3}}, {"type": "Feature", "geometry": {"type": "LineString", "coordinates": [[-76.974176, 38.933803], [-76.974496, 38.93411]]}, "properties": {"STREETNAME": "SOUTH DAKOTA", "STREETTYPE": "AVE", "FHWAFUNCTIONALCLASS": 3}}, {"type": "Feature", "geometry": {"type": "LineString", "coordinates": [[-76.981699, 38.902686], [-76.981033, 38.903734]]}, "properties": {"STREETNAME": "BLADENSBURG", "STREETTYPE": "RD", "FHWAFUNCTIONALCLASS": 4}}, {"type": "Feature", "geometry": {"type": "LineString", "coordinates": [[-76.916105, 38.898128], [-76.916483, 38.898421]]}, "properties": {"STREETNAME": "EASTERN", "STREETTYPE": "AVE", "FHWAFUNCTIONALCLASS": 4}}, {"type": "Feature", "geometry": {"type": "LineString", "coordinates": [[-76.999531, 38.954726], [-77.000277, 38.955302]]}, "properties": {"STREETNAME": "SOUTH DAKOTA", "STREETTYPE": "AVE", "FHWAFUNCTIONALCLASS": 3}}, {"type": "Feature", "geometry": {"type": "LineString", "coordinates": [[-77.096768, 38.952164], [-77.0964, 38.952452]]}, "properties": {"STREETNAME": "WESTERN", "STREETTYPE": "AVE", "FHWAFUNCTIONALCLASS": 4}}, {"type": "Feature", "geometry": {"type": "LineString", "coordinates": [[-77.009066, 38.900216], [-77.00204, 38.900211]]}, "properties": {"STREETNAME": "H", "STREETTYPE": "ST", "FHWAFUNCTIONALCLASS": 3}}, {"type": "Feature", "geometry": {"type": "LineString", "coordinates": [[-76.924964, 38.903762], [-76.923601, 38.904006]]}, "properties": {"STREETNAME": "SHERIFF", "STREETTYPE": "RD", "FHWAFUNCTIONALCLASS": 4}}, {"type": "Feature", "geometry": {"type": "LineString", "coordinates": [[-76.97217, 38.89816], [-76.971256, 38.897996]]}, "properties": {"STREETNAME": "BENNING", "STREETTYPE": "RD", "FHWAFUNCTIONALCLASS": 3}}, {"type": "Feature", "geometry": {"type": "LineString", "coordinates": [[-76.990355, 38.956246], [-76.990995, 38.956754]]}, "properties": {"STREETNAME": "EASTERN", "STREETTYPE": "AVE", "FHWAFUNCTIONALCLASS": 4}}, {"type": "Feature", "geometry": {"type": "LineString", "coordinates": [[-77.089351, 38.913951], [-77.090747, 38.914348]]}, "properties": {"STREETNAME": "RESERVOIR", "STREETTYPE": "RD", "FHWAFUNCTIONALCLASS": 4}}, {"type": "Feature", "geometry": {"type": "LineString", "coordinates": [[-77.006296, 38.927017], [-77.005997, 38.927124], [-77.005773, 38.92729], [-77.004081, 38.929297], [-77.003765, 38.929608], [-77.003264, 38.929988], [-77.00245, 38.930448]]}, "properties": {"STREETNAME": "MICHIGAN", "STREETTYPE": "AVE", "FHWAFUNCTIONALCLASS": 4}}, {"type": "Feature", "geometry": {"type": "LineString", "coordinates": [[-76.966425, 38.926364], [-76.967286, 38.927207]]}, "properties": {"STREETNAME": "SOUTH DAKOTA", "STREETTYPE": "AVE", "FHWAFUNCTIONALCLASS": 3}}, {"type": "Feature", "geometry": {"type": "LineString", "coordinates": [[-76.975523, 38.935092], [-76.976226, 38.935766]]}, "properties": {"STREETNAME": "SOUTH DAKOTA", "STREETTYPE": "AVE", "FHWAFUNCTIONALCLASS": 3}}, {"type": "Feature", "geometry": {"type": "LineString", "coordinates": [[-76.998448, 38.925592], [-76.996175, 38.925589]]}, "properties": {"STREETNAME": "FRANKLIN", "STREETTYPE": "ST", "FHWAFUNCTIONALCLASS": 4}}, {"type": "Feature", "geometry": {"type": "LineString", "coordinates": [[-76.976459, 38.898911], [-76.976261, 38.898875]]}, "properties": {"STREETNAME": "BENNING", "STREETTYPE": "RD", "FHWAFUNCTIONALCLASS": 3}}, {"type": "Feature", "geometry": {"type": "LineString", "coordinates": [[-76.990923, 38.931557], [-76.991001, 38.932545]]}, "properties": {"STREETNAME": "12TH", "STREETTYPE": "ST", "FHWAFUNCTIONALCLASS": 4}}, {"type": "Feature", "geometry": {"type": "LineString", "coordinates": [[-76.992417, 38.922444], [-76.990198, 38.923131]]}, "properties": {"STREETNAME": "RHODE ISLAND", "STREETTYPE": "AVE", "FHWAFUNCTIONALCLASS": 3}}, {"type": "Feature", "geometry": {"type": "LineString", "coordinates": [[-76.96508, 38.936483], [-76.965804, 38.937051]]}, "properties": {"STREETNAME": "EASTERN", "STREETTYPE": "AVE", "FHWAFUNCTIONALCLASS": 4}}, {"type": "Feature", "geometry": {"type": "LineString", "coordinates": [[-77.040678, 38.892108], [-77.040836, 38.892154], [-77.04175, 38.89265]]}, "properties": {"STREETNAME": "VIRGINIA", "STREETTYPE": "AVE", "FHWAFUNCTIONALCLASS": 4}}, {"type": "Feature", "geometry": {"type": "LineString", "coordinates": [[-77.071532, 38.951422], [-77.071506, 38.951747], [-77.071523, 38.952105]]}, "properties": {"STREETNAME": "RENO", "STREETTYPE": "RD", "FHWAFUNCTIONALCLASS": 4}}, {"type": "Feature", "geometry": {"type": "LineString", "coordinates": [[-77.022945, 38.91197], [-77.023969, 38.911623]]}, "properties": {"STREETNAME": "RHODE ISLAND", "STREETTYPE": "AVE", "FHWAFUNCTIONALCLASS": 3}}, {"type": "Feature", "geometry": {"type": "LineString", "coordinates": [[-77.07242, 38.937338], [-77.073657, 38.937334], [-77.073795, 38.937295]]}, "properties": {"STREETNAME": "PORTER", "STREETTYPE": "ST", "FHWAFUNCTIONALCLASS": 4}}, {"type": "Feature", "geometry": {"type": "LineString", "coordinates": [[-76.985598, 38.924574], [-76.984678, 38.924976], [-76.983779, 38.925413]]}, "properties": {"STREETNAME": "RHODE ISLAND", "STREETTYPE": "AVE", "FHWAFUNCTIONALCLASS": 3}}, {"type": "Feature", "geometry": {"type": "LineString", "coordinates": [[-76.980714, 38.896119], [-76.980109, 38.896757]]}, "properties": {"STREETNAME": "17TH", "STREETTYPE": "ST", "FHWAFUNCTIONALCLASS": 4}}, {"type": "Feature", "geometry": {"type": "LineString", "coordinates": [[-77.04561, 38.933591], [-77.045609, 38.933777], [-77.045436, 38.934671], [-77.045446, 38.934949], [-77.045576, 38.935287], [-77.046159, 38.936185], [-77.046297, 38.936275], [-77.04677, 38.936438], [-77.046983, 38.936576], [-77.047772, 38.937477], [-77.047895, 38.937583], [-77.04992, 38.938458], [-77.051234, 38.939499]]}, "properties": {"STREETNAME": "PARK", "STREETTYPE": "RD", "FHWAFUNCTIONALCLASS": 4}}, {"type": "Feature", "geometry": {"type": "LineString", "coordinates": [[-77.051419, 38.902985], [-77.053305, 38.903644]]}, "properties": {"STREETNAME": "PENNSYLVANIA", "STREETTYPE": "AVE", "FHWAFUNCTIONALCLASS": 3}}, {"type": "Feature", "geometry": {"type": "LineString", "coordinates": [[-77.009067, 38.897477], [-77.008216, 38.897142], [-77.007781, 38.896868]]}, "properties": {"STREETNAME": "MASSACHUSETTS", "STREETTYPE": "AVE", "FHWAFUNCTIONALCLASS": 4}}, {"type": "Feature", "geometry": {"type": "LineString", "coordinates": [[-76.950545, 38.893265], [-76.950127, 38.893839]]}, "properties": {"STREETNAME": "MINNESOTA", "STREETTYPE": "AVE", "FHWAFUNCTIONALCLASS": 4}}, {"type": "Feature", "geometry": {"type": "LineString", "coordinates": [[-77.025941, 38.926862], [-77.026015, 38.92735]]}, "properties": {"STREETNAME": "SHERMAN", "STREETTYPE": "AVE", "FHWAFUNCTIONALCLASS": 4}}, {"type": "Feature", "geometry": {"type": "LineString", "coordinates": [[-77.071735, 38.946286], [-77.072114, 38.94671], [-77.07235, 38.947097]]}, "properties": {"STREETNAME": "RENO", "STREETTYPE": "RD", "FHWAFUNCTIONALCLASS": 4}}, {"type": "Feature", "geometry": {"type": "LineString", "coordinates": [[-77.039921, 38.932522], [-77.040602, 38.932378], [-77.041296, 38.932376]]}, "properties": {"STREETNAME": "PARK", "STREETTYPE": "RD", "FHWAFUNCTIONALCLASS": 4}}, {"type": "Feature", "geometry": {"type": "LineString", "coordinates": [[-76.966072, 38.924442], [-76.965164, 38.925176]]}, "properties": {"STREETNAME": "BLADENSBURG", "STREETTYPE": "RD", "FHWAFUNCTIONALCLASS": 4}}, {"type": "Feature", "geometry": {"type": "LineString", "coordinates": [[-77.000984, 38.931222], [-77.000562, 38.931401]]}, "properties": {"STREETNAME": "MICHIGAN", "STREETTYPE": "AVE", "FHWAFUNCTIONALCLASS": 4}}, {"type": "Feature", "geometry": {"type": "LineString", "coordinates": [[-77.009049, 38.956924], [-77.008886, 38.957045], [-77.008457, 38.957669]]}, "properties": {"STREETNAME": "NEW HAMPSHIRE", "STREETTYPE": "AVE", "FHWAFUNCTIONALCLASS": 3}}, {"type": "Feature", "geometry": {"type": "LineString", "coordinates": [[-76.924153, 38.904437], [-76.924506, 38.904713]]}, "properties": {"STREETNAME": "EASTERN", "STREETTYPE": "AVE", "FHWAFUNCTIONALCLASS": 4}}, {"type": "Feature", "geometry": {"type": "LineString", "coordinates": [[-77.053831, 38.899154], [-77.056094, 38.900398]]}, "properties": {"STREETNAME": "VIRGINIA", "STREETTYPE": "AVE", "FHWAFUNCTIONALCLASS": 4}}, {"type": "Feature", "geometry": {"type": "LineString", "coordinates": [[-77.074119, 38.912592], [-77.074532, 38.912603]]}, "properties": {"STREETNAME": "RESERVOIR", "STREETTYPE": "RD", "FHWAFUNCTIONALCLASS": 4}}, {"type": "Feature", "geometry": {"type": "LineString", "coordinates": [[-76.980764, 38.892017], [-76.980766, 38.893308]]}, "properties": {"STREETNAME": "17TH", "STREETTYPE": "ST", "FHWAFUNCTIONALCLASS": 4}}, {"type": "Feature", "geometry": {"type": "LineString", "coordinates": [[-76.979806, 38.897652], [-76.979673, 38.89812]]}, "properties": {"STREETNAME": "17TH", "STREETTYPE": "ST", "FHWAFUNCTIONALCLASS": 4}}, {"type": "Feature", "geometry": {"type": "LineString", "coordinates": [[-76.990242, 38.900209], [-76.988311, 38.900209]]}, "properties": {"STREETNAME": "H", "STREETTYPE": "ST", "FHWAFUNCTIONALCLASS": 3}}, {"type": "Feature", "geometry": {"type": "LineString", "coordinates": [[-77.045409, 38.933217], [-77.045543, 38.933394], [-77.04561, 38.933591]]}, "properties": {"STREETNAME": "PARK", "STREETTYPE": "RD", "FHWAFUNCTIONALCLASS": 4}}, {"type": "Feature", "geometry": {"type": "LineString", "coordinates": [[-77.050765, 38.933439], [-77.05257, 38.934367]]}, "properties": {"STREETNAME": "PORTER", "STREETTYPE": "ST", "FHWAFUNCTIONALCLASS": 4}}, {"type": "Feature", "geometry": {"type": "LineString", "coordinates": [[-76.980741, 38.92687], [-76.979099, 38.927658]]}, "properties": {"STREETNAME": "RHODE ISLAND", "STREETTYPE": "AVE", "FHWAFUNCTIONALCLASS": 3}}, {"type": "Feature", "geometry": {"type": "LineString", "coordinates": [[-76.998452, 38.892023], [-76.996173, 38.892022]]}, "properties": {"STREETNAME": "CONSTITUTION", "STREETTYPE": "AVE", "FHWAFUNCTIONALCLASS": 4}}, {"type": "Feature", "geometry": {"type": "LineString", "coordinates": [[-76.986801, 38.941762], [-76.98603, 38.942429], [-76.985867, 38.942518], [-76.985648, 38.942568]]}, "properties": {"STREETNAME": "MICHIGAN", "STREETTYPE": "AVE", "FHWAFUNCTIONALCLASS": 4}}, {"type": "Feature", "geometry": {"type": "LineString", "coordinates": [[-76.962673, 38.923513], [-76.963657, 38.924162]]}, "properties": {"STREETNAME": "SOUTH DAKOTA", "STREETTYPE": "AVE", "FHWAFUNCTIONALCLASS": 3}}, {"type": "Feature", "geometry": {"type": "LineString", "coordinates": [[-76.984564, 38.892117], [-76.983648, 38.892493]]}, "properties": {"STREETNAME": "NORTH CAROLINA", "STREETTYPE": "AVE", "FHWAFUNCTIONALCLASS": 4}}, {"type": "Feature", "geometry": {"type": "LineString", "coordinates": [[-77.045213, 38.894535], [-77.046684, 38.895324]]}, "properties": {"STREETNAME": "VIRGINIA", "STREETTYPE": "AVE", "FHWAFUNCTIONALCLASS": 4}}, {"type": "Feature", "geometry": {"type": "LineString", "coordinates": [[-77.035131, 38.90021], [-77.034626, 38.901094], [-77.034595, 38.901343]]}, "properties": {"STREETNAME": "VERMONT", "STREETTYPE": "AVE", "FHWAFUNCTIONALCLASS": 4}}, {"type": "Feature", "geometry": {"type": "LineString", "coordinates": [[-77.02397, 38.912614], [-77.025992, 38.912616]]}, "properties": {"STREETNAME": "R", "STREETTYPE": "ST", "FHWAFUNCTIONALCLASS": 4}}, {"type": "Feature", "geometry": {"type": "LineString", "coordinates": [[-76.992399, 38.936183], [-76.992033, 38.937112], [-76.991898, 38.937322]]}, "properties": {"STREETNAME": "MICHIGAN", "STREETTYPE": "AVE", "FHWAFUNCTIONALCLASS": 4}}, {"type": "Feature", "geometry": {"type": "LineString", "coordinates": [[-76.921896, 38.898373], [-76.920521, 38.898371]]}, "properties": {"STREETNAME": "NANNIE HELEN BURROUGHS", "STREETTYPE": "AVE", "FHWAFUNCTIONALCLASS": 4}}, {"type": "Feature", "geometry": {"type": "LineString", "coordinates": [[-77.063584, 38.907868], [-77.063869, 38.908406]]}, "properties": {"STREETNAME": "WISCONSIN", "STREETTYPE": "AVE", "FHWAFUNCTIONALCLASS": 3}}, {"type": "Feature", "geometry": {"type": "LineString", "coordinates": [[-77.05257, 38.934367], [-77.053362, 38.934751], [-77.054269, 38.935126], [-77.05642, 38.935914], [-77.057614, 38.936245], [-77.057833, 38.936347], [-77.058309, 38.936654], [-77.058766, 38.936805]]}, "properties": {"STREETNAME": "PORTER", "STREETTYPE": "ST", "FHWAFUNCTIONALCLASS": 4}}, {"type": "Feature", "geometry": {"type": "LineString", "coordinates": [[-77.04175, 38.89265], [-77.043476, 38.893521]]}, "properties": {"STREETNAME": "VIRGINIA", "STREETTYPE": "AVE", "FHWAFUNCTIONALCLASS": 4}}, {"type": "Feature", "geometry": {"type": "LineString", "coordinates": [[-77.026089, 38.927842], [-77.026235, 38.928831]]}, "properties": {"STREETNAME": "SHERMAN", "STREETTYPE": "AVE", "FHWAFUNCTIONALCLASS": 4}}, {"type": "Feature", "geometry": {"type": "LineString", "coordinates": [[-76.990611, 38.937253], [-76.990251, 38.938322]]}, "properties": {"STREETNAME": "12TH", "STREETTYPE": "ST", "FHWAFUNCTIONALCLASS": 4}}, {"type": "Feature", "geometry": {"type": "LineString", "coordinates": [[-77.005223, 38.962019], [-77.004714, 38.962706]]}, "properties": {"STREETNAME": "NEW HAMPSHIRE", "STREETTYPE": "AVE", "FHWAFUNCTIONALCLASS": 3}}, {"type": "Feature", "geometry": {"type": "LineString", "coordinates": [[-77.025993, 38.917005], [-77.027039, 38.917007]]}, "properties": {"STREETNAME": "U", "STREETTYPE": "ST", "FHWAFUNCTIONALCLASS": 3}}, {"type": "Feature", "geometry": {"type": "LineString", "coordinates": [[-76.977618, 38.937099], [-76.977748, 38.937226]]}, "properties": {"STREETNAME": "SOUTH DAKOTA", "STREETTYPE": "AVE", "FHWAFUNCTIONALCLASS": 3}}, {"type": "Feature", "geometry": {"type": "LineString", "coordinates": [[-77.028752, 38.96614], [-77.028564, 38.966408]]}, "properties": {"STREETNAME": "PINEY BRANCH", "STREETTYPE": "RD", "FHWAFUNCTIONALCLASS": 4}}, {"type": "Feature", "geometry": {"type": "LineString", "coordinates": [[-77.055013, 38.940668], [-77.055532, 38.94072], [-77.056348, 38.940953], [-77.057705, 38.940973]]}, "properties": {"STREETNAME": "TILDEN", "STREETTYPE": "ST", "FHWAFUNCTIONALCLASS": 4}}, {"type": "Feature", "geometry": {"type": "LineString", "coordinates": [[-76.985776, 38.910482], [-76.984994, 38.910208]]}, "properties": {"STREETNAME": "MOUNT OLIVET", "STREETTYPE": "RD", "FHWAFUNCTIONALCLASS": 4}}, {"type": "Feature", "geometry": {"type": "LineString", "coordinates": [[-76.996943, 38.908181], [-76.995978, 38.9095], [-76.995844, 38.90962]]}, "properties": {"STREETNAME": "6TH", "STREETTYPE": "ST", "FHWAFUNCTIONALCLASS": 4}}, {"type": "Feature", "geometry": {"type": "LineString", "coordinates": [[-77.046632, 38.911136], [-77.047727, 38.911137]]}, "properties": {"STREETNAME": "Q", "STREETTYPE": "ST", "FHWAFUNCTIONALCLASS": 4}}, {"type": "Feature", "geometry": {"type": "LineString", "coordinates": [[-77.070312, 38.944785], [-77.070706, 38.945269], [-77.070999, 38.945569]]}, "properties": {"STREETNAME": "RENO", "STREETTYPE": "RD", "FHWAFUNCTIONALCLASS": 4}}, {"type": "Feature", "geometry": {"type": "LineString", "coordinates": [[-76.958669, 38.889794], [-76.957806, 38.890254], [-76.957032, 38.890874], [-76.954501, 38.893478], [-76.953612, 38.894351], [-76.951745, 38.896083], [-76.947235, 38.899638], [-76.94551, 38.901057], [-76.944078, 38.902338], [-76.943029, 38.903226], [-76.941021, 38.904785], [-76.940439, 38.905273], [-76.939849, 38.905876], [-76.933988, 38.912487]]}, "properties": {"STREETNAME": "KENILWORTH", "STREETTYPE": "AVE", "FHWAFUNCTIONALCLASS": 2}}, {"type": "Feature", "geometry": {"type": "LineString", "coordinates": [[-77.100596, 38.949184], [-77.100738, 38.949272]]}, "properties": {"STREETNAME": "WESTMORELAND", "STREETTYPE": "CIR", "FHWAFUNCTIONALCLASS": 4}}, {"type": "Feature", "geometry": {"type": "LineString", "coordinates": [[-77.038842, 38.93254], [-77.039396, 38.932615], [-77.039921, 38.932522]]}, "properties": {"STREETNAME": "PARK", "STREETTYPE": "RD", "FHWAFUNCTIONALCLASS": 4}}, {"type": "Feature", "geometry": {"type": "LineString", "coordinates": [[-76.96439, 38.935943], [-76.964737, 38.936215]]}, "properties": {"STREETNAME": "EASTERN", "STREETTYPE": "AVE", "FHWAFUNCTIONALCLASS": 4}}, {"type": "Feature", "geometry": {"type": "LineString", "coordinates": [[-77.056094, 38.900398], [-77.056607, 38.900672]]}, "properties": {"STREETNAME": "VIRGINIA", "STREETTYPE": "AVE", "FHWAFUNCTIONALCLASS": 4}}, {"type": "Feature", "geometry": {"type": "LineString", "coordinates": [[-77.057208, 38.900988], [-77.057246, 38.901324], [-77.057216, 38.901677], [-77.056686, 38.903171], [-77.056515, 38.904081], [-77.056382, 38.904363], [-77.055826, 38.90511], [-77.055558, 38.90554], [-77.054486, 38.907785], [-77.054289, 38.908073], [-77.054002, 38.908395], [-77.053757, 38.908608], [-77.053477, 38.908788], [-77.053123, 38.908951], [-77.052646, 38.909051], [-77.05152, 38.908998], [-77.051205, 38.909039], [-77.050952, 38.909122], [-77.050733, 38.909245], [-77.050553, 38.909415], [-77.050448, 38.909565], [-77.050396, 38.90973], [-77.050383, 38.909931], [-77.050416, 38.910103], [-77.050505, 38.910289], [-77.050722, 38.910554], [-77.052048, 38.911855]]}, "properties": {"STREETNAME": "ROCK CREEK AND POTOMAC PKWY", "STREETTYPE": "PKWY", "FHWAFUNCTIONALCLASS": 3}}, {"type": "Feature", "geometry": {"type": "LineString", "coordinates": [[-77.034534, 38.91701], [-77.036495, 38.91701]]}, "properties": {"STREETNAME": "U", "STREETTYPE": "ST", "FHWAFUNCTIONALCLASS": 3}}, {"type": "Feature", "geometry": {"type": "LineString", "coordinates": [[-77.036463, 38.931661], [-77.038618, 38.93249], [-77.038842, 38.93254]]}, "properties": {"STREETNAME": "PARK", "STREETTYPE": "RD", "FHWAFUNCTIONALCLASS": 4}}, {"type": "Feature", "geometry": {"type": "LineString", "coordinates": [[-77.008036, 38.942389], [-77.007682, 38.943238], [-77.007552, 38.943627], [-77.007504, 38.944102], [-77.007526, 38.945269]]}, "properties": {"STREETNAME": "CLERMONT", "STREETTYPE": "DR", "FHWAFUNCTIONALCLASS": 3}}, {"type": "Feature", "geometry": {"type": "LineString", "coordinates": [[-77.026235, 38.928831], [-77.026383, 38.92981]]}, "properties": {"STREETNAME": "SHERMAN", "STREETTYPE": "AVE", "FHWAFUNCTIONALCLASS": 4}}, {"type": "Feature", "geometry": {"type": "LineString", "coordinates": [[-76.913418, 38.896023], [-76.914122, 38.896572]]}, "properties": {"STREETNAME": "EASTERN", "STREETTYPE": "AVE", "FHWAFUNCTIONALCLASS": 4}}, {"type": "Feature", "geometry": {"type": "LineString", "coordinates": [[-76.951264, 38.892296], [-76.950681, 38.893078]]}, "properties": {"STREETNAME": "MINNESOTA", "STREETTYPE": "AVE", "FHWAFUNCTIONALCLASS": 4}}, {"type": "Feature", "geometry": {"type": "LineString", "coordinates": [[-76.999506, 38.925594], [-76.998448, 38.925592]]}, "properties": {"STREETNAME": "FRANKLIN", "STREETTYPE": "ST", "FHWAFUNCTIONALCLASS": 4}}, {"type": "Feature", "geometry": {"type": "LineString", "coordinates": [[-77.017567, 38.892117], [-77.018587, 38.892401]]}, "properties": {"STREETNAME": "PENNSYLVANIA", "STREETTYPE": "AVE", "FHWAFUNCTIONALCLASS": 3}}, {"type": "Feature", "geometry": {"type": "LineString", "coordinates": [[-76.972437, 38.932133], [-76.973458, 38.933115]]}, "properties": {"STREETNAME": "SOUTH DAKOTA", "STREETTYPE": "AVE", "FHWAFUNCTIONALCLASS": 3}}, {"type": "Feature", "geometry": {"type": "LineString", "coordinates": [[-76.990237, 38.940731], [-76.990238, 38.941267]]}, "properties": {"STREETNAME": "12TH", "STREETTYPE": "ST", "FHWAFUNCTIONALCLASS": 4}}, {"type": "Feature", "geometry": {"type": "LineString", "coordinates": [[-76.987908, 38.914683], [-76.985209, 38.91562]]}, "properties": {"STREETNAME": "NEW YORK", "STREETTYPE": "AVE", "FHWAFUNCTIONALCLASS": 3}}, {"type": "Feature", "geometry": {"type": "LineString", "coordinates": [[-77.072652, 38.931879], [-77.072544, 38.932553]]}, "properties": {"STREETNAME": "WISCONSIN", "STREETTYPE": "AVE", "FHWAFUNCTIONALCLASS": 3}}, {"type": "Feature", "geometry": {"type": "LineString", "coordinates": [[-76.990237, 38.940731], [-76.989265, 38.940733]]}, "properties": {"STREETNAME": "TAYLOR", "STREETTYPE": "ST", "FHWAFUNCTIONALCLASS": 4}}, {"type": "Feature", "geometry": {"type": "LineString", "coordinates": [[-77.068754, 38.916974], [-77.069385, 38.917733]]}, "properties": {"STREETNAME": "WISCONSIN", "STREETTYPE": "AVE", "FHWAFUNCTIONALCLASS": 3}}, {"type": "Feature", "geometry": {"type": "LineString", "coordinates": [[-77.000571, 38.921303], [-77.000572, 38.922378]]}, "properties": {"STREETNAME": "4TH", "STREETTYPE": "ST", "FHWAFUNCTIONALCLASS": 4}}, {"type": "Feature", "geometry": {"type": "LineString", "coordinates": [[-76.978993, 38.903722], [-76.978992, 38.904378]]}, "properties": {"STREETNAME": "17TH", "STREETTYPE": "ST", "FHWAFUNCTIONALCLASS": 4}}, {"type": "Feature", "geometry": {"type": "LineString", "coordinates": [[-76.990241, 38.946279], [-76.990246, 38.947297]]}, "properties": {"STREETNAME": "12TH", "STREETTYPE": "ST", "FHWAFUNCTIONALCLASS": 4}}, {"type": "Feature", "geometry": {"type": "LineString", "coordinates": [[-76.99498, 38.932372], [-76.993693, 38.932412]]}, "properties": {"STREETNAME": "MONROE", "STREETTYPE": "ST", "FHWAFUNCTIONALCLASS": 4}}, {"type": "Feature", "geometry": {"type": "LineString", "coordinates": [[-77.077031, 38.94317], [-77.077466, 38.943955]]}, "properties": {"STREETNAME": "WISCONSIN", "STREETTYPE": "AVE", "FHWAFUNCTIONALCLASS": 3}}, {"type": "Feature", "geometry": {"type": "LineString", "coordinates": [[-77.016821, 38.914109], [-77.017782, 38.913773]]}, "properties": {"STREETNAME": "RHODE ISLAND", "STREETTYPE": "AVE", "FHWAFUNCTIONALCLASS": 3}}, {"type": "Feature", "geometry": {"type": "LineString", "coordinates": [[-77.032751, 38.930239], [-77.034874, 38.931049]]}, "properties": {"STREETNAME": "PARK", "STREETTYPE": "RD", "FHWAFUNCTIONALCLASS": 4}}, {"type": "Feature", "geometry": {"type": "LineString", "coordinates": [[-77.032215, 38.905947], [-77.032372, 38.905802], [-77.032415, 38.905653]]}, "properties": {"STREETNAME": "THOMAS", "STREETTYPE": "CIR", "FHWAFUNCTIONALCLASS": 3}}, {"type": "Feature", "geometry": {"type": "LineString", "coordinates": [[-76.996175, 38.925589], [-76.994968, 38.92559]]}, "properties": {"STREETNAME": "FRANKLIN", "STREETTYPE": "ST", "FHWAFUNCTIONALCLASS": 4}}, {"type": "Feature", "geometry": {"type": "LineString", "coordinates": [[-76.983882, 38.916083], [-76.981553, 38.916886]]}, "properties": {"STREETNAME": "NEW YORK", "STREETTYPE": "AVE", "FHWAFUNCTIONALCLASS": 3}}, {"type": "Feature", "geometry": {"type": "LineString", "coordinates": [[-77.050725, 38.902743], [-77.051419, 38.902985]]}, "properties": {"STREETNAME": "PENNSYLVANIA", "STREETTYPE": "AVE", "FHWAFUNCTIONALCLASS": 3}}, {"type": "Feature", "geometry": {"type": "LineString", "coordinates": [[-76.987414, 38.901575], [-76.98682, 38.90132]]}, "properties": {"STREETNAME": "FLORIDA", "STREETTYPE": "AVE", "FHWAFUNCTIONALCLASS": 3}}, {"type": "Feature", "geometry": {"type": "LineString", "coordinates": [[-76.964463, 38.925756], [-76.9628, 38.927117]]}, "properties": {"STREETNAME": "BLADENSBURG", "STREETTYPE": "RD", "FHWAFUNCTIONALCLASS": 4}}, {"type": "Feature", "geometry": {"type": "LineString", "coordinates": [[-77.100596, 38.949184], [-77.09986, 38.949748]]}, "properties": {"STREETNAME": "WESTERN", "STREETTYPE": "AVE", "FHWAFUNCTIONALCLASS": 4}}, {"type": "Feature", "geometry": {"type": "LineString", "coordinates": [[-77.085588, 38.93767], [-77.085477, 38.937803], [-77.085444, 38.937974], [-77.085503, 38.938117], [-77.085636, 38.938234]]}, "properties": {"STREETNAME": "WARD", "STREETTYPE": "CIR", "FHWAFUNCTIONALCLASS": 3}}, {"type": "Feature", "geometry": {"type": "LineString", "coordinates": [[-77.046634, 38.912617], [-77.047555, 38.912616]]}, "properties": {"STREETNAME": "R", "STREETTYPE": "ST", "FHWAFUNCTIONALCLASS": 4}}, {"type": "Feature", "geometry": {"type": "LineString", "coordinates": [[-77.028085, 38.910187], [-77.028972, 38.909881]]}, "properties": {"STREETNAME": "RHODE ISLAND", "STREETTYPE": "AVE", "FHWAFUNCTIONALCLASS": 3}}, {"type": "Feature", "geometry": {"type": "LineString", "coordinates": [[-77.027896, 38.912615], [-77.029625, 38.912613]]}, "properties": {"STREETNAME": "R", "STREETTYPE": "ST", "FHWAFUNCTIONALCLASS": 4}}, {"type": "Feature", "geometry": {"type": "LineString", "coordinates": [[-77.028098, 38.895026], [-77.029635, 38.895454]]}, "properties": {"STREETNAME": "PENNSYLVANIA", "STREETTYPE": "AVE", "FHWAFUNCTIONALCLASS": 3}}, {"type": "Feature", "geometry": {"type": "LineString", "coordinates": [[-77.005907, 38.89202], [-77.00422, 38.892018]]}, "properties": {"STREETNAME": "CONSTITUTION", "STREETTYPE": "AVE", "FHWAFUNCTIONALCLASS": 4}}, {"type": "Feature", "geometry": {"type": "LineString", "coordinates": [[-76.996178, 38.932373], [-76.99498, 38.932372]]}, "properties": {"STREETNAME": "MONROE", "STREETTYPE": "ST", "FHWAFUNCTIONALCLASS": 4}}, {"type": "Feature", "geometry": {"type": "LineString", "coordinates": [[-77.050725, 38.902743], [-77.050782, 38.902542], [-77.050779, 38.902382], [-77.050672, 38.902211], [-77.050534, 38.902104]]}, "properties": {"STREETNAME": "WASHINGTON", "STREETTYPE": "CIR", "FHWAFUNCTIONALCLASS": 3}}, {"type": "Feature", "geometry": {"type": "LineString", "coordinates": [[-77.041669, 38.911136], [-77.042053, 38.911135]]}, "properties": {"STREETNAME": "Q", "STREETTYPE": "ST", "FHWAFUNCTIONALCLASS": 4}}, {"type": "Feature", "geometry": {"type": "LineString", "coordinates": [[-76.937831, 38.902752], [-76.937594, 38.902755]]}, "properties": {"STREETNAME": "SHERIFF", "STREETTYPE": "RD", "FHWAFUNCTIONALCLASS": 4}}, {"type": "Feature", "geometry": {"type": "LineString", "coordinates": [[-76.958157, 38.889795], [-76.957529, 38.890179], [-76.957195, 38.890447], [-76.956116, 38.891635], [-76.95388, 38.893909], [-76.953477, 38.894257], [-76.952212, 38.895229], [-76.950062, 38.897257], [-76.948173, 38.898752], [-76.946826, 38.899774], [-76.945509, 38.900848], [-76.942624, 38.903338], [-76.940681, 38.904901], [-76.940188, 38.90533], [-76.939954, 38.905553], [-76.938828, 38.906863], [-76.933894, 38.912415]]}, "properties": {"STREETNAME": "KENILWORTH", "STREETTYPE": "AVE", "FHWAFUNCTIONALCLASS": 2}}, {"type": "Feature", "geometry": {"type": "LineString", "coordinates": [[-77.084634, 38.961657], [-77.082599, 38.963242]]}, "properties": {"STREETNAME": "WESTERN", "STREETTYPE": "AVE", "FHWAFUNCTIONALCLASS": 4}}, {"type": "Feature", "geometry": {"type": "LineString", "coordinates": [[-77.00767, 38.958734], [-77.007011, 38.959642]]}, "properties": {"STREETNAME": "NEW HAMPSHIRE", "STREETTYPE": "AVE", "FHWAFUNCTIONALCLASS": 3}}, {"type": "Feature", "geometry": {"type": "LineString", "coordinates": [[-77.101275, 38.948595], [-77.101105, 38.948541], [-77.100898, 38.948539], [-77.100734, 38.948586], [-77.100615, 38.948659]]}, "properties": {"STREETNAME": "WESTMORELAND", "STREETTYPE": "CIR", "FHWAFUNCTIONALCLASS": 4}}, {"type": "Feature", "geometry": {"type": "LineString", "coordinates": [[-77.008929, 38.964766], [-77.008321, 38.965577]]}, "properties": {"STREETNAME": "KANSAS", "STREETTYPE": "AVE", "FHWAFUNCTIONALCLASS": 4}}, {"type": "Feature", "geometry": {"type": "LineString", "coordinates": [[-77.003517, 38.892018], [-77.002043, 38.89202]]}, "properties": {"STREETNAME": "CONSTITUTION", "STREETTYPE": "AVE", "FHWAFUNCTIONALCLASS": 4}}, {"type": "Feature", "geometry": {"type": "LineString", "coordinates": [[-77.019236, 38.936741], [-77.019205, 38.937004], [-77.019035, 38.937406]]}, "properties": {"STREETNAME": "PARK", "STREETTYPE": "PL", "FHWAFUNCTIONALCLASS": 4}}, {"type": "Feature", "geometry": {"type": "LineString", "coordinates": [[-76.929514, 38.90864], [-76.930445, 38.909369]]}, "properties": {"STREETNAME": "EASTERN", "STREETTYPE": "AVE", "FHWAFUNCTIONALCLASS": 4}}, {"type": "Feature", "geometry": {"type": "LineString", "coordinates": [[-76.982722, 38.932962], [-76.981178, 38.933041]]}, "properties": {"STREETNAME": "MONROE", "STREETTYPE": "ST", "FHWAFUNCTIONALCLASS": 4}}, {"type": "Feature", "geometry": {"type": "LineString", "coordinates": [[-77.072679, 38.912602], [-77.074119, 38.912592]]}, "properties": {"STREETNAME": "RESERVOIR", "STREETTYPE": "RD", "FHWAFUNCTIONALCLASS": 4}}, {"type": "Feature", "geometry": {"type": "LineString", "coordinates": [[-77.0747, 38.922556], [-77.075317, 38.923648]]}, "properties": {"STREETNAME": "TUNLAW", "STREETTYPE": "RD", "FHWAFUNCTIONALCLASS": 4}}, {"type": "Feature", "geometry": {"type": "LineString", "coordinates": [[-76.988117, 38.925589], [-76.985801, 38.925706]]}, "properties": {"STREETNAME": "FRANKLIN", "STREETTYPE": "ST", "FHWAFUNCTIONALCLASS": 4}}, {"type": "Feature", "geometry": {"type": "LineString", "coordinates": [[-77.000579, 38.894081], [-76.99951, 38.894088]]}, "properties": {"STREETNAME": "C", "STREETTYPE": "ST", "FHWAFUNCTIONALCLASS": 4}}, {"type": "Feature", "geometry": {"type": "LineString", "coordinates": [[-77.07235, 38.947097], [-77.07251, 38.947508], [-77.07258, 38.947907]]}, "properties": {"STREETNAME": "RENO", "STREETTYPE": "RD", "FHWAFUNCTIONALCLASS": 4}}, {"type": "Feature", "geometry": {"type": "LineString", "coordinates": [[-76.970257, 38.92004], [-76.968993, 38.921588]]}, "properties": {"STREETNAME": "BLADENSBURG", "STREETTYPE": "RD", "FHWAFUNCTIONALCLASS": 4}}, {"type": "Feature", "geometry": {"type": "LineString", "coordinates": [[-77.079676, 38.947917], [-77.080183, 38.94882]]}, "properties": {"STREETNAME": "WISCONSIN", "STREETTYPE": "AVE", "FHWAFUNCTIONALCLASS": 3}}, {"type": "Feature", "geometry": {"type": "LineString", "coordinates": [[-76.918899, 38.89837], [-76.917784, 38.898375]]}, "properties": {"STREETNAME": "NANNIE HELEN BURROUGHS", "STREETTYPE": "AVE", "FHWAFUNCTIONALCLASS": 4}}, {"type": "Feature", "geometry": {"type": "LineString", "coordinates": [[-77.004443, 38.967253], [-77.004626, 38.967394]]}, "properties": {"STREETNAME": "EASTERN", "STREETTYPE": "AVE", "FHWAFUNCTIONALCLASS": 4}}, {"type": "Feature", "geometry": {"type": "LineString", "coordinates": [[-77.033634, 38.902526], [-77.033639, 38.902729], [-77.033609, 38.902815], [-77.03308, 38.903746]]}, "properties": {"STREETNAME": "VERMONT", "STREETTYPE": "AVE", "FHWAFUNCTIONALCLASS": 4}}, {"type": "Feature", "geometry": {"type": "LineString", "coordinates": [[-76.918069, 38.89967], [-76.9182, 38.899772]]}, "properties": {"STREETNAME": "EASTERN", "STREETTYPE": "AVE", "FHWAFUNCTIONALCLASS": 4}}, {"type": "Feature", "geometry": {"type": "LineString", "coordinates": [[-76.999511, 38.902521], [-76.998446, 38.90252]]}, "properties": {"STREETNAME": "K", "STREETTYPE": "ST", "FHWAFUNCTIONALCLASS": 4}}, {"type": "Feature", "geometry": {"type": "LineString", "coordinates": [[-77.088666, 38.95471], [-77.08887, 38.954813], [-77.090506, 38.955957]]}, "properties": {"STREETNAME": "RIVER", "STREETTYPE": "RD", "FHWAFUNCTIONALCLASS": 4}}, {"type": "Feature", "geometry": {"type": "LineString", "coordinates": [[-76.990521, 38.92653], [-76.990607, 38.927611]]}, "properties": {"STREETNAME": "12TH", "STREETTYPE": "ST", "FHWAFUNCTIONALCLASS": 4}}, {"type": "Feature", "geometry": {"type": "LineString", "coordinates": [[-77.021016, 38.912641], [-77.02192, 38.912616]]}, "properties": {"STREETNAME": "R", "STREETTYPE": "ST", "FHWAFUNCTIONALCLASS": 4}}, {"type": "Feature", "geometry": {"type": "LineString", "coordinates": [[-77.026004, 38.894452], [-77.027056, 38.894744]]}, "properties": {"STREETNAME": "PENNSYLVANIA", "STREETTYPE": "AVE", "FHWAFUNCTIONALCLASS": 3}}, {"type": "Feature", "geometry": {"type": "LineString", "coordinates": [[-77.019232, 38.936593], [-77.019236, 38.936741]]}, "properties": {"STREETNAME": "PARK", "STREETTYPE": "PL", "FHWAFUNCTIONALCLASS": 4}}, {"type": "Feature", "geometry": {"type": "LineString", "coordinates": [[-76.990443, 38.925533], [-76.989986, 38.925496], [-76.988117, 38.925589]]}, "properties": {"STREETNAME": "FRANKLIN", "STREETTYPE": "ST", "FHWAFUNCTIONALCLASS": 4}}, {"type": "Feature", "geometry": {"type": "LineString", "coordinates": [[-76.959488, 38.932111], [-76.961398, 38.933604]]}, "properties": {"STREETNAME": "EASTERN", "STREETTYPE": "AVE", "FHWAFUNCTIONALCLASS": 4}}, {"type": "Feature", "geometry": {"type": "LineString", "coordinates": [[-77.071663, 38.920488], [-77.07291, 38.922551]]}, "properties": {"STREETNAME": "WISCONSIN", "STREETTYPE": "AVE", "FHWAFUNCTIONALCLASS": 3}}, {"type": "Feature", "geometry": {"type": "LineString", "coordinates": [[-76.957758, 38.930757], [-76.95756, 38.930856]]}, "properties": {"STREETNAME": "BLADENSBURG", "STREETTYPE": "RD", "FHWAFUNCTIONALCLASS": 4}}, {"type": "Feature", "geometry": {"type": "LineString", "coordinates": [[-77.005889, 38.902523], [-77.003571, 38.902523]]}, "properties": {"STREETNAME": "K", "STREETTYPE": "ST", "FHWAFUNCTIONALCLASS": 4}}, {"type": "Feature", "geometry": {"type": "LineString", "coordinates": [[-77.068638, 38.93734], [-77.070889, 38.93734]]}, "properties": {"STREETNAME": "PORTER", "STREETTYPE": "ST", "FHWAFUNCTIONALCLASS": 4}}, {"type": "Feature", "geometry": {"type": "LineString", "coordinates": [[-76.982215, 38.893075], [-76.981694, 38.893265], [-76.981282, 38.893308]]}, "properties": {"STREETNAME": "NORTH CAROLINA", "STREETTYPE": "AVE", "FHWAFUNCTIONALCLASS": 4}}, {"type": "Feature", "geometry": {"type": "LineString", "coordinates": [[-76.998457, 38.894054], [-76.998199, 38.894117], [-76.99666, 38.894747]]}, "properties": {"STREETNAME": "MARYLAND", "STREETTYPE": "AVE", "FHWAFUNCTIONALCLASS": 4}}, {"type": "Feature", "geometry": {"type": "LineString", "coordinates": [[-77.038486, 38.912618], [-77.040662, 38.912616]]}, "properties": {"STREETNAME": "R", "STREETTYPE": "ST", "FHWAFUNCTIONALCLASS": 4}}, {"type": "Feature", "geometry": {"type": "LineString", "coordinates": [[-76.992205, 38.912185], [-76.990901, 38.912397], [-76.990415, 38.912415], [-76.989901, 38.912348], [-76.989618, 38.912259], [-76.989301, 38.912103], [-76.988315, 38.911368], [-76.988083, 38.911255], [-76.98756, 38.911075]]}, "properties": {"STREETNAME": "MOUNT OLIVET", "STREETTYPE": "RD", "FHWAFUNCTIONALCLASS": 4}}, {"type": "Feature", "geometry": {"type": "LineString", "coordinates": [[-77.018806, 38.932698], [-77.019015, 38.933542]]}, "properties": {"STREETNAME": "PARK", "STREETTYPE": "PL", "FHWAFUNCTIONALCLASS": 4}}, {"type": "Feature", "geometry": {"type": "LineString", "coordinates": [[-77.088713, 38.958478], [-77.087586, 38.959369]]}, "properties": {"STREETNAME": "WESTERN", "STREETTYPE": "AVE", "FHWAFUNCTIONALCLASS": 4}}, {"type": "Feature", "geometry": {"type": "LineString", "coordinates": [[-77.050217, 38.903066], [-77.050541, 38.90296], [-77.050603, 38.902918], [-77.050725, 38.902743]]}, "properties": {"STREETNAME": "WASHINGTON", "STREETTYPE": "CIR", "FHWAFUNCTIONALCLASS": 3}}, {"type": "Feature", "geometry": {"type": "LineString", "coordinates": [[-77.000574, 38.902521], [-76.999511, 38.902521]]}, "properties": {"STREETNAME": "K", "STREETTYPE": "ST", "FHWAFUNCTIONALCLASS": 4}}, {"type": "Feature", "geometry": {"type": "LineString", "coordinates": [[-77.026146, 38.968474], [-77.026064, 38.96864]]}, "properties": {"STREETNAME": "PINEY BRANCH", "STREETTYPE": "RD", "FHWAFUNCTIONALCLASS": 4}}, {"type": "Feature", "geometry": {"type": "LineString", "coordinates": [[-76.977788, 38.917241], [-76.972442, 38.917336]]}, "properties": {"STREETNAME": "NEW YORK", "STREETTYPE": "AVE", "FHWAFUNCTIONALCLASS": 3}}, {"type": "Feature", "geometry": {"type": "LineString", "coordinates": [[-76.99008, 38.897427], [-76.988308, 38.898143]]}, "properties": {"STREETNAME": "MARYLAND", "STREETTYPE": "AVE", "FHWAFUNCTIONALCLASS": 4}}, {"type": "Feature", "geometry": {"type": "LineString", "coordinates": [[-77.078627, 38.946041], [-77.07889, 38.946512]]}, "properties": {"STREETNAME": "WISCONSIN", "STREETTYPE": "AVE", "FHWAFUNCTIONALCLASS": 3}}, {"type": "Feature", "geometry": {"type": "LineString", "coordinates": [[-77.03687, 38.907361], [-77.036927, 38.907247], [-77.036878, 38.907144]]}, "properties": {"STREETNAME": "SCOTT", "STREETTYPE": "CIR", "FHWAFUNCTIONALCLASS": 3}}, {"type": "Feature", "geometry": {"type": "LineString", "coordinates": [[-76.976226, 38.933121], [-76.974181, 38.933123]]}, "properties": {"STREETNAME": "MONROE", "STREETTYPE": "ST", "FHWAFUNCTIONALCLASS": 4}}, {"type": "Feature", "geometry": {"type": "LineString", "coordinates": [[-77.030772, 38.895512], [-77.031957, 38.895506]]}, "properties": {"STREETNAME": "PENNSYLVANIA", "STREETTYPE": "AVE", "FHWAFUNCTIONALCLASS": 3}}, {"type": "Feature", "geometry": {"type": "LineString", "coordinates": [[-76.990241, 38.945268], [-76.990241, 38.946279]]}, "properties": {"STREETNAME": "12TH", "STREETTYPE": "ST", "FHWAFUNCTIONALCLASS": 4}}, {"type": "Feature", "geometry": {"type": "LineString", "coordinates": [[-77.029624, 38.917007], [-77.031953, 38.917006]]}, "properties": {"STREETNAME": "U", "STREETTYPE": "ST", "FHWAFUNCTIONALCLASS": 3}}, {"type": "Feature", "geometry": {"type": "LineString", "coordinates": [[-77.018511, 38.931509], [-77.018648, 38.932063]]}, "properties": {"STREETNAME": "PARK", "STREETTYPE": "PL", "FHWAFUNCTIONALCLASS": 4}}, {"type": "Feature", "geometry": {"type": "LineString", "coordinates": [[-76.988398, 38.953246], [-76.988124, 38.953524], [-76.988041, 38.953649], [-76.987836, 38.954273]]}, "properties": {"STREETNAME": "SARGENT", "STREETTYPE": "RD", "FHWAFUNCTIONALCLASS": 4}}, {"type": "Feature", "geometry": {"type": "LineString", "coordinates": [[-77.061952, 38.910484], [-77.063828, 38.910463]]}, "properties": {"STREETNAME": "Q", "STREETTYPE": "ST", "FHWAFUNCTIONALCLASS": 4}}, {"type": "Feature", "geometry": {"type": "LineString", "coordinates": [[-76.985511, 38.893583], [-76.984574, 38.893582]]}, "properties": {"STREETNAME": "C", "STREETTYPE": "ST", "FHWAFUNCTIONALCLASS": 4}}, {"type": "Feature", "geometry": {"type": "LineString", "coordinates": [[-76.981483, 38.899816], [-76.979298, 38.899418]]}, "properties": {"STREETNAME": "BENNING", "STREETTYPE": "RD", "FHWAFUNCTIONALCLASS": 3}}, {"type": "Feature", "geometry": {"type": "LineString", "coordinates": [[-77.071437, 38.920142], [-77.071663, 38.920488]]}, "properties": {"STREETNAME": "WISCONSIN", "STREETTYPE": "AVE", "FHWAFUNCTIONALCLASS": 3}}, {"type": "Feature", "geometry": {"type": "LineString", "coordinates": [[-76.980864, 38.903994], [-76.980587, 38.904412]]}, "properties": {"STREETNAME": "BLADENSBURG", "STREETTYPE": "RD", "FHWAFUNCTIONALCLASS": 4}}, {"type": "Feature", "geometry": {"type": "LineString", "coordinates": [[-77.018648, 38.932063], [-77.018806, 38.932698]]}, "properties": {"STREETNAME": "PARK", "STREETTYPE": "PL", "FHWAFUNCTIONALCLASS": 4}}, {"type": "Feature", "geometry": {"type": "LineString", "coordinates": [[-77.073191, 38.92619], [-77.073192, 38.927537]]}, "properties": {"STREETNAME": "WISCONSIN", "STREETTYPE": "AVE", "FHWAFUNCTIONALCLASS": 3}}, {"type": "Feature", "geometry": {"type": "LineString", "coordinates": [[-76.972159, 38.931009], [-76.971553, 38.931294]]}, "properties": {"STREETNAME": "RHODE ISLAND", "STREETTYPE": "AVE", "FHWAFUNCTIONALCLASS": 3}}, {"type": "Feature", "geometry": {"type": "LineString", "coordinates": [[-76.988683, 38.932664], [-76.986368, 38.932787]]}, "properties": {"STREETNAME": "MONROE", "STREETTYPE": "ST", "FHWAFUNCTIONALCLASS": 4}}, {"type": "Feature", "geometry": {"type": "LineString", "coordinates": [[-77.050663, 38.911845], [-77.050444, 38.911895], [-77.050295, 38.912031]]}, "properties": {"STREETNAME": "SHERIDAN", "STREETTYPE": "CIR", "FHWAFUNCTIONALCLASS": 3}}, {"type": "Feature", "geometry": {"type": "LineString", "coordinates": [[-77.002134, 38.936163], [-77.002369, 38.937399]]}, "properties": {"STREETNAME": "HAREWOOD", "STREETTYPE": "RD", "FHWAFUNCTIONALCLASS": 4}}, {"type": "Feature", "geometry": {"type": "LineString", "coordinates": [[-76.997101, 38.905704], [-76.996485, 38.905441]]}, "properties": {"STREETNAME": "FLORIDA", "STREETTYPE": "AVE", "FHWAFUNCTIONALCLASS": 3}}, {"type": "Feature", "geometry": {"type": "LineString", "coordinates": [[-77.026608, 38.910707], [-77.027042, 38.910556]]}, "properties": {"STREETNAME": "RHODE ISLAND", "STREETTYPE": "AVE", "FHWAFUNCTIONALCLASS": 3}}, {"type": "Feature", "geometry": {"type": "LineString", "coordinates": [[-77.009044, 38.916819], [-77.012158, 38.915733]]}, "properties": {"STREETNAME": "RHODE ISLAND", "STREETTYPE": "AVE", "FHWAFUNCTIONALCLASS": 3}}, {"type": "Feature", "geometry": {"type": "LineString", "coordinates": [[-77.022768, 38.973617], [-77.022352, 38.974021], [-77.022095, 38.974362]]}, "properties": {"STREETNAME": "PINEY BRANCH", "STREETTYPE": "RD", "FHWAFUNCTIONALCLASS": 4}}, {"type": "Feature", "geometry": {"type": "LineString", "coordinates": [[-76.990406, 38.897294], [-76.990253, 38.897358]]}, "properties": {"STREETNAME": "MARYLAND", "STREETTYPE": "AVE", "FHWAFUNCTIONALCLASS": 4}}, {"type": "Feature", "geometry": {"type": "LineString", "coordinates": [[-77.03652, 38.911131], [-77.038489, 38.911133]]}, "properties": {"STREETNAME": "Q", "STREETTYPE": "ST", "FHWAFUNCTIONALCLASS": 4}}, {"type": "Feature", "geometry": {"type": "LineString", "coordinates": [[-76.996485, 38.905441], [-76.996166, 38.905307]]}, "properties": {"STREETNAME": "FLORIDA", "STREETTYPE": "AVE", "FHWAFUNCTIONALCLASS": 3}}, {"type": "Feature", "geometry": {"type": "LineString", "coordinates": [[-77.005888, 38.908457], [-77.004595, 38.908905]]}, "properties": {"STREETNAME": "NEW YORK", "STREETTYPE": "AVE", "FHWAFUNCTIONALCLASS": 3}}, {"type": "Feature", "geometry": {"type": "LineString", "coordinates": [[-77.027037, 38.912615], [-77.027896, 38.912615]]}, "properties": {"STREETNAME": "R", "STREETTYPE": "ST", "FHWAFUNCTIONALCLASS": 4}}, {"type": "Feature", "geometry": {"type": "LineString", "coordinates": [[-76.970102, 38.929892], [-76.971553, 38.931294]]}, "properties": {"STREETNAME": "SOUTH DAKOTA", "STREETTYPE": "AVE", "FHWAFUNCTIONALCLASS": 3}}, {"type": "Feature", "geometry": {"type": "LineString", "coordinates": [[-77.082039, 38.949996], [-77.083528, 38.951045]]}, "properties": {"STREETNAME": "RIVER", "STREETTYPE": "RD", "FHWAFUNCTIONALCLASS": 4}}, {"type": "Feature", "geometry": {"type": "LineString", "coordinates": [[-77.048789, 38.912614], [-77.051279, 38.912617]]}, "properties": {"STREETNAME": "R", "STREETTYPE": "ST", "FHWAFUNCTIONALCLASS": 4}}, {"type": "Feature", "geometry": {"type": "LineString", "coordinates": [[-76.966826, 38.93785], [-76.968171, 38.93891]]}, "properties": {"STREETNAME": "EASTERN", "STREETTYPE": "AVE", "FHWAFUNCTIONALCLASS": 4}}, {"type": "Feature", "geometry": {"type": "LineString", "coordinates": [[-76.976235, 38.912635], [-76.975659, 38.913416]]}, "properties": {"STREETNAME": "BLADENSBURG", "STREETTYPE": "RD", "FHWAFUNCTIONALCLASS": 4}}, {"type": "Feature", "geometry": {"type": "LineString", "coordinates": [[-77.047727, 38.911137], [-77.048748, 38.911138]]}, "properties": {"STREETNAME": "Q", "STREETTYPE": "ST", "FHWAFUNCTIONALCLASS": 4}}, {"type": "Feature", "geometry": {"type": "LineString", "coordinates": [[-77.017951, 38.929088], [-77.018054, 38.929618]]}, "properties": {"STREETNAME": "PARK", "STREETTYPE": "PL", "FHWAFUNCTIONALCLASS": 4}}, {"type": "Feature", "geometry": {"type": "LineString", "coordinates": [[-77.002473, 38.965699], [-77.003319, 38.966377]]}, "properties": {"STREETNAME": "EASTERN", "STREETTYPE": "AVE", "FHWAFUNCTIONALCLASS": 4}}, {"type": "Feature", "geometry": {"type": "LineString", "coordinates": [[-77.019212, 38.935875], [-77.019232, 38.936593]]}, "properties": {"STREETNAME": "PARK", "STREETTYPE": "PL", "FHWAFUNCTIONALCLASS": 4}}, {"type": "Feature", "geometry": {"type": "LineString", "coordinates": [[-77.018279, 38.930564], [-77.018511, 38.931509]]}, "properties": {"STREETNAME": "PARK", "STREETTYPE": "PL", "FHWAFUNCTIONALCLASS": 4}}, {"type": "Feature", "geometry": {"type": "LineString", "coordinates": [[-76.939177, 38.902792], [-76.938356, 38.902744]]}, "properties": {"STREETNAME": "SHERIFF", "STREETTYPE": "RD", "FHWAFUNCTIONALCLASS": 4}}, {"type": "Feature", "geometry": {"type": "LineString", "coordinates": [[-76.969125, 38.932462], [-76.968015, 38.933001]]}, "properties": {"STREETNAME": "RHODE ISLAND", "STREETTYPE": "AVE", "FHWAFUNCTIONALCLASS": 3}}, {"type": "Feature", "geometry": {"type": "LineString", "coordinates": [[-77.066457, 38.938594], [-77.066604, 38.938873], [-77.066801, 38.93909]]}, "properties": {"STREETNAME": "RENO", "STREETTYPE": "RD", "FHWAFUNCTIONALCLASS": 4}}, {"type": "Feature", "geometry": {"type": "LineString", "coordinates": [[-76.985648, 38.942568], [-76.983677, 38.94256]]}, "properties": {"STREETNAME": "MICHIGAN", "STREETTYPE": "AVE", "FHWAFUNCTIONALCLASS": 4}}, {"type": "Feature", "geometry": {"type": "LineString", "coordinates": [[-76.996391, 38.933083], [-76.995363, 38.9335]]}, "properties": {"STREETNAME": "MICHIGAN", "STREETTYPE": "AVE", "FHWAFUNCTIONALCLASS": 4}}, {"type": "Feature", "geometry": {"type": "LineString", "coordinates": [[-76.965164, 38.925176], [-76.964756, 38.925533]]}, "properties": {"STREETNAME": "BLADENSBURG", "STREETTYPE": "RD", "FHWAFUNCTIONALCLASS": 4}}, {"type": "Feature", "geometry": {"type": "LineString", "coordinates": [[-76.991739, 38.94874], [-76.993272, 38.949918]]}, "properties": {"STREETNAME": "SOUTH DAKOTA", "STREETTYPE": "AVE", "FHWAFUNCTIONALCLASS": 3}}, {"type": "Feature", "geometry": {"type": "LineString", "coordinates": [[-76.983648, 38.892493], [-76.982215, 38.893075]]}, "properties": {"STREETNAME": "NORTH CAROLINA", "STREETTYPE": "AVE", "FHWAFUNCTIONALCLASS": 4}}, {"type": "Feature", "geometry": {"type": "LineString", "coordinates": [[-76.964756, 38.925533], [-76.964463, 38.925756]]}, "properties": {"STREETNAME": "BLADENSBURG", "STREETTYPE": "RD", "FHWAFUNCTIONALCLASS": 4}}, {"type": "Feature", "geometry": {"type": "LineString", "coordinates": [[-77.026524, 38.930791], [-77.02668, 38.931769]]}, "properties": {"STREETNAME": "SHERMAN", "STREETTYPE": "AVE", "FHWAFUNCTIONALCLASS": 4}}, {"type": "Feature", "geometry": {"type": "LineString", "coordinates": [[-77.08382, 38.957032], [-77.08433, 38.958035]]}, "properties": {"STREETNAME": "WISCONSIN", "STREETTYPE": "AVE", "FHWAFUNCTIONALCLASS": 3}}, {"type": "Feature", "geometry": {"type": "LineString", "coordinates": [[-76.991535, 38.892017], [-76.990249, 38.89202]]}, "properties": {"STREETNAME": "CONSTITUTION", "STREETTYPE": "AVE", "FHWAFUNCTIONALCLASS": 4}}, {"type": "Feature", "geometry": {"type": "LineString", "coordinates": [[-76.998274, 38.961294], [-76.997232, 38.961624]]}, "properties": {"STREETNAME": "RIGGS", "STREETTYPE": "RD", "FHWAFUNCTIONALCLASS": 4}}, {"type": "Feature", "geometry": {"type": "LineString", "coordinates": [[-77.07852, 38.946586], [-77.078713, 38.946594], [-77.07889, 38.946512]]}, "properties": {"STREETNAME": "TENLEY", "STREETTYPE": "CIR", "FHWAFUNCTIONALCLASS": 3}}, {"type": "Feature", "geometry": {"type": "LineString", "coordinates": [[-76.988309, 38.940731], [-76.988002, 38.940729]]}, "properties": {"STREETNAME": "TAYLOR", "STREETTYPE": "ST", "FHWAFUNCTIONALCLASS": 4}}, {"type": "Feature", "geometry": {"type": "LineString", "coordinates": [[-76.973838, 38.89059], [-76.973855, 38.891112], [-76.973911, 38.891531], [-76.974032, 38.892048], [-76.974164, 38.892394], [-76.974267, 38.892566], [-76.974438, 38.892762], [-76.974714, 38.892971], [-76.975094, 38.893146], [-76.975154, 38.893303]]}, "properties": {"STREETNAME": "22ND", "STREETTYPE": "ST", "FHWAFUNCTIONALCLASS": 4}}, {"type": "Feature", "geometry": {"type": "LineString", "coordinates": [[-77.003388, 38.908385], [-77.00202, 38.907804]]}, "properties": {"STREETNAME": "FLORIDA", "STREETTYPE": "AVE", "FHWAFUNCTIONALCLASS": 3}}, {"type": "Feature", "geometry": {"type": "LineString", "coordinates": [[-76.980205, 38.905012], [-76.979978, 38.90537]]}, "properties": {"STREETNAME": "BLADENSBURG", "STREETTYPE": "RD", "FHWAFUNCTIONALCLASS": 4}}, {"type": "Feature", "geometry": {"type": "LineString", "coordinates": [[-77.018931, 38.913369], [-77.019903, 38.913044]]}, "properties": {"STREETNAME": "RHODE ISLAND", "STREETTYPE": "AVE", "FHWAFUNCTIONALCLASS": 3}}, {"type": "Feature", "geometry": {"type": "LineString", "coordinates": [[-76.910824, 38.894016], [-76.910718, 38.89417]]}, "properties": {"STREETNAME": "63RD", "STREETTYPE": "ST", "FHWAFUNCTIONALCLASS": 3}}, {"type": "Feature", "geometry": {"type": "LineString", "coordinates": [[-76.987836, 38.954273], [-76.987812, 38.954499]]}, "properties": {"STREETNAME": "SARGENT", "STREETTYPE": "RD", "FHWAFUNCTIONALCLASS": 4}}, {"type": "Feature", "geometry": {"type": "LineString", "coordinates": [[-77.063828, 38.910463], [-77.064288, 38.91044]]}, "properties": {"STREETNAME": "Q", "STREETTYPE": "ST", "FHWAFUNCTIONALCLASS": 4}}, {"type": "Feature", "geometry": {"type": "LineString", "coordinates": [[-77.068534, 38.9167], [-77.068754, 38.916974]]}, "properties": {"STREETNAME": "WISCONSIN", "STREETTYPE": "AVE", "FHWAFUNCTIONALCLASS": 3}}, {"type": "Feature", "geometry": {"type": "LineString", "coordinates": [[-77.032128, 38.905312], [-77.031951, 38.9053]]}, "properties": {"STREETNAME": "THOMAS", "STREETTYPE": "CIR", "FHWAFUNCTIONALCLASS": 3}}, {"type": "Feature", "geometry": {"type": "LineString", "coordinates": [[-76.989939, 38.923212], [-76.988014, 38.923824]]}, "properties": {"STREETNAME": "RHODE ISLAND", "STREETTYPE": "AVE", "FHWAFUNCTIONALCLASS": 3}}, {"type": "Feature", "geometry": {"type": "LineString", "coordinates": [[-76.94036, 38.902884], [-76.939177, 38.902792]]}, "properties": {"STREETNAME": "SHERIFF", "STREETTYPE": "RD", "FHWAFUNCTIONALCLASS": 4}}, {"type": "Feature", "geometry": {"type": "LineString", "coordinates": [[-76.969395, 38.929214], [-76.970102, 38.929892]]}, "properties": {"STREETNAME": "SOUTH DAKOTA", "STREETTYPE": "AVE", "FHWAFUNCTIONALCLASS": 3}}, {"type": "Feature", "geometry": {"type": "LineString", "coordinates": [[-76.98926, 38.952417], [-76.988398, 38.953246]]}, "properties": {"STREETNAME": "SARGENT", "STREETTYPE": "RD", "FHWAFUNCTIONALCLASS": 4}}, {"type": "Feature", "geometry": {"type": "LineString", "coordinates": [[-77.003512, 38.895215], [-77.002463, 38.894787]]}, "properties": {"STREETNAME": "MASSACHUSETTS", "STREETTYPE": "AVE", "FHWAFUNCTIONALCLASS": 4}}, {"type": "Feature", "geometry": {"type": "LineString", "coordinates": [[-77.026064, 38.96864], [-77.025408, 38.969932]]}, "properties": {"STREETNAME": "PINEY BRANCH", "STREETTYPE": "RD", "FHWAFUNCTIONALCLASS": 4}}, {"type": "Feature", "geometry": {"type": "LineString", "coordinates": [[-77.001788, 38.957788], [-77.001485, 38.958327], [-77.001133, 38.958784]]}, "properties": {"STREETNAME": "RIGGS", "STREETTYPE": "RD", "FHWAFUNCTIONALCLASS": 4}}, {"type": "Feature", "geometry": {"type": "LineString", "coordinates": [[-77.003319, 38.966377], [-77.003555, 38.966561]]}, "properties": {"STREETNAME": "EASTERN", "STREETTYPE": "AVE", "FHWAFUNCTIONALCLASS": 4}}, {"type": "Feature", "geometry": {"type": "LineString", "coordinates": [[-77.038489, 38.911133], [-77.041669, 38.911136]]}, "properties": {"STREETNAME": "Q", "STREETTYPE": "ST", "FHWAFUNCTIONALCLASS": 4}}, {"type": "Feature", "geometry": {"type": "LineString", "coordinates": [[-77.01639, 38.89179], [-77.017567, 38.892117]]}, "properties": {"STREETNAME": "PENNSYLVANIA", "STREETTYPE": "AVE", "FHWAFUNCTIONALCLASS": 3}}, {"type": "Feature", "geometry": {"type": "LineString", "coordinates": [[-76.944295, 38.900587], [-76.942611, 38.901935]]}, "properties": {"STREETNAME": "MINNESOTA", "STREETTYPE": "AVE", "FHWAFUNCTIONALCLASS": 4}}, {"type": "Feature", "geometry": {"type": "LineString", "coordinates": [[-77.006261, 38.955408], [-77.004689, 38.955768]]}, "properties": {"STREETNAME": "RIGGS", "STREETTYPE": "RD", "FHWAFUNCTIONALCLASS": 3}}, {"type": "Feature", "geometry": {"type": "LineString", "coordinates": [[-77.064169, 38.940581], [-77.065101, 38.940483], [-77.066104, 38.940515], [-77.066734, 38.940592], [-77.067363, 38.940716], [-77.067854, 38.940884]]}, "properties": {"STREETNAME": "TILDEN", "STREETTYPE": "ST", "FHWAFUNCTIONALCLASS": 4}}, {"type": "Feature", "geometry": {"type": "LineString", "coordinates": [[-77.021177, 38.947358], [-77.021266, 38.947605], [-77.021366, 38.947712], [-77.021526, 38.947813]]}, "properties": {"STREETNAME": "SHERMAN", "STREETTYPE": "CIR", "FHWAFUNCTIONALCLASS": 4}}, {"type": "Feature", "geometry": {"type": "LineString", "coordinates": [[-77.063039, 38.906833], [-77.06345, 38.907616]]}, "properties": {"STREETNAME": "WISCONSIN", "STREETTYPE": "AVE", "FHWAFUNCTIONALCLASS": 3}}, {"type": "Feature", "geometry": {"type": "LineString", "coordinates": [[-77.031964, 38.896112], [-77.033065, 38.896391], [-77.033652, 38.89641]]}, "properties": {"STREETNAME": "PENNSYLVANIA", "STREETTYPE": "AVE", "FHWAFUNCTIONALCLASS": 4}}, {"type": "Feature", "geometry": {"type": "LineString", "coordinates": [[-76.97853, 38.917225], [-76.977788, 38.917241]]}, "properties": {"STREETNAME": "NEW YORK", "STREETTYPE": "AVE", "FHWAFUNCTIONALCLASS": 3}}, {"type": "Feature", "geometry": {"type": "LineString", "coordinates": [[-77.046684, 38.895324], [-77.047389, 38.895692]]}, "properties": {"STREETNAME": "VIRGINIA", "STREETTYPE": "AVE", "FHWAFUNCTIONALCLASS": 4}}, {"type": "Feature", "geometry": {"type": "LineString", "coordinates": [[-76.984155, 38.900219], [-76.983671, 38.900186], [-76.983445, 38.900139]]}, "properties": {"STREETNAME": "H", "STREETTYPE": "ST", "FHWAFUNCTIONALCLASS": 3}}, {"type": "Feature", "geometry": {"type": "LineString", "coordinates": [[-77.052113, 38.898225], [-77.053107, 38.898762]]}, "properties": {"STREETNAME": "VIRGINIA", "STREETTYPE": "AVE", "FHWAFUNCTIONALCLASS": 4}}, {"type": "Feature", "geometry": {"type": "LineString", "coordinates": [[-76.914932, 38.897212], [-76.91565, 38.897774]]}, "properties": {"STREETNAME": "EASTERN", "STREETTYPE": "AVE", "FHWAFUNCTIONALCLASS": 4}}, {"type": "Feature", "geometry": {"type": "LineString", "coordinates": [[-77.047389, 38.895692], [-77.048026, 38.896024]]}, "properties": {"STREETNAME": "VIRGINIA", "STREETTYPE": "AVE", "FHWAFUNCTIONALCLASS": 4}}, {"type": "Feature", "geometry": {"type": "LineString", "coordinates": [[-76.910929, 38.892896], [-76.910923, 38.89368], [-76.910824, 38.894016]]}, "properties": {"STREETNAME": "63RD", "STREETTYPE": "ST", "FHWAFUNCTIONALCLASS": 3}}, {"type": "Feature", "geometry": {"type": "LineString", "coordinates": [[-77.057705, 38.940973], [-77.058633, 38.940975]]}, "properties": {"STREETNAME": "TILDEN", "STREETTYPE": "ST", "FHWAFUNCTIONALCLASS": 4}}, {"type": "Feature", "geometry": {"type": "LineString", "coordinates": [[-76.985583, 38.944257], [-76.98563, 38.94433], [-76.986983, 38.945304]]}, "properties": {"STREETNAME": "SOUTH DAKOTA", "STREETTYPE": "AVE", "FHWAFUNCTIONALCLASS": 3}}, {"type": "Feature", "geometry": {"type": "LineString", "coordinates": [[-77.064284, 38.909189], [-77.064623, 38.909832]]}, "properties": {"STREETNAME": "WISCONSIN", "STREETTYPE": "AVE", "FHWAFUNCTIONALCLASS": 3}}, {"type": "Feature", "geometry": {"type": "LineString", "coordinates": [[-77.0964, 38.952452], [-77.095475, 38.953174]]}, "properties": {"STREETNAME": "WESTERN", "STREETTYPE": "AVE", "FHWAFUNCTIONALCLASS": 4}}, {"type": "Feature", "geometry": {"type": "LineString", "coordinates": [[-77.001426, 38.956183], [-77.00232, 38.956869]]}, "properties": {"STREETNAME": "SOUTH DAKOTA", "STREETTYPE": "AVE", "FHWAFUNCTIONALCLASS": 3}}, {"type": "Feature", "geometry": {"type": "LineString", "coordinates": [[-77.058766, 38.936805], [-77.059245, 38.936832]]}, "properties": {"STREETNAME": "PORTER", "STREETTYPE": "ST", "FHWAFUNCTIONALCLASS": 4}}, {"type": "Feature", "geometry": {"type": "LineString", "coordinates": [[-76.988014, 38.923824], [-76.986441, 38.924288]]}, "properties": {"STREETNAME": "RHODE ISLAND", "STREETTYPE": "AVE", "FHWAFUNCTIONALCLASS": 3}}, {"type": "Feature", "geometry": {"type": "LineString", "coordinates": [[-76.949163, 38.895141], [-76.948729, 38.895657], [-76.947342, 38.896962], [-76.946974, 38.897524], [-76.946704, 38.898072], [-76.946585, 38.898388]]}, "properties": {"STREETNAME": "MINNESOTA", "STREETTYPE": "AVE", "FHWAFUNCTIONALCLASS": 4}}, {"type": "Feature", "geometry": {"type": "LineString", "coordinates": [[-77.06107, 38.937163], [-77.061887, 38.93732], [-77.063082, 38.937388], [-77.063603, 38.937342], [-77.064361, 38.937134], [-77.064677, 38.937103], [-77.065779, 38.937315], [-77.066389, 38.937343]]}, "properties": {"STREETNAME": "PORTER", "STREETTYPE": "ST", "FHWAFUNCTIONALCLASS": 4}}, {"type": "Feature", "geometry": {"type": "LineString", "coordinates": [[-77.007693, 38.966426], [-77.007007, 38.967346]]}, "properties": {"STREETNAME": "KANSAS", "STREETTYPE": "AVE", "FHWAFUNCTIONALCLASS": 4}}, {"type": "Feature", "geometry": {"type": "LineString", "coordinates": [[-76.994907, 38.94073], [-76.993614, 38.94073]]}, "properties": {"STREETNAME": "TAYLOR", "STREETTYPE": "ST", "FHWAFUNCTIONALCLASS": 4}}, {"type": "Feature", "geometry": {"type": "LineString", "coordinates": [[-76.927465, 38.898358], [-76.925674, 38.898356]]}, "properties": {"STREETNAME": "NANNIE HELEN BURROUGHS", "STREETTYPE": "AVE", "FHWAFUNCTIONALCLASS": 4}}, {"type": "Feature", "geometry": {"type": "LineString", "coordinates": [[-76.993753, 38.895931], [-76.992648, 38.896385]]}, "properties": {"STREETNAME": "MARYLAND", "STREETTYPE": "AVE", "FHWAFUNCTIONALCLASS": 4}}, {"type": "Feature", "geometry": {"type": "LineString", "coordinates": [[-77.019195, 38.935222], [-77.019212, 38.935875]]}, "properties": {"STREETNAME": "PARK", "STREETTYPE": "PL", "FHWAFUNCTIONALCLASS": 4}}, {"type": "Feature", "geometry": {"type": "LineString", "coordinates": [[-77.069825, 38.944039], [-77.070312, 38.944785]]}, "properties": {"STREETNAME": "RENO", "STREETTYPE": "RD", "FHWAFUNCTIONALCLASS": 4}}, {"type": "Feature", "geometry": {"type": "LineString", "coordinates": [[-77.009048, 38.954823], [-77.008842, 38.954833], [-77.007284, 38.955178]]}, "properties": {"STREETNAME": "RIGGS", "STREETTYPE": "RD", "FHWAFUNCTIONALCLASS": 3}}, {"type": "Feature", "geometry": {"type": "LineString", "coordinates": [[-77.025658, 38.924897], [-77.025805, 38.925876]]}, "properties": {"STREETNAME": "SHERMAN", "STREETTYPE": "AVE", "FHWAFUNCTIONALCLASS": 4}}, {"type": "Feature", "geometry": {"type": "LineString", "coordinates": [[-77.05149, 38.897888], [-77.052113, 38.898225]]}, "properties": {"STREETNAME": "VIRGINIA", "STREETTYPE": "AVE", "FHWAFUNCTIONALCLASS": 4}}, {"type": "Feature", "geometry": {"type": "LineString", "coordinates": [[-77.048748, 38.911138], [-77.04887, 38.911135]]}, "properties": {"STREETNAME": "Q", "STREETTYPE": "ST", "FHWAFUNCTIONALCLASS": 4}}, {"type": "Feature", "geometry": {"type": "LineString", "coordinates": [[-76.985743, 38.940728], [-76.981407, 38.940729]]}, "properties": {"STREETNAME": "TAYLOR", "STREETTYPE": "ST", "FHWAFUNCTIONALCLASS": 4}}, {"type": "Feature", "geometry": {"type": "LineString", "coordinates": [[-77.08505, 38.912434], [-77.085351, 38.912541], [-77.085965, 38.912868]]}, "properties": {"STREETNAME": "RESERVOIR", "STREETTYPE": "RD", "FHWAFUNCTIONALCLASS": 4}}, {"type": "Feature", "geometry": {"type": "LineString", "coordinates": [[-77.007011, 38.959642], [-77.005649, 38.961453]]}, "properties": {"STREETNAME": "NEW HAMPSHIRE", "STREETTYPE": "AVE", "FHWAFUNCTIONALCLASS": 3}}, {"type": "Feature", "geometry": {"type": "LineString", "coordinates": [[-77.000581, 38.893591], [-77.000579, 38.894081]]}, "properties": {"STREETNAME": "4TH", "STREETTYPE": "ST", "FHWAFUNCTIONALCLASS": 4}}, {"type": "Feature", "geometry": {"type": "LineString", "coordinates": [[-76.966247, 38.926194], [-76.966425, 38.926364]]}, "properties": {"STREETNAME": "SOUTH DAKOTA", "STREETTYPE": "AVE", "FHWAFUNCTIONALCLASS": 3}}, {"type": "Feature", "geometry": {"type": "LineString", "coordinates": [[-76.971553, 38.931294], [-76.971282, 38.931427]]}, "properties": {"STREETNAME": "RHODE ISLAND", "STREETTYPE": "AVE", "FHWAFUNCTIONALCLASS": 3}}, {"type": "Feature", "geometry": {"type": "LineString", "coordinates": [[-76.9949, 38.904766], [-76.99376, 38.904282]]}, "properties": {"STREETNAME": "FLORIDA", "STREETTYPE": "AVE", "FHWAFUNCTIONALCLASS": 3}}, {"type": "Feature", "geometry": {"type": "LineString", "coordinates": [[-76.926284, 38.903552], [-76.924964, 38.903762]]}, "properties": {"STREETNAME": "SHERIFF", "STREETTYPE": "RD", "FHWAFUNCTIONALCLASS": 4}}, {"type": "Feature", "geometry": {"type": "LineString", "coordinates": [[-77.021858, 38.946791], [-77.021581, 38.946848]]}, "properties": {"STREETNAME": "SHERMAN", "STREETTYPE": "CIR", "FHWAFUNCTIONALCLASS": 4}}, {"type": "Feature", "geometry": {"type": "LineString", "coordinates": [[-77.028756, 38.911133], [-77.029623, 38.911134]]}, "properties": {"STREETNAME": "Q", "STREETTYPE": "ST", "FHWAFUNCTIONALCLASS": 4}}, {"type": "Feature", "geometry": {"type": "LineString", "coordinates": [[-77.035945, 38.931465], [-77.036463, 38.931661]]}, "properties": {"STREETNAME": "PARK", "STREETTYPE": "RD", "FHWAFUNCTIONALCLASS": 4}}, {"type": "Feature", "geometry": {"type": "LineString", "coordinates": [[-76.995363, 38.9335], [-76.994728, 38.93382], [-76.994095, 38.934306]]}, "properties": {"STREETNAME": "MICHIGAN", "STREETTYPE": "AVE", "FHWAFUNCTIONALCLASS": 4}}, {"type": "Feature", "geometry": {"type": "LineString", "coordinates": [[-76.998454, 38.893594], [-76.996171, 38.893585]]}, "properties": {"STREETNAME": "C", "STREETTYPE": "ST", "FHWAFUNCTIONALCLASS": 4}}, {"type": "Feature", "geometry": {"type": "LineString", "coordinates": [[-77.05505, 38.89223], [-77.056271, 38.89424], [-77.056427, 38.894647], [-77.056465, 38.894919], [-77.056458, 38.897048], [-77.056349, 38.898223]]}, "properties": {"STREETNAME": "ROCK CREEK AND POTOMAC PKWY", "STREETTYPE": "PKWY", "FHWAFUNCTIONALCLASS": 3}}, {"type": "Feature", "geometry": {"type": "LineString", "coordinates": [[-76.930665, 38.898448], [-76.93014, 38.898366], [-76.929738, 38.898347]]}, "properties": {"STREETNAME": "NANNIE HELEN BURROUGHS", "STREETTYPE": "AVE", "FHWAFUNCTIONALCLASS": 4}}, {"type": "Feature", "geometry": {"type": "LineString", "coordinates": [[-77.072947, 38.955072], [-77.073258, 38.955584], [-77.0737, 38.956161], [-77.074127, 38.956615], [-77.074594, 38.957028]]}, "properties": {"STREETNAME": "RENO", "STREETTYPE": "RD", "FHWAFUNCTIONALCLASS": 4}}, {"type": "Feature", "geometry": {"type": "LineString", "coordinates": [[-76.990237, 38.939661], [-76.990237, 38.940198]]}, "properties": {"STREETNAME": "12TH", "STREETTYPE": "ST", "FHWAFUNCTIONALCLASS": 4}}, {"type": "Feature", "geometry": {"type": "LineString", "coordinates": [[-76.957497, 38.896545], [-76.954805, 38.896103]]}, "properties": {"STREETNAME": "BENNING", "STREETTYPE": "RD", "FHWAFUNCTIONALCLASS": 3}}, {"type": "Feature", "geometry": {"type": "LineString", "coordinates": [[-76.988002, 38.940729], [-76.98714, 38.94073]]}, "properties": {"STREETNAME": "TAYLOR", "STREETTYPE": "ST", "FHWAFUNCTIONALCLASS": 4}}, {"type": "Feature", "geometry": {"type": "LineString", "coordinates": [[-76.974166, 38.930036], [-76.973664, 38.930278]]}, "properties": {"STREETNAME": "RHODE ISLAND", "STREETTYPE": "AVE", "FHWAFUNCTIONALCLASS": 3}}, {"type": "Feature", "geometry": {"type": "LineString", "coordinates": [[-77.043434, 38.912615], [-77.044875, 38.912613]]}, "properties": {"STREETNAME": "R", "STREETTYPE": "ST", "FHWAFUNCTIONALCLASS": 4}}, {"type": "Feature", "geometry": {"type": "LineString", "coordinates": [[-76.990764, 38.929585], [-76.990845, 38.930575]]}, "properties": {"STREETNAME": "12TH", "STREETTYPE": "ST", "FHWAFUNCTIONALCLASS": 4}}, {"type": "Feature", "geometry": {"type": "LineString", "coordinates": [[-76.928568, 38.907896], [-76.929514, 38.90864]]}, "properties": {"STREETNAME": "EASTERN", "STREETTYPE": "AVE", "FHWAFUNCTIONALCLASS": 4}}, {"type": "Feature", "geometry": {"type": "LineString", "coordinates": [[-76.972151, 38.931858], [-76.972437, 38.932133]]}, "properties": {"STREETNAME": "SOUTH DAKOTA", "STREETTYPE": "AVE", "FHWAFUNCTIONALCLASS": 3}}, {"type": "Feature", "geometry": {"type": "LineString", "coordinates": [[-77.003885, 38.922401], [-77.003558, 38.923437]]}, "properties": {"STREETNAME": "LINCOLN", "STREETTYPE": "RD", "FHWAFUNCTIONALCLASS": 4}}, {"type": "Feature", "geometry": {"type": "LineString", "coordinates": [[-76.976261, 38.898875], [-76.975475, 38.898739]]}, "properties": {"STREETNAME": "BENNING", "STREETTYPE": "RD", "FHWAFUNCTIONALCLASS": 3}}, {"type": "Feature", "geometry": {"type": "LineString", "coordinates": [[-77.043465, 38.90021], [-77.044902, 38.900713]]}, "properties": {"STREETNAME": "PENNSYLVANIA", "STREETTYPE": "AVE", "FHWAFUNCTIONALCLASS": 3}}, {"type": "Feature", "geometry": {"type": "LineString", "coordinates": [[-76.942613, 38.892947], [-76.94098, 38.892283]]}, "properties": {"STREETNAME": "BENNING", "STREETTYPE": "RD", "FHWAFUNCTIONALCLASS": 3}}, {"type": "Feature", "geometry": {"type": "LineString", "coordinates": [[-77.038501, 38.906561], [-77.041128, 38.905671]]}, "properties": {"STREETNAME": "RHODE ISLAND", "STREETTYPE": "AVE", "FHWAFUNCTIONALCLASS": 4}}, {"type": "Feature", "geometry": {"type": "LineString", "coordinates": [[-77.025408, 38.969932], [-77.024848, 38.970689]]}, "properties": {"STREETNAME": "PINEY BRANCH", "STREETTYPE": "RD", "FHWAFUNCTIONALCLASS": 4}}, {"type": "Feature", "geometry": {"type": "LineString", "coordinates": [[-77.022095, 38.974362], [-77.02177, 38.974823]]}, "properties": {"STREETNAME": "PINEY BRANCH", "STREETTYPE": "RD", "FHWAFUNCTIONALCLASS": 4}}, {"type": "Feature", "geometry": {"type": "LineString", "coordinates": [[-77.008745, 38.911864], [-77.008537, 38.9126]]}, "properties": {"STREETNAME": "LINCOLN", "STREETTYPE": "RD", "FHWAFUNCTIONALCLASS": 4}}, {"type": "Feature", "geometry": {"type": "LineString", "coordinates": [[-77.04409, 38.893859], [-77.044768, 38.89424], [-77.045213, 38.894535]]}, "properties": {"STREETNAME": "VIRGINIA", "STREETTYPE": "AVE", "FHWAFUNCTIONALCLASS": 4}}, {"type": "Feature", "geometry": {"type": "LineString", "coordinates": [[-77.064907, 38.910368], [-77.065141, 38.910814]]}, "properties": {"STREETNAME": "WISCONSIN", "STREETTYPE": "AVE", "FHWAFUNCTIONALCLASS": 3}}, {"type": "Feature", "geometry": {"type": "LineString", "coordinates": [[-77.025505, 38.923919], [-77.025658, 38.924897]]}, "properties": {"STREETNAME": "SHERMAN", "STREETTYPE": "AVE", "FHWAFUNCTIONALCLASS": 4}}, {"type": "Feature", "geometry": {"type": "LineString", "coordinates": [[-76.988355, 38.923153], [-76.988014, 38.923824]]}, "properties": {"STREETNAME": "BRENTWOOD", "STREETTYPE": "RD", "FHWAFUNCTIONALCLASS": 4}}, {"type": "Feature", "geometry": {"type": "LineString", "coordinates": [[-77.009044, 38.916819], [-77.008319, 38.917067]]}, "properties": {"STREETNAME": "RHODE ISLAND", "STREETTYPE": "AVE", "FHWAFUNCTIONALCLASS": 3}}, {"type": "Feature", "geometry": {"type": "LineString", "coordinates": [[-76.984994, 38.910208], [-76.983502, 38.909671], [-76.982216, 38.909008]]}, "properties": {"STREETNAME": "MOUNT OLIVET", "STREETTYPE": "RD", "FHWAFUNCTIONALCLASS": 4}}, {"type": "Feature", "geometry": {"type": "LineString", "coordinates": [[-76.973734, 38.915782], [-76.972708, 38.917051], [-76.972442, 38.917336]]}, "properties": {"STREETNAME": "BLADENSBURG", "STREETTYPE": "RD", "FHWAFUNCTIONALCLASS": 4}}, {"type": "Feature", "geometry": {"type": "LineString", "coordinates": [[-77.000055, 38.963827], [-77.000797, 38.964405]]}, "properties": {"STREETNAME": "EASTERN", "STREETTYPE": "AVE", "FHWAFUNCTIONALCLASS": 4}}, {"type": "Feature", "geometry": {"type": "LineString", "coordinates": [[-76.985801, 38.925706], [-76.984615, 38.925766]]}, "properties": {"STREETNAME": "FRANKLIN", "STREETTYPE": "ST", "FHWAFUNCTIONALCLASS": 4}}, {"type": "Feature", "geometry": {"type": "LineString", "coordinates": [[-76.983779, 38.925413], [-76.983181, 38.925697]]}, "properties": {"STREETNAME": "RHODE ISLAND", "STREETTYPE": "AVE", "FHWAFUNCTIONALCLASS": 3}}, {"type": "Feature", "geometry": {"type": "LineString", "coordinates": [[-76.939191, 38.900567], [-76.937358, 38.899815]]}, "properties": {"STREETNAME": "NANNIE HELEN BURROUGHS", "STREETTYPE": "AVE", "FHWAFUNCTIONALCLASS": 4}}, {"type": "Feature", "geometry": {"type": "LineString", "coordinates": [[-76.919204, 38.900558], [-76.919949, 38.901145]]}, "properties": {"STREETNAME": "EASTERN", "STREETTYPE": "AVE", "FHWAFUNCTIONALCLASS": 4}}, {"type": "Feature", "geometry": {"type": "LineString", "coordinates": [[-77.009053, 38.911123], [-77.008884, 38.911371], [-77.008822, 38.911518], [-77.008745, 38.911864]]}, "properties": {"STREETNAME": "LINCOLN", "STREETTYPE": "RD", "FHWAFUNCTIONALCLASS": 4}}, {"type": "Feature", "geometry": {"type": "LineString", "coordinates": [[-76.968171, 38.93891], [-76.969719, 38.940113]]}, "properties": {"STREETNAME": "EASTERN", "STREETTYPE": "AVE", "FHWAFUNCTIONALCLASS": 4}}, {"type": "Feature", "geometry": {"type": "LineString", "coordinates": [[-77.000277, 38.955302], [-77.001426, 38.956183]]}, "properties": {"STREETNAME": "SOUTH DAKOTA", "STREETTYPE": "AVE", "FHWAFUNCTIONALCLASS": 3}}, {"type": "Feature", "geometry": {"type": "LineString", "coordinates": [[-77.000573, 38.920236], [-77.000571, 38.921303]]}, "properties": {"STREETNAME": "4TH", "STREETTYPE": "ST", "FHWAFUNCTIONALCLASS": 4}}, {"type": "Feature", "geometry": {"type": "LineString", "coordinates": [[-77.009053, 38.910803], [-77.007788, 38.910257]]}, "properties": {"STREETNAME": "FLORIDA", "STREETTYPE": "AVE", "FHWAFUNCTIONALCLASS": 3}}, {"type": "Feature", "geometry": {"type": "LineString", "coordinates": [[-76.963876, 38.935007], [-76.963449, 38.93521]]}, "properties": {"STREETNAME": "RHODE ISLAND", "STREETTYPE": "AVE", "FHWAFUNCTIONALCLASS": 3}}, {"type": "Feature", "geometry": {"type": "LineString", "coordinates": [[-77.061444, 38.909295], [-77.063363, 38.909268]]}, "properties": {"STREETNAME": "P", "STREETTYPE": "ST", "FHWAFUNCTIONALCLASS": 4}}, {"type": "Feature", "geometry": {"type": "LineString", "coordinates": [[-76.978992, 38.904378], [-76.978992, 38.904978]]}, "properties": {"STREETNAME": "17TH", "STREETTYPE": "ST", "FHWAFUNCTIONALCLASS": 4}}, {"type": "Feature", "geometry": {"type": "LineString", "coordinates": [[-76.98387, 38.925805], [-76.983495, 38.925809], [-76.983181, 38.925697]]}, "properties": {"STREETNAME": "FRANKLIN", "STREETTYPE": "ST", "FHWAFUNCTIONALCLASS": 4}}, {"type": "Feature", "geometry": {"type": "LineString", "coordinates": [[-77.003515, 38.918734], [-77.002033, 38.919252]]}, "properties": {"STREETNAME": "RHODE ISLAND", "STREETTYPE": "AVE", "FHWAFUNCTIONALCLASS": 3}}, {"type": "Feature", "geometry": {"type": "LineString", "coordinates": [[-76.974496, 38.93411], [-76.975523, 38.935092]]}, "properties": {"STREETNAME": "SOUTH DAKOTA", "STREETTYPE": "AVE", "FHWAFUNCTIONALCLASS": 3}}, {"type": "Feature", "geometry": {"type": "LineString", "coordinates": [[-77.021921, 38.893303], [-77.023977, 38.893884]]}, "properties": {"STREETNAME": "PENNSYLVANIA", "STREETTYPE": "AVE", "FHWAFUNCTIONALCLASS": 3}}, {"type": "Feature", "geometry": {"type": "LineString", "coordinates": [[-77.065141, 38.910814], [-77.066026, 38.912479]]}, "properties": {"STREETNAME": "WISCONSIN", "STREETTYPE": "AVE", "FHWAFUNCTIONALCLASS": 3}}, {"type": "Feature", "geometry": {"type": "LineString", "coordinates": [[-77.059239, 38.909323], [-77.060803, 38.909305]]}, "properties": {"STREETNAME": "P", "STREETTYPE": "ST", "FHWAFUNCTIONALCLASS": 4}}, {"type": "Feature", "geometry": {"type": "LineString", "coordinates": [[-76.993765, 38.891242], [-76.993035, 38.890946]]}, "properties": {"STREETNAME": "MASSACHUSETTS", "STREETTYPE": "AVE", "FHWAFUNCTIONALCLASS": 4}}, {"type": "Feature", "geometry": {"type": "LineString", "coordinates": [[-77.080374, 38.964982], [-77.078167, 38.966709]]}, "properties": {"STREETNAME": "WESTERN", "STREETTYPE": "AVE", "FHWAFUNCTIONALCLASS": 4}}, {"type": "Feature", "geometry": {"type": "LineString", "coordinates": [[-77.00204, 38.902522], [-77.000574, 38.902521]]}, "properties": {"STREETNAME": "K", "STREETTYPE": "ST", "FHWAFUNCTIONALCLASS": 4}}, {"type": "Feature", "geometry": {"type": "LineString", "coordinates": [[-77.082599, 38.963242], [-77.082173, 38.963574]]}, "properties": {"STREETNAME": "WESTERN", "STREETTYPE": "AVE", "FHWAFUNCTIONALCLASS": 4}}, {"type": "Feature", "geometry": {"type": "LineString", "coordinates": [[-77.002033, 38.919252], [-77.000572, 38.919763]]}, "properties": {"STREETNAME": "RHODE ISLAND", "STREETTYPE": "AVE", "FHWAFUNCTIONALCLASS": 3}}, {"type": "Feature", "geometry": {"type": "LineString", "coordinates": [[-77.060803, 38.909305], [-77.061444, 38.909295]]}, "properties": {"STREETNAME": "P", "STREETTYPE": "ST", "FHWAFUNCTIONALCLASS": 4}}, {"type": "Feature", "geometry": {"type": "LineString", "coordinates": [[-77.000572, 38.922378], [-77.000572, 38.922993]]}, "properties": {"STREETNAME": "4TH", "STREETTYPE": "ST", "FHWAFUNCTIONALCLASS": 4}}, {"type": "Feature", "geometry": {"type": "LineString", "coordinates": [[-76.993762, 38.893586], [-76.992649, 38.893581]]}, "properties": {"STREETNAME": "C", "STREETTYPE": "ST", "FHWAFUNCTIONALCLASS": 4}}, {"type": "Feature", "geometry": {"type": "LineString", "coordinates": [[-76.983334, 38.94256], [-76.982184, 38.94256]]}, "properties": {"STREETNAME": "MICHIGAN", "STREETTYPE": "AVE", "FHWAFUNCTIONALCLASS": 4}}, {"type": "Feature", "geometry": {"type": "LineString", "coordinates": [[-76.99682, 38.952642], [-76.998155, 38.953669]]}, "properties": {"STREETNAME": "SOUTH DAKOTA", "STREETTYPE": "AVE", "FHWAFUNCTIONALCLASS": 3}}, {"type": "Feature", "geometry": {"type": "LineString", "coordinates": [[-77.034566, 38.907942], [-77.035424, 38.90764]]}, "properties": {"STREETNAME": "RHODE ISLAND", "STREETTYPE": "AVE", "FHWAFUNCTIONALCLASS": 3}}, {"type": "Feature", "geometry": {"type": "LineString", "coordinates": [[-77.063363, 38.909268], [-77.064124, 38.909252], [-77.064284, 38.909189]]}, "properties": {"STREETNAME": "P", "STREETTYPE": "ST", "FHWAFUNCTIONALCLASS": 4}}, {"type": "Feature", "geometry": {"type": "LineString", "coordinates": [[-76.961738, 38.927986], [-76.961532, 38.928152]]}, "properties": {"STREETNAME": "BLADENSBURG", "STREETTYPE": "RD", "FHWAFUNCTIONALCLASS": 4}}, {"type": "Feature", "geometry": {"type": "LineString", "coordinates": [[-77.003899, 38.963802], [-77.002948, 38.965093]]}, "properties": {"STREETNAME": "NEW HAMPSHIRE", "STREETTYPE": "AVE", "FHWAFUNCTIONALCLASS": 3}}, {"type": "Feature", "geometry": {"type": "LineString", "coordinates": [[-76.986491, 38.898888], [-76.986395, 38.898927]]}, "properties": {"STREETNAME": "MARYLAND", "STREETTYPE": "AVE", "FHWAFUNCTIONALCLASS": 4}}, {"type": "Feature", "geometry": {"type": "LineString", "coordinates": [[-77.008457, 38.957669], [-77.008282, 38.957903]]}, "properties": {"STREETNAME": "NEW HAMPSHIRE", "STREETTYPE": "AVE", "FHWAFUNCTIONALCLASS": 3}}, {"type": "Feature", "geometry": {"type": "LineString", "coordinates": [[-77.003571, 38.902523], [-77.00204, 38.902522]]}, "properties": {"STREETNAME": "K", "STREETTYPE": "ST", "FHWAFUNCTIONALCLASS": 4}}, {"type": "Feature", "geometry": {"type": "LineString", "coordinates": [[-77.058188, 38.909338], [-77.059239, 38.909323]]}, "properties": {"STREETNAME": "P", "STREETTYPE": "ST", "FHWAFUNCTIONALCLASS": 4}}, {"type": "Feature", "geometry": {"type": "LineString", "coordinates": [[-77.019294, 38.928069], [-77.018783, 38.928152], [-77.018434, 38.928342], [-77.018028, 38.928774], [-77.017951, 38.929088]]}, "properties": {"STREETNAME": "PARK", "STREETTYPE": "PL", "FHWAFUNCTIONALCLASS": 4}}, {"type": "Feature", "geometry": {"type": "LineString", "coordinates": [[-77.052048, 38.911855], [-77.052739, 38.912237], [-77.053826, 38.912675], [-77.054578, 38.912924], [-77.054881, 38.913074], [-77.055186, 38.913306], [-77.055693, 38.913884], [-77.055898, 38.914075], [-77.056395, 38.9144], [-77.057536, 38.914976], [-77.057966, 38.915345], [-77.058232, 38.915685], [-77.058436, 38.916124], [-77.058513, 38.91655], [-77.058449, 38.917005], [-77.058374, 38.917201], [-77.058213, 38.917463], [-77.057916, 38.917746], [-77.057438, 38.918064], [-77.056767, 38.918336], [-77.056427, 38.918434], [-77.056213, 38.918458]]}, "properties": {"STREETNAME": "ROCK CREEK AND POTOMAC PKWY", "STREETTYPE": "PKWY", "FHWAFUNCTIONALCLASS": 3}}, {"type": "Feature", "geometry": {"type": "LineString", "coordinates": [[-76.960264, 38.896927], [-76.957497, 38.896545]]}, "properties": {"STREETNAME": "BENNING", "STREETTYPE": "RD", "FHWAFUNCTIONALCLASS": 3}}, {"type": "Feature", "geometry": {"type": "LineString", "coordinates": [[-76.979497, 38.89873], [-76.979298, 38.899418]]}, "properties": {"STREETNAME": "17TH", "STREETTYPE": "ST", "FHWAFUNCTIONALCLASS": 4}}, {"type": "Feature", "geometry": {"type": "LineString", "coordinates": [[-77.027056, 38.894744], [-77.028098, 38.895026]]}, "properties": {"STREETNAME": "PENNSYLVANIA", "STREETTYPE": "AVE", "FHWAFUNCTIONALCLASS": 3}}, {"type": "Feature", "geometry": {"type": "LineString", "coordinates": [[-76.994964, 38.895438], [-76.993753, 38.895931]]}, "properties": {"STREETNAME": "MARYLAND", "STREETTYPE": "AVE", "FHWAFUNCTIONALCLASS": 4}}, {"type": "Feature", "geometry": {"type": "LineString", "coordinates": [[-76.994353, 38.959375], [-76.997232, 38.961624]]}, "properties": {"STREETNAME": "EASTERN", "STREETTYPE": "AVE", "FHWAFUNCTIONALCLASS": 4}}, {"type": "Feature", "geometry": {"type": "LineString", "coordinates": [[-77.07921, 38.947086], [-77.079676, 38.947917]]}, "properties": {"STREETNAME": "WISCONSIN", "STREETTYPE": "AVE", "FHWAFUNCTIONALCLASS": 3}}, {"type": "Feature", "geometry": {"type": "LineString", "coordinates": [[-76.988311, 38.900209], [-76.985506, 38.900205]]}, "properties": {"STREETNAME": "H", "STREETTYPE": "ST", "FHWAFUNCTIONALCLASS": 3}}, {"type": "Feature", "geometry": {"type": "LineString", "coordinates": [[-76.979617, 38.93312], [-76.976226, 38.933121]]}, "properties": {"STREETNAME": "MONROE", "STREETTYPE": "ST", "FHWAFUNCTIONALCLASS": 4}}, {"type": "Feature", "geometry": {"type": "LineString", "coordinates": [[-77.012158, 38.915733], [-77.012661, 38.915569]]}, "properties": {"STREETNAME": "RHODE ISLAND", "STREETTYPE": "AVE", "FHWAFUNCTIONALCLASS": 3}}, {"type": "Feature", "geometry": {"type": "LineString", "coordinates": [[-76.989022, 38.946765], [-76.989763, 38.947294]]}, "properties": {"STREETNAME": "SOUTH DAKOTA", "STREETTYPE": "AVE", "FHWAFUNCTIONALCLASS": 3}}, {"type": "Feature", "geometry": {"type": "LineString", "coordinates": [[-77.09986, 38.949748], [-77.099699, 38.949874]]}, "properties": {"STREETNAME": "WESTERN", "STREETTYPE": "AVE", "FHWAFUNCTIONALCLASS": 4}}, {"type": "Feature", "geometry": {"type": "LineString", "coordinates": [[-76.999672, 38.940749], [-76.995731, 38.940737]]}, "properties": {"STREETNAME": "TAYLOR", "STREETTYPE": "ST", "FHWAFUNCTIONALCLASS": 4}}, {"type": "Feature", "geometry": {"type": "LineString", "coordinates": [[-77.008282, 38.957903], [-77.00767, 38.958734]]}, "properties": {"STREETNAME": "NEW HAMPSHIRE", "STREETTYPE": "AVE", "FHWAFUNCTIONALCLASS": 3}}, {"type": "Feature", "geometry": {"type": "LineString", "coordinates": [[-76.991001, 38.932545], [-76.988683, 38.932664]]}, "properties": {"STREETNAME": "MONROE", "STREETTYPE": "ST", "FHWAFUNCTIONALCLASS": 4}}, {"type": "Feature", "geometry": {"type": "LineString", "coordinates": [[-77.005732, 38.926312], [-77.004309, 38.925815], [-77.003885, 38.925702], [-77.003243, 38.925612], [-77.002446, 38.925602]]}, "properties": {"STREETNAME": "FRANKLIN", "STREETTYPE": "ST", "FHWAFUNCTIONALCLASS": 4}}, {"type": "Feature", "geometry": {"type": "LineString", "coordinates": [[-77.036187, 38.907139], [-77.036138, 38.90723], [-77.036183, 38.907352]]}, "properties": {"STREETNAME": "SCOTT", "STREETTYPE": "CIR", "FHWAFUNCTIONALCLASS": 3}}, {"type": "Feature", "geometry": {"type": "LineString", "coordinates": [[-77.018587, 38.892401], [-77.019902, 38.892766]]}, "properties": {"STREETNAME": "PENNSYLVANIA", "STREETTYPE": "AVE", "FHWAFUNCTIONALCLASS": 3}}, {"type": "Feature", "geometry": {"type": "LineString", "coordinates": [[-76.968015, 38.933001], [-76.965706, 38.934106]]}, "properties": {"STREETNAME": "RHODE ISLAND", "STREETTYPE": "AVE", "FHWAFUNCTIONALCLASS": 3}}, {"type": "Feature", "geometry": {"type": "LineString", "coordinates": [[-77.057115, 38.909351], [-77.058188, 38.909338]]}, "properties": {"STREETNAME": "P", "STREETTYPE": "ST", "FHWAFUNCTIONALCLASS": 4}}, {"type": "Feature", "geometry": {"type": "LineString", "coordinates": [[-76.994963, 38.900211], [-76.99376, 38.90021]]}, "properties": {"STREETNAME": "H", "STREETTYPE": "ST", "FHWAFUNCTIONALCLASS": 3}}, {"type": "Feature", "geometry": {"type": "LineString", "coordinates": [[-77.04887, 38.911135], [-77.050543, 38.91113], [-77.050751, 38.911083]]}, "properties": {"STREETNAME": "Q", "STREETTYPE": "ST", "FHWAFUNCTIONALCLASS": 4}}, {"type": "Feature", "geometry": {"type": "LineString", "coordinates": [[-76.984574, 38.893582], [-76.983944, 38.893577], [-76.983754, 38.893558], [-76.98365, 38.893512]]}, "properties": {"STREETNAME": "C", "STREETTYPE": "ST", "FHWAFUNCTIONALCLASS": 4}}, {"type": "Feature", "geometry": {"type": "LineString", "coordinates": [[-77.053107, 38.898762], [-77.053831, 38.899154]]}, "properties": {"STREETNAME": "VIRGINIA", "STREETTYPE": "AVE", "FHWAFUNCTIONALCLASS": 4}}, {"type": "Feature", "geometry": {"type": "LineString", "coordinates": [[-77.007284, 38.955178], [-77.006261, 38.955408]]}, "properties": {"STREETNAME": "RIGGS", "STREETTYPE": "RD", "FHWAFUNCTIONALCLASS": 3}}, {"type": "Feature", "geometry": {"type": "LineString", "coordinates": [[-77.055625, 38.909376], [-77.057115, 38.909351]]}, "properties": {"STREETNAME": "P", "STREETTYPE": "ST", "FHWAFUNCTIONALCLASS": 4}}, {"type": "Feature", "geometry": {"type": "LineString", "coordinates": [[-77.059263, 38.910519], [-77.061952, 38.910484]]}, "properties": {"STREETNAME": "Q", "STREETTYPE": "ST", "FHWAFUNCTIONALCLASS": 4}}, {"type": "Feature", "geometry": {"type": "LineString", "coordinates": [[-76.965611, 38.925588], [-76.966247, 38.926194]]}, "properties": {"STREETNAME": "SOUTH DAKOTA", "STREETTYPE": "AVE", "FHWAFUNCTIONALCLASS": 3}}, {"type": "Feature", "geometry": {"type": "LineString", "coordinates": [[-77.050122, 38.901994], [-77.049888, 38.902026], [-77.049681, 38.902117], [-77.049592, 38.90217], [-77.049509, 38.902347]]}, "properties": {"STREETNAME": "WASHINGTON", "STREETTYPE": "CIR", "FHWAFUNCTIONALCLASS": 3}}, {"type": "Feature", "geometry": {"type": "LineString", "coordinates": [[-77.037655, 38.90686], [-77.038501, 38.906561]]}, "properties": {"STREETNAME": "RHODE ISLAND", "STREETTYPE": "AVE", "FHWAFUNCTIONALCLASS": 4}}, {"type": "Feature", "geometry": {"type": "LineString", "coordinates": [[-76.982323, 38.901743], [-76.981699, 38.902686]]}, "properties": {"STREETNAME": "BLADENSBURG", "STREETTYPE": "RD", "FHWAFUNCTIONALCLASS": 4}}, {"type": "Feature", "geometry": {"type": "LineString", "coordinates": [[-77.093476, 38.954738], [-77.092651, 38.955387]]}, "properties": {"STREETNAME": "WESTERN", "STREETTYPE": "AVE", "FHWAFUNCTIONALCLASS": 4}}, {"type": "Feature", "geometry": {"type": "LineString", "coordinates": [[-76.995988, 38.952004], [-76.99682, 38.952642]]}, "properties": {"STREETNAME": "SOUTH DAKOTA", "STREETTYPE": "AVE", "FHWAFUNCTIONALCLASS": 3}}, {"type": "Feature", "geometry": {"type": "LineString", "coordinates": [[-77.054756, 38.909386], [-77.055625, 38.909376]]}, "properties": {"STREETNAME": "P", "STREETTYPE": "ST", "FHWAFUNCTIONALCLASS": 4}}, {"type": "Feature", "geometry": {"type": "LineString", "coordinates": [[-77.005948, 38.941322], [-77.00547, 38.941001], [-77.005185, 38.94086], [-77.004777, 38.940761], [-77.004384, 38.940747]]}, "properties": {"STREETNAME": "FORT", "STREETTYPE": "DR", "FHWAFUNCTIONALCLASS": 4}}, {"type": "Feature", "geometry": {"type": "LineString", "coordinates": [[-77.04973, 38.902977], [-77.049937, 38.903053], [-77.050217, 38.903066]]}, "properties": {"STREETNAME": "WASHINGTON", "STREETTYPE": "CIR", "FHWAFUNCTIONALCLASS": 3}}, {"type": "Feature", "geometry": {"type": "LineString", "coordinates": [[-77.070889, 38.93734], [-77.072114, 38.937338]]}, "properties": {"STREETNAME": "PORTER", "STREETTYPE": "ST", "FHWAFUNCTIONALCLASS": 4}}, {"type": "Feature", "geometry": {"type": "LineString", "coordinates": [[-76.941029, 38.90294], [-76.94036, 38.902884]]}, "properties": {"STREETNAME": "SHERIFF", "STREETTYPE": "RD", "FHWAFUNCTIONALCLASS": 4}}, {"type": "Feature", "geometry": {"type": "LineString", "coordinates": [[-77.044875, 38.912613], [-77.045159, 38.912614]]}, "properties": {"STREETNAME": "R", "STREETTYPE": "ST", "FHWAFUNCTIONALCLASS": 4}}, {"type": "Feature", "geometry": {"type": "LineString", "coordinates": [[-77.076509, 38.942224], [-77.077031, 38.94317]]}, "properties": {"STREETNAME": "WISCONSIN", "STREETTYPE": "AVE", "FHWAFUNCTIONALCLASS": 3}}, {"type": "Feature", "geometry": {"type": "LineString", "coordinates": [[-77.086228, 38.938177], [-77.086345, 38.93803], [-77.086373, 38.937855], [-77.086309, 38.937718], [-77.086175, 38.937606]]}, "properties": {"STREETNAME": "WARD", "STREETTYPE": "CIR", "FHWAFUNCTIONALCLASS": 3}}, {"type": "Feature", "geometry": {"type": "LineString", "coordinates": [[-76.978134, 38.928132], [-76.976224, 38.929041]]}, "properties": {"STREETNAME": "RHODE ISLAND", "STREETTYPE": "AVE", "FHWAFUNCTIONALCLASS": 3}}, {"type": "Feature", "geometry": {"type": "LineString", "coordinates": [[-77.067854, 38.940884], [-77.068044, 38.941127], [-77.0686, 38.941687], [-77.068877, 38.942218]]}, "properties": {"STREETNAME": "RENO", "STREETTYPE": "RD", "FHWAFUNCTIONALCLASS": 4}}, {"type": "Feature", "geometry": {"type": "LineString", "coordinates": [[-77.006982, 38.942022], [-77.005948, 38.941322]]}, "properties": {"STREETNAME": "FORT", "STREETTYPE": "DR", "FHWAFUNCTIONALCLASS": 4}}, {"type": "Feature", "geometry": {"type": "LineString", "coordinates": [[-77.001498, 38.964953], [-77.002473, 38.965699]]}, "properties": {"STREETNAME": "EASTERN", "STREETTYPE": "AVE", "FHWAFUNCTIONALCLASS": 4}}, {"type": "Feature", "geometry": {"type": "LineString", "coordinates": [[-76.990239, 38.94234], [-76.990239, 38.942872]]}, "properties": {"STREETNAME": "12TH", "STREETTYPE": "ST", "FHWAFUNCTIONALCLASS": 4}}, {"type": "Feature", "geometry": {"type": "LineString", "coordinates": [[-77.085965, 38.912868], [-77.08658, 38.913209], [-77.086946, 38.913357], [-77.088893, 38.913812], [-77.089351, 38.913951]]}, "properties": {"STREETNAME": "RESERVOIR", "STREETTYPE": "RD", "FHWAFUNCTIONALCLASS": 4}}, {"type": "Feature", "geometry": {"type": "LineString", "coordinates": [[-76.977721, 38.946394], [-76.97753, 38.946467]]}, "properties": {"STREETNAME": "QUEENS CHAPEL", "STREETTYPE": "RD", "FHWAFUNCTIONALCLASS": 4}}, {"type": "Feature", "geometry": {"type": "LineString", "coordinates": [[-77.049343, 38.909643], [-77.052721, 38.909657], [-77.053883, 38.909403], [-77.054756, 38.909386]]}, "properties": {"STREETNAME": "P", "STREETTYPE": "ST", "FHWAFUNCTIONALCLASS": 4}}, {"type": "Feature", "geometry": {"type": "LineString", "coordinates": [[-76.992432, 38.925592], [-76.990955, 38.925592], [-76.990443, 38.925533]]}, "properties": {"STREETNAME": "FRANKLIN", "STREETTYPE": "ST", "FHWAFUNCTIONALCLASS": 4}}, {"type": "Feature", "geometry": {"type": "LineString", "coordinates": [[-76.993761, 38.892019], [-76.992649, 38.892018]]}, "properties": {"STREETNAME": "CONSTITUTION", "STREETTYPE": "AVE", "FHWAFUNCTIONALCLASS": 4}}, {"type": "Feature", "geometry": {"type": "LineString", "coordinates": [[-77.067207, 38.914707], [-77.067797, 38.915769]]}, "properties": {"STREETNAME": "WISCONSIN", "STREETTYPE": "AVE", "FHWAFUNCTIONALCLASS": 3}}, {"type": "Feature", "geometry": {"type": "LineString", "coordinates": [[-76.98714, 38.94073], [-76.985743, 38.940728]]}, "properties": {"STREETNAME": "TAYLOR", "STREETTYPE": "ST", "FHWAFUNCTIONALCLASS": 4}}, {"type": "Feature", "geometry": {"type": "LineString", "coordinates": [[-76.982914, 38.900829], [-76.982323, 38.901743]]}, "properties": {"STREETNAME": "BLADENSBURG", "STREETTYPE": "RD", "FHWAFUNCTIONALCLASS": 4}}, {"type": "Feature", "geometry": {"type": "LineString", "coordinates": [[-77.046638, 38.909647], [-77.048799, 38.909642]]}, "properties": {"STREETNAME": "P", "STREETTYPE": "ST", "FHWAFUNCTIONALCLASS": 4}}, {"type": "Feature", "geometry": {"type": "LineString", "coordinates": [[-76.988314, 38.893583], [-76.987112, 38.893582]]}, "properties": {"STREETNAME": "C", "STREETTYPE": "ST", "FHWAFUNCTIONALCLASS": 4}}, {"type": "Feature", "geometry": {"type": "LineString", "coordinates": [[-76.990253, 38.897358], [-76.99008, 38.897427]]}, "properties": {"STREETNAME": "MARYLAND", "STREETTYPE": "AVE", "FHWAFUNCTIONALCLASS": 4}}, {"type": "Feature", "geometry": {"type": "LineString", "coordinates": [[-77.019015, 38.933542], [-77.019169, 38.934249]]}, "properties": {"STREETNAME": "PARK", "STREETTYPE": "PL", "FHWAFUNCTIONALCLASS": 4}}, {"type": "Feature", "geometry": {"type": "LineString", "coordinates": [[-76.989122, 38.914258], [-76.987908, 38.914683]]}, "properties": {"STREETNAME": "NEW YORK", "STREETTYPE": "AVE", "FHWAFUNCTIONALCLASS": 3}}, {"type": "Feature", "geometry": {"type": "LineString", "coordinates": [[-76.991524, 38.903326], [-76.990185, 38.902747]]}, "properties": {"STREETNAME": "FLORIDA", "STREETTYPE": "AVE", "FHWAFUNCTIONALCLASS": 3}}, {"type": "Feature", "geometry": {"type": "LineString", "coordinates": [[-76.990443, 38.925533], [-76.990521, 38.92653]]}, "properties": {"STREETNAME": "12TH", "STREETTYPE": "ST", "FHWAFUNCTIONALCLASS": 4}}, {"type": "Feature", "geometry": {"type": "LineString", "coordinates": [[-77.015184, 38.891455], [-77.01639, 38.89179]]}, "properties": {"STREETNAME": "PENNSYLVANIA", "STREETTYPE": "AVE", "FHWAFUNCTIONALCLASS": 3}}, {"type": "Feature", "geometry": {"type": "LineString", "coordinates": [[-76.997232, 38.961624], [-76.996988, 38.961674]]}, "properties": {"STREETNAME": "RIGGS", "STREETTYPE": "RD", "FHWAFUNCTIONALCLASS": 4}}, {"type": "Feature", "geometry": {"type": "LineString", "coordinates": [[-76.979673, 38.89812], [-76.979497, 38.89873]]}, "properties": {"STREETNAME": "17TH", "STREETTYPE": "ST", "FHWAFUNCTIONALCLASS": 4}}, {"type": "Feature", "geometry": {"type": "LineString", "coordinates": [[-77.031956, 38.905997], [-77.032215, 38.905947]]}, "properties": {"STREETNAME": "THOMAS", "STREETTYPE": "CIR", "FHWAFUNCTIONALCLASS": 3}}, {"type": "Feature", "geometry": {"type": "LineString", "coordinates": [[-76.992638, 38.958036], [-76.994353, 38.959375]]}, "properties": {"STREETNAME": "EASTERN", "STREETTYPE": "AVE", "FHWAFUNCTIONALCLASS": 4}}, {"type": "Feature", "geometry": {"type": "LineString", "coordinates": [[-77.00582, 38.895997], [-77.005541, 38.895998], [-77.005291, 38.895942], [-77.003512, 38.895215]]}, "properties": {"STREETNAME": "MASSACHUSETTS", "STREETTYPE": "AVE", "FHWAFUNCTIONALCLASS": 4}}, {"type": "Feature", "geometry": {"type": "LineString", "coordinates": [[-77.008036, 38.942389], [-77.007363, 38.942208], [-77.006982, 38.942022]]}, "properties": {"STREETNAME": "FORT", "STREETTYPE": "DR", "FHWAFUNCTIONALCLASS": 4}}, {"type": "Feature", "geometry": {"type": "LineString", "coordinates": [[-77.048799, 38.909642], [-77.049343, 38.909643]]}, "properties": {"STREETNAME": "P", "STREETTYPE": "ST", "FHWAFUNCTIONALCLASS": 4}}, {"type": "Feature", "geometry": {"type": "LineString", "coordinates": [[-77.031495, 38.905657], [-77.031514, 38.905778], [-77.031596, 38.905901], [-77.031767, 38.905984]]}, "properties": {"STREETNAME": "THOMAS", "STREETTYPE": "CIR", "FHWAFUNCTIONALCLASS": 3}}, {"type": "Feature", "geometry": {"type": "LineString", "coordinates": [[-76.974839, 38.929714], [-76.974166, 38.930036]]}, "properties": {"STREETNAME": "RHODE ISLAND", "STREETTYPE": "AVE", "FHWAFUNCTIONALCLASS": 3}}, {"type": "Feature", "geometry": {"type": "LineString", "coordinates": [[-77.062757, 38.902606], [-77.062774, 38.903424]]}, "properties": {"STREETNAME": "WISCONSIN", "STREETTYPE": "AVE", "FHWAFUNCTIONALCLASS": 4}}, {"type": "Feature", "geometry": {"type": "LineString", "coordinates": [[-77.07191, 38.953292], [-77.072256, 38.953887]]}, "properties": {"STREETNAME": "RENO", "STREETTYPE": "RD", "FHWAFUNCTIONALCLASS": 4}}, {"type": "Feature", "geometry": {"type": "LineString", "coordinates": [[-77.044889, 38.909651], [-77.04576, 38.909649]]}, "properties": {"STREETNAME": "P", "STREETTYPE": "ST", "FHWAFUNCTIONALCLASS": 4}}, {"type": "Feature", "geometry": {"type": "LineString", "coordinates": [[-76.981407, 38.940729], [-76.983334, 38.94256]]}, "properties": {"STREETNAME": "SOUTH DAKOTA", "STREETTYPE": "AVE", "FHWAFUNCTIONALCLASS": 3}}, {"type": "Feature", "geometry": {"type": "LineString", "coordinates": [[-76.980109, 38.896757], [-76.980003, 38.896964], [-76.979939, 38.897193]]}, "properties": {"STREETNAME": "17TH", "STREETTYPE": "ST", "FHWAFUNCTIONALCLASS": 4}}, {"type": "Feature", "geometry": {"type": "LineString", "coordinates": [[-76.992648, 38.890787], [-76.991533, 38.890374]]}, "properties": {"STREETNAME": "MASSACHUSETTS", "STREETTYPE": "AVE", "FHWAFUNCTIONALCLASS": 4}}, {"type": "Feature", "geometry": {"type": "LineString", "coordinates": [[-77.028564, 38.966408], [-77.027991, 38.96725], [-77.027829, 38.967351]]}, "properties": {"STREETNAME": "PINEY BRANCH", "STREETTYPE": "RD", "FHWAFUNCTIONALCLASS": 4}}, {"type": "Feature", "geometry": {"type": "LineString", "coordinates": [[-76.971553, 38.931294], [-76.972151, 38.931858]]}, "properties": {"STREETNAME": "SOUTH DAKOTA", "STREETTYPE": "AVE", "FHWAFUNCTIONALCLASS": 3}}, {"type": "Feature", "geometry": {"type": "LineString", "coordinates": [[-76.944654, 38.902948], [-76.944373, 38.902775]]}, "properties": {"STREETNAME": "NANNIE HELEN BURROUGHS", "STREETTYPE": "AVE", "FHWAFUNCTIONALCLASS": 4}}, {"type": "Feature", "geometry": {"type": "LineString", "coordinates": [[-77.04576, 38.909649], [-77.046638, 38.909647]]}, "properties": {"STREETNAME": "P", "STREETTYPE": "ST", "FHWAFUNCTIONALCLASS": 4}}, {"type": "Feature", "geometry": {"type": "LineString", "coordinates": [[-76.986123, 38.899037], [-76.985504, 38.899286]]}, "properties": {"STREETNAME": "MARYLAND", "STREETTYPE": "AVE", "FHWAFUNCTIONALCLASS": 4}}, {"type": "Feature", "geometry": {"type": "LineString", "coordinates": [[-76.989265, 38.940733], [-76.988309, 38.940731]]}, "properties": {"STREETNAME": "TAYLOR", "STREETTYPE": "ST", "FHWAFUNCTIONALCLASS": 4}}, {"type": "Feature", "geometry": {"type": "LineString", "coordinates": [[-77.045544, 38.931272], [-77.045466, 38.931326], [-77.045405, 38.931468]]}, "properties": {"STREETNAME": "WALBRIDGE", "STREETTYPE": "PL", "FHWAFUNCTIONALCLASS": 4}}, {"type": "Feature", "geometry": {"type": "LineString", "coordinates": [[-77.039463, 38.898821], [-77.041707, 38.899602]]}, "properties": {"STREETNAME": "PENNSYLVANIA", "STREETTYPE": "AVE", "FHWAFUNCTIONALCLASS": 3}}, {"type": "Feature", "geometry": {"type": "LineString", "coordinates": [[-76.979871, 38.893306], [-76.978997, 38.893309]]}, "properties": {"STREETNAME": "C", "STREETTYPE": "ST", "FHWAFUNCTIONALCLASS": 4}}, {"type": "Feature", "geometry": {"type": "LineString", "coordinates": [[-76.980237, 38.943418], [-76.979622, 38.944241]]}, "properties": {"STREETNAME": "MICHIGAN", "STREETTYPE": "AVE", "FHWAFUNCTIONALCLASS": 4}}, {"type": "Feature", "geometry": {"type": "LineString", "coordinates": [[-77.016172, 38.912611], [-77.017365, 38.912613]]}, "properties": {"STREETNAME": "R", "STREETTYPE": "ST", "FHWAFUNCTIONALCLASS": 4}}, {"type": "Feature", "geometry": {"type": "LineString", "coordinates": [[-77.085735, 38.96079], [-77.0853, 38.961126]]}, "properties": {"STREETNAME": "WESTERN", "STREETTYPE": "AVE", "FHWAFUNCTIONALCLASS": 4}}, {"type": "Feature", "geometry": {"type": "LineString", "coordinates": [[-76.946131, 38.89911], [-76.945286, 38.899792]]}, "properties": {"STREETNAME": "MINNESOTA", "STREETTYPE": "AVE", "FHWAFUNCTIONALCLASS": 4}}, {"type": "Feature", "geometry": {"type": "LineString", "coordinates": [[-77.041296, 38.932376], [-77.043184, 38.932379], [-77.044193, 38.932727]]}, "properties": {"STREETNAME": "PARK", "STREETTYPE": "RD", "FHWAFUNCTIONALCLASS": 4}}, {"type": "Feature", "geometry": {"type": "LineString", "coordinates": [[-76.993693, 38.932412], [-76.992623, 38.932466]]}, "properties": {"STREETNAME": "MONROE", "STREETTYPE": "ST", "FHWAFUNCTIONALCLASS": 4}}, {"type": "Feature", "geometry": {"type": "LineString", "coordinates": [[-77.044193, 38.932727], [-77.045141, 38.933062], [-77.045409, 38.933217]]}, "properties": {"STREETNAME": "PARK", "STREETTYPE": "RD", "FHWAFUNCTIONALCLASS": 4}}, {"type": "Feature", "geometry": {"type": "LineString", "coordinates": [[-77.054756, 38.904135], [-77.057049, 38.904949]]}, "properties": {"STREETNAME": "PENNSYLVANIA", "STREETTYPE": "AVE", "FHWAFUNCTIONALCLASS": 3}}, {"type": "Feature", "geometry": {"type": "LineString", "coordinates": [[-77.035079, 38.940561], [-77.035069, 38.939665], [-77.035104, 38.93942], [-77.035253, 38.939059], [-77.035526, 38.938724], [-77.035753, 38.938545], [-77.036, 38.938404], [-77.037368, 38.937889], [-77.038624, 38.937219]]}, "properties": {"STREETNAME": "PINEY BRANCH", "STREETTYPE": "PKWY", "FHWAFUNCTIONALCLASS": 4}}, {"type": "Feature", "geometry": {"type": "LineString", "coordinates": [[-76.99884, 38.954196], [-76.999531, 38.954726]]}, "properties": {"STREETNAME": "SOUTH DAKOTA", "STREETTYPE": "AVE", "FHWAFUNCTIONALCLASS": 3}}, {"type": "Feature", "geometry": {"type": "LineString", "coordinates": [[-76.989296, 38.939597], [-76.988307, 38.940479]]}, "properties": {"STREETNAME": "MICHIGAN", "STREETTYPE": "AVE", "FHWAFUNCTIONALCLASS": 4}}, {"type": "Feature", "geometry": {"type": "LineString", "coordinates": [[-77.018928, 38.912613], [-77.019903, 38.912614]]}, "properties": {"STREETNAME": "R", "STREETTYPE": "ST", "FHWAFUNCTIONALCLASS": 4}}, {"type": "Feature", "geometry": {"type": "LineString", "coordinates": [[-76.991001, 38.932545], [-76.991081, 38.933534]]}, "properties": {"STREETNAME": "12TH", "STREETTYPE": "ST", "FHWAFUNCTIONALCLASS": 4}}, {"type": "Feature", "geometry": {"type": "LineString", "coordinates": [[-76.987199, 38.941418], [-76.986801, 38.941762]]}, "properties": {"STREETNAME": "MICHIGAN", "STREETTYPE": "AVE", "FHWAFUNCTIONALCLASS": 4}}, {"type": "Feature", "geometry": {"type": "LineString", "coordinates": [[-76.934702, 38.902861], [-76.933765, 38.902907]]}, "properties": {"STREETNAME": "SHERIFF", "STREETTYPE": "RD", "FHWAFUNCTIONALCLASS": 4}}, {"type": "Feature", "geometry": {"type": "LineString", "coordinates": [[-77.003972, 38.963703], [-77.003899, 38.963802]]}, "properties": {"STREETNAME": "NEW HAMPSHIRE", "STREETTYPE": "AVE", "FHWAFUNCTIONALCLASS": 3}}, {"type": "Feature", "geometry": {"type": "LineString", "coordinates": [[-77.031952, 38.908846], [-77.034566, 38.907942]]}, "properties": {"STREETNAME": "RHODE ISLAND", "STREETTYPE": "AVE", "FHWAFUNCTIONALCLASS": 3}}, {"type": "Feature", "geometry": {"type": "LineString", "coordinates": [[-76.950127, 38.893839], [-76.949163, 38.895141]]}, "properties": {"STREETNAME": "MINNESOTA", "STREETTYPE": "AVE", "FHWAFUNCTIONALCLASS": 4}}, {"type": "Feature", "geometry": {"type": "LineString", "coordinates": [[-76.925674, 38.898356], [-76.923269, 38.898366]]}, "properties": {"STREETNAME": "NANNIE HELEN BURROUGHS", "STREETTYPE": "AVE", "FHWAFUNCTIONALCLASS": 4}}, {"type": "Feature", "geometry": {"type": "LineString", "coordinates": [[-77.031957, 38.895506], [-77.03341, 38.895513], [-77.033648, 38.895487]]}, "properties": {"STREETNAME": "PENNSYLVANIA", "STREETTYPE": "AVE", "FHWAFUNCTIONALCLASS": 3}}, {"type": "Feature", "geometry": {"type": "LineString", "coordinates": [[-76.995681, 38.892025], [-76.994963, 38.892025]]}, "properties": {"STREETNAME": "CONSTITUTION", "STREETTYPE": "AVE", "FHWAFUNCTIONALCLASS": 4}}, {"type": "Feature", "geometry": {"type": "LineString", "coordinates": [[-76.99259, 38.935727], [-76.992399, 38.936183]]}, "properties": {"STREETNAME": "MICHIGAN", "STREETTYPE": "AVE", "FHWAFUNCTIONALCLASS": 4}}, {"type": "Feature", "geometry": {"type": "LineString", "coordinates": [[-77.098212, 38.951038], [-77.097612, 38.951505]]}, "properties": {"STREETNAME": "WESTERN", "STREETTYPE": "AVE", "FHWAFUNCTIONALCLASS": 4}}, {"type": "Feature", "geometry": {"type": "LineString", "coordinates": [[-77.040662, 38.912616], [-77.041667, 38.912616]]}, "properties": {"STREETNAME": "R", "STREETTYPE": "ST", "FHWAFUNCTIONALCLASS": 4}}, {"type": "Feature", "geometry": {"type": "LineString", "coordinates": [[-77.044238, 38.909652], [-77.044889, 38.909651]]}, "properties": {"STREETNAME": "P", "STREETTYPE": "ST", "FHWAFUNCTIONALCLASS": 4}}, {"type": "Feature", "geometry": {"type": "LineString", "coordinates": [[-77.07793, 38.944791], [-77.078326, 38.945502]]}, "properties": {"STREETNAME": "WISCONSIN", "STREETTYPE": "AVE", "FHWAFUNCTIONALCLASS": 3}}, {"type": "Feature", "geometry": {"type": "LineString", "coordinates": [[-77.049509, 38.902347], [-77.049455, 38.902508], [-77.049463, 38.902697], [-77.049554, 38.902842], [-77.04973, 38.902977]]}, "properties": {"STREETNAME": "WASHINGTON", "STREETTYPE": "CIR", "FHWAFUNCTIONALCLASS": 3}}, {"type": "Feature", "geometry": {"type": "LineString", "coordinates": [[-77.036183, 38.907352], [-77.036328, 38.90745], [-77.036532, 38.907467], [-77.036745, 38.907447], [-77.03687, 38.907361]]}, "properties": {"STREETNAME": "SCOTT", "STREETTYPE": "CIR", "FHWAFUNCTIONALCLASS": 3}}, {"type": "Feature", "geometry": {"type": "LineString", "coordinates": [[-76.937358, 38.899815], [-76.936558, 38.899539]]}, "properties": {"STREETNAME": "NANNIE HELEN BURROUGHS", "STREETTYPE": "AVE", "FHWAFUNCTIONALCLASS": 4}}, {"type": "Feature", "geometry": {"type": "LineString", "coordinates": [[-77.066183, 38.912776], [-77.066687, 38.913735]]}, "properties": {"STREETNAME": "WISCONSIN", "STREETTYPE": "AVE", "FHWAFUNCTIONALCLASS": 3}}, {"type": "Feature", "geometry": {"type": "LineString", "coordinates": [[-77.080093, 38.961028], [-77.080247, 38.96149], [-77.08029, 38.961846]]}, "properties": {"STREETNAME": "RENO", "STREETTYPE": "RD", "FHWAFUNCTIONALCLASS": 4}}, {"type": "Feature", "geometry": {"type": "LineString", "coordinates": [[-77.004626, 38.967394], [-77.005255, 38.96789]]}, "properties": {"STREETNAME": "EASTERN", "STREETTYPE": "AVE", "FHWAFUNCTIONALCLASS": 4}}, {"type": "Feature", "geometry": {"type": "LineString", "coordinates": [[-76.996166, 38.90252], [-76.994961, 38.90252]]}, "properties": {"STREETNAME": "K", "STREETTYPE": "ST", "FHWAFUNCTIONALCLASS": 4}}, {"type": "Feature", "geometry": {"type": "LineString", "coordinates": [[-77.019169, 38.934249], [-77.019195, 38.935222]]}, "properties": {"STREETNAME": "PARK", "STREETTYPE": "PL", "FHWAFUNCTIONALCLASS": 4}}, {"type": "Feature", "geometry": {"type": "LineString", "coordinates": [[-76.995629, 38.940736], [-76.994907, 38.94073]]}, "properties": {"STREETNAME": "TAYLOR", "STREETTYPE": "ST", "FHWAFUNCTIONALCLASS": 4}}, {"type": "Feature", "geometry": {"type": "LineString", "coordinates": [[-76.989532, 38.949434], [-76.989531, 38.950277]]}, "properties": {"STREETNAME": "SARGENT", "STREETTYPE": "RD", "FHWAFUNCTIONALCLASS": 4}}, {"type": "Feature", "geometry": {"type": "LineString", "coordinates": [[-77.00832, 38.913354], [-77.00811, 38.914086]]}, "properties": {"STREETNAME": "LINCOLN", "STREETTYPE": "RD", "FHWAFUNCTIONALCLASS": 4}}, {"type": "Feature", "geometry": {"type": "LineString", "coordinates": [[-77.018581, 38.978368], [-77.018437, 38.978413]]}, "properties": {"STREETNAME": "PINEY BRANCH", "STREETTYPE": "RD", "FHWAFUNCTIONALCLASS": 4}}, {"type": "Feature", "geometry": {"type": "LineString", "coordinates": [[-76.999077, 38.960919], [-76.998634, 38.961148], [-76.998274, 38.961294]]}, "properties": {"STREETNAME": "RIGGS", "STREETTYPE": "RD", "FHWAFUNCTIONALCLASS": 4}}, {"type": "Feature", "geometry": {"type": "LineString", "coordinates": [[-76.980764, 38.894787], [-76.980764, 38.895478]]}, "properties": {"STREETNAME": "17TH", "STREETTYPE": "ST", "FHWAFUNCTIONALCLASS": 4}}, {"type": "Feature", "geometry": {"type": "LineString", "coordinates": [[-77.009102, 38.892082], [-77.008174, 38.892038]]}, "properties": {"STREETNAME": "CONSTITUTION", "STREETTYPE": "AVE", "FHWAFUNCTIONALCLASS": 4}}, {"type": "Feature", "geometry": {"type": "LineString", "coordinates": [[-76.978996, 38.900837], [-76.978997, 38.901934]]}, "properties": {"STREETNAME": "17TH", "STREETTYPE": "ST", "FHWAFUNCTIONALCLASS": 4}}, {"type": "Feature", "geometry": {"type": "LineString", "coordinates": [[-76.988318, 38.944242], [-76.988595, 38.945259]]}, "properties": {"STREETNAME": "SARGENT", "STREETTYPE": "RD", "FHWAFUNCTIONALCLASS": 4}}, {"type": "Feature", "geometry": {"type": "LineString", "coordinates": [[-77.021921, 38.912321], [-77.022945, 38.91197]]}, "properties": {"STREETNAME": "RHODE ISLAND", "STREETTYPE": "AVE", "FHWAFUNCTIONALCLASS": 3}}, {"type": "Feature", "geometry": {"type": "LineString", "coordinates": [[-76.98953, 38.951642], [-76.989488, 38.952035], [-76.989398, 38.952228], [-76.98926, 38.952417]]}, "properties": {"STREETNAME": "SARGENT", "STREETTYPE": "RD", "FHWAFUNCTIONALCLASS": 4}}, {"type": "Feature", "geometry": {"type": "LineString", "coordinates": [[-76.986668, 38.901255], [-76.985931, 38.900943]]}, "properties": {"STREETNAME": "FLORIDA", "STREETTYPE": "AVE", "FHWAFUNCTIONALCLASS": 3}}, {"type": "Feature", "geometry": {"type": "LineString", "coordinates": [[-76.917574, 38.899283], [-76.918069, 38.89967]]}, "properties": {"STREETNAME": "EASTERN", "STREETTYPE": "AVE", "FHWAFUNCTIONALCLASS": 4}}, {"type": "Feature", "geometry": {"type": "LineString", "coordinates": [[-77.078156, 38.959033], [-77.078638, 38.959305], [-77.079108, 38.959661]]}, "properties": {"STREETNAME": "RENO", "STREETTYPE": "RD", "FHWAFUNCTIONALCLASS": 4}}, {"type": "Feature", "geometry": {"type": "LineString", "coordinates": [[-77.041707, 38.899602], [-77.041989, 38.899699]]}, "properties": {"STREETNAME": "PENNSYLVANIA", "STREETTYPE": "AVE", "FHWAFUNCTIONALCLASS": 3}}, {"type": "Feature", "geometry": {"type": "LineString", "coordinates": [[-77.081287, 38.952074], [-77.081956, 38.953361]]}, "properties": {"STREETNAME": "WISCONSIN", "STREETTYPE": "AVE", "FHWAFUNCTIONALCLASS": 3}}, {"type": "Feature", "geometry": {"type": "LineString", "coordinates": [[-76.991529, 38.902519], [-76.990243, 38.902498]]}, "properties": {"STREETNAME": "K", "STREETTYPE": "ST", "FHWAFUNCTIONALCLASS": 4}}, {"type": "Feature", "geometry": {"type": "LineString", "coordinates": [[-76.988002, 38.940729], [-76.987501, 38.941156]]}, "properties": {"STREETNAME": "MICHIGAN", "STREETTYPE": "AVE", "FHWAFUNCTIONALCLASS": 4}}, {"type": "Feature", "geometry": {"type": "LineString", "coordinates": [[-76.990185, 38.902747], [-76.989702, 38.902547]]}, "properties": {"STREETNAME": "FLORIDA", "STREETTYPE": "AVE", "FHWAFUNCTIONALCLASS": 3}}, {"type": "Feature", "geometry": {"type": "LineString", "coordinates": [[-77.028084, 38.911133], [-77.028756, 38.911133]]}, "properties": {"STREETNAME": "Q", "STREETTYPE": "ST", "FHWAFUNCTIONALCLASS": 4}}, {"type": "Feature", "geometry": {"type": "LineString", "coordinates": [[-77.006951, 38.918116], [-77.006505, 38.91965], [-77.006406, 38.919818], [-77.006105, 38.920014], [-77.004467, 38.92091], [-77.004306, 38.921088], [-77.004223, 38.921317]]}, "properties": {"STREETNAME": "LINCOLN", "STREETTYPE": "RD", "FHWAFUNCTIONALCLASS": 4}}, {"type": "Feature", "geometry": {"type": "LineString", "coordinates": [[-77.083528, 38.951045], [-77.083881, 38.951297]]}, "properties": {"STREETNAME": "RIVER", "STREETTYPE": "RD", "FHWAFUNCTIONALCLASS": 4}}, {"type": "Feature", "geometry": {"type": "LineString", "coordinates": [[-77.036878, 38.907144], [-77.037655, 38.90686]]}, "properties": {"STREETNAME": "RHODE ISLAND", "STREETTYPE": "AVE", "FHWAFUNCTIONALCLASS": 4}}, {"type": "Feature", "geometry": {"type": "LineString", "coordinates": [[-77.077466, 38.943955], [-77.07793, 38.944791]]}, "properties": {"STREETNAME": "WISCONSIN", "STREETTYPE": "AVE", "FHWAFUNCTIONALCLASS": 3}}, {"type": "Feature", "geometry": {"type": "LineString", "coordinates": [[-77.056108, 38.902539], [-77.05637, 38.902648], [-77.057924, 38.902654], [-77.059108, 38.902575]]}, "properties": {"STREETNAME": "WHITEHURST", "STREETTYPE": "FWY", "FHWAFUNCTIONALCLASS": 2}}, {"type": "Feature", "geometry": {"type": "LineString", "coordinates": [[-76.997232, 38.961624], [-76.997804, 38.962066]]}, "properties": {"STREETNAME": "EASTERN", "STREETTYPE": "AVE", "FHWAFUNCTIONALCLASS": 4}}, {"type": "Feature", "geometry": {"type": "LineString", "coordinates": [[-76.923269, 38.898366], [-76.922513, 38.898366]]}, "properties": {"STREETNAME": "NANNIE HELEN BURROUGHS", "STREETTYPE": "AVE", "FHWAFUNCTIONALCLASS": 4}}, {"type": "Feature", "geometry": {"type": "LineString", "coordinates": [[-77.101428, 38.948735], [-77.101275, 38.948595]]}, "properties": {"STREETNAME": "WESTMORELAND", "STREETTYPE": "CIR", "FHWAFUNCTIONALCLASS": 4}}, {"type": "Feature", "geometry": {"type": "LineString", "coordinates": [[-76.968342, 38.922377], [-76.967963, 38.922792]]}, "properties": {"STREETNAME": "BLADENSBURG", "STREETTYPE": "RD", "FHWAFUNCTIONALCLASS": 4}}, {"type": "Feature", "geometry": {"type": "LineString", "coordinates": [[-77.078326, 38.945502], [-77.078498, 38.945811]]}, "properties": {"STREETNAME": "WISCONSIN", "STREETTYPE": "AVE", "FHWAFUNCTIONALCLASS": 3}}, {"type": "Feature", "geometry": {"type": "LineString", "coordinates": [[-76.977748, 38.937226], [-76.978416, 38.937868]]}, "properties": {"STREETNAME": "SOUTH DAKOTA", "STREETTYPE": "AVE", "FHWAFUNCTIONALCLASS": 3}}, {"type": "Feature", "geometry": {"type": "LineString", "coordinates": [[-76.979776, 38.90567], [-76.979089, 38.90675]]}, "properties": {"STREETNAME": "BLADENSBURG", "STREETTYPE": "RD", "FHWAFUNCTIONALCLASS": 4}}, {"type": "Feature", "geometry": {"type": "LineString", "coordinates": [[-76.937685, 38.890078], [-76.937545, 38.889779]]}, "properties": {"STREETNAME": "BENNING", "STREETTYPE": "RD", "FHWAFUNCTIONALCLASS": 3}}, {"type": "Feature", "geometry": {"type": "LineString", "coordinates": [[-77.050941, 38.912386], [-77.051057, 38.912222], [-77.051037, 38.912045], [-77.050897, 38.911904], [-77.050663, 38.911845]]}, "properties": {"STREETNAME": "SHERIDAN", "STREETTYPE": "CIR", "FHWAFUNCTIONALCLASS": 3}}, {"type": "Feature", "geometry": {"type": "LineString", "coordinates": [[-77.002473, 38.965699], [-77.002347, 38.96586]]}, "properties": {"STREETNAME": "NEW HAMPSHIRE", "STREETTYPE": "AVE", "FHWAFUNCTIONALCLASS": 3}}, {"type": "Feature", "geometry": {"type": "LineString", "coordinates": [[-77.036878, 38.907144], [-77.036758, 38.907057], [-77.036612, 38.907028], [-77.036392, 38.907041], [-77.036187, 38.907139]]}, "properties": {"STREETNAME": "SCOTT", "STREETTYPE": "CIR", "FHWAFUNCTIONALCLASS": 3}}, {"type": "Feature", "geometry": {"type": "LineString", "coordinates": [[-77.022591, 38.947321], [-77.022558, 38.947165], [-77.0225, 38.947059], [-77.022366, 38.946926], [-77.022242, 38.946856]]}, "properties": {"STREETNAME": "SHERMAN", "STREETTYPE": "CIR", "FHWAFUNCTIONALCLASS": 4}}, {"type": "Feature", "geometry": {"type": "LineString", "coordinates": [[-77.031955, 38.912614], [-77.033247, 38.912619]]}, "properties": {"STREETNAME": "R", "STREETTYPE": "ST", "FHWAFUNCTIONALCLASS": 4}}, {"type": "Feature", "geometry": {"type": "LineString", "coordinates": [[-76.978992, 38.904978], [-76.97899, 38.905637]]}, "properties": {"STREETNAME": "17TH", "STREETTYPE": "ST", "FHWAFUNCTIONALCLASS": 4}}, {"type": "Feature", "geometry": {"type": "LineString", "coordinates": [[-76.991528, 38.900208], [-76.990242, 38.900209]]}, "properties": {"STREETNAME": "H", "STREETTYPE": "ST", "FHWAFUNCTIONALCLASS": 3}}, {"type": "Feature", "geometry": {"type": "LineString", "coordinates": [[-77.0086, 38.947067], [-77.007512, 38.946351]]}, "properties": {"STREETNAME": "HAWAII", "STREETTYPE": "AVE", "FHWAFUNCTIONALCLASS": 3}}, {"type": "Feature", "geometry": {"type": "LineString", "coordinates": [[-77.000575, 38.893095], [-77.000581, 38.893591]]}, "properties": {"STREETNAME": "4TH", "STREETTYPE": "ST", "FHWAFUNCTIONALCLASS": 4}}, {"type": "Feature", "geometry": {"type": "LineString", "coordinates": [[-77.066183, 38.912776], [-77.066314, 38.912745], [-77.067903, 38.912715]]}, "properties": {"STREETNAME": "RESERVOIR", "STREETTYPE": "RD", "FHWAFUNCTIONALCLASS": 4}}, {"type": "Feature", "geometry": {"type": "LineString", "coordinates": [[-76.998452, 38.893089], [-76.998151, 38.893025], [-76.99617, 38.892224]]}, "properties": {"STREETNAME": "MASSACHUSETTS", "STREETTYPE": "AVE", "FHWAFUNCTIONALCLASS": 4}}, {"type": "Feature", "geometry": {"type": "LineString", "coordinates": [[-76.991535, 38.893587], [-76.990244, 38.893582]]}, "properties": {"STREETNAME": "C", "STREETTYPE": "ST", "FHWAFUNCTIONALCLASS": 4}}, {"type": "Feature", "geometry": {"type": "LineString", "coordinates": [[-77.001824, 38.934545], [-77.002134, 38.936163]]}, "properties": {"STREETNAME": "HAREWOOD", "STREETTYPE": "RD", "FHWAFUNCTIONALCLASS": 4}}, {"type": "Feature", "geometry": {"type": "LineString", "coordinates": [[-76.960571, 38.922072], [-76.961057, 38.922411]]}, "properties": {"STREETNAME": "SOUTH DAKOTA", "STREETTYPE": "AVE", "FHWAFUNCTIONALCLASS": 3}}, {"type": "Feature", "geometry": {"type": "LineString", "coordinates": [[-77.086206, 38.952937], [-77.086755, 38.953322]]}, "properties": {"STREETNAME": "RIVER", "STREETTYPE": "RD", "FHWAFUNCTIONALCLASS": 4}}, {"type": "Feature", "geometry": {"type": "LineString", "coordinates": [[-77.034558, 38.911134], [-77.03652, 38.911131]]}, "properties": {"STREETNAME": "Q", "STREETTYPE": "ST", "FHWAFUNCTIONALCLASS": 4}}, {"type": "Feature", "geometry": {"type": "LineString", "coordinates": [[-76.995681, 38.892025], [-76.994963, 38.891731]]}, "properties": {"STREETNAME": "MASSACHUSETTS", "STREETTYPE": "AVE", "FHWAFUNCTIONALCLASS": 4}}, {"type": "Feature", "geometry": {"type": "LineString", "coordinates": [[-77.041667, 38.912616], [-77.043434, 38.912615]]}, "properties": {"STREETNAME": "R", "STREETTYPE": "ST", "FHWAFUNCTIONALCLASS": 4}}, {"type": "Feature", "geometry": {"type": "LineString", "coordinates": [[-77.067903, 38.912715], [-77.069248, 38.912683]]}, "properties": {"STREETNAME": "RESERVOIR", "STREETTYPE": "RD", "FHWAFUNCTIONALCLASS": 4}}, {"type": "Feature", "geometry": {"type": "LineString", "coordinates": [[-77.064623, 38.909832], [-77.064907, 38.910368]]}, "properties": {"STREETNAME": "WISCONSIN", "STREETTYPE": "AVE", "FHWAFUNCTIONALCLASS": 3}}, {"type": "Feature", "geometry": {"type": "LineString", "coordinates": [[-77.01331, 38.912613], [-77.01518, 38.912609]]}, "properties": {"STREETNAME": "R", "STREETTYPE": "ST", "FHWAFUNCTIONALCLASS": 4}}, {"type": "Feature", "geometry": {"type": "LineString", "coordinates": [[-77.023969, 38.911623], [-77.025131, 38.911218]]}, "properties": {"STREETNAME": "RHODE ISLAND", "STREETTYPE": "AVE", "FHWAFUNCTIONALCLASS": 3}}, {"type": "Feature", "geometry": {"type": "LineString", "coordinates": [[-77.002038, 38.894614], [-77.000904, 38.89415], [-77.000579, 38.894081]]}, "properties": {"STREETNAME": "MASSACHUSETTS", "STREETTYPE": "AVE", "FHWAFUNCTIONALCLASS": 4}}, {"type": "Feature", "geometry": {"type": "LineString", "coordinates": [[-77.025805, 38.925876], [-77.025864, 38.926369]]}, "properties": {"STREETNAME": "SHERMAN", "STREETTYPE": "AVE", "FHWAFUNCTIONALCLASS": 4}}, {"type": "Feature", "geometry": {"type": "LineString", "coordinates": [[-76.92626, 38.906088], [-76.927696, 38.907221]]}, "properties": {"STREETNAME": "EASTERN", "STREETTYPE": "AVE", "FHWAFUNCTIONALCLASS": 4}}, {"type": "Feature", "geometry": {"type": "LineString", "coordinates": [[-77.059245, 38.936832], [-77.059726, 38.936831], [-77.060076, 38.936871], [-77.060482, 38.936968], [-77.06107, 38.937163]]}, "properties": {"STREETNAME": "PORTER", "STREETTYPE": "ST", "FHWAFUNCTIONALCLASS": 4}}, {"type": "Feature", "geometry": {"type": "LineString", "coordinates": [[-77.02668, 38.931769], [-77.026761, 38.932329]]}, "properties": {"STREETNAME": "SHERMAN", "STREETTYPE": "AVE", "FHWAFUNCTIONALCLASS": 4}}, {"type": "Feature", "geometry": {"type": "LineString", "coordinates": [[-77.078422, 38.946291], [-77.078407, 38.946375], [-77.07844, 38.946503], [-77.07852, 38.946586]]}, "properties": {"STREETNAME": "TENLEY", "STREETTYPE": "CIR", "FHWAFUNCTIONALCLASS": 3}}, {"type": "Feature", "geometry": {"type": "LineString", "coordinates": [[-77.025992, 38.912616], [-77.027037, 38.912615]]}, "properties": {"STREETNAME": "R", "STREETTYPE": "ST", "FHWAFUNCTIONALCLASS": 4}}, {"type": "Feature", "geometry": {"type": "LineString", "coordinates": [[-76.977262, 38.893309], [-76.976227, 38.893307]]}, "properties": {"STREETNAME": "C", "STREETTYPE": "ST", "FHWAFUNCTIONALCLASS": 4}}, {"type": "Feature", "geometry": {"type": "LineString", "coordinates": [[-77.018054, 38.929618], [-77.018279, 38.930564]]}, "properties": {"STREETNAME": "PARK", "STREETTYPE": "PL", "FHWAFUNCTIONALCLASS": 4}}, {"type": "Feature", "geometry": {"type": "LineString", "coordinates": [[-76.987501, 38.941156], [-76.987199, 38.941418]]}, "properties": {"STREETNAME": "MICHIGAN", "STREETTYPE": "AVE", "FHWAFUNCTIONALCLASS": 4}}, {"type": "Feature", "geometry": {"type": "LineString", "coordinates": [[-77.062836, 38.906034], [-77.062862, 38.906478], [-77.063039, 38.906833]]}, "properties": {"STREETNAME": "WISCONSIN", "STREETTYPE": "AVE", "FHWAFUNCTIONALCLASS": 3}}, {"type": "Feature", "geometry": {"type": "LineString", "coordinates": [[-76.967963, 38.922792], [-76.967256, 38.923447]]}, "properties": {"STREETNAME": "BLADENSBURG", "STREETTYPE": "RD", "FHWAFUNCTIONALCLASS": 4}}, {"type": "Feature", "geometry": {"type": "LineString", "coordinates": [[-77.000573, 38.925599], [-77.000572, 38.926626]]}, "properties": {"STREETNAME": "4TH", "STREETTYPE": "ST", "FHWAFUNCTIONALCLASS": 4}}, {"type": "Feature", "geometry": {"type": "LineString", "coordinates": [[-77.066687, 38.913735], [-77.067207, 38.914707]]}, "properties": {"STREETNAME": "WISCONSIN", "STREETTYPE": "AVE", "FHWAFUNCTIONALCLASS": 3}}, {"type": "Feature", "geometry": {"type": "LineString", "coordinates": [[-76.989392, 38.955492], [-76.990355, 38.956246]]}, "properties": {"STREETNAME": "EASTERN", "STREETTYPE": "AVE", "FHWAFUNCTIONALCLASS": 4}}, {"type": "Feature", "geometry": {"type": "LineString", "coordinates": [[-76.922286, 38.902976], [-76.923601, 38.904006]]}, "properties": {"STREETNAME": "EASTERN", "STREETTYPE": "AVE", "FHWAFUNCTIONALCLASS": 4}}, {"type": "Feature", "geometry": {"type": "LineString", "coordinates": [[-76.961532, 38.928152], [-76.960787, 38.928707], [-76.958637, 38.93014]]}, "properties": {"STREETNAME": "BLADENSBURG", "STREETTYPE": "RD", "FHWAFUNCTIONALCLASS": 4}}, {"type": "Feature", "geometry": {"type": "LineString", "coordinates": [[-76.9708, 38.919371], [-76.970257, 38.92004]]}, "properties": {"STREETNAME": "BLADENSBURG", "STREETTYPE": "RD", "FHWAFUNCTIONALCLASS": 4}}, {"type": "Feature", "geometry": {"type": "LineString", "coordinates": [[-76.990251, 38.938322], [-76.990237, 38.938772]]}, "properties": {"STREETNAME": "12TH", "STREETTYPE": "ST", "FHWAFUNCTIONALCLASS": 4}}, {"type": "Feature", "geometry": {"type": "LineString", "coordinates": [[-77.041989, 38.899699], [-77.043465, 38.90021]]}, "properties": {"STREETNAME": "PENNSYLVANIA", "STREETTYPE": "AVE", "FHWAFUNCTIONALCLASS": 3}}, {"type": "Feature", "geometry": {"type": "LineString", "coordinates": [[-76.929588, 38.898349], [-76.927465, 38.898358]]}, "properties": {"STREETNAME": "NANNIE HELEN BURROUGHS", "STREETTYPE": "AVE", "FHWAFUNCTIONALCLASS": 4}}, {"type": "Feature", "geometry": {"type": "LineString", "coordinates": [[-76.932752, 38.911178], [-76.933945, 38.912111]]}, "properties": {"STREETNAME": "EASTERN", "STREETTYPE": "AVE", "FHWAFUNCTIONALCLASS": 4}}, {"type": "Feature", "geometry": {"type": "LineString", "coordinates": [[-77.066026, 38.912479], [-77.066183, 38.912776]]}, "properties": {"STREETNAME": "WISCONSIN", "STREETTYPE": "AVE", "FHWAFUNCTIONALCLASS": 3}}, {"type": "Feature", "geometry": {"type": "LineString", "coordinates": [[-77.007269, 38.917001], [-77.007137, 38.917474]]}, "properties": {"STREETNAME": "LINCOLN", "STREETTYPE": "RD", "FHWAFUNCTIONALCLASS": 4}}, {"type": "Feature", "geometry": {"type": "LineString", "coordinates": [[-76.949163, 38.895141], [-76.948027, 38.894618]]}, "properties": {"STREETNAME": "BENNING", "STREETTYPE": "RD", "FHWAFUNCTIONALCLASS": 3}}, {"type": "Feature", "geometry": {"type": "LineString", "coordinates": [[-76.99376, 38.904282], [-76.993137, 38.904008]]}, "properties": {"STREETNAME": "FLORIDA", "STREETTYPE": "AVE", "FHWAFUNCTIONALCLASS": 3}}, {"type": "Feature", "geometry": {"type": "LineString", "coordinates": [[-76.975154, 38.893303], [-76.975093, 38.893368], [-76.974317, 38.893236], [-76.973619, 38.893025], [-76.973029, 38.892789], [-76.972366, 38.892439], [-76.971926, 38.89214], [-76.970573, 38.890853], [-76.970141, 38.890503], [-76.969826, 38.890295], [-76.969469, 38.890122], [-76.969067, 38.889988], [-76.968561, 38.889886], [-76.967851, 38.889799]]}, "properties": {"STREETNAME": "C", "STREETTYPE": "ST", "FHWAFUNCTIONALCLASS": 4}}, {"type": "Feature", "geometry": {"type": "LineString", "coordinates": [[-76.999527, 38.920135], [-76.997884, 38.920708], [-76.99477, 38.921708]]}, "properties": {"STREETNAME": "RHODE ISLAND", "STREETTYPE": "AVE", "FHWAFUNCTIONALCLASS": 3}}, {"type": "Feature", "geometry": {"type": "LineString", "coordinates": [[-76.999508, 38.892022], [-76.998452, 38.892023]]}, "properties": {"STREETNAME": "CONSTITUTION", "STREETTYPE": "AVE", "FHWAFUNCTIONALCLASS": 4}}, {"type": "Feature", "geometry": {"type": "LineString", "coordinates": [[-76.995844, 38.90962], [-76.995621, 38.909713], [-76.994101, 38.910126], [-76.99365, 38.91029], [-76.993084, 38.910614], [-76.992651, 38.910995]]}, "properties": {"STREETNAME": "BRENTWOOD", "STREETTYPE": "PKWY", "FHWAFUNCTIONALCLASS": 4}}, {"type": "Feature", "geometry": {"type": "LineString", "coordinates": [[-76.923601, 38.904006], [-76.924153, 38.904437]]}, "properties": {"STREETNAME": "EASTERN", "STREETTYPE": "AVE", "FHWAFUNCTIONALCLASS": 4}}, {"type": "Feature", "geometry": {"type": "LineString", "coordinates": [[-77.077147, 38.958526], [-77.078156, 38.959033]]}, "properties": {"STREETNAME": "RENO", "STREETTYPE": "RD", "FHWAFUNCTIONALCLASS": 4}}, {"type": "Feature", "geometry": {"type": "LineString", "coordinates": [[-77.000574, 38.892022], [-76.999508, 38.892022]]}, "properties": {"STREETNAME": "CONSTITUTION", "STREETTYPE": "AVE", "FHWAFUNCTIONALCLASS": 4}}, {"type": "Feature", "geometry": {"type": "LineString", "coordinates": [[-76.913388, 38.889758], [-76.912409, 38.890522]]}, "properties": {"STREETNAME": "SOUTHERN", "STREETTYPE": "AVE", "FHWAFUNCTIONALCLASS": 3}}, {"type": "Feature", "geometry": {"type": "LineString", "coordinates": [[-76.994963, 38.891731], [-76.993765, 38.891242]]}, "properties": {"STREETNAME": "MASSACHUSETTS", "STREETTYPE": "AVE", "FHWAFUNCTIONALCLASS": 4}}, {"type": "Feature", "geometry": {"type": "LineString", "coordinates": [[-77.07291, 38.922551], [-77.073126, 38.922922]]}, "properties": {"STREETNAME": "WISCONSIN", "STREETTYPE": "AVE", "FHWAFUNCTIONALCLASS": 3}}, {"type": "Feature", "geometry": {"type": "LineString", "coordinates": [[-76.963449, 38.93521], [-76.96439, 38.935943]]}, "properties": {"STREETNAME": "EASTERN", "STREETTYPE": "AVE", "FHWAFUNCTIONALCLASS": 4}}, {"type": "Feature", "geometry": {"type": "LineString", "coordinates": [[-76.962083, 38.934141], [-76.963449, 38.93521]]}, "properties": {"STREETNAME": "EASTERN", "STREETTYPE": "AVE", "FHWAFUNCTIONALCLASS": 4}}, {"type": "Feature", "geometry": {"type": "LineString", "coordinates": [[-77.000575, 38.893095], [-76.999514, 38.893093]]}, "properties": {"STREETNAME": "C", "STREETTYPE": "ST", "FHWAFUNCTIONALCLASS": 4}}, {"type": "Feature", "geometry": {"type": "LineString", "coordinates": [[-76.933765, 38.902907], [-76.932716, 38.902958]]}, "properties": {"STREETNAME": "SHERIFF", "STREETTYPE": "RD", "FHWAFUNCTIONALCLASS": 4}}, {"type": "Feature", "geometry": {"type": "LineString", "coordinates": [[-77.007526, 38.945269], [-77.007542, 38.946154], [-77.007512, 38.946351]]}, "properties": {"STREETNAME": "CLERMONT", "STREETTYPE": "DR", "FHWAFUNCTIONALCLASS": 3}}, {"type": "Feature", "geometry": {"type": "LineString", "coordinates": [[-77.00422, 38.892018], [-77.003517, 38.892018]]}, "properties": {"STREETNAME": "CONSTITUTION", "STREETTYPE": "AVE", "FHWAFUNCTIONALCLASS": 4}}, {"type": "Feature", "geometry": {"type": "LineString", "coordinates": [[-76.990238, 38.941804], [-76.990239, 38.94234]]}, "properties": {"STREETNAME": "12TH", "STREETTYPE": "ST", "FHWAFUNCTIONALCLASS": 4}}, {"type": "Feature", "geometry": {"type": "LineString", "coordinates": [[-77.074594, 38.957028], [-77.075041, 38.957372], [-77.075549, 38.957695]]}, "properties": {"STREETNAME": "RENO", "STREETTYPE": "RD", "FHWAFUNCTIONALCLASS": 4}}, {"type": "Feature", "geometry": {"type": "LineString", "coordinates": [[-76.911223, 38.894329], [-76.911878, 38.89482]]}, "properties": {"STREETNAME": "EASTERN", "STREETTYPE": "AVE", "FHWAFUNCTIONALCLASS": 4}}, {"type": "Feature", "geometry": {"type": "LineString", "coordinates": [[-77.073192, 38.927537], [-77.073164, 38.928619]]}, "properties": {"STREETNAME": "WISCONSIN", "STREETTYPE": "AVE", "FHWAFUNCTIONALCLASS": 3}}, {"type": "Feature", "geometry": {"type": "LineString", "coordinates": [[-76.990198, 38.923131], [-76.989939, 38.923212]]}, "properties": {"STREETNAME": "RHODE ISLAND", "STREETTYPE": "AVE", "FHWAFUNCTIONALCLASS": 3}}, {"type": "Feature", "geometry": {"type": "LineString", "coordinates": [[-76.979089, 38.90675], [-76.97879, 38.907178], [-76.977315, 38.909507], [-76.976235, 38.912635]]}, "properties": {"STREETNAME": "BLADENSBURG", "STREETTYPE": "RD", "FHWAFUNCTIONALCLASS": 4}}, {"type": "Feature", "geometry": {"type": "LineString", "coordinates": [[-76.986473, 38.892016], [-76.985513, 38.89202]]}, "properties": {"STREETNAME": "CONSTITUTION", "STREETTYPE": "AVE", "FHWAFUNCTIONALCLASS": 4}}, {"type": "Feature", "geometry": {"type": "LineString", "coordinates": [[-76.97805, 38.946187], [-76.977721, 38.946394]]}, "properties": {"STREETNAME": "MICHIGAN", "STREETTYPE": "AVE", "FHWAFUNCTIONALCLASS": 4}}, {"type": "Feature", "geometry": {"type": "LineString", "coordinates": [[-77.07889, 38.946512], [-77.079011, 38.946414], [-77.079092, 38.946286]]}, "properties": {"STREETNAME": "TENLEY", "STREETTYPE": "CIR", "FHWAFUNCTIONALCLASS": 3}}, {"type": "Feature", "geometry": {"type": "LineString", "coordinates": [[-76.931664, 38.898621], [-76.930665, 38.898448]]}, "properties": {"STREETNAME": "NANNIE HELEN BURROUGHS", "STREETTYPE": "AVE", "FHWAFUNCTIONALCLASS": 4}}, {"type": "Feature", "geometry": {"type": "LineString", "coordinates": [[-77.02191, 38.947886], [-77.022193, 38.947831]]}, "properties": {"STREETNAME": "SHERMAN", "STREETTYPE": "CIR", "FHWAFUNCTIONALCLASS": 4}}, {"type": "Feature", "geometry": {"type": "LineString", "coordinates": [[-76.991383, 38.919279], [-76.989243, 38.921058]]}, "properties": {"STREETNAME": "BRENTWOOD", "STREETTYPE": "RD", "FHWAFUNCTIONALCLASS": 4}}, {"type": "Feature", "geometry": {"type": "LineString", "coordinates": [[-77.041226, 38.917016], [-77.041657, 38.916992]]}, "properties": {"STREETNAME": "U", "STREETTYPE": "ST", "FHWAFUNCTIONALCLASS": 4}}, {"type": "Feature", "geometry": {"type": "LineString", "coordinates": [[-77.047555, 38.912616], [-77.048789, 38.912614]]}, "properties": {"STREETNAME": "R", "STREETTYPE": "ST", "FHWAFUNCTIONALCLASS": 4}}, {"type": "Feature", "geometry": {"type": "LineString", "coordinates": [[-76.976227, 38.893307], [-76.975154, 38.893303]]}, "properties": {"STREETNAME": "C", "STREETTYPE": "ST", "FHWAFUNCTIONALCLASS": 4}}, {"type": "Feature", "geometry": {"type": "LineString", "coordinates": [[-77.098838, 38.950548], [-77.098212, 38.951038]]}, "properties": {"STREETNAME": "WESTERN", "STREETTYPE": "AVE", "FHWAFUNCTIONALCLASS": 4}}, {"type": "Feature", "geometry": {"type": "LineString", "coordinates": [[-76.981178, 38.933041], [-76.979617, 38.93312]]}, "properties": {"STREETNAME": "MONROE", "STREETTYPE": "ST", "FHWAFUNCTIONALCLASS": 4}}, {"type": "Feature", "geometry": {"type": "LineString", "coordinates": [[-77.048834, 38.902096], [-77.049509, 38.902347]]}, "properties": {"STREETNAME": "PENNSYLVANIA", "STREETTYPE": "AVE", "FHWAFUNCTIONALCLASS": 3}}, {"type": "Feature", "geometry": {"type": "LineString", "coordinates": [[-77.080183, 38.94882], [-77.080401, 38.949693]]}, "properties": {"STREETNAME": "WISCONSIN", "STREETTYPE": "AVE", "FHWAFUNCTIONALCLASS": 3}}, {"type": "Feature", "geometry": {"type": "LineString", "coordinates": [[-77.056607, 38.900672], [-77.057208, 38.900988]]}, "properties": {"STREETNAME": "VIRGINIA", "STREETTYPE": "AVE", "FHWAFUNCTIONALCLASS": 4}}, {"type": "Feature", "geometry": {"type": "LineString", "coordinates": [[-77.000562, 38.931401], [-76.997693, 38.932552]]}, "properties": {"STREETNAME": "MICHIGAN", "STREETTYPE": "AVE", "FHWAFUNCTIONALCLASS": 4}}, {"type": "Feature", "geometry": {"type": "LineString", "coordinates": [[-77.072507, 38.934644], [-77.072894, 38.935524]]}, "properties": {"STREETNAME": "WISCONSIN", "STREETTYPE": "AVE", "FHWAFUNCTIONALCLASS": 3}}, {"type": "Feature", "geometry": {"type": "LineString", "coordinates": [[-76.998454, 38.893594], [-76.998457, 38.894054]]}, "properties": {"STREETNAME": "6TH", "STREETTYPE": "ST", "FHWAFUNCTIONALCLASS": 4}}, {"type": "Feature", "geometry": {"type": "LineString", "coordinates": [[-76.988352, 38.892011], [-76.986473, 38.892016]]}, "properties": {"STREETNAME": "CONSTITUTION", "STREETTYPE": "AVE", "FHWAFUNCTIONALCLASS": 4}}, {"type": "Feature", "geometry": {"type": "LineString", "coordinates": [[-77.021471, 38.975246], [-77.021067, 38.975814]]}, "properties": {"STREETNAME": "PINEY BRANCH", "STREETTYPE": "RD", "FHWAFUNCTIONALCLASS": 4}}, {"type": "Feature", "geometry": {"type": "LineString", "coordinates": [[-76.944373, 38.902775], [-76.943603, 38.902342]]}, "properties": {"STREETNAME": "NANNIE HELEN BURROUGHS", "STREETTYPE": "AVE", "FHWAFUNCTIONALCLASS": 4}}, {"type": "Feature", "geometry": {"type": "LineString", "coordinates": [[-77.066389, 38.937343], [-77.068638, 38.93734]]}, "properties": {"STREETNAME": "PORTER", "STREETTYPE": "ST", "FHWAFUNCTIONALCLASS": 4}}, {"type": "Feature", "geometry": {"type": "LineString", "coordinates": [[-76.998321, 38.911062], [-76.990582, 38.913774], [-76.989122, 38.914258]]}, "properties": {"STREETNAME": "NEW YORK", "STREETTYPE": "AVE", "FHWAFUNCTIONALCLASS": 3}}, {"type": "Feature", "geometry": {"type": "LineString", "coordinates": [[-76.998452, 38.893089], [-76.998454, 38.893594]]}, "properties": {"STREETNAME": "6TH", "STREETTYPE": "ST", "FHWAFUNCTIONALCLASS": 4}}, {"type": "Feature", "geometry": {"type": "LineString", "coordinates": [[-77.073164, 38.928619], [-77.073108, 38.929032]]}, "properties": {"STREETNAME": "WISCONSIN", "STREETTYPE": "AVE", "FHWAFUNCTIONALCLASS": 3}}, {"type": "Feature", "geometry": {"type": "LineString", "coordinates": [[-76.917784, 38.898375], [-76.916649, 38.898379], [-76.916483, 38.898421]]}, "properties": {"STREETNAME": "NANNIE HELEN BURROUGHS", "STREETTYPE": "AVE", "FHWAFUNCTIONALCLASS": 4}}, {"type": "Feature", "geometry": {"type": "LineString", "coordinates": [[-76.992642, 38.940732], [-76.990237, 38.940731]]}, "properties": {"STREETNAME": "TAYLOR", "STREETTYPE": "ST", "FHWAFUNCTIONALCLASS": 4}}, {"type": "Feature", "geometry": {"type": "LineString", "coordinates": [[-76.998446, 38.90252], [-76.996166, 38.90252]]}, "properties": {"STREETNAME": "K", "STREETTYPE": "ST", "FHWAFUNCTIONALCLASS": 4}}, {"type": "Feature", "geometry": {"type": "LineString", "coordinates": [[-76.918975, 38.900378], [-76.919204, 38.900558]]}, "properties": {"STREETNAME": "EASTERN", "STREETTYPE": "AVE", "FHWAFUNCTIONALCLASS": 4}}, {"type": "Feature", "geometry": {"type": "LineString", "coordinates": [[-76.961057, 38.922411], [-76.962673, 38.923513]]}, "properties": {"STREETNAME": "SOUTH DAKOTA", "STREETTYPE": "AVE", "FHWAFUNCTIONALCLASS": 3}}, {"type": "Feature", "geometry": {"type": "LineString", "coordinates": [[-77.052048, 38.911855], [-77.052349, 38.912146], [-77.052942, 38.912588], [-77.053218, 38.912754], [-77.053567, 38.91291]]}, "properties": {"STREETNAME": "ROCK CREEK AND POTOMAC PKWY", "STREETTYPE": "PKWY", "FHWAFUNCTIONALCLASS": 3}}, {"type": "Feature", "geometry": {"type": "LineString", "coordinates": [[-76.9628, 38.927117], [-76.961738, 38.927986]]}, "properties": {"STREETNAME": "BLADENSBURG", "STREETTYPE": "RD", "FHWAFUNCTIONALCLASS": 4}}, {"type": "Feature", "geometry": {"type": "LineString", "coordinates": [[-76.925113, 38.90519], [-76.92626, 38.906088]]}, "properties": {"STREETNAME": "EASTERN", "STREETTYPE": "AVE", "FHWAFUNCTIONALCLASS": 4}}, {"type": "Feature", "geometry": {"type": "LineString", "coordinates": [[-76.97899, 38.905637], [-76.978986, 38.906198], [-76.979089, 38.90675]]}, "properties": {"STREETNAME": "17TH", "STREETTYPE": "ST", "FHWAFUNCTIONALCLASS": 4}}, {"type": "Feature", "geometry": {"type": "LineString", "coordinates": [[-77.043437, 38.911137], [-77.04489, 38.911134]]}, "properties": {"STREETNAME": "Q", "STREETTYPE": "ST", "FHWAFUNCTIONALCLASS": 4}}, {"type": "Feature", "geometry": {"type": "LineString", "coordinates": [[-77.01518, 38.912609], [-77.016172, 38.912611]]}, "properties": {"STREETNAME": "R", "STREETTYPE": "ST", "FHWAFUNCTIONALCLASS": 4}}, {"type": "Feature", "geometry": {"type": "LineString", "coordinates": [[-76.990239, 38.942872], [-76.99024, 38.944268]]}, "properties": {"STREETNAME": "12TH", "STREETTYPE": "ST", "FHWAFUNCTIONALCLASS": 4}}, {"type": "Feature", "geometry": {"type": "LineString", "coordinates": [[-77.044902, 38.900713], [-77.046655, 38.901326]]}, "properties": {"STREETNAME": "PENNSYLVANIA", "STREETTYPE": "AVE", "FHWAFUNCTIONALCLASS": 3}}, {"type": "Feature", "geometry": {"type": "LineString", "coordinates": [[-77.069317, 38.943169], [-77.069825, 38.944039]]}, "properties": {"STREETNAME": "RENO", "STREETTYPE": "RD", "FHWAFUNCTIONALCLASS": 4}}, {"type": "Feature", "geometry": {"type": "LineString", "coordinates": [[-76.975475, 38.898739], [-76.974176, 38.898512]]}, "properties": {"STREETNAME": "BENNING", "STREETTYPE": "RD", "FHWAFUNCTIONALCLASS": 3}}, {"type": "Feature", "geometry": {"type": "LineString", "coordinates": [[-76.986395, 38.898927], [-76.986123, 38.899037]]}, "properties": {"STREETNAME": "MARYLAND", "STREETTYPE": "AVE", "FHWAFUNCTIONALCLASS": 4}}, {"type": "Feature", "geometry": {"type": "LineString", "coordinates": [[-77.02177, 38.974823], [-77.021471, 38.975246]]}, "properties": {"STREETNAME": "PINEY BRANCH", "STREETTYPE": "RD", "FHWAFUNCTIONALCLASS": 4}}, {"type": "Feature", "geometry": {"type": "LineString", "coordinates": [[-77.061656, 38.940979], [-77.062295, 38.940953], [-77.062708, 38.940902], [-77.064169, 38.940581]]}, "properties": {"STREETNAME": "TILDEN", "STREETTYPE": "ST", "FHWAFUNCTIONALCLASS": 4}}, {"type": "Feature", "geometry": {"type": "LineString", "coordinates": [[-77.064288, 38.91044], [-77.064783, 38.910408], [-77.064907, 38.910368]]}, "properties": {"STREETNAME": "Q", "STREETTYPE": "ST", "FHWAFUNCTIONALCLASS": 4}}, {"type": "Feature", "geometry": {"type": "LineString", "coordinates": [[-77.024408, 38.971284], [-77.024265, 38.971477]]}, "properties": {"STREETNAME": "PINEY BRANCH", "STREETTYPE": "RD", "FHWAFUNCTIONALCLASS": 4}}, {"type": "Feature", "geometry": {"type": "LineString", "coordinates": [[-77.036495, 38.91701], [-77.038475, 38.917011]]}, "properties": {"STREETNAME": "U", "STREETTYPE": "ST", "FHWAFUNCTIONALCLASS": 4}}, {"type": "Feature", "geometry": {"type": "LineString", "coordinates": [[-76.943603, 38.902342], [-76.942611, 38.901935]]}, "properties": {"STREETNAME": "NANNIE HELEN BURROUGHS", "STREETTYPE": "AVE", "FHWAFUNCTIONALCLASS": 4}}, {"type": "Feature", "geometry": {"type": "LineString", "coordinates": [[-77.030899, 38.911134], [-77.031954, 38.911137]]}, "properties": {"STREETNAME": "Q", "STREETTYPE": "ST", "FHWAFUNCTIONALCLASS": 4}}, {"type": "Feature", "geometry": {"type": "LineString", "coordinates": [[-77.024265, 38.971477], [-77.023647, 38.972355]]}, "properties": {"STREETNAME": "PINEY BRANCH", "STREETTYPE": "RD", "FHWAFUNCTIONALCLASS": 4}}, {"type": "Feature", "geometry": {"type": "LineString", "coordinates": [[-76.991638, 38.957254], [-76.992638, 38.958036]]}, "properties": {"STREETNAME": "EASTERN", "STREETTYPE": "AVE", "FHWAFUNCTIONALCLASS": 4}}, {"type": "Feature", "geometry": {"type": "LineString", "coordinates": [[-77.007472, 38.916289], [-77.007269, 38.917001]]}, "properties": {"STREETNAME": "LINCOLN", "STREETTYPE": "RD", "FHWAFUNCTIONALCLASS": 4}}, {"type": "Feature", "geometry": {"type": "LineString", "coordinates": [[-76.99024, 38.944268], [-76.990241, 38.945268]]}, "properties": {"STREETNAME": "12TH", "STREETTYPE": "ST", "FHWAFUNCTIONALCLASS": 4}}, {"type": "Feature", "geometry": {"type": "LineString", "coordinates": [[-77.022947, 38.912613], [-77.02397, 38.912614]]}, "properties": {"STREETNAME": "R", "STREETTYPE": "ST", "FHWAFUNCTIONALCLASS": 4}}, {"type": "Feature", "geometry": {"type": "LineString", "coordinates": [[-77.007971, 38.926793], [-77.006296, 38.927017]]}, "properties": {"STREETNAME": "MICHIGAN", "STREETTYPE": "AVE", "FHWAFUNCTIONALCLASS": 4}}, {"type": "Feature", "geometry": {"type": "LineString", "coordinates": [[-76.980766, 38.893308], [-76.979871, 38.893306]]}, "properties": {"STREETNAME": "C", "STREETTYPE": "ST", "FHWAFUNCTIONALCLASS": 4}}, {"type": "Feature", "geometry": {"type": "LineString", "coordinates": [[-77.072894, 38.935524], [-77.073152, 38.936082]]}, "properties": {"STREETNAME": "WISCONSIN", "STREETTYPE": "AVE", "FHWAFUNCTIONALCLASS": 3}}, {"type": "Feature", "geometry": {"type": "LineString", "coordinates": [[-77.073191, 38.924704], [-77.073191, 38.92619]]}, "properties": {"STREETNAME": "WISCONSIN", "STREETTYPE": "AVE", "FHWAFUNCTIONALCLASS": 3}}, {"type": "Feature", "geometry": {"type": "LineString", "coordinates": [[-76.975659, 38.913416], [-76.97507, 38.914136]]}, "properties": {"STREETNAME": "BLADENSBURG", "STREETTYPE": "RD", "FHWAFUNCTIONALCLASS": 4}}, {"type": "Feature", "geometry": {"type": "LineString", "coordinates": [[-77.025864, 38.926369], [-77.025941, 38.926862]]}, "properties": {"STREETNAME": "SHERMAN", "STREETTYPE": "AVE", "FHWAFUNCTIONALCLASS": 4}}, {"type": "Feature", "geometry": {"type": "LineString", "coordinates": [[-76.989172, 38.947311], [-76.989517, 38.948595], [-76.989532, 38.949434]]}, "properties": {"STREETNAME": "SARGENT", "STREETTYPE": "RD", "FHWAFUNCTIONALCLASS": 4}}, {"type": "Feature", "geometry": {"type": "LineString", "coordinates": [[-76.911146, 38.891516], [-76.910992, 38.891777], [-76.910935, 38.891973]]}, "properties": {"STREETNAME": "63RD", "STREETTYPE": "ST", "FHWAFUNCTIONALCLASS": 3}}, {"type": "Feature", "geometry": {"type": "LineString", "coordinates": [[-77.045159, 38.912614], [-77.046634, 38.912617]]}, "properties": {"STREETNAME": "R", "STREETTYPE": "ST", "FHWAFUNCTIONALCLASS": 4}}, {"type": "Feature", "geometry": {"type": "LineString", "coordinates": [[-77.034874, 38.931049], [-77.035945, 38.931465]]}, "properties": {"STREETNAME": "PARK", "STREETTYPE": "RD", "FHWAFUNCTIONALCLASS": 4}}, {"type": "Feature", "geometry": {"type": "LineString", "coordinates": [[-77.069385, 38.917733], [-77.070642, 38.919206]]}, "properties": {"STREETNAME": "WISCONSIN", "STREETTYPE": "AVE", "FHWAFUNCTIONALCLASS": 3}}, {"type": "Feature", "geometry": {"type": "LineString", "coordinates": [[-76.95244, 38.89067], [-76.951477, 38.891996]]}, "properties": {"STREETNAME": "MINNESOTA", "STREETTYPE": "AVE", "FHWAFUNCTIONALCLASS": 4}}, {"type": "Feature", "geometry": {"type": "LineString", "coordinates": [[-77.053783, 38.903807], [-77.054756, 38.904135]]}, "properties": {"STREETNAME": "PENNSYLVANIA", "STREETTYPE": "AVE", "FHWAFUNCTIONALCLASS": 3}}, {"type": "Feature", "geometry": {"type": "LineString", "coordinates": [[-77.006296, 38.927017], [-77.006211, 38.926807], [-77.006058, 38.926591], [-77.00591, 38.926435], [-77.005732, 38.926312]]}, "properties": {"STREETNAME": "FRANKLIN", "STREETTYPE": "ST", "FHWAFUNCTIONALCLASS": 4}}, {"type": "Feature", "geometry": {"type": "LineString", "coordinates": [[-77.031954, 38.911137], [-77.034558, 38.911134]]}, "properties": {"STREETNAME": "Q", "STREETTYPE": "ST", "FHWAFUNCTIONALCLASS": 4}}, {"type": "Feature", "geometry": {"type": "LineString", "coordinates": [[-76.992639, 38.903797], [-76.991524, 38.903326]]}, "properties": {"STREETNAME": "FLORIDA", "STREETTYPE": "AVE", "FHWAFUNCTIONALCLASS": 3}}, {"type": "Feature", "geometry": {"type": "LineString", "coordinates": [[-77.070642, 38.919206], [-77.071437, 38.920142]]}, "properties": {"STREETNAME": "WISCONSIN", "STREETTYPE": "AVE", "FHWAFUNCTIONALCLASS": 3}}, {"type": "Feature", "geometry": {"type": "LineString", "coordinates": [[-76.990352, 38.924407], [-76.990443, 38.925533]]}, "properties": {"STREETNAME": "12TH", "STREETTYPE": "ST", "FHWAFUNCTIONALCLASS": 4}}, {"type": "Feature", "geometry": {"type": "LineString", "coordinates": [[-77.073108, 38.929032], [-77.073047, 38.929421]]}, "properties": {"STREETNAME": "WISCONSIN", "STREETTYPE": "AVE", "FHWAFUNCTIONALCLASS": 3}}, {"type": "Feature", "geometry": {"type": "LineString", "coordinates": [[-77.020852, 38.876979], [-77.021279, 38.877433]]}, "properties": {"STREETNAME": "MAINE", "STREETTYPE": "AVE", "FHWAFUNCTIONALCLASS": 4}}, {"type": "Feature", "geometry": {"type": "LineString", "coordinates": [[-76.933857, 38.873825], [-76.932497, 38.87487]]}, "properties": {"STREETNAME": "SOUTHERN", "STREETTYPE": "AVE", "FHWAFUNCTIONALCLASS": 4}}, {"type": "Feature", "geometry": {"type": "LineString", "coordinates": [[-76.960517, 38.870356], [-76.960385, 38.869299]]}, "properties": {"STREETNAME": "BRANCH", "STREETTYPE": "AVE", "FHWAFUNCTIONALCLASS": 4}}, {"type": "Feature", "geometry": {"type": "LineString", "coordinates": [[-76.956112, 38.867552], [-76.953311, 38.866411]]}, "properties": {"STREETNAME": "PENNSYLVANIA", "STREETTYPE": "AVE", "FHWAFUNCTIONALCLASS": 3}}, {"type": "Feature", "geometry": {"type": "LineString", "coordinates": [[-76.996077, 38.856074], [-76.99611, 38.855767], [-76.99606, 38.855078]]}, "properties": {"STREETNAME": "MARTIN LUTHER KING JR", "STREETTYPE": "AVE", "FHWAFUNCTIONALCLASS": 4}}, {"type": "Feature", "geometry": {"type": "LineString", "coordinates": [[-76.955642, 38.863981], [-76.955167, 38.864224]]}, "properties": {"STREETNAME": "ALABAMA", "STREETTYPE": "AVE", "FHWAFUNCTIONALCLASS": 4}}, {"type": "Feature", "geometry": {"type": "LineString", "coordinates": [[-77.003522, 38.887621], [-77.003106, 38.887507], [-77.002044, 38.887076]]}, "properties": {"STREETNAME": "PENNSYLVANIA", "STREETTYPE": "AVE", "FHWAFUNCTIONALCLASS": 3}}, {"type": "Feature", "geometry": {"type": "LineString", "coordinates": [[-77.024139, 38.879747], [-77.024856, 38.880321]]}, "properties": {"STREETNAME": "MAINE", "STREETTYPE": "AVE", "FHWAFUNCTIONALCLASS": 4}}, {"type": "Feature", "geometry": {"type": "LineString", "coordinates": [[-76.978788, 38.927802], [-76.97845, 38.927965]]}, "properties": {"STREETNAME": "RHODE ISLAND", "STREETTYPE": "AVE", "FHWAFUNCTIONALCLASS": 3}}, {"type": "Feature", "geometry": {"type": "LineString", "coordinates": [[-76.938356, 38.902744], [-76.937831, 38.902752]]}, "properties": {"STREETNAME": "SHERIFF", "STREETTYPE": "RD", "FHWAFUNCTIONALCLASS": 4}}, {"type": "Feature", "geometry": {"type": "LineString", "coordinates": [[-76.971256, 38.897996], [-76.970411, 38.897851]]}, "properties": {"STREETNAME": "BENNING", "STREETTYPE": "RD", "FHWAFUNCTIONALCLASS": 3}}, {"type": "Feature", "geometry": {"type": "LineString", "coordinates": [[-76.978879, 38.938313], [-76.979968, 38.939347], [-76.980154, 38.939584]]}, "properties": {"STREETNAME": "SOUTH DAKOTA", "STREETTYPE": "AVE", "FHWAFUNCTIONALCLASS": 3}}, {"type": "Feature", "geometry": {"type": "LineString", "coordinates": [[-77.091249, 38.956485], [-77.091389, 38.956589]]}, "properties": {"STREETNAME": "RIVER", "STREETTYPE": "RD", "FHWAFUNCTIONALCLASS": 4}}, {"type": "Feature", "geometry": {"type": "LineString", "coordinates": [[-76.990198, 38.923131], [-76.990278, 38.923523]]}, "properties": {"STREETNAME": "12TH", "STREETTYPE": "ST", "FHWAFUNCTIONALCLASS": 4}}, {"type": "Feature", "geometry": {"type": "LineString", "coordinates": [[-77.063869, 38.908406], [-77.0641, 38.908845]]}, "properties": {"STREETNAME": "WISCONSIN", "STREETTYPE": "AVE", "FHWAFUNCTIONALCLASS": 3}}, {"type": "Feature", "geometry": {"type": "LineString", "coordinates": [[-76.993137, 38.904008], [-76.992639, 38.903797]]}, "properties": {"STREETNAME": "FLORIDA", "STREETTYPE": "AVE", "FHWAFUNCTIONALCLASS": 3}}, {"type": "Feature", "geometry": {"type": "LineString", "coordinates": [[-76.986983, 38.945304], [-76.988398, 38.946318]]}, "properties": {"STREETNAME": "SOUTH DAKOTA", "STREETTYPE": "AVE", "FHWAFUNCTIONALCLASS": 3}}, {"type": "Feature", "geometry": {"type": "LineString", "coordinates": [[-76.992648, 38.896385], [-76.991528, 38.896835]]}, "properties": {"STREETNAME": "MARYLAND", "STREETTYPE": "AVE", "FHWAFUNCTIONALCLASS": 4}}, {"type": "Feature", "geometry": {"type": "LineString", "coordinates": [[-77.087586, 38.959369], [-77.086558, 38.960148]]}, "properties": {"STREETNAME": "WESTERN", "STREETTYPE": "AVE", "FHWAFUNCTIONALCLASS": 4}}, {"type": "Feature", "geometry": {"type": "LineString", "coordinates": [[-77.022242, 38.946856], [-77.022048, 38.946798], [-77.021858, 38.946791]]}, "properties": {"STREETNAME": "SHERMAN", "STREETTYPE": "CIR", "FHWAFUNCTIONALCLASS": 4}}, {"type": "Feature", "geometry": {"type": "LineString", "coordinates": [[-76.993766, 38.91724], [-76.991383, 38.919279]]}, "properties": {"STREETNAME": "BRENTWOOD", "STREETTYPE": "RD", "FHWAFUNCTIONALCLASS": 4}}, {"type": "Feature", "geometry": {"type": "LineString", "coordinates": [[-76.98518, 38.900656], [-76.984155, 38.900219]]}, "properties": {"STREETNAME": "FLORIDA", "STREETTYPE": "AVE", "FHWAFUNCTIONALCLASS": 3}}, {"type": "Feature", "geometry": {"type": "LineString", "coordinates": [[-76.940248, 38.891983], [-76.939208, 38.891535]]}, "properties": {"STREETNAME": "BENNING", "STREETTYPE": "RD", "FHWAFUNCTIONALCLASS": 3}}, {"type": "Feature", "geometry": {"type": "LineString", "coordinates": [[-76.964774, 38.871094], [-76.963092, 38.870407]]}, "properties": {"STREETNAME": "PENNSYLVANIA", "STREETTYPE": "AVE", "FHWAFUNCTIONALCLASS": 3}}, {"type": "Feature", "geometry": {"type": "LineString", "coordinates": [[-76.959638, 38.865335], [-76.959181, 38.862887]]}, "properties": {"STREETNAME": "BRANCH", "STREETTYPE": "AVE", "FHWAFUNCTIONALCLASS": 3}}, {"type": "Feature", "geometry": {"type": "LineString", "coordinates": [[-77.033681, 38.879008], [-77.032897, 38.879165], [-77.032293, 38.87941], [-77.031809, 38.879705], [-77.030437, 38.880752]]}, "properties": {"STREETNAME": "INTERSTATE 395", "STREETTYPE": "I", "FHWAFUNCTIONALCLASS": 1}}, {"type": "Feature", "geometry": {"type": "LineString", "coordinates": [[-76.991538, 38.877663], [-76.991536, 38.877233]]}, "properties": {"STREETNAME": "11TH", "STREETTYPE": "ST", "FHWAFUNCTIONALCLASS": 4}}, {"type": "Feature", "geometry": {"type": "LineString", "coordinates": [[-76.960942, 38.873827], [-76.960867, 38.873215]]}, "properties": {"STREETNAME": "BRANCH", "STREETTYPE": "AVE", "FHWAFUNCTIONALCLASS": 4}}, {"type": "Feature", "geometry": {"type": "LineString", "coordinates": [[-76.997392, 38.845097], [-76.997725, 38.844649]]}, "properties": {"STREETNAME": "MARTIN LUTHER KING JR", "STREETTYPE": "AVE", "FHWAFUNCTIONALCLASS": 4}}, {"type": "Feature", "geometry": {"type": "LineString", "coordinates": [[-76.996191, 38.876486], [-76.994971, 38.876483]]}, "properties": {"STREETNAME": "M", "STREETTYPE": "ST", "FHWAFUNCTIONALCLASS": 4}}, {"type": "Feature", "geometry": {"type": "LineString", "coordinates": [[-76.991531, 38.884113], [-76.991533, 38.8828]]}, "properties": {"STREETNAME": "11TH", "STREETTYPE": "ST", "FHWAFUNCTIONALCLASS": 4}}, {"type": "Feature", "geometry": {"type": "LineString", "coordinates": [[-76.961139, 38.87855], [-76.959928, 38.880242]]}, "properties": {"STREETNAME": "MINNESOTA", "STREETTYPE": "AVE", "FHWAFUNCTIONALCLASS": 4}}, {"type": "Feature", "geometry": {"type": "LineString", "coordinates": [[-76.966912, 38.859925], [-76.966846, 38.859953]]}, "properties": {"STREETNAME": "ALABAMA", "STREETTYPE": "AVE", "FHWAFUNCTIONALCLASS": 4}}, {"type": "Feature", "geometry": {"type": "LineString", "coordinates": [[-76.991531, 38.886041], [-76.991532, 38.885106]]}, "properties": {"STREETNAME": "11TH", "STREETTYPE": "ST", "FHWAFUNCTIONALCLASS": 4}}, {"type": "Feature", "geometry": {"type": "LineString", "coordinates": [[-76.99606, 38.855078], [-76.99591, 38.85306]]}, "properties": {"STREETNAME": "MARTIN LUTHER KING JR", "STREETTYPE": "AVE", "FHWAFUNCTIONALCLASS": 4}}, {"type": "Feature", "geometry": {"type": "LineString", "coordinates": [[-76.923975, 38.881502], [-76.922331, 38.882783]]}, "properties": {"STREETNAME": "SOUTHERN", "STREETTYPE": "AVE", "FHWAFUNCTIONALCLASS": 4}}, {"type": "Feature", "geometry": {"type": "LineString", "coordinates": [[-77.009051, 38.957668], [-77.00905, 38.958737]]}, "properties": {"STREETNAME": "NORTH CAPITOL", "STREETTYPE": "ST", "FHWAFUNCTIONALCLASS": 4}}, {"type": "Feature", "geometry": {"type": "LineString", "coordinates": [[-76.940786, 38.86841], [-76.939731, 38.869233]]}, "properties": {"STREETNAME": "SOUTHERN", "STREETTYPE": "AVE", "FHWAFUNCTIONALCLASS": 4}}, {"type": "Feature", "geometry": {"type": "LineString", "coordinates": [[-76.927606, 38.888659], [-76.92687, 38.888346]]}, "properties": {"STREETNAME": "CENTRAL", "STREETTYPE": "AVE", "FHWAFUNCTIONALCLASS": 4}}, {"type": "Feature", "geometry": {"type": "LineString", "coordinates": [[-77.009009, 38.952415], [-77.00905, 38.95292], [-77.009049, 38.95346]]}, "properties": {"STREETNAME": "NORTH CAPITOL", "STREETTYPE": "ST", "FHWAFUNCTIONALCLASS": 3}}, {"type": "Feature", "geometry": {"type": "LineString", "coordinates": [[-77.011877, 38.876466], [-77.012178, 38.876466]]}, "properties": {"STREETNAME": "M", "STREETTYPE": "ST", "FHWAFUNCTIONALCLASS": 4}}, {"type": "Feature", "geometry": {"type": "LineString", "coordinates": [[-77.005875, 38.87649], [-77.004161, 38.876489]]}, "properties": {"STREETNAME": "M", "STREETTYPE": "ST", "FHWAFUNCTIONALCLASS": 4}}, {"type": "Feature", "geometry": {"type": "LineString", "coordinates": [[-77.015174, 38.888193], [-77.01518, 38.887574]]}, "properties": {"STREETNAME": "3RD", "STREETTYPE": "ST", "FHWAFUNCTIONALCLASS": 3}}, {"type": "Feature", "geometry": {"type": "LineString", "coordinates": [[-76.991533, 38.8828], [-76.991535, 38.881275]]}, "properties": {"STREETNAME": "11TH", "STREETTYPE": "ST", "FHWAFUNCTIONALCLASS": 4}}, {"type": "Feature", "geometry": {"type": "LineString", "coordinates": [[-76.970786, 38.864249], [-76.970596, 38.863809], [-76.969545, 38.862227], [-76.969354, 38.861865]]}, "properties": {"STREETNAME": "NAYLOR", "STREETTYPE": "RD", "FHWAFUNCTIONALCLASS": 4}}, {"type": "Feature", "geometry": {"type": "LineString", "coordinates": [[-76.955167, 38.864224], [-76.953738, 38.864728]]}, "properties": {"STREETNAME": "ALABAMA", "STREETTYPE": "AVE", "FHWAFUNCTIONALCLASS": 4}}, {"type": "Feature", "geometry": {"type": "LineString", "coordinates": [[-76.970922, 38.868675], [-76.970694, 38.868255]]}, "properties": {"STREETNAME": "NAYLOR", "STREETTYPE": "RD", "FHWAFUNCTIONALCLASS": 4}}, {"type": "Feature", "geometry": {"type": "LineString", "coordinates": [[-76.993507, 38.843818], [-76.993296, 38.843855]]}, "properties": {"STREETNAME": "ALABAMA", "STREETTYPE": "AVE", "FHWAFUNCTIONALCLASS": 4}}, {"type": "Feature", "geometry": {"type": "LineString", "coordinates": [[-76.967368, 38.875153], [-76.966654, 38.875508]]}, "properties": {"STREETNAME": "MINNESOTA", "STREETTYPE": "AVE", "FHWAFUNCTIONALCLASS": 4}}, {"type": "Feature", "geometry": {"type": "LineString", "coordinates": [[-76.944866, 38.8791], [-76.944504, 38.878582], [-76.944027, 38.878014], [-76.943384, 38.877379], [-76.942936, 38.877017], [-76.94259, 38.876837], [-76.941433, 38.876421], [-76.939896, 38.875482], [-76.938816, 38.874908]]}, "properties": {"STREETNAME": "RIDGE", "STREETTYPE": "RD", "FHWAFUNCTIONALCLASS": 4}}, {"type": "Feature", "geometry": {"type": "LineString", "coordinates": [[-77.010653, 38.879293], [-77.012959, 38.879294]]}, "properties": {"STREETNAME": "I", "STREETTYPE": "ST", "FHWAFUNCTIONALCLASS": 4}}, {"type": "Feature", "geometry": {"type": "LineString", "coordinates": [[-76.952225, 38.865971], [-76.951326, 38.865602]]}, "properties": {"STREETNAME": "PENNSYLVANIA", "STREETTYPE": "AVE", "FHWAFUNCTIONALCLASS": 3}}, {"type": "Feature", "geometry": {"type": "LineString", "coordinates": [[-76.997969, 38.844325], [-76.998185, 38.844122], [-76.99846, 38.843951]]}, "properties": {"STREETNAME": "MARTIN LUTHER KING JR", "STREETTYPE": "AVE", "FHWAFUNCTIONALCLASS": 4}}, {"type": "Feature", "geometry": {"type": "LineString", "coordinates": [[-76.931003, 38.876035], [-76.929934, 38.876867]]}, "properties": {"STREETNAME": "SOUTHERN", "STREETTYPE": "AVE", "FHWAFUNCTIONALCLASS": 4}}, {"type": "Feature", "geometry": {"type": "LineString", "coordinates": [[-77.009051, 38.914093], [-77.009044, 38.919179]]}, "properties": {"STREETNAME": "NORTH CAPITOL", "STREETTYPE": "ST", "FHWAFUNCTIONALCLASS": 3}}, {"type": "Feature", "geometry": {"type": "LineString", "coordinates": [[-76.991532, 38.885106], [-76.991531, 38.884113]]}, "properties": {"STREETNAME": "11TH", "STREETTYPE": "ST", "FHWAFUNCTIONALCLASS": 4}}, {"type": "Feature", "geometry": {"type": "LineString", "coordinates": [[-76.959181, 38.862887], [-76.959002, 38.861931]]}, "properties": {"STREETNAME": "BRANCH", "STREETTYPE": "AVE", "FHWAFUNCTIONALCLASS": 3}}, {"type": "Feature", "geometry": {"type": "LineString", "coordinates": [[-76.994968, 38.884192], [-76.994975, 38.883746]]}, "properties": {"STREETNAME": "8TH", "STREETTYPE": "ST", "FHWAFUNCTIONALCLASS": 4}}, {"type": "Feature", "geometry": {"type": "LineString", "coordinates": [[-77.021908, 38.883246], [-77.021907, 38.882821]]}, "properties": {"STREETNAME": "7TH", "STREETTYPE": "ST", "FHWAFUNCTIONALCLASS": 4}}, {"type": "Feature", "geometry": {"type": "LineString", "coordinates": [[-76.971614, 38.873169], [-76.971524, 38.873309], [-76.971527, 38.873604], [-76.971421, 38.873834]]}, "properties": {"STREETNAME": "MINNESOTA", "STREETTYPE": "AVE", "FHWAFUNCTIONALCLASS": 4}}, {"type": "Feature", "geometry": {"type": "LineString", "coordinates": [[-76.936096, 38.873469], [-76.935853, 38.87334]]}, "properties": {"STREETNAME": "RIDGE", "STREETTYPE": "RD", "FHWAFUNCTIONALCLASS": 4}}, {"type": "Feature", "geometry": {"type": "LineString", "coordinates": [[-77.00905, 38.958737], [-77.009052, 38.959454]]}, "properties": {"STREETNAME": "NORTH CAPITOL", "STREETTYPE": "ST", "FHWAFUNCTIONALCLASS": 4}}, {"type": "Feature", "geometry": {"type": "LineString", "coordinates": [[-77.009044, 38.920243], [-77.009044, 38.921314]]}, "properties": {"STREETNAME": "NORTH CAPITOL", "STREETTYPE": "ST", "FHWAFUNCTIONALCLASS": 3}}, {"type": "Feature", "geometry": {"type": "LineString", "coordinates": [[-76.98031, 38.846911], [-76.979734, 38.847142], [-76.979168, 38.847459]]}, "properties": {"STREETNAME": "ALABAMA", "STREETTYPE": "AVE", "FHWAFUNCTIONALCLASS": 4}}, {"type": "Feature", "geometry": {"type": "LineString", "coordinates": [[-77.017561, 38.881292], [-77.01755, 38.879293]]}, "properties": {"STREETNAME": "4TH", "STREETTYPE": "ST", "FHWAFUNCTIONALCLASS": 4}}, {"type": "Feature", "geometry": {"type": "LineString", "coordinates": [[-76.989486, 38.83347], [-76.98903, 38.83317]]}, "properties": {"STREETNAME": "WHEELER", "STREETTYPE": "RD", "FHWAFUNCTIONALCLASS": 4}}, {"type": "Feature", "geometry": {"type": "LineString", "coordinates": [[-76.969891, 38.873867], [-76.969322, 38.87417]]}, "properties": {"STREETNAME": "MINNESOTA", "STREETTYPE": "AVE", "FHWAFUNCTIONALCLASS": 4}}, {"type": "Feature", "geometry": {"type": "LineString", "coordinates": [[-76.948115, 38.868893], [-76.947897, 38.869117], [-76.947474, 38.869425], [-76.946687, 38.869894], [-76.945884, 38.870234], [-76.944962, 38.870492]]}, "properties": {"STREETNAME": "ALABAMA", "STREETTYPE": "AVE", "FHWAFUNCTIONALCLASS": 4}}, {"type": "Feature", "geometry": {"type": "LineString", "coordinates": [[-76.930153, 38.889771], [-76.930056, 38.889771]]}, "properties": {"STREETNAME": "EAST CAPITOL", "STREETTYPE": "ST", "FHWAFUNCTIONALCLASS": 3}}, {"type": "Feature", "geometry": {"type": "LineString", "coordinates": [[-76.969699, 38.860755], [-76.969818, 38.860519], [-76.96988, 38.86031], [-76.969981, 38.85925]]}, "properties": {"STREETNAME": "25TH", "STREETTYPE": "ST", "FHWAFUNCTIONALCLASS": 4}}, {"type": "Feature", "geometry": {"type": "LineString", "coordinates": [[-76.979168, 38.847459], [-76.979026, 38.847555]]}, "properties": {"STREETNAME": "ALABAMA", "STREETTYPE": "AVE", "FHWAFUNCTIONALCLASS": 4}}, {"type": "Feature", "geometry": {"type": "LineString", "coordinates": [[-77.009068, 38.898925], [-77.009068, 38.89957]]}, "properties": {"STREETNAME": "NORTH CAPITOL", "STREETTYPE": "ST", "FHWAFUNCTIONALCLASS": 3}}, {"type": "Feature", "geometry": {"type": "LineString", "coordinates": [[-76.956961, 38.884388], [-76.955806, 38.886005]]}, "properties": {"STREETNAME": "MINNESOTA", "STREETTYPE": "AVE", "FHWAFUNCTIONALCLASS": 4}}, {"type": "Feature", "geometry": {"type": "LineString", "coordinates": [[-76.933626, 38.882281], [-76.93328, 38.881853], [-76.933042, 38.881499]]}, "properties": {"STREETNAME": "BENNING", "STREETTYPE": "RD", "FHWAFUNCTIONALCLASS": 4}}, {"type": "Feature", "geometry": {"type": "LineString", "coordinates": [[-76.936006, 38.872135], [-76.935407, 38.872598]]}, "properties": {"STREETNAME": "SOUTHERN", "STREETTYPE": "AVE", "FHWAFUNCTIONALCLASS": 4}}, {"type": "Feature", "geometry": {"type": "LineString", "coordinates": [[-76.990244, 38.882257], [-76.988311, 38.881464]]}, "properties": {"STREETNAME": "PENNSYLVANIA", "STREETTYPE": "AVE", "FHWAFUNCTIONALCLASS": 3}}, {"type": "Feature", "geometry": {"type": "LineString", "coordinates": [[-76.934816, 38.873057], [-76.934218, 38.873525]]}, "properties": {"STREETNAME": "SOUTHERN", "STREETTYPE": "AVE", "FHWAFUNCTIONALCLASS": 4}}, {"type": "Feature", "geometry": {"type": "LineString", "coordinates": [[-76.960628, 38.871259], [-76.960517, 38.870356]]}, "properties": {"STREETNAME": "BRANCH", "STREETTYPE": "AVE", "FHWAFUNCTIONALCLASS": 4}}, {"type": "Feature", "geometry": {"type": "LineString", "coordinates": [[-77.009193, 38.839599], [-77.009234, 38.839309], [-77.009181, 38.838971], [-77.008949, 38.838467], [-77.008467, 38.837559], [-77.007746, 38.835695]]}, "properties": {"STREETNAME": "SOUTH CAPITOL", "STREETTYPE": "ST", "FHWAFUNCTIONALCLASS": 4}}, {"type": "Feature", "geometry": {"type": "LineString", "coordinates": [[-77.017557, 38.889712], [-77.017563, 38.888804]]}, "properties": {"STREETNAME": "4TH", "STREETTYPE": "ST", "FHWAFUNCTIONALCLASS": 4}}, {"type": "Feature", "geometry": {"type": "LineString", "coordinates": [[-76.960887, 38.877855], [-76.960811, 38.878075], [-76.960858, 38.878275]]}, "properties": {"STREETNAME": "RANDLE", "STREETTYPE": "CIR", "FHWAFUNCTIONALCLASS": 4}}, {"type": "Feature", "geometry": {"type": "LineString", "coordinates": [[-76.949671, 38.886429], [-76.948864, 38.885658], [-76.948188, 38.884895]]}, "properties": {"STREETNAME": "RIDGE", "STREETTYPE": "RD", "FHWAFUNCTIONALCLASS": 4}}, {"type": "Feature", "geometry": {"type": "LineString", "coordinates": [[-76.92094, 38.886279], [-76.919819, 38.886022]]}, "properties": {"STREETNAME": "CENTRAL", "STREETTYPE": "AVE", "FHWAFUNCTIONALCLASS": 4}}, {"type": "Feature", "geometry": {"type": "LineString", "coordinates": [[-76.942478, 38.86709], [-76.94138, 38.867946]]}, "properties": {"STREETNAME": "SOUTHERN", "STREETTYPE": "AVE", "FHWAFUNCTIONALCLASS": 4}}, {"type": "Feature", "geometry": {"type": "LineString", "coordinates": [[-76.962051, 38.878329], [-76.962116, 38.878071], [-76.962094, 38.877943], [-76.962021, 38.877817]]}, "properties": {"STREETNAME": "RANDLE", "STREETTYPE": "CIR", "FHWAFUNCTIONALCLASS": 4}}, {"type": "Feature", "geometry": {"type": "LineString", "coordinates": [[-77.052142, 38.888558], [-77.05176, 38.888633], [-77.051463, 38.88864], [-77.05122, 38.8886], [-77.05039, 38.888344], [-77.050179, 38.888314]]}, "properties": {"STREETNAME": "LINCOLN MEMORIAL", "STREETTYPE": "CIR", "FHWAFUNCTIONALCLASS": 3}}, {"type": "Feature", "geometry": {"type": "LineString", "coordinates": [[-76.959695, 38.865638], [-76.959638, 38.865335]]}, "properties": {"STREETNAME": "BRANCH", "STREETTYPE": "AVE", "FHWAFUNCTIONALCLASS": 3}}, {"type": "Feature", "geometry": {"type": "LineString", "coordinates": [[-77.021925, 38.879303], [-77.022069, 38.879123], [-77.02273, 38.878642]]}, "properties": {"STREETNAME": "7TH", "STREETTYPE": "ST", "FHWAFUNCTIONALCLASS": 4}}, {"type": "Feature", "geometry": {"type": "LineString", "coordinates": [[-76.968076, 38.874801], [-76.967777, 38.874949]]}, "properties": {"STREETNAME": "MINNESOTA", "STREETTYPE": "AVE", "FHWAFUNCTIONALCLASS": 4}}, {"type": "Feature", "geometry": {"type": "LineString", "coordinates": [[-76.967267, 38.856942], [-76.966499, 38.855827], [-76.96571, 38.854849]]}, "properties": {"STREETNAME": "NAYLOR", "STREETTYPE": "RD", "FHWAFUNCTIONALCLASS": 4}}, {"type": "Feature", "geometry": {"type": "LineString", "coordinates": [[-77.003531, 38.876489], [-77.002959, 38.876489]]}, "properties": {"STREETNAME": "M", "STREETTYPE": "ST", "FHWAFUNCTIONALCLASS": 4}}, {"type": "Feature", "geometry": {"type": "LineString", "coordinates": [[-76.936883, 38.888241], [-76.936603, 38.887584]]}, "properties": {"STREETNAME": "BENNING", "STREETTYPE": "RD", "FHWAFUNCTIONALCLASS": 4}}, {"type": "Feature", "geometry": {"type": "LineString", "coordinates": [[-76.979017, 38.865673], [-76.978493, 38.865565], [-76.978017, 38.865413], [-76.977246, 38.865063]]}, "properties": {"STREETNAME": "MARION BARRY", "STREETTYPE": "AVE", "FHWAFUNCTIONALCLASS": 4}}, {"type": "Feature", "geometry": {"type": "LineString", "coordinates": [[-76.969979, 38.854456], [-76.969979, 38.855127]]}, "properties": {"STREETNAME": "ALABAMA", "STREETTYPE": "AVE", "FHWAFUNCTIONALCLASS": 4}}, {"type": "Feature", "geometry": {"type": "LineString", "coordinates": [[-76.969979, 38.855127], [-76.969974, 38.85583]]}, "properties": {"STREETNAME": "ALABAMA", "STREETTYPE": "AVE", "FHWAFUNCTIONALCLASS": 4}}, {"type": "Feature", "geometry": {"type": "LineString", "coordinates": [[-76.924994, 38.889761], [-76.92393, 38.889762]]}, "properties": {"STREETNAME": "EAST CAPITOL", "STREETTYPE": "ST", "FHWAFUNCTIONALCLASS": 3}}, {"type": "Feature", "geometry": {"type": "LineString", "coordinates": [[-76.961306, 38.876793], [-76.961207, 38.875978]]}, "properties": {"STREETNAME": "BRANCH", "STREETTYPE": "AVE", "FHWAFUNCTIONALCLASS": 4}}, {"type": "Feature", "geometry": {"type": "LineString", "coordinates": [[-76.951495, 38.888188], [-76.95133, 38.888023]]}, "properties": {"STREETNAME": "RIDGE", "STREETTYPE": "RD", "FHWAFUNCTIONALCLASS": 4}}, {"type": "Feature", "geometry": {"type": "LineString", "coordinates": [[-77.058899, 38.886108], [-77.05931, 38.886062], [-77.059712, 38.886164]]}, "properties": {"STREETNAME": "MEMORIAL", "STREETTYPE": "AVE", "FHWAFUNCTIONALCLASS": 3}}, {"type": "Feature", "geometry": {"type": "LineString", "coordinates": [[-76.998457, 38.885604], [-76.996177, 38.884683]]}, "properties": {"STREETNAME": "PENNSYLVANIA", "STREETTYPE": "AVE", "FHWAFUNCTIONALCLASS": 3}}, {"type": "Feature", "geometry": {"type": "LineString", "coordinates": [[-76.997742, 38.862376], [-76.997402, 38.862205], [-76.995431, 38.861392], [-76.995046, 38.861184], [-76.994497, 38.860754], [-76.994154, 38.860379], [-76.994009, 38.86016], [-76.993814, 38.859782], [-76.99373, 38.859527], [-76.993632, 38.858999], [-76.993719, 38.856162], [-76.993709, 38.855918], [-76.993634, 38.855503], [-76.993454, 38.855022], [-76.993085, 38.854491], [-76.992613, 38.854053], [-76.992263, 38.853811], [-76.991865, 38.853598], [-76.991349, 38.853402], [-76.990126, 38.853061], [-76.988679, 38.852819], [-76.987666, 38.852738], [-76.987088, 38.85272], [-76.985908, 38.852751], [-76.985017, 38.852846], [-76.98423, 38.853004], [-76.983305, 38.853305]]}, "properties": {"STREETNAME": "SUITLAND", "STREETTYPE": "PKWY", "FHWAFUNCTIONALCLASS": 2}}, {"type": "Feature", "geometry": {"type": "LineString", "coordinates": [[-76.930801, 38.889771], [-76.930153, 38.889771]]}, "properties": {"STREETNAME": "EAST CAPITOL", "STREETTYPE": "ST", "FHWAFUNCTIONALCLASS": 3}}, {"type": "Feature", "geometry": {"type": "LineString", "coordinates": [[-76.958567, 38.868561], [-76.957222, 38.868009]]}, "properties": {"STREETNAME": "PENNSYLVANIA", "STREETTYPE": "AVE", "FHWAFUNCTIONALCLASS": 3}}, {"type": "Feature", "geometry": {"type": "LineString", "coordinates": [[-77.015211, 38.876467], [-77.017608, 38.876469]]}, "properties": {"STREETNAME": "M", "STREETTYPE": "ST", "FHWAFUNCTIONALCLASS": 4}}, {"type": "Feature", "geometry": {"type": "LineString", "coordinates": [[-76.935015, 38.872903], [-76.934816, 38.873057]]}, "properties": {"STREETNAME": "SOUTHERN", "STREETTYPE": "AVE", "FHWAFUNCTIONALCLASS": 4}}, {"type": "Feature", "geometry": {"type": "LineString", "coordinates": [[-76.955806, 38.886005], [-76.955234, 38.886805]]}, "properties": {"STREETNAME": "MINNESOTA", "STREETTYPE": "AVE", "FHWAFUNCTIONALCLASS": 4}}, {"type": "Feature", "geometry": {"type": "LineString", "coordinates": [[-77.054795, 38.893666], [-77.054651, 38.893955], [-77.054573, 38.894228], [-77.054351, 38.895739], [-77.054223, 38.896056], [-77.054045, 38.896271]]}, "properties": {"STREETNAME": "INTERSTATE 66", "STREETTYPE": "I", "FHWAFUNCTIONALCLASS": 1}}, {"type": "Feature", "geometry": {"type": "LineString", "coordinates": [[-77.009086, 38.872984], [-77.009087, 38.87204]]}, "properties": {"STREETNAME": "SOUTH CAPITOL", "STREETTYPE": "ST", "FHWAFUNCTIONALCLASS": 3}}, {"type": "Feature", "geometry": {"type": "LineString", "coordinates": [[-77.005888, 38.831214], [-77.00354, 38.830973]]}, "properties": {"STREETNAME": "ATLANTIC", "STREETTYPE": "ST", "FHWAFUNCTIONALCLASS": 4}}, {"type": "Feature", "geometry": {"type": "LineString", "coordinates": [[-77.009046, 38.926674], [-77.009018, 38.927239], [-77.008969, 38.927564], [-77.008851, 38.928002], [-77.008739, 38.928274], [-77.007168, 38.930859], [-77.006849, 38.931478], [-77.006525, 38.932244], [-77.006311, 38.932894], [-77.0062, 38.933369], [-77.006079, 38.934388], [-77.006083, 38.935034], [-77.006176, 38.935831], [-77.006289, 38.936342], [-77.006456, 38.936893], [-77.006848, 38.937808], [-77.008054, 38.940043], [-77.008315, 38.940634], [-77.008367, 38.941062], [-77.008326, 38.941621], [-77.008036, 38.942389]]}, "properties": {"STREETNAME": "NORTH CAPITOL", "STREETTYPE": "ST", "FHWAFUNCTIONALCLASS": 3}}, {"type": "Feature", "geometry": {"type": "LineString", "coordinates": [[-77.0091, 38.876477], [-77.008223, 38.876473]]}, "properties": {"STREETNAME": "M", "STREETTYPE": "ST", "FHWAFUNCTIONALCLASS": 4}}, {"type": "Feature", "geometry": {"type": "LineString", "coordinates": [[-77.000573, 38.830967], [-76.998505, 38.830964]]}, "properties": {"STREETNAME": "ATLANTIC", "STREETTYPE": "ST", "FHWAFUNCTIONALCLASS": 4}}, {"type": "Feature", "geometry": {"type": "LineString", "coordinates": [[-76.996552, 38.846218], [-76.997079, 38.845514]]}, "properties": {"STREETNAME": "MARTIN LUTHER KING JR", "STREETTYPE": "AVE", "FHWAFUNCTIONALCLASS": 4}}, {"type": "Feature", "geometry": {"type": "LineString", "coordinates": [[-77.017559, 38.883247], [-77.017561, 38.881292]]}, "properties": {"STREETNAME": "4TH", "STREETTYPE": "ST", "FHWAFUNCTIONALCLASS": 4}}, {"type": "Feature", "geometry": {"type": "LineString", "coordinates": [[-76.994639, 38.830964], [-76.992858, 38.830967], [-76.992752, 38.830917]]}, "properties": {"STREETNAME": "ATLANTIC", "STREETTYPE": "ST", "FHWAFUNCTIONALCLASS": 4}}, {"type": "Feature", "geometry": {"type": "LineString", "coordinates": [[-76.943524, 38.870781], [-76.941607, 38.871165]]}, "properties": {"STREETNAME": "ALABAMA", "STREETTYPE": "AVE", "FHWAFUNCTIONALCLASS": 4}}, {"type": "Feature", "geometry": {"type": "LineString", "coordinates": [[-77.015188, 38.879292], [-77.016233, 38.87929]]}, "properties": {"STREETNAME": "I", "STREETTYPE": "ST", "FHWAFUNCTIONALCLASS": 4}}, {"type": "Feature", "geometry": {"type": "LineString", "coordinates": [[-77.008623, 38.947386], [-77.008694, 38.948177]]}, "properties": {"STREETNAME": "NORTH CAPITOL", "STREETTYPE": "ST", "FHWAFUNCTIONALCLASS": 3}}, {"type": "Feature", "geometry": {"type": "LineString", "coordinates": [[-77.037555, 38.887717], [-77.037836, 38.887733], [-77.038809, 38.887975], [-77.039496, 38.888018]]}, "properties": {"STREETNAME": "INDEPENDENCE", "STREETTYPE": "AVE", "FHWAFUNCTIONALCLASS": 3}}, {"type": "Feature", "geometry": {"type": "LineString", "coordinates": [[-77.009068, 38.887596], [-77.012154, 38.887571]]}, "properties": {"STREETNAME": "INDEPENDENCE", "STREETTYPE": "AVE", "FHWAFUNCTIONALCLASS": 3}}, {"type": "Feature", "geometry": {"type": "LineString", "coordinates": [[-76.980756, 38.881272], [-76.980757, 38.880293]]}, "properties": {"STREETNAME": "17TH", "STREETTYPE": "ST", "FHWAFUNCTIONALCLASS": 4}}, {"type": "Feature", "geometry": {"type": "LineString", "coordinates": [[-76.998454, 38.887606], [-76.996176, 38.887602]]}, "properties": {"STREETNAME": "INDEPENDENCE", "STREETTYPE": "AVE", "FHWAFUNCTIONALCLASS": 3}}, {"type": "Feature", "geometry": {"type": "LineString", "coordinates": [[-76.93912, 38.871793], [-76.938228, 38.872229]]}, "properties": {"STREETNAME": "ALABAMA", "STREETTYPE": "AVE", "FHWAFUNCTIONALCLASS": 4}}, {"type": "Feature", "geometry": {"type": "LineString", "coordinates": [[-76.992633, 38.827974], [-76.991188, 38.829102]]}, "properties": {"STREETNAME": "SOUTHERN", "STREETTYPE": "AVE", "FHWAFUNCTIONALCLASS": 4}}, {"type": "Feature", "geometry": {"type": "LineString", "coordinates": [[-77.017772, 38.818859], [-77.017449, 38.819886], [-77.017239, 38.82071], [-77.01706, 38.821613], [-77.016908, 38.822674], [-77.016826, 38.824158], [-77.016865, 38.827718], [-77.01682, 38.828152], [-77.016674, 38.828734], [-77.016442, 38.829248], [-77.016167, 38.829681], [-77.013548, 38.833234], [-77.012501, 38.834622], [-77.009334, 38.838427], [-77.008978, 38.838945], [-77.008778, 38.839338], [-77.008485, 38.840268], [-77.007914, 38.842525], [-77.007708, 38.843484], [-77.007615, 38.844098], [-77.007555, 38.844741], [-77.00753, 38.845695], [-77.007613, 38.849697], [-77.007583, 38.850155], [-77.007506, 38.850546], [-77.007351, 38.850952], [-77.007054, 38.851565], [-77.005463, 38.854198], [-77.004908, 38.855296], [-77.003964, 38.857517], [-77.003729, 38.858195], [-77.003161, 38.860156], [-77.003027, 38.860513], [-77.002855, 38.860841], [-77.002419, 38.861451], [-77.001908, 38.861973], [-77.001214, 38.862441], [-77.000358, 38.862871], [-76.999827, 38.863056], [-76.999111, 38.86323], [-76.99505, 38.863995], [-76.994143, 38.864297], [-76.993387, 38.86466], [-76.992676, 38.865149], [-76.991985, 38.865773], [-76.991786, 38.866006], [-76.991112, 38.866973], [-76.990727, 38.867467], [-76.99022, 38.868019], [-76.989674, 38.868513]]}, "properties": {"STREETNAME": "INTERSTATE 295", "STREETTYPE": "I", "FHWAFUNCTIONALCLASS": 1}}, {"type": "Feature", "geometry": {"type": "LineString", "coordinates": [[-76.99153, 38.887601], [-76.990246, 38.887599]]}, "properties": {"STREETNAME": "INDEPENDENCE", "STREETTYPE": "AVE", "FHWAFUNCTIONALCLASS": 3}}, {"type": "Feature", "geometry": {"type": "LineString", "coordinates": [[-76.997775, 38.876487], [-76.996191, 38.876486]]}, "properties": {"STREETNAME": "M", "STREETTYPE": "ST", "FHWAFUNCTIONALCLASS": 4}}, {"type": "Feature", "geometry": {"type": "LineString", "coordinates": [[-77.01755, 38.879293], [-77.018885, 38.879294]]}, "properties": {"STREETNAME": "I", "STREETTYPE": "ST", "FHWAFUNCTIONALCLASS": 4}}, {"type": "Feature", "geometry": {"type": "LineString", "coordinates": [[-76.946762, 38.86375], [-76.945782, 38.864514]]}, "properties": {"STREETNAME": "SOUTHERN", "STREETTYPE": "AVE", "FHWAFUNCTIONALCLASS": 4}}, {"type": "Feature", "geometry": {"type": "LineString", "coordinates": [[-77.013868, 38.876465], [-77.015211, 38.876467]]}, "properties": {"STREETNAME": "M", "STREETTYPE": "ST", "FHWAFUNCTIONALCLASS": 4}}, {"type": "Feature", "geometry": {"type": "LineString", "coordinates": [[-76.929934, 38.876867], [-76.928069, 38.878321]]}, "properties": {"STREETNAME": "SOUTHERN", "STREETTYPE": "AVE", "FHWAFUNCTIONALCLASS": 4}}, {"type": "Feature", "geometry": {"type": "LineString", "coordinates": [[-77.009042, 38.925429], [-77.009035, 38.92584]]}, "properties": {"STREETNAME": "NORTH CAPITOL", "STREETTYPE": "ST", "FHWAFUNCTIONALCLASS": 3}}, {"type": "Feature", "geometry": {"type": "LineString", "coordinates": [[-76.938229, 38.889784], [-76.937545, 38.889779]]}, "properties": {"STREETNAME": "EAST CAPITOL", "STREETTYPE": "ST", "FHWAFUNCTIONALCLASS": 3}}, {"type": "Feature", "geometry": {"type": "LineString", "coordinates": [[-76.958669, 38.889794], [-76.955955, 38.889788]]}, "properties": {"STREETNAME": "EAST CAPITOL", "STREETTYPE": "ST", "FHWAFUNCTIONALCLASS": 3}}, {"type": "Feature", "geometry": {"type": "LineString", "coordinates": [[-76.994976, 38.878224], [-76.994972, 38.87754]]}, "properties": {"STREETNAME": "8TH", "STREETTYPE": "ST", "FHWAFUNCTIONALCLASS": 4}}, {"type": "Feature", "geometry": {"type": "LineString", "coordinates": [[-77.009051, 38.913351], [-77.009051, 38.914093]]}, "properties": {"STREETNAME": "NORTH CAPITOL", "STREETTYPE": "ST", "FHWAFUNCTIONALCLASS": 3}}, {"type": "Feature", "geometry": {"type": "LineString", "coordinates": [[-77.008158, 38.887604], [-77.005899, 38.88762]]}, "properties": {"STREETNAME": "INDEPENDENCE", "STREETTYPE": "AVE", "FHWAFUNCTIONALCLASS": 3}}, {"type": "Feature", "geometry": {"type": "LineString", "coordinates": [[-76.918568, 38.885718], [-76.917792, 38.886322]]}, "properties": {"STREETNAME": "SOUTHERN", "STREETTYPE": "AVE", "FHWAFUNCTIONALCLASS": 4}}, {"type": "Feature", "geometry": {"type": "LineString", "coordinates": [[-76.932305, 38.880107], [-76.932054, 38.879631]]}, "properties": {"STREETNAME": "BENNING", "STREETTYPE": "RD", "FHWAFUNCTIONALCLASS": 4}}, {"type": "Feature", "geometry": {"type": "LineString", "coordinates": [[-76.993604, 38.839884], [-76.993565, 38.838812]]}, "properties": {"STREETNAME": "WHEELER", "STREETTYPE": "RD", "FHWAFUNCTIONALCLASS": 4}}, {"type": "Feature", "geometry": {"type": "LineString", "coordinates": [[-76.972829, 38.851201], [-76.972204, 38.851303]]}, "properties": {"STREETNAME": "ALABAMA", "STREETTYPE": "AVE", "FHWAFUNCTIONALCLASS": 4}}, {"type": "Feature", "geometry": {"type": "LineString", "coordinates": [[-76.991536, 38.876505], [-76.991501, 38.874614]]}, "properties": {"STREETNAME": "11TH", "STREETTYPE": "ST", "FHWAFUNCTIONALCLASS": 4}}, {"type": "Feature", "geometry": {"type": "LineString", "coordinates": [[-76.957136, 38.855674], [-76.956418, 38.85623]]}, "properties": {"STREETNAME": "SOUTHERN", "STREETTYPE": "AVE", "FHWAFUNCTIONALCLASS": 4}}, {"type": "Feature", "geometry": {"type": "LineString", "coordinates": [[-76.992752, 38.830917], [-76.990912, 38.832356]]}, "properties": {"STREETNAME": "BARNABY", "STREETTYPE": "ST", "FHWAFUNCTIONALCLASS": 4}}, {"type": "Feature", "geometry": {"type": "LineString", "coordinates": [[-77.009049, 38.954631], [-77.009048, 38.954823]]}, "properties": {"STREETNAME": "NORTH CAPITOL", "STREETTYPE": "ST", "FHWAFUNCTIONALCLASS": 3}}, {"type": "Feature", "geometry": {"type": "LineString", "coordinates": [[-76.999522, 38.886041], [-76.998457, 38.885604]]}, "properties": {"STREETNAME": "PENNSYLVANIA", "STREETTYPE": "AVE", "FHWAFUNCTIONALCLASS": 3}}, {"type": "Feature", "geometry": {"type": "LineString", "coordinates": [[-76.948267, 38.889796], [-76.947246, 38.889791]]}, "properties": {"STREETNAME": "EAST CAPITOL", "STREETTYPE": "ST", "FHWAFUNCTIONALCLASS": 3}}, {"type": "Feature", "geometry": {"type": "LineString", "coordinates": [[-77.001611, 38.86604], [-77.001715, 38.865907], [-77.00188, 38.865809], [-77.002002, 38.865776]]}, "properties": {"STREETNAME": "SOUTH CAPITOL", "STREETTYPE": "ST", "FHWAFUNCTIONALCLASS": 3}}, {"type": "Feature", "geometry": {"type": "LineString", "coordinates": [[-76.970962, 38.84489], [-76.970247, 38.845449]]}, "properties": {"STREETNAME": "SOUTHERN", "STREETTYPE": "AVE", "FHWAFUNCTIONALCLASS": 4}}, {"type": "Feature", "geometry": {"type": "LineString", "coordinates": [[-76.970968, 38.873312], [-76.97065, 38.873471]]}, "properties": {"STREETNAME": "MINNESOTA", "STREETTYPE": "AVE", "FHWAFUNCTIONALCLASS": 4}}, {"type": "Feature", "geometry": {"type": "LineString", "coordinates": [[-77.002664, 38.866262], [-77.002615, 38.865796], [-77.002681, 38.865509], [-77.002703, 38.865227], [-77.002785, 38.862333], [-77.002846, 38.861987], [-77.002944, 38.861678], [-77.003091, 38.861365], [-77.00331, 38.861013], [-77.003449, 38.860697]]}, "properties": {"STREETNAME": "SOUTH CAPITOL", "STREETTYPE": "ST", "FHWAFUNCTIONALCLASS": 3}}, {"type": "Feature", "geometry": {"type": "LineString", "coordinates": [[-76.936162, 38.886557], [-76.935918, 38.885989]]}, "properties": {"STREETNAME": "BENNING", "STREETTYPE": "RD", "FHWAFUNCTIONALCLASS": 4}}, {"type": "Feature", "geometry": {"type": "LineString", "coordinates": [[-77.003449, 38.860697], [-77.00427, 38.85938], [-77.004715, 38.85839], [-77.004922, 38.857723], [-77.005841, 38.854311], [-77.006023, 38.853805], [-77.006265, 38.853365], [-77.007725, 38.851113], [-77.007895, 38.850809], [-77.00798, 38.850589], [-77.008038, 38.850314], [-77.008112, 38.849476], [-77.008149, 38.847451], [-77.008239, 38.846309], [-77.008767, 38.841102], [-77.008872, 38.840362], [-77.009012, 38.839928], [-77.009193, 38.839599]]}, "properties": {"STREETNAME": "SOUTH CAPITOL", "STREETTYPE": "ST", "FHWAFUNCTIONALCLASS": 4}}, {"type": "Feature", "geometry": {"type": "LineString", "coordinates": [[-76.994228, 38.843695], [-76.993972, 38.842267]]}, "properties": {"STREETNAME": "WHEELER", "STREETTYPE": "RD", "FHWAFUNCTIONALCLASS": 4}}, {"type": "Feature", "geometry": {"type": "LineString", "coordinates": [[-76.94992, 38.861286], [-76.949828, 38.861246]]}, "properties": {"STREETNAME": "SUITLAND", "STREETTYPE": "RD", "FHWAFUNCTIONALCLASS": 4}}, {"type": "Feature", "geometry": {"type": "LineString", "coordinates": [[-76.971421, 38.873834], [-76.971228, 38.873973], [-76.971017, 38.874018], [-76.970095, 38.873927], [-76.969891, 38.873867]]}, "properties": {"STREETNAME": "MINNESOTA", "STREETTYPE": "AVE", "FHWAFUNCTIONALCLASS": 4}}, {"type": "Feature", "geometry": {"type": "LineString", "coordinates": [[-77.028064, 38.889484], [-77.028075, 38.887574], [-77.02805, 38.887408], [-77.027983, 38.887164], [-77.027783, 38.886836], [-77.027195, 38.886057], [-77.027074, 38.885786], [-77.026995, 38.885463], [-77.026963, 38.885173], [-77.026913, 38.883122], [-77.026958, 38.882596], [-77.027095, 38.882286], [-77.027223, 38.88211], [-77.027399, 38.881946], [-77.027725, 38.88173], [-77.028244, 38.881543], [-77.029444, 38.881222], [-77.02992, 38.881023], [-77.030437, 38.880752]]}, "properties": {"STREETNAME": "12TH", "STREETTYPE": "EXPY", "FHWAFUNCTIONALCLASS": 2}}, {"type": "Feature", "geometry": {"type": "LineString", "coordinates": [[-76.932497, 38.87487], [-76.931482, 38.875661]]}, "properties": {"STREETNAME": "SOUTHERN", "STREETTYPE": "AVE", "FHWAFUNCTIONALCLASS": 4}}, {"type": "Feature", "geometry": {"type": "LineString", "coordinates": [[-76.98343, 38.912558], [-76.982209, 38.913639]]}, "properties": {"STREETNAME": "WEST VIRGINIA", "STREETTYPE": "AVE", "FHWAFUNCTIONALCLASS": 4}}, {"type": "Feature", "geometry": {"type": "LineString", "coordinates": [[-76.918724, 38.889761], [-76.917783, 38.889768]]}, "properties": {"STREETNAME": "EAST CAPITOL", "STREETTYPE": "ST", "FHWAFUNCTIONALCLASS": 3}}, {"type": "Feature", "geometry": {"type": "LineString", "coordinates": [[-77.019896, 38.879292], [-77.021925, 38.879303]]}, "properties": {"STREETNAME": "I", "STREETTYPE": "ST", "FHWAFUNCTIONALCLASS": 4}}, {"type": "Feature", "geometry": {"type": "LineString", "coordinates": [[-76.991539, 38.878091], [-76.990888, 38.877778], [-76.990335, 38.877624], [-76.98987, 38.877553], [-76.986376, 38.877324], [-76.985458, 38.87731], [-76.984332, 38.877346], [-76.983199, 38.877575], [-76.982433, 38.8778], [-76.982236, 38.877891], [-76.982004, 38.878034], [-76.981838, 38.878187], [-76.981234, 38.878999], [-76.980945, 38.879101], [-76.980698, 38.879121], [-76.98036, 38.879047], [-76.980116, 38.878889], [-76.979985, 38.87869], [-76.979914, 38.878203], [-76.979858, 38.878062], [-76.979718, 38.877887], [-76.979301, 38.877522]]}, "properties": {"STREETNAME": "SOUTHEAST", "STREETTYPE": "BLVD", "FHWAFUNCTIONALCLASS": 3}}, {"type": "Feature", "geometry": {"type": "LineString", "coordinates": [[-77.001385, 38.865084], [-77.001391, 38.864812], [-77.001306, 38.864566], [-77.001158, 38.864366], [-77.001007, 38.86423], [-76.999922, 38.863643], [-76.998583, 38.862975], [-76.99781, 38.862545], [-76.997742, 38.862376]]}, "properties": {"STREETNAME": "SUITLAND", "STREETTYPE": "PKWY", "FHWAFUNCTIONALCLASS": 2}}, {"type": "Feature", "geometry": {"type": "LineString", "coordinates": [[-76.982675, 38.867524], [-76.982228, 38.867745]]}, "properties": {"STREETNAME": "MINNESOTA", "STREETTYPE": "AVE", "FHWAFUNCTIONALCLASS": 4}}, {"type": "Feature", "geometry": {"type": "LineString", "coordinates": [[-76.9242, 38.881371], [-76.923975, 38.881502]]}, "properties": {"STREETNAME": "SOUTHERN", "STREETTYPE": "AVE", "FHWAFUNCTIONALCLASS": 4}}, {"type": "Feature", "geometry": {"type": "LineString", "coordinates": [[-76.948021, 38.862767], [-76.946762, 38.86375]]}, "properties": {"STREETNAME": "SOUTHERN", "STREETTYPE": "AVE", "FHWAFUNCTIONALCLASS": 4}}, {"type": "Feature", "geometry": {"type": "LineString", "coordinates": [[-76.92393, 38.889762], [-76.922887, 38.889762]]}, "properties": {"STREETNAME": "EAST CAPITOL", "STREETTYPE": "ST", "FHWAFUNCTIONALCLASS": 3}}, {"type": "Feature", "geometry": {"type": "LineString", "coordinates": [[-76.969376, 38.86123], [-76.968571, 38.860491], [-76.968149, 38.860226]]}, "properties": {"STREETNAME": "MARION BARRY", "STREETTYPE": "AVE", "FHWAFUNCTIONALCLASS": 4}}, {"type": "Feature", "geometry": {"type": "LineString", "coordinates": [[-76.980768, 38.884108], [-76.980769, 38.882845]]}, "properties": {"STREETNAME": "17TH", "STREETTYPE": "ST", "FHWAFUNCTIONALCLASS": 4}}, {"type": "Feature", "geometry": {"type": "LineString", "coordinates": [[-76.959928, 38.880242], [-76.958679, 38.881987]]}, "properties": {"STREETNAME": "MINNESOTA", "STREETTYPE": "AVE", "FHWAFUNCTIONALCLASS": 4}}, {"type": "Feature", "geometry": {"type": "LineString", "coordinates": [[-76.983651, 38.887609], [-76.982221, 38.887598]]}, "properties": {"STREETNAME": "INDEPENDENCE", "STREETTYPE": "AVE", "FHWAFUNCTIONALCLASS": 3}}, {"type": "Feature", "geometry": {"type": "LineString", "coordinates": [[-76.980766, 38.889808], [-76.980766, 38.888682]]}, "properties": {"STREETNAME": "17TH", "STREETTYPE": "ST", "FHWAFUNCTIONALCLASS": 4}}, {"type": "Feature", "geometry": {"type": "LineString", "coordinates": [[-77.023981, 38.889625], [-77.02403, 38.886341], [-77.023996, 38.881975]]}, "properties": {"STREETNAME": "9TH", "STREETTYPE": "ST", "FHWAFUNCTIONALCLASS": 2}}, {"type": "Feature", "geometry": {"type": "LineString", "coordinates": [[-76.991188, 38.829102], [-76.990399, 38.829717]]}, "properties": {"STREETNAME": "SOUTHERN", "STREETTYPE": "AVE", "FHWAFUNCTIONALCLASS": 4}}, {"type": "Feature", "geometry": {"type": "LineString", "coordinates": [[-76.988628, 38.867424], [-76.987058, 38.867131]]}, "properties": {"STREETNAME": "MARION BARRY", "STREETTYPE": "AVE", "FHWAFUNCTIONALCLASS": 4}}, {"type": "Feature", "geometry": {"type": "LineString", "coordinates": [[-76.956676, 38.862597], [-76.956622, 38.862833], [-76.956081, 38.863579], [-76.955861, 38.863811], [-76.955642, 38.863981]]}, "properties": {"STREETNAME": "ALABAMA", "STREETTYPE": "AVE", "FHWAFUNCTIONALCLASS": 4}}, {"type": "Feature", "geometry": {"type": "LineString", "coordinates": [[-76.932054, 38.879631], [-76.931582, 38.878672]]}, "properties": {"STREETNAME": "BENNING", "STREETTYPE": "RD", "FHWAFUNCTIONALCLASS": 4}}, {"type": "Feature", "geometry": {"type": "LineString", "coordinates": [[-76.961168, 38.875659], [-76.961039, 38.874612]]}, "properties": {"STREETNAME": "BRANCH", "STREETTYPE": "AVE", "FHWAFUNCTIONALCLASS": 4}}, {"type": "Feature", "geometry": {"type": "LineString", "coordinates": [[-76.970922, 38.868675], [-76.970944, 38.868251]]}, "properties": {"STREETNAME": "25TH", "STREETTYPE": "ST", "FHWAFUNCTIONALCLASS": 4}}, {"type": "Feature", "geometry": {"type": "LineString", "coordinates": [[-77.033005, 38.88886], [-77.033173, 38.888593], [-77.033594, 38.888132], [-77.03366, 38.887989], [-77.03369, 38.887781]]}, "properties": {"STREETNAME": "15TH", "STREETTYPE": "ST", "FHWAFUNCTIONALCLASS": 3}}, {"type": "Feature", "geometry": {"type": "LineString", "coordinates": [[-76.990912, 38.832356], [-76.989486, 38.83347]]}, "properties": {"STREETNAME": "BARNABY", "STREETTYPE": "ST", "FHWAFUNCTIONALCLASS": 4}}, {"type": "Feature", "geometry": {"type": "LineString", "coordinates": [[-77.050179, 38.888314], [-77.050179, 38.887144]]}, "properties": {"STREETNAME": "23RD", "STREETTYPE": "ST", "FHWAFUNCTIONALCLASS": 3}}, {"type": "Feature", "geometry": {"type": "LineString", "coordinates": [[-77.002959, 38.876489], [-77.00204, 38.876488]]}, "properties": {"STREETNAME": "M", "STREETTYPE": "ST", "FHWAFUNCTIONALCLASS": 4}}, {"type": "Feature", "geometry": {"type": "LineString", "coordinates": [[-76.953311, 38.866411], [-76.953004, 38.866287]]}, "properties": {"STREETNAME": "PENNSYLVANIA", "STREETTYPE": "AVE", "FHWAFUNCTIONALCLASS": 3}}, {"type": "Feature", "geometry": {"type": "LineString", "coordinates": [[-77.021914, 38.88633], [-77.021913, 38.885597]]}, "properties": {"STREETNAME": "7TH", "STREETTYPE": "ST", "FHWAFUNCTIONALCLASS": 4}}, {"type": "Feature", "geometry": {"type": "LineString", "coordinates": [[-76.991547, 38.889233], [-76.99153, 38.887601]]}, "properties": {"STREETNAME": "11TH", "STREETTYPE": "ST", "FHWAFUNCTIONALCLASS": 4}}, {"type": "Feature", "geometry": {"type": "LineString", "coordinates": [[-76.992247, 38.862773], [-76.993219, 38.862234], [-76.993798, 38.86151]]}, "properties": {"STREETNAME": "MARTIN LUTHER KING JR", "STREETTYPE": "AVE", "FHWAFUNCTIONALCLASS": 4}}, {"type": "Feature", "geometry": {"type": "LineString", "coordinates": [[-76.982209, 38.913639], [-76.980277, 38.915351]]}, "properties": {"STREETNAME": "WEST VIRGINIA", "STREETTYPE": "AVE", "FHWAFUNCTIONALCLASS": 4}}, {"type": "Feature", "geometry": {"type": "LineString", "coordinates": [[-76.984822, 38.91132], [-76.98343, 38.912558]]}, "properties": {"STREETNAME": "WEST VIRGINIA", "STREETTYPE": "AVE", "FHWAFUNCTIONALCLASS": 4}}, {"type": "Feature", "geometry": {"type": "LineString", "coordinates": [[-77.017563, 38.888804], [-77.017549, 38.887579]]}, "properties": {"STREETNAME": "4TH", "STREETTYPE": "ST", "FHWAFUNCTIONALCLASS": 4}}, {"type": "Feature", "geometry": {"type": "LineString", "coordinates": [[-76.985776, 38.910482], [-76.984822, 38.91132]]}, "properties": {"STREETNAME": "WEST VIRGINIA", "STREETTYPE": "AVE", "FHWAFUNCTIONALCLASS": 4}}, {"type": "Feature", "geometry": {"type": "LineString", "coordinates": [[-76.973827, 38.889084], [-76.973805, 38.888765], [-76.973691, 38.888465], [-76.973511, 38.888235], [-76.973265, 38.888049], [-76.972932, 38.887901], [-76.972638, 38.887836], [-76.972318, 38.887833], [-76.971793, 38.887903]]}, "properties": {"STREETNAME": "22ND", "STREETTYPE": "ST", "FHWAFUNCTIONALCLASS": 4}}, {"type": "Feature", "geometry": {"type": "LineString", "coordinates": [[-76.972204, 38.851303], [-76.971875, 38.851407], [-76.971526, 38.851566], [-76.970602, 38.852146]]}, "properties": {"STREETNAME": "ALABAMA", "STREETTYPE": "AVE", "FHWAFUNCTIONALCLASS": 4}}, {"type": "Feature", "geometry": {"type": "LineString", "coordinates": [[-76.990084, 38.83386], [-76.989486, 38.83347]]}, "properties": {"STREETNAME": "WHEELER", "STREETTYPE": "RD", "FHWAFUNCTIONALCLASS": 4}}, {"type": "Feature", "geometry": {"type": "LineString", "coordinates": [[-76.998505, 38.830964], [-76.994639, 38.830964]]}, "properties": {"STREETNAME": "ATLANTIC", "STREETTYPE": "ST", "FHWAFUNCTIONALCLASS": 4}}, {"type": "Feature", "geometry": {"type": "LineString", "coordinates": [[-76.988833, 38.907785], [-76.988286, 38.908271]]}, "properties": {"STREETNAME": "WEST VIRGINIA", "STREETTYPE": "AVE", "FHWAFUNCTIONALCLASS": 4}}, {"type": "Feature", "geometry": {"type": "LineString", "coordinates": [[-77.012547, 38.876466], [-77.013868, 38.876465]]}, "properties": {"STREETNAME": "M", "STREETTYPE": "ST", "FHWAFUNCTIONALCLASS": 4}}, {"type": "Feature", "geometry": {"type": "LineString", "coordinates": [[-76.989385, 38.907297], [-76.989226, 38.907439]]}, "properties": {"STREETNAME": "WEST VIRGINIA", "STREETTYPE": "AVE", "FHWAFUNCTIONALCLASS": 4}}, {"type": "Feature", "geometry": {"type": "LineString", "coordinates": [[-77.009053, 38.911123], [-77.009052, 38.911867]]}, "properties": {"STREETNAME": "NORTH CAPITOL", "STREETTYPE": "ST", "FHWAFUNCTIONALCLASS": 3}}, {"type": "Feature", "geometry": {"type": "LineString", "coordinates": [[-76.962938, 38.877362], [-76.962021, 38.877817]]}, "properties": {"STREETNAME": "MINNESOTA", "STREETTYPE": "AVE", "FHWAFUNCTIONALCLASS": 4}}, {"type": "Feature", "geometry": {"type": "LineString", "coordinates": [[-76.958921, 38.856463], [-76.958913, 38.856217], [-76.958858, 38.855933], [-76.958763, 38.855688], [-76.958607, 38.855414]]}, "properties": {"STREETNAME": "BRANCH", "STREETTYPE": "AVE", "FHWAFUNCTIONALCLASS": 3}}, {"type": "Feature", "geometry": {"type": "LineString", "coordinates": [[-76.923256, 38.886476], [-76.92204, 38.886423]]}, "properties": {"STREETNAME": "CENTRAL", "STREETTYPE": "AVE", "FHWAFUNCTIONALCLASS": 4}}, {"type": "Feature", "geometry": {"type": "LineString", "coordinates": [[-76.927155, 38.889771], [-76.926057, 38.889767]]}, "properties": {"STREETNAME": "EAST CAPITOL", "STREETTYPE": "ST", "FHWAFUNCTIONALCLASS": 3}}, {"type": "Feature", "geometry": {"type": "LineString", "coordinates": [[-76.986954, 38.909454], [-76.985776, 38.910482]]}, "properties": {"STREETNAME": "WEST VIRGINIA", "STREETTYPE": "AVE", "FHWAFUNCTIONALCLASS": 4}}, {"type": "Feature", "geometry": {"type": "LineString", "coordinates": [[-77.0067, 38.87649], [-77.005875, 38.87649]]}, "properties": {"STREETNAME": "M", "STREETTYPE": "ST", "FHWAFUNCTIONALCLASS": 4}}, {"type": "Feature", "geometry": {"type": "LineString", "coordinates": [[-76.948188, 38.884895], [-76.947258, 38.883771]]}, "properties": {"STREETNAME": "RIDGE", "STREETTYPE": "RD", "FHWAFUNCTIONALCLASS": 4}}, {"type": "Feature", "geometry": {"type": "LineString", "coordinates": [[-76.938816, 38.874908], [-76.937921, 38.874434]]}, "properties": {"STREETNAME": "RIDGE", "STREETTYPE": "RD", "FHWAFUNCTIONALCLASS": 4}}, {"type": "Feature", "geometry": {"type": "LineString", "coordinates": [[-76.982228, 38.867745], [-76.98125, 38.868238]]}, "properties": {"STREETNAME": "MINNESOTA", "STREETTYPE": "AVE", "FHWAFUNCTIONALCLASS": 4}}, {"type": "Feature", "geometry": {"type": "LineString", "coordinates": [[-76.970942, 38.869481], [-76.970922, 38.868675]]}, "properties": {"STREETNAME": "25TH", "STREETTYPE": "ST", "FHWAFUNCTIONALCLASS": 4}}, {"type": "Feature", "geometry": {"type": "LineString", "coordinates": [[-77.052354, 38.891184], [-77.05266, 38.891576], [-77.053591, 38.893314], [-77.053904, 38.893964], [-77.054023, 38.894453], [-77.054039, 38.894749], [-77.054012, 38.895041], [-77.053907, 38.895442], [-77.053157, 38.896879], [-77.053027, 38.897183], [-77.052949, 38.897681], [-77.052962, 38.89781], [-77.053031, 38.897966]]}, "properties": {"STREETNAME": "INTERSTATE 66", "STREETTYPE": "I", "FHWAFUNCTIONALCLASS": 2}}, {"type": "Feature", "geometry": {"type": "LineString", "coordinates": [[-76.984363, 38.866642], [-76.984281, 38.866728], [-76.983056, 38.867335]]}, "properties": {"STREETNAME": "MINNESOTA", "STREETTYPE": "AVE", "FHWAFUNCTIONALCLASS": 4}}, {"type": "Feature", "geometry": {"type": "LineString", "coordinates": [[-77.02227, 38.804788], [-77.022356, 38.805438], [-77.022403, 38.806288], [-77.022392, 38.808957], [-77.02231, 38.809761], [-77.022088, 38.810553], [-77.021918, 38.810968], [-77.021689, 38.811404], [-77.019092, 38.815476], [-77.018423, 38.816685], [-77.017987, 38.817606], [-77.017635, 38.818459], [-77.017248, 38.819598], [-77.01701, 38.820449], [-77.016672, 38.822126], [-77.016558, 38.823183], [-77.01652, 38.82425], [-77.016555, 38.82747], [-77.016502, 38.828016], [-77.01637, 38.828512], [-77.016175, 38.828945], [-77.015833, 38.82948], [-77.010023, 38.836995], [-77.008881, 38.838568], [-77.008547, 38.839194], [-77.008243, 38.840085], [-77.007559, 38.842798], [-77.007321, 38.843973], [-77.007222, 38.845102], [-77.007153, 38.849711], [-77.007107, 38.850215], [-77.007022, 38.850656], [-77.006746, 38.851369], [-77.00544, 38.853689], [-77.004715, 38.855268], [-77.003635, 38.857876], [-77.002882, 38.860248], [-77.002747, 38.860573], [-77.002333, 38.861173], [-77.001867, 38.861753], [-77.00123, 38.862226], [-77.000914, 38.862414], [-77.000381, 38.862671], [-76.999896, 38.862849], [-76.999358, 38.862995], [-76.995357, 38.863771], [-76.994735, 38.863923], [-76.993821, 38.864263], [-76.993199, 38.864594], [-76.99256, 38.86504], [-76.991865, 38.86566], [-76.990696, 38.867302], [-76.990053, 38.868007], [-76.989573, 38.868436]]}, "properties": {"STREETNAME": "INTERSTATE 295", "STREETTYPE": "I", "FHWAFUNCTIONALCLASS": 1}}, {"type": "Feature", "geometry": {"type": "LineString", "coordinates": [[-77.012154, 38.887571], [-77.013809, 38.88757]]}, "properties": {"STREETNAME": "INDEPENDENCE", "STREETTYPE": "AVE", "FHWAFUNCTIONALCLASS": 3}}, {"type": "Feature", "geometry": {"type": "LineString", "coordinates": [[-76.936225, 38.873195], [-76.935853, 38.87334]]}, "properties": {"STREETNAME": "BOWEN", "STREETTYPE": "RD", "FHWAFUNCTIONALCLASS": 4}}, {"type": "Feature", "geometry": {"type": "LineString", "coordinates": [[-76.979251, 38.916267], [-76.978406, 38.917001]]}, "properties": {"STREETNAME": "WEST VIRGINIA", "STREETTYPE": "AVE", "FHWAFUNCTIONALCLASS": 4}}, {"type": "Feature", "geometry": {"type": "LineString", "coordinates": [[-77.004957, 38.839436], [-77.006028, 38.838026]]}, "properties": {"STREETNAME": "MARTIN LUTHER KING JR", "STREETTYPE": "AVE", "FHWAFUNCTIONALCLASS": 4}}, {"type": "Feature", "geometry": {"type": "LineString", "coordinates": [[-76.993759, 38.903581], [-76.993532, 38.903736]]}, "properties": {"STREETNAME": "WEST VIRGINIA", "STREETTYPE": "AVE", "FHWAFUNCTIONALCLASS": 4}}, {"type": "Feature", "geometry": {"type": "LineString", "coordinates": [[-76.961404, 38.877584], [-76.961105, 38.877665], [-76.96097, 38.877756], [-76.960887, 38.877855]]}, "properties": {"STREETNAME": "RANDLE", "STREETTYPE": "CIR", "FHWAFUNCTIONALCLASS": 4}}, {"type": "Feature", "geometry": {"type": "LineString", "coordinates": [[-77.055453, 38.893146], [-77.055076, 38.893387], [-77.054795, 38.893666]]}, "properties": {"STREETNAME": "INTERSTATE 66", "STREETTYPE": "I", "FHWAFUNCTIONALCLASS": 1}}, {"type": "Feature", "geometry": {"type": "LineString", "coordinates": [[-76.970939, 38.872278], [-76.970939, 38.871531]]}, "properties": {"STREETNAME": "25TH", "STREETTYPE": "ST", "FHWAFUNCTIONALCLASS": 4}}, {"type": "Feature", "geometry": {"type": "LineString", "coordinates": [[-77.032178, 38.883504], [-77.032297, 38.883407], [-77.032535, 38.882976], [-77.034323, 38.880482], [-77.034488, 38.880326], [-77.034918, 38.880044], [-77.035329, 38.879862], [-77.035777, 38.87975], [-77.036689, 38.879626], [-77.037041, 38.879549]]}, "properties": {"STREETNAME": "14TH", "STREETTYPE": "ST", "FHWAFUNCTIONALCLASS": 3}}, {"type": "Feature", "geometry": {"type": "LineString", "coordinates": [[-76.994706, 38.843614], [-76.994228, 38.843695]]}, "properties": {"STREETNAME": "ALABAMA", "STREETTYPE": "AVE", "FHWAFUNCTIONALCLASS": 4}}, {"type": "Feature", "geometry": {"type": "LineString", "coordinates": [[-77.00907, 38.883865], [-77.010556, 38.884968], [-77.010794, 38.885087]]}, "properties": {"STREETNAME": "WASHINGTON", "STREETTYPE": "AVE", "FHWAFUNCTIONALCLASS": 3}}, {"type": "Feature", "geometry": {"type": "LineString", "coordinates": [[-76.966654, 38.875508], [-76.965755, 38.875966]]}, "properties": {"STREETNAME": "MINNESOTA", "STREETTYPE": "AVE", "FHWAFUNCTIONALCLASS": 4}}, {"type": "Feature", "geometry": {"type": "LineString", "coordinates": [[-76.994978, 38.879291], [-76.994976, 38.878224]]}, "properties": {"STREETNAME": "8TH", "STREETTYPE": "ST", "FHWAFUNCTIONALCLASS": 4}}, {"type": "Feature", "geometry": {"type": "LineString", "coordinates": [[-76.929769, 38.889352], [-76.92883, 38.888999], [-76.927606, 38.888659]]}, "properties": {"STREETNAME": "CENTRAL", "STREETTYPE": "AVE", "FHWAFUNCTIONALCLASS": 4}}, {"type": "Feature", "geometry": {"type": "LineString", "coordinates": [[-76.995334, 38.843509], [-76.994706, 38.843614]]}, "properties": {"STREETNAME": "ALABAMA", "STREETTYPE": "AVE", "FHWAFUNCTIONALCLASS": 4}}, {"type": "Feature", "geometry": {"type": "LineString", "coordinates": [[-77.009053, 38.910384], [-77.009053, 38.910803]]}, "properties": {"STREETNAME": "NORTH CAPITOL", "STREETTYPE": "ST", "FHWAFUNCTIONALCLASS": 3}}, {"type": "Feature", "geometry": {"type": "LineString", "coordinates": [[-77.037041, 38.879549], [-77.034643, 38.879184]]}, "properties": {"STREETNAME": "INTERSTATE 395", "STREETTYPE": "I", "FHWAFUNCTIONALCLASS": 1}}, {"type": "Feature", "geometry": {"type": "LineString", "coordinates": [[-76.943702, 38.866136], [-76.942478, 38.86709]]}, "properties": {"STREETNAME": "SOUTHERN", "STREETTYPE": "AVE", "FHWAFUNCTIONALCLASS": 4}}, {"type": "Feature", "geometry": {"type": "LineString", "coordinates": [[-76.996176, 38.887602], [-76.995683, 38.887602]]}, "properties": {"STREETNAME": "INDEPENDENCE", "STREETTYPE": "AVE", "FHWAFUNCTIONALCLASS": 3}}, {"type": "Feature", "geometry": {"type": "LineString", "coordinates": [[-77.001677, 38.867258], [-77.001593, 38.867057], [-77.001611, 38.86604]]}, "properties": {"STREETNAME": "SOUTH CAPITOL", "STREETTYPE": "ST", "FHWAFUNCTIONALCLASS": 3}}, {"type": "Feature", "geometry": {"type": "LineString", "coordinates": [[-76.969974, 38.856874], [-76.969535, 38.857345], [-76.968197, 38.858914]]}, "properties": {"STREETNAME": "ALABAMA", "STREETTYPE": "AVE", "FHWAFUNCTIONALCLASS": 4}}, {"type": "Feature", "geometry": {"type": "LineString", "coordinates": [[-76.99846, 38.843951], [-76.999659, 38.843303]]}, "properties": {"STREETNAME": "MARTIN LUTHER KING JR", "STREETTYPE": "AVE", "FHWAFUNCTIONALCLASS": 4}}, {"type": "Feature", "geometry": {"type": "LineString", "coordinates": [[-76.993137, 38.904008], [-76.992227, 38.90478]]}, "properties": {"STREETNAME": "WEST VIRGINIA", "STREETTYPE": "AVE", "FHWAFUNCTIONALCLASS": 4}}, {"type": "Feature", "geometry": {"type": "LineString", "coordinates": [[-76.997079, 38.845514], [-76.997392, 38.845097]]}, "properties": {"STREETNAME": "MARTIN LUTHER KING JR", "STREETTYPE": "AVE", "FHWAFUNCTIONALCLASS": 4}}, {"type": "Feature", "geometry": {"type": "LineString", "coordinates": [[-76.972829, 38.851201], [-76.972096, 38.850636], [-76.971352, 38.850172], [-76.970616, 38.849807], [-76.969507, 38.849403], [-76.968453, 38.849161], [-76.967407, 38.849033], [-76.966334, 38.849014], [-76.9654, 38.849094]]}, "properties": {"STREETNAME": "SUITLAND", "STREETTYPE": "PKWY", "FHWAFUNCTIONALCLASS": 2}}, {"type": "Feature", "geometry": {"type": "LineString", "coordinates": [[-77.028118, 38.887574], [-77.031954, 38.887575]]}, "properties": {"STREETNAME": "INDEPENDENCE", "STREETTYPE": "AVE", "FHWAFUNCTIONALCLASS": 3}}, {"type": "Feature", "geometry": {"type": "LineString", "coordinates": [[-76.936611, 38.871663], [-76.936291, 38.871918]]}, "properties": {"STREETNAME": "SOUTHERN", "STREETTYPE": "AVE", "FHWAFUNCTIONALCLASS": 4}}, {"type": "Feature", "geometry": {"type": "LineString", "coordinates": [[-77.009061, 38.896133], [-77.009064, 38.897349]]}, "properties": {"STREETNAME": "NORTH CAPITOL", "STREETTYPE": "ST", "FHWAFUNCTIONALCLASS": 3}}, {"type": "Feature", "geometry": {"type": "LineString", "coordinates": [[-76.923975, 38.886658], [-76.923616, 38.886546], [-76.923256, 38.886476]]}, "properties": {"STREETNAME": "CENTRAL", "STREETTYPE": "AVE", "FHWAFUNCTIONALCLASS": 4}}, {"type": "Feature", "geometry": {"type": "LineString", "coordinates": [[-77.015194, 38.889808], [-77.015181, 38.888829]]}, "properties": {"STREETNAME": "3RD", "STREETTYPE": "ST", "FHWAFUNCTIONALCLASS": 3}}, {"type": "Feature", "geometry": {"type": "LineString", "coordinates": [[-76.9982, 38.845096], [-76.997392, 38.845097]]}, "properties": {"STREETNAME": "MALCOLM X", "STREETTYPE": "AVE", "FHWAFUNCTIONALCLASS": 4}}, {"type": "Feature", "geometry": {"type": "LineString", "coordinates": [[-77.017558, 38.883932], [-77.017559, 38.883247]]}, "properties": {"STREETNAME": "4TH", "STREETTYPE": "ST", "FHWAFUNCTIONALCLASS": 4}}, {"type": "Feature", "geometry": {"type": "LineString", "coordinates": [[-77.053747, 38.895395], [-77.053687, 38.895564], [-77.052967, 38.896913], [-77.052812, 38.897282], [-77.052756, 38.897631], [-77.052768, 38.897975], [-77.052826, 38.898204], [-77.052925, 38.8984], [-77.053362, 38.898997], [-77.053861, 38.899588], [-77.054438, 38.90012], [-77.054891, 38.900665], [-77.054931, 38.90081], [-77.055225, 38.901384], [-77.055324, 38.901671], [-77.055331, 38.901954], [-77.055245, 38.902649], [-77.055391, 38.902946], [-77.055626, 38.903161], [-77.05586, 38.903278], [-77.056086, 38.903333], [-77.056379, 38.903348], [-77.056736, 38.903273], [-77.057474, 38.902924], [-77.057813, 38.902801], [-77.058124, 38.902732], [-77.05883, 38.902656], [-77.059108, 38.902575]]}, "properties": {"STREETNAME": "INTERSTATE 66", "STREETTYPE": "I", "FHWAFUNCTIONALCLASS": 2}}, {"type": "Feature", "geometry": {"type": "LineString", "coordinates": [[-76.919348, 38.88511], [-76.918568, 38.885718]]}, "properties": {"STREETNAME": "SOUTHERN", "STREETTYPE": "AVE", "FHWAFUNCTIONALCLASS": 4}}, {"type": "Feature", "geometry": {"type": "LineString", "coordinates": [[-77.009071, 38.904692], [-77.009065, 38.905655]]}, "properties": {"STREETNAME": "NORTH CAPITOL", "STREETTYPE": "ST", "FHWAFUNCTIONALCLASS": 3}}, {"type": "Feature", "geometry": {"type": "LineString", "coordinates": [[-76.991018, 38.863436], [-76.991224, 38.863325]]}, "properties": {"STREETNAME": "MARTIN LUTHER KING JR", "STREETTYPE": "AVE", "FHWAFUNCTIONALCLASS": 4}}, {"type": "Feature", "geometry": {"type": "LineString", "coordinates": [[-77.01518, 38.887574], [-77.016594, 38.887571]]}, "properties": {"STREETNAME": "INDEPENDENCE", "STREETTYPE": "AVE", "FHWAFUNCTIONALCLASS": 3}}, {"type": "Feature", "geometry": {"type": "LineString", "coordinates": [[-76.925957, 38.881081], [-76.924619, 38.881242], [-76.9242, 38.881371]]}, "properties": {"STREETNAME": "FITCH", "STREETTYPE": "ST", "FHWAFUNCTIONALCLASS": 4}}, {"type": "Feature", "geometry": {"type": "LineString", "coordinates": [[-76.958113, 38.854917], [-76.958031, 38.854852]]}, "properties": {"STREETNAME": "BRANCH", "STREETTYPE": "AVE", "FHWAFUNCTIONALCLASS": 3}}, {"type": "Feature", "geometry": {"type": "LineString", "coordinates": [[-76.95042, 38.887147], [-76.949671, 38.886429]]}, "properties": {"STREETNAME": "RIDGE", "STREETTYPE": "RD", "FHWAFUNCTIONALCLASS": 4}}, {"type": "Feature", "geometry": {"type": "LineString", "coordinates": [[-77.002044, 38.887076], [-77.00058, 38.886479]]}, "properties": {"STREETNAME": "PENNSYLVANIA", "STREETTYPE": "AVE", "FHWAFUNCTIONALCLASS": 3}}, {"type": "Feature", "geometry": {"type": "LineString", "coordinates": [[-76.9932, 38.836715], [-76.992728, 38.83604]]}, "properties": {"STREETNAME": "WHEELER", "STREETTYPE": "RD", "FHWAFUNCTIONALCLASS": 4}}, {"type": "Feature", "geometry": {"type": "LineString", "coordinates": [[-76.969974, 38.85583], [-76.969974, 38.856874]]}, "properties": {"STREETNAME": "ALABAMA", "STREETTYPE": "AVE", "FHWAFUNCTIONALCLASS": 4}}, {"type": "Feature", "geometry": {"type": "LineString", "coordinates": [[-76.996177, 38.884683], [-76.994968, 38.884192]]}, "properties": {"STREETNAME": "PENNSYLVANIA", "STREETTYPE": "AVE", "FHWAFUNCTIONALCLASS": 3}}, {"type": "Feature", "geometry": {"type": "LineString", "coordinates": [[-76.971847, 38.844202], [-76.970962, 38.84489]]}, "properties": {"STREETNAME": "SOUTHERN", "STREETTYPE": "AVE", "FHWAFUNCTIONALCLASS": 4}}, {"type": "Feature", "geometry": {"type": "LineString", "coordinates": [[-77.015968, 38.882533], [-77.012893, 38.882501], [-77.012236, 38.882459], [-77.011062, 38.882234], [-77.006955, 38.881115], [-77.006242, 38.881033], [-77.00403, 38.880967], [-77.002921, 38.880865], [-77.002332, 38.88073], [-76.997772, 38.879459], [-76.99611, 38.879041], [-76.992959, 38.878343], [-76.991597, 38.878005], [-76.991381, 38.877903], [-76.99116, 38.877753], [-76.990947, 38.877536], [-76.990792, 38.877267], [-76.990735, 38.877064], [-76.990726, 38.876799], [-76.990972, 38.874868], [-76.99094, 38.874225], [-76.990784, 38.87364], [-76.990637, 38.873322], [-76.990416, 38.87297], [-76.98848, 38.870566], [-76.988374, 38.870402], [-76.988279, 38.870148], [-76.988257, 38.869977], [-76.988275, 38.869751], [-76.988326, 38.869577], [-76.98844, 38.869365], [-76.988658, 38.869123], [-76.989573, 38.868436]]}, "properties": {"STREETNAME": "INTERSTATE 695", "STREETTYPE": "I", "FHWAFUNCTIONALCLASS": 1}}, {"type": "Feature", "geometry": {"type": "LineString", "coordinates": [[-76.989509, 38.865459], [-76.989782, 38.864871]]}, "properties": {"STREETNAME": "MARTIN LUTHER KING JR", "STREETTYPE": "AVE", "FHWAFUNCTIONALCLASS": 4}}, {"type": "Feature", "geometry": {"type": "LineString", "coordinates": [[-77.010657, 38.876463], [-77.0114, 38.876466]]}, "properties": {"STREETNAME": "M", "STREETTYPE": "ST", "FHWAFUNCTIONALCLASS": 4}}, {"type": "Feature", "geometry": {"type": "LineString", "coordinates": [[-77.009067, 38.902522], [-77.009069, 38.903738]]}, "properties": {"STREETNAME": "NORTH CAPITOL", "STREETTYPE": "ST", "FHWAFUNCTIONALCLASS": 3}}, {"type": "Feature", "geometry": {"type": "LineString", "coordinates": [[-76.999809, 38.845097], [-76.9982, 38.845096]]}, "properties": {"STREETNAME": "MALCOLM X", "STREETTYPE": "AVE", "FHWAFUNCTIONALCLASS": 4}}, {"type": "Feature", "geometry": {"type": "LineString", "coordinates": [[-77.009053, 38.910803], [-77.009053, 38.911123]]}, "properties": {"STREETNAME": "NORTH CAPITOL", "STREETTYPE": "ST", "FHWAFUNCTIONALCLASS": 3}}, {"type": "Feature", "geometry": {"type": "LineString", "coordinates": [[-76.922331, 38.882783], [-76.921587, 38.883365]]}, "properties": {"STREETNAME": "SOUTHERN", "STREETTYPE": "AVE", "FHWAFUNCTIONALCLASS": 4}}, {"type": "Feature", "geometry": {"type": "LineString", "coordinates": [[-76.960497, 38.861812], [-76.960174, 38.861838]]}, "properties": {"STREETNAME": "ALABAMA", "STREETTYPE": "AVE", "FHWAFUNCTIONALCLASS": 4}}, {"type": "Feature", "geometry": {"type": "LineString", "coordinates": [[-76.926079, 38.880131], [-76.92613, 38.879947], [-76.926226, 38.879787]]}, "properties": {"STREETNAME": "53RD", "STREETTYPE": "ST", "FHWAFUNCTIONALCLASS": 4}}, {"type": "Feature", "geometry": {"type": "LineString", "coordinates": [[-77.002002, 38.865776], [-77.002377, 38.865677], [-77.002488, 38.865569], [-77.002551, 38.865438], [-77.002551, 38.864034], [-77.002697, 38.861984], [-77.002817, 38.861663], [-77.002928, 38.861471], [-77.003449, 38.860697]]}, "properties": {"STREETNAME": "SOUTH CAPITOL", "STREETTYPE": "ST", "FHWAFUNCTIONALCLASS": 3}}, {"type": "Feature", "geometry": {"type": "LineString", "coordinates": [[-76.980766, 38.887597], [-76.980767, 38.886653]]}, "properties": {"STREETNAME": "17TH", "STREETTYPE": "ST", "FHWAFUNCTIONALCLASS": 4}}, {"type": "Feature", "geometry": {"type": "LineString", "coordinates": [[-76.968972, 38.867977], [-76.968987, 38.867539], [-76.969042, 38.867365], [-76.969158, 38.867158], [-76.969376, 38.86693], [-76.969844, 38.866605], [-76.970215, 38.866284]]}, "properties": {"STREETNAME": "27TH", "STREETTYPE": "ST", "FHWAFUNCTIONALCLASS": 4}}, {"type": "Feature", "geometry": {"type": "LineString", "coordinates": [[-76.985728, 38.833365], [-76.985024, 38.833913]]}, "properties": {"STREETNAME": "SOUTHERN", "STREETTYPE": "AVE", "FHWAFUNCTIONALCLASS": 4}}, {"type": "Feature", "geometry": {"type": "LineString", "coordinates": [[-77.009044, 38.969104], [-77.009025, 38.969955]]}, "properties": {"STREETNAME": "NORTH CAPITOL", "STREETTYPE": "ST", "FHWAFUNCTIONALCLASS": 4}}, {"type": "Feature", "geometry": {"type": "LineString", "coordinates": [[-77.04847, 38.887064], [-77.050179, 38.887144]]}, "properties": {"STREETNAME": "INDEPENDENCE", "STREETTYPE": "AVE", "FHWAFUNCTIONALCLASS": 3}}, {"type": "Feature", "geometry": {"type": "LineString", "coordinates": [[-77.021909, 38.889638], [-77.021909, 38.888745]]}, "properties": {"STREETNAME": "7TH", "STREETTYPE": "ST", "FHWAFUNCTIONALCLASS": 3}}, {"type": "Feature", "geometry": {"type": "LineString", "coordinates": [[-76.951326, 38.865602], [-76.950632, 38.866137], [-76.949809, 38.867051]]}, "properties": {"STREETNAME": "ALABAMA", "STREETTYPE": "AVE", "FHWAFUNCTIONALCLASS": 4}}, {"type": "Feature", "geometry": {"type": "LineString", "coordinates": [[-76.994228, 38.843695], [-76.993507, 38.843818]]}, "properties": {"STREETNAME": "ALABAMA", "STREETTYPE": "AVE", "FHWAFUNCTIONALCLASS": 4}}, {"type": "Feature", "geometry": {"type": "LineString", "coordinates": [[-76.993668, 38.840608], [-76.993604, 38.839884]]}, "properties": {"STREETNAME": "WHEELER", "STREETTYPE": "RD", "FHWAFUNCTIONALCLASS": 4}}, {"type": "Feature", "geometry": {"type": "LineString", "coordinates": [[-76.969322, 38.87417], [-76.969029, 38.874321]]}, "properties": {"STREETNAME": "MINNESOTA", "STREETTYPE": "AVE", "FHWAFUNCTIONALCLASS": 4}}, {"type": "Feature", "geometry": {"type": "LineString", "coordinates": [[-76.995683, 38.887602], [-76.994964, 38.887602]]}, "properties": {"STREETNAME": "INDEPENDENCE", "STREETTYPE": "AVE", "FHWAFUNCTIONALCLASS": 3}}, {"type": "Feature", "geometry": {"type": "LineString", "coordinates": [[-77.021918, 38.887571], [-77.021914, 38.88633]]}, "properties": {"STREETNAME": "7TH", "STREETTYPE": "ST", "FHWAFUNCTIONALCLASS": 4}}, {"type": "Feature", "geometry": {"type": "LineString", "coordinates": [[-76.937545, 38.889779], [-76.936961, 38.888424]]}, "properties": {"STREETNAME": "BENNING", "STREETTYPE": "RD", "FHWAFUNCTIONALCLASS": 4}}, {"type": "Feature", "geometry": {"type": "LineString", "coordinates": [[-76.992667, 38.876482], [-76.991536, 38.876505]]}, "properties": {"STREETNAME": "M", "STREETTYPE": "ST", "FHWAFUNCTIONALCLASS": 4}}, {"type": "Feature", "geometry": {"type": "LineString", "coordinates": [[-76.97488, 38.887612], [-76.972788, 38.887635], [-76.972149, 38.887744], [-76.971793, 38.887903]]}, "properties": {"STREETNAME": "INDEPENDENCE", "STREETTYPE": "AVE", "FHWAFUNCTIONALCLASS": 3}}, {"type": "Feature", "geometry": {"type": "LineString", "coordinates": [[-76.959002, 38.861931], [-76.958921, 38.861429], [-76.958915, 38.860494]]}, "properties": {"STREETNAME": "BRANCH", "STREETTYPE": "AVE", "FHWAFUNCTIONALCLASS": 3}}, {"type": "Feature", "geometry": {"type": "LineString", "coordinates": [[-76.991535, 38.889813], [-76.991547, 38.889233]]}, "properties": {"STREETNAME": "11TH", "STREETTYPE": "ST", "FHWAFUNCTIONALCLASS": 4}}, {"type": "Feature", "geometry": {"type": "LineString", "coordinates": [[-76.993764, 38.883698], [-76.992647, 38.883243]]}, "properties": {"STREETNAME": "PENNSYLVANIA", "STREETTYPE": "AVE", "FHWAFUNCTIONALCLASS": 3}}, {"type": "Feature", "geometry": {"type": "LineString", "coordinates": [[-76.94992, 38.861286], [-76.949112, 38.861915]]}, "properties": {"STREETNAME": "SOUTHERN", "STREETTYPE": "AVE", "FHWAFUNCTIONALCLASS": 4}}, {"type": "Feature", "geometry": {"type": "LineString", "coordinates": [[-76.95133, 38.888023], [-76.95042, 38.887147]]}, "properties": {"STREETNAME": "RIDGE", "STREETTYPE": "RD", "FHWAFUNCTIONALCLASS": 4}}, {"type": "Feature", "geometry": {"type": "LineString", "coordinates": [[-76.989894, 38.906844], [-76.989385, 38.907297]]}, "properties": {"STREETNAME": "WEST VIRGINIA", "STREETTYPE": "AVE", "FHWAFUNCTIONALCLASS": 4}}, {"type": "Feature", "geometry": {"type": "LineString", "coordinates": [[-77.009065, 38.905655], [-77.009053, 38.909646]]}, "properties": {"STREETNAME": "NORTH CAPITOL", "STREETTYPE": "ST", "FHWAFUNCTIONALCLASS": 3}}, {"type": "Feature", "geometry": {"type": "LineString", "coordinates": [[-77.003513, 38.84134], [-77.004215, 38.840415]]}, "properties": {"STREETNAME": "MARTIN LUTHER KING JR", "STREETTYPE": "AVE", "FHWAFUNCTIONALCLASS": 4}}, {"type": "Feature", "geometry": {"type": "LineString", "coordinates": [[-76.974209, 38.850985], [-76.97376, 38.851086]]}, "properties": {"STREETNAME": "ALABAMA", "STREETTYPE": "AVE", "FHWAFUNCTIONALCLASS": 4}}, {"type": "Feature", "geometry": {"type": "LineString", "coordinates": [[-76.985095, 38.84554], [-76.984428, 38.845724]]}, "properties": {"STREETNAME": "ALABAMA", "STREETTYPE": "AVE", "FHWAFUNCTIONALCLASS": 4}}, {"type": "Feature", "geometry": {"type": "LineString", "coordinates": [[-76.971828, 38.862663], [-76.970986, 38.862279]]}, "properties": {"STREETNAME": "MARION BARRY", "STREETTYPE": "AVE", "FHWAFUNCTIONALCLASS": 4}}, {"type": "Feature", "geometry": {"type": "LineString", "coordinates": [[-77.006749, 38.825152], [-77.006285, 38.824455], [-77.006004, 38.824099]]}, "properties": {"STREETNAME": "SOUTH CAPITOL", "STREETTYPE": "ST", "FHWAFUNCTIONALCLASS": 4}}, {"type": "Feature", "geometry": {"type": "LineString", "coordinates": [[-76.956676, 38.862597], [-76.956523, 38.862603], [-76.955536, 38.862842], [-76.954981, 38.862889], [-76.954261, 38.862822], [-76.953593, 38.862621]]}, "properties": {"STREETNAME": "SUITLAND", "STREETTYPE": "RD", "FHWAFUNCTIONALCLASS": 4}}, {"type": "Feature", "geometry": {"type": "LineString", "coordinates": [[-76.969981, 38.85925], [-76.969974, 38.856874]]}, "properties": {"STREETNAME": "25TH", "STREETTYPE": "ST", "FHWAFUNCTIONALCLASS": 4}}, {"type": "Feature", "geometry": {"type": "LineString", "coordinates": [[-76.985076, 38.880147], [-76.983665, 38.879573]]}, "properties": {"STREETNAME": "PENNSYLVANIA", "STREETTYPE": "AVE", "FHWAFUNCTIONALCLASS": 3}}, {"type": "Feature", "geometry": {"type": "LineString", "coordinates": [[-76.972715, 38.874426], [-76.971421, 38.873834]]}, "properties": {"STREETNAME": "PENNSYLVANIA", "STREETTYPE": "AVE", "FHWAFUNCTIONALCLASS": 3}}, {"type": "Feature", "geometry": {"type": "LineString", "coordinates": [[-76.97376, 38.851086], [-76.972829, 38.851201]]}, "properties": {"STREETNAME": "ALABAMA", "STREETTYPE": "AVE", "FHWAFUNCTIONALCLASS": 4}}, {"type": "Feature", "geometry": {"type": "LineString", "coordinates": [[-77.024856, 38.880321], [-77.025413, 38.880768], [-77.0257, 38.880957], [-77.025912, 38.881062], [-77.026896, 38.881431]]}, "properties": {"STREETNAME": "MAINE", "STREETTYPE": "AVE", "FHWAFUNCTIONALCLASS": 4}}, {"type": "Feature", "geometry": {"type": "LineString", "coordinates": [[-76.953819, 38.888778], [-76.953231, 38.889582]]}, "properties": {"STREETNAME": "MINNESOTA", "STREETTYPE": "AVE", "FHWAFUNCTIONALCLASS": 4}}, {"type": "Feature", "geometry": {"type": "LineString", "coordinates": [[-76.967359, 38.857076], [-76.967267, 38.856942]]}, "properties": {"STREETNAME": "NAYLOR", "STREETTYPE": "RD", "FHWAFUNCTIONALCLASS": 4}}, {"type": "Feature", "geometry": {"type": "LineString", "coordinates": [[-77.054045, 38.896271], [-77.053214, 38.897292], [-77.053064, 38.897644], [-77.053031, 38.897966]]}, "properties": {"STREETNAME": "INTERSTATE 66", "STREETTYPE": "I", "FHWAFUNCTIONALCLASS": 1}}, {"type": "Feature", "geometry": {"type": "LineString", "coordinates": [[-77.021907, 38.882821], [-77.021908, 38.881979]]}, "properties": {"STREETNAME": "7TH", "STREETTYPE": "ST", "FHWAFUNCTIONALCLASS": 4}}, {"type": "Feature", "geometry": {"type": "LineString", "coordinates": [[-76.982221, 38.887598], [-76.980766, 38.887597]]}, "properties": {"STREETNAME": "INDEPENDENCE", "STREETTYPE": "AVE", "FHWAFUNCTIONALCLASS": 3}}, {"type": "Feature", "geometry": {"type": "LineString", "coordinates": [[-77.015181, 38.888829], [-77.015174, 38.888193]]}, "properties": {"STREETNAME": "3RD", "STREETTYPE": "ST", "FHWAFUNCTIONALCLASS": 3}}, {"type": "Feature", "geometry": {"type": "LineString", "coordinates": [[-77.00904, 38.924295], [-77.009042, 38.924521]]}, "properties": {"STREETNAME": "NORTH CAPITOL", "STREETTYPE": "ST", "FHWAFUNCTIONALCLASS": 3}}, {"type": "Feature", "geometry": {"type": "LineString", "coordinates": [[-76.945774, 38.880877], [-76.945245, 38.879746], [-76.944866, 38.8791]]}, "properties": {"STREETNAME": "RIDGE", "STREETTYPE": "RD", "FHWAFUNCTIONALCLASS": 4}}, {"type": "Feature", "geometry": {"type": "LineString", "coordinates": [[-76.977258, 38.887597], [-76.97488, 38.887612]]}, "properties": {"STREETNAME": "INDEPENDENCE", "STREETTYPE": "AVE", "FHWAFUNCTIONALCLASS": 3}}, {"type": "Feature", "geometry": {"type": "LineString", "coordinates": [[-76.969341, 38.872944], [-76.968971, 38.872788]]}, "properties": {"STREETNAME": "PENNSYLVANIA", "STREETTYPE": "AVE", "FHWAFUNCTIONALCLASS": 3}}, {"type": "Feature", "geometry": {"type": "LineString", "coordinates": [[-76.962021, 38.877817], [-76.961764, 38.877631], [-76.961404, 38.877584]]}, "properties": {"STREETNAME": "RANDLE", "STREETTYPE": "CIR", "FHWAFUNCTIONALCLASS": 4}}, {"type": "Feature", "geometry": {"type": "LineString", "coordinates": [[-76.961039, 38.874612], [-76.961002, 38.87432]]}, "properties": {"STREETNAME": "BRANCH", "STREETTYPE": "AVE", "FHWAFUNCTIONALCLASS": 4}}, {"type": "Feature", "geometry": {"type": "LineString", "coordinates": [[-77.00905, 38.956595], [-77.009049, 38.956924]]}, "properties": {"STREETNAME": "NORTH CAPITOL", "STREETTYPE": "ST", "FHWAFUNCTIONALCLASS": 3}}, {"type": "Feature", "geometry": {"type": "LineString", "coordinates": [[-76.924253, 38.886758], [-76.923975, 38.886658]]}, "properties": {"STREETNAME": "CENTRAL", "STREETTYPE": "AVE", "FHWAFUNCTIONALCLASS": 4}}, {"type": "Feature", "geometry": {"type": "LineString", "coordinates": [[-77.013809, 38.88757], [-77.01518, 38.887574]]}, "properties": {"STREETNAME": "INDEPENDENCE", "STREETTYPE": "AVE", "FHWAFUNCTIONALCLASS": 3}}, {"type": "Feature", "geometry": {"type": "LineString", "coordinates": [[-77.031954, 38.887575], [-77.032863, 38.887772], [-77.03321, 38.887813], [-77.03369, 38.887781]]}, "properties": {"STREETNAME": "INDEPENDENCE", "STREETTYPE": "AVE", "FHWAFUNCTIONALCLASS": 3}}, {"type": "Feature", "geometry": {"type": "LineString", "coordinates": [[-77.031965, 38.884973], [-77.032024, 38.884086], [-77.032178, 38.883504]]}, "properties": {"STREETNAME": "14TH", "STREETTYPE": "ST", "FHWAFUNCTIONALCLASS": 3}}, {"type": "Feature", "geometry": {"type": "LineString", "coordinates": [[-76.992227, 38.90478], [-76.991312, 38.90559]]}, "properties": {"STREETNAME": "WEST VIRGINIA", "STREETTYPE": "AVE", "FHWAFUNCTIONALCLASS": 4}}, {"type": "Feature", "geometry": {"type": "LineString", "coordinates": [[-76.934834, 38.883741], [-76.934321, 38.883112]]}, "properties": {"STREETNAME": "BENNING", "STREETTYPE": "RD", "FHWAFUNCTIONALCLASS": 4}}, {"type": "Feature", "geometry": {"type": "LineString", "coordinates": [[-76.959998, 38.867249], [-76.959856, 38.866495]]}, "properties": {"STREETNAME": "BRANCH", "STREETTYPE": "AVE", "FHWAFUNCTIONALCLASS": 3}}, {"type": "Feature", "geometry": {"type": "LineString", "coordinates": [[-76.962283, 38.861634], [-76.962027, 38.86169], [-76.961491, 38.861735]]}, "properties": {"STREETNAME": "ALABAMA", "STREETTYPE": "AVE", "FHWAFUNCTIONALCLASS": 4}}, {"type": "Feature", "geometry": {"type": "LineString", "coordinates": [[-76.990402, 38.906394], [-76.989894, 38.906844]]}, "properties": {"STREETNAME": "WEST VIRGINIA", "STREETTYPE": "AVE", "FHWAFUNCTIONALCLASS": 4}}, {"type": "Feature", "geometry": {"type": "LineString", "coordinates": [[-76.936603, 38.887584], [-76.936162, 38.886557]]}, "properties": {"STREETNAME": "BENNING", "STREETTYPE": "RD", "FHWAFUNCTIONALCLASS": 4}}, {"type": "Feature", "geometry": {"type": "LineString", "coordinates": [[-77.00907, 38.88321], [-77.009205, 38.883309], [-77.009512, 38.883719], [-77.010117, 38.884234], [-77.010423, 38.884644], [-77.010765, 38.884953], [-77.010794, 38.885087]]}, "properties": {"STREETNAME": "WASHINGTON", "STREETTYPE": "AVE", "FHWAFUNCTIONALCLASS": 3}}, {"type": "Feature", "geometry": {"type": "LineString", "coordinates": [[-76.988286, 38.908271], [-76.98747, 38.908993]]}, "properties": {"STREETNAME": "WEST VIRGINIA", "STREETTYPE": "AVE", "FHWAFUNCTIONALCLASS": 4}}, {"type": "Feature", "geometry": {"type": "LineString", "coordinates": [[-76.959856, 38.866495], [-76.959695, 38.865638]]}, "properties": {"STREETNAME": "BRANCH", "STREETTYPE": "AVE", "FHWAFUNCTIONALCLASS": 3}}, {"type": "Feature", "geometry": {"type": "LineString", "coordinates": [[-76.982804, 38.846186], [-76.98031, 38.846911]]}, "properties": {"STREETNAME": "ALABAMA", "STREETTYPE": "AVE", "FHWAFUNCTIONALCLASS": 4}}, {"type": "Feature", "geometry": {"type": "LineString", "coordinates": [[-76.978998, 38.887597], [-76.977258, 38.887597]]}, "properties": {"STREETNAME": "INDEPENDENCE", "STREETTYPE": "AVE", "FHWAFUNCTIONALCLASS": 3}}, {"type": "Feature", "geometry": {"type": "LineString", "coordinates": [[-76.935407, 38.872598], [-76.935015, 38.872903]]}, "properties": {"STREETNAME": "SOUTHERN", "STREETTYPE": "AVE", "FHWAFUNCTIONALCLASS": 4}}, {"type": "Feature", "geometry": {"type": "LineString", "coordinates": [[-76.965755, 38.875966], [-76.964922, 38.876372]]}, "properties": {"STREETNAME": "MINNESOTA", "STREETTYPE": "AVE", "FHWAFUNCTIONALCLASS": 4}}, {"type": "Feature", "geometry": {"type": "LineString", "coordinates": [[-76.994971, 38.876483], [-76.993772, 38.876482]]}, "properties": {"STREETNAME": "M", "STREETTYPE": "ST", "FHWAFUNCTIONALCLASS": 4}}, {"type": "Feature", "geometry": {"type": "LineString", "coordinates": [[-76.935853, 38.87334], [-76.934769, 38.873624]]}, "properties": {"STREETNAME": "BOWEN", "STREETTYPE": "RD", "FHWAFUNCTIONALCLASS": 4}}, {"type": "Feature", "geometry": {"type": "LineString", "coordinates": [[-77.008907, 38.951048], [-77.009009, 38.952415]]}, "properties": {"STREETNAME": "NORTH CAPITOL", "STREETTYPE": "ST", "FHWAFUNCTIONALCLASS": 3}}, {"type": "Feature", "geometry": {"type": "LineString", "coordinates": [[-77.03369, 38.887781], [-77.033794, 38.887686], [-77.034139, 38.887545], [-77.034687, 38.887238], [-77.034915, 38.887163], [-77.035745, 38.887013], [-77.036651, 38.886936]]}, "properties": {"STREETNAME": "INDEPENDENCE", "STREETTYPE": "AVE", "FHWAFUNCTIONALCLASS": 3}}, {"type": "Feature", "geometry": {"type": "LineString", "coordinates": [[-77.039496, 38.888018], [-77.040024, 38.887986], [-77.040551, 38.887873], [-77.041876, 38.887296], [-77.042425, 38.887115], [-77.043251, 38.886993], [-77.044089, 38.887008], [-77.044165, 38.886903]]}, "properties": {"STREETNAME": "INDEPENDENCE", "STREETTYPE": "AVE", "FHWAFUNCTIONALCLASS": 3}}, {"type": "Feature", "geometry": {"type": "LineString", "coordinates": [[-76.970986, 38.862279], [-76.970044, 38.861817], [-76.969376, 38.86123]]}, "properties": {"STREETNAME": "MARION BARRY", "STREETTYPE": "AVE", "FHWAFUNCTIONALCLASS": 4}}, {"type": "Feature", "geometry": {"type": "LineString", "coordinates": [[-76.993764, 38.887602], [-76.992646, 38.887601]]}, "properties": {"STREETNAME": "INDEPENDENCE", "STREETTYPE": "AVE", "FHWAFUNCTIONALCLASS": 3}}, {"type": "Feature", "geometry": {"type": "LineString", "coordinates": [[-76.990597, 38.844319], [-76.988507, 38.844679]]}, "properties": {"STREETNAME": "ALABAMA", "STREETTYPE": "AVE", "FHWAFUNCTIONALCLASS": 4}}, {"type": "Feature", "geometry": {"type": "LineString", "coordinates": [[-76.978138, 38.848396], [-76.977682, 38.849065], [-76.977444, 38.849356]]}, "properties": {"STREETNAME": "ALABAMA", "STREETTYPE": "AVE", "FHWAFUNCTIONALCLASS": 4}}, {"type": "Feature", "geometry": {"type": "LineString", "coordinates": [[-76.980768, 38.885957], [-76.980768, 38.885359]]}, "properties": {"STREETNAME": "17TH", "STREETTYPE": "ST", "FHWAFUNCTIONALCLASS": 4}}, {"type": "Feature", "geometry": {"type": "LineString", "coordinates": [[-76.931482, 38.875661], [-76.931003, 38.876035]]}, "properties": {"STREETNAME": "SOUTHERN", "STREETTYPE": "AVE", "FHWAFUNCTIONALCLASS": 4}}, {"type": "Feature", "geometry": {"type": "LineString", "coordinates": [[-76.91367, 38.889767], [-76.913388, 38.889758]]}, "properties": {"STREETNAME": "EAST CAPITOL", "STREETTYPE": "ST", "FHWAFUNCTIONALCLASS": 3}}, {"type": "Feature", "geometry": {"type": "LineString", "coordinates": [[-76.988251, 38.83266], [-76.98771, 38.832311], [-76.987328, 38.832117]]}, "properties": {"STREETNAME": "WHEELER", "STREETTYPE": "RD", "FHWAFUNCTIONALCLASS": 4}}, {"type": "Feature", "geometry": {"type": "LineString", "coordinates": [[-77.061045, 38.885324], [-77.061759, 38.885078]]}, "properties": {"STREETNAME": "MEMORIAL", "STREETTYPE": "AVE", "FHWAFUNCTIONALCLASS": 3}}, {"type": "Feature", "geometry": {"type": "LineString", "coordinates": [[-77.059405, 38.885575], [-77.059441, 38.885484], [-77.059547, 38.885362], [-77.059805, 38.885241], [-77.060029, 38.885236], [-77.06065, 38.88537], [-77.061045, 38.885324]]}, "properties": {"STREETNAME": "MEMORIAL", "STREETTYPE": "AVE", "FHWAFUNCTIONALCLASS": 3}}, {"type": "Feature", "geometry": {"type": "LineString", "coordinates": [[-76.984428, 38.845724], [-76.983435, 38.846008]]}, "properties": {"STREETNAME": "ALABAMA", "STREETTYPE": "AVE", "FHWAFUNCTIONALCLASS": 4}}, {"type": "Feature", "geometry": {"type": "LineString", "coordinates": [[-76.978736, 38.869485], [-76.977364, 38.870169]]}, "properties": {"STREETNAME": "MINNESOTA", "STREETTYPE": "AVE", "FHWAFUNCTIONALCLASS": 4}}, {"type": "Feature", "geometry": {"type": "LineString", "coordinates": [[-77.001556, 38.842724], [-77.002202, 38.84256], [-77.002667, 38.842326], [-77.002959, 38.84206], [-77.003513, 38.84134]]}, "properties": {"STREETNAME": "MARTIN LUTHER KING JR", "STREETTYPE": "AVE", "FHWAFUNCTIONALCLASS": 4}}, {"type": "Feature", "geometry": {"type": "LineString", "coordinates": [[-77.00768, 38.831406], [-77.007677, 38.830223]]}, "properties": {"STREETNAME": "SOUTH CAPITOL", "STREETTYPE": "ST", "FHWAFUNCTIONALCLASS": 4}}, {"type": "Feature", "geometry": {"type": "LineString", "coordinates": [[-76.939588, 38.869344], [-76.938996, 38.869805]]}, "properties": {"STREETNAME": "SOUTHERN", "STREETTYPE": "AVE", "FHWAFUNCTIONALCLASS": 4}}, {"type": "Feature", "geometry": {"type": "LineString", "coordinates": [[-76.995936, 38.856727], [-76.996077, 38.856074]]}, "properties": {"STREETNAME": "MARTIN LUTHER KING JR", "STREETTYPE": "AVE", "FHWAFUNCTIONALCLASS": 4}}, {"type": "Feature", "geometry": {"type": "LineString", "coordinates": [[-77.001317, 38.821292], [-76.99928, 38.822839]]}, "properties": {"STREETNAME": "SOUTHERN", "STREETTYPE": "AVE", "FHWAFUNCTIONALCLASS": 4}}, {"type": "Feature", "geometry": {"type": "LineString", "coordinates": [[-76.968341, 38.874667], [-76.968076, 38.874801]]}, "properties": {"STREETNAME": "MINNESOTA", "STREETTYPE": "AVE", "FHWAFUNCTIONALCLASS": 4}}, {"type": "Feature", "geometry": {"type": "LineString", "coordinates": [[-76.973805, 38.889755], [-76.973827, 38.889084]]}, "properties": {"STREETNAME": "22ND", "STREETTYPE": "ST", "FHWAFUNCTIONALCLASS": 4}}, {"type": "Feature", "geometry": {"type": "LineString", "coordinates": [[-77.008581, 38.870892], [-77.008532, 38.870795], [-77.008499, 38.869911], [-77.008414, 38.869735], [-77.008258, 38.869617], [-77.002797, 38.867408], [-77.002579, 38.867385], [-77.002059, 38.867446], [-77.001871, 38.867403], [-77.001677, 38.867258]]}, "properties": {"STREETNAME": "SOUTH CAPITOL", "STREETTYPE": "ST", "FHWAFUNCTIONALCLASS": 3}}, {"type": "Feature", "geometry": {"type": "LineString", "coordinates": [[-76.97323, 38.872229], [-76.97223, 38.872726]]}, "properties": {"STREETNAME": "MINNESOTA", "STREETTYPE": "AVE", "FHWAFUNCTIONALCLASS": 4}}, {"type": "Feature", "geometry": {"type": "LineString", "coordinates": [[-76.945782, 38.864514], [-76.944696, 38.865361]]}, "properties": {"STREETNAME": "SOUTHERN", "STREETTYPE": "AVE", "FHWAFUNCTIONALCLASS": 4}}, {"type": "Feature", "geometry": {"type": "LineString", "coordinates": [[-76.935918, 38.885989], [-76.935867, 38.885869]]}, "properties": {"STREETNAME": "BENNING", "STREETTYPE": "RD", "FHWAFUNCTIONALCLASS": 4}}, {"type": "Feature", "geometry": {"type": "LineString", "coordinates": [[-76.953231, 38.889582], [-76.953088, 38.88977]]}, "properties": {"STREETNAME": "MINNESOTA", "STREETTYPE": "AVE", "FHWAFUNCTIONALCLASS": 4}}, {"type": "Feature", "geometry": {"type": "LineString", "coordinates": [[-77.008867, 38.950507], [-77.008907, 38.951048]]}, "properties": {"STREETNAME": "NORTH CAPITOL", "STREETTYPE": "ST", "FHWAFUNCTIONALCLASS": 3}}, {"type": "Feature", "geometry": {"type": "LineString", "coordinates": [[-76.92022, 38.884432], [-76.919348, 38.88511]]}, "properties": {"STREETNAME": "SOUTHERN", "STREETTYPE": "AVE", "FHWAFUNCTIONALCLASS": 4}}, {"type": "Feature", "geometry": {"type": "LineString", "coordinates": [[-76.960174, 38.861838], [-76.959002, 38.861931]]}, "properties": {"STREETNAME": "ALABAMA", "STREETTYPE": "AVE", "FHWAFUNCTIONALCLASS": 4}}, {"type": "Feature", "geometry": {"type": "LineString", "coordinates": [[-76.934877, 38.889772], [-76.934366, 38.88977]]}, "properties": {"STREETNAME": "EAST CAPITOL", "STREETTYPE": "ST", "FHWAFUNCTIONALCLASS": 3}}, {"type": "Feature", "geometry": {"type": "LineString", "coordinates": [[-76.941607, 38.871165], [-76.939946, 38.8715], [-76.939538, 38.87162], [-76.93912, 38.871793]]}, "properties": {"STREETNAME": "ALABAMA", "STREETTYPE": "AVE", "FHWAFUNCTIONALCLASS": 4}}, {"type": "Feature", "geometry": {"type": "LineString", "coordinates": [[-76.99928, 38.822839], [-76.998502, 38.823443]]}, "properties": {"STREETNAME": "SOUTHERN", "STREETTYPE": "AVE", "FHWAFUNCTIONALCLASS": 4}}, {"type": "Feature", "geometry": {"type": "LineString", "coordinates": [[-76.980792, 38.865994], [-76.97955, 38.86577]]}, "properties": {"STREETNAME": "MARION BARRY", "STREETTYPE": "AVE", "FHWAFUNCTIONALCLASS": 4}}, {"type": "Feature", "geometry": {"type": "LineString", "coordinates": [[-76.985514, 38.887601], [-76.984771, 38.887618]]}, "properties": {"STREETNAME": "INDEPENDENCE", "STREETTYPE": "AVE", "FHWAFUNCTIONALCLASS": 3}}, {"type": "Feature", "geometry": {"type": "LineString", "coordinates": [[-76.936978, 38.873935], [-76.936096, 38.873469]]}, "properties": {"STREETNAME": "RIDGE", "STREETTYPE": "RD", "FHWAFUNCTIONALCLASS": 4}}, {"type": "Feature", "geometry": {"type": "LineString", "coordinates": [[-77.043589, 38.873955], [-77.039433, 38.878262], [-77.038886, 38.878603], [-77.038537, 38.878765], [-77.038138, 38.878901], [-77.037732, 38.878995], [-77.037271, 38.879055], [-77.035275, 38.879067], [-77.034196, 38.879004], [-77.033681, 38.879008]]}, "properties": {"STREETNAME": "ROCHAMBEAU", "STREETTYPE": "BRG", "FHWAFUNCTIONALCLASS": 1}}, {"type": "Feature", "geometry": {"type": "LineString", "coordinates": [[-76.990399, 38.829717], [-76.988979, 38.830828]]}, "properties": {"STREETNAME": "SOUTHERN", "STREETTYPE": "AVE", "FHWAFUNCTIONALCLASS": 4}}, {"type": "Feature", "geometry": {"type": "LineString", "coordinates": [[-76.993532, 38.903736], [-76.993137, 38.904008]]}, "properties": {"STREETNAME": "WEST VIRGINIA", "STREETTYPE": "AVE", "FHWAFUNCTIONALCLASS": 4}}, {"type": "Feature", "geometry": {"type": "LineString", "coordinates": [[-76.994964, 38.887602], [-76.993764, 38.887602]]}, "properties": {"STREETNAME": "INDEPENDENCE", "STREETTYPE": "AVE", "FHWAFUNCTIONALCLASS": 3}}, {"type": "Feature", "geometry": {"type": "LineString", "coordinates": [[-76.988197, 38.868767], [-76.988171, 38.868533], [-76.988228, 38.86824], [-76.988628, 38.867424]]}, "properties": {"STREETNAME": "MARTIN LUTHER KING JR", "STREETTYPE": "AVE", "FHWAFUNCTIONALCLASS": 4}}, {"type": "Feature", "geometry": {"type": "LineString", "coordinates": [[-76.999521, 38.87649], [-76.997775, 38.876487]]}, "properties": {"STREETNAME": "M", "STREETTYPE": "ST", "FHWAFUNCTIONALCLASS": 4}}, {"type": "Feature", "geometry": {"type": "LineString", "coordinates": [[-76.992728, 38.83604], [-76.992265, 38.835386], [-76.991945, 38.835084]]}, "properties": {"STREETNAME": "WHEELER", "STREETTYPE": "RD", "FHWAFUNCTIONALCLASS": 4}}, {"type": "Feature", "geometry": {"type": "LineString", "coordinates": [[-76.971793, 38.887903], [-76.971341, 38.888135], [-76.971122, 38.888289], [-76.970332, 38.888968], [-76.969978, 38.889218], [-76.969649, 38.889399], [-76.969315, 38.889542], [-76.968999, 38.889634], [-76.968551, 38.889713], [-76.968019, 38.889753], [-76.967851, 38.889799]]}, "properties": {"STREETNAME": "INDEPENDENCE", "STREETTYPE": "AVE", "FHWAFUNCTIONALCLASS": 3}}, {"type": "Feature", "geometry": {"type": "LineString", "coordinates": [[-77.009069, 38.903738], [-77.009071, 38.904692]]}, "properties": {"STREETNAME": "NORTH CAPITOL", "STREETTYPE": "ST", "FHWAFUNCTIONALCLASS": 3}}, {"type": "Feature", "geometry": {"type": "LineString", "coordinates": [[-77.021819, 38.877923], [-77.02273, 38.878642]]}, "properties": {"STREETNAME": "MAINE", "STREETTYPE": "AVE", "FHWAFUNCTIONALCLASS": 4}}, {"type": "Feature", "geometry": {"type": "LineString", "coordinates": [[-76.953687, 38.858356], [-76.952378, 38.859373]]}, "properties": {"STREETNAME": "SOUTHERN", "STREETTYPE": "AVE", "FHWAFUNCTIONALCLASS": 4}}, {"type": "Feature", "geometry": {"type": "LineString", "coordinates": [[-76.983665, 38.879573], [-76.98162, 38.878742]]}, "properties": {"STREETNAME": "PENNSYLVANIA", "STREETTYPE": "AVE", "FHWAFUNCTIONALCLASS": 3}}, {"type": "Feature", "geometry": {"type": "LineString", "coordinates": [[-76.972454, 38.843728], [-76.971847, 38.844202]]}, "properties": {"STREETNAME": "SOUTHERN", "STREETTYPE": "AVE", "FHWAFUNCTIONALCLASS": 4}}, {"type": "Feature", "geometry": {"type": "LineString", "coordinates": [[-76.975102, 38.864032], [-76.974621, 38.863808], [-76.972822, 38.863087]]}, "properties": {"STREETNAME": "MARION BARRY", "STREETTYPE": "AVE", "FHWAFUNCTIONALCLASS": 4}}, {"type": "Feature", "geometry": {"type": "LineString", "coordinates": [[-76.951326, 38.865602], [-76.949904, 38.865022]]}, "properties": {"STREETNAME": "PENNSYLVANIA", "STREETTYPE": "AVE", "FHWAFUNCTIONALCLASS": 3}}, {"type": "Feature", "geometry": {"type": "LineString", "coordinates": [[-76.917792, 38.886322], [-76.917022, 38.886921]]}, "properties": {"STREETNAME": "SOUTHERN", "STREETTYPE": "AVE", "FHWAFUNCTIONALCLASS": 4}}, {"type": "Feature", "geometry": {"type": "LineString", "coordinates": [[-77.033715, 38.884359], [-77.034146, 38.884708], [-77.034434, 38.885023], [-77.034667, 38.885344], [-77.035065, 38.886033], [-77.035327, 38.886341], [-77.035573, 38.886527], [-77.035885, 38.886703], [-77.036651, 38.886936]]}, "properties": {"STREETNAME": "MAINE", "STREETTYPE": "AVE", "FHWAFUNCTIONALCLASS": 3}}, {"type": "Feature", "geometry": {"type": "LineString", "coordinates": [[-77.033729, 38.884571], [-77.034041, 38.884888], [-77.034325, 38.885253], [-77.034539, 38.885619], [-77.034884, 38.886403], [-77.035032, 38.886629], [-77.03527, 38.886882], [-77.035696, 38.88717], [-77.036056, 38.88732], [-77.037318, 38.887626], [-77.037555, 38.887717]]}, "properties": {"STREETNAME": "MAINE", "STREETTYPE": "AVE", "FHWAFUNCTIONALCLASS": 3}}, {"type": "Feature", "geometry": {"type": "LineString", "coordinates": [[-76.925957, 38.881081], [-76.926079, 38.880131]]}, "properties": {"STREETNAME": "53RD", "STREETTYPE": "ST", "FHWAFUNCTIONALCLASS": 4}}, {"type": "Feature", "geometry": {"type": "LineString", "coordinates": [[-76.920828, 38.883958], [-76.92022, 38.884432]]}, "properties": {"STREETNAME": "SOUTHERN", "STREETTYPE": "AVE", "FHWAFUNCTIONALCLASS": 4}}, {"type": "Feature", "geometry": {"type": "LineString", "coordinates": [[-76.960385, 38.869299], [-76.958567, 38.868561]]}, "properties": {"STREETNAME": "PENNSYLVANIA", "STREETTYPE": "AVE", "FHWAFUNCTIONALCLASS": 3}}, {"type": "Feature", "geometry": {"type": "LineString", "coordinates": [[-76.961139, 38.87855], [-76.961464, 38.878607]]}, "properties": {"STREETNAME": "RANDLE", "STREETTYPE": "CIR", "FHWAFUNCTIONALCLASS": 4}}, {"type": "Feature", "geometry": {"type": "LineString", "coordinates": [[-76.999659, 38.843303], [-77.000036, 38.843103], [-77.000295, 38.843015]]}, "properties": {"STREETNAME": "MARTIN LUTHER KING JR", "STREETTYPE": "AVE", "FHWAFUNCTIONALCLASS": 4}}, {"type": "Feature", "geometry": {"type": "LineString", "coordinates": [[-77.03369, 38.887781], [-77.033696, 38.884879], [-77.033729, 38.884571]]}, "properties": {"STREETNAME": "RAOUL WALLENBERG", "STREETTYPE": "PL", "FHWAFUNCTIONALCLASS": 3}}, {"type": "Feature", "geometry": {"type": "LineString", "coordinates": [[-76.949904, 38.865022], [-76.947537, 38.864054]]}, "properties": {"STREETNAME": "PENNSYLVANIA", "STREETTYPE": "AVE", "FHWAFUNCTIONALCLASS": 3}}, {"type": "Feature", "geometry": {"type": "LineString", "coordinates": [[-76.937802, 38.870734], [-76.937163, 38.871231]]}, "properties": {"STREETNAME": "SOUTHERN", "STREETTYPE": "AVE", "FHWAFUNCTIONALCLASS": 4}}, {"type": "Feature", "geometry": {"type": "LineString", "coordinates": [[-77.00354, 38.830973], [-77.002032, 38.830966]]}, "properties": {"STREETNAME": "ATLANTIC", "STREETTYPE": "ST", "FHWAFUNCTIONALCLASS": 4}}, {"type": "Feature", "geometry": {"type": "LineString", "coordinates": [[-76.983435, 38.846008], [-76.982804, 38.846186]]}, "properties": {"STREETNAME": "ALABAMA", "STREETTYPE": "AVE", "FHWAFUNCTIONALCLASS": 4}}, {"type": "Feature", "geometry": {"type": "LineString", "coordinates": [[-77.021279, 38.877433], [-77.021819, 38.877923]]}, "properties": {"STREETNAME": "MAINE", "STREETTYPE": "AVE", "FHWAFUNCTIONALCLASS": 4}}, {"type": "Feature", "geometry": {"type": "LineString", "coordinates": [[-76.983305, 38.853305], [-76.981958, 38.853802], [-76.981076, 38.854051], [-76.980196, 38.854201], [-76.979462, 38.854257], [-76.978545, 38.854235], [-76.977429, 38.854062], [-76.976815, 38.853902], [-76.975866, 38.853541]]}, "properties": {"STREETNAME": "SUITLAND", "STREETTYPE": "PKWY", "FHWAFUNCTIONALCLASS": 2}}, {"type": "Feature", "geometry": {"type": "LineString", "coordinates": [[-76.974955, 38.871371], [-76.97323, 38.872229]]}, "properties": {"STREETNAME": "MINNESOTA", "STREETTYPE": "AVE", "FHWAFUNCTIONALCLASS": 4}}, {"type": "Feature", "geometry": {"type": "LineString", "coordinates": [[-77.016594, 38.887571], [-77.017549, 38.887579]]}, "properties": {"STREETNAME": "INDEPENDENCE", "STREETTYPE": "AVE", "FHWAFUNCTIONALCLASS": 3}}, {"type": "Feature", "geometry": {"type": "LineString", "coordinates": [[-77.04387, 38.874181], [-77.039652, 38.878569], [-77.039323, 38.878866], [-77.038798, 38.879184], [-77.038169, 38.879413], [-77.037618, 38.879525], [-77.037041, 38.879549]]}, "properties": {"STREETNAME": "INTERSTATE 395", "STREETTYPE": "I", "FHWAFUNCTIONALCLASS": 1}}, {"type": "Feature", "geometry": {"type": "LineString", "coordinates": [[-76.979026, 38.847555], [-76.978535, 38.847952], [-76.978138, 38.848396]]}, "properties": {"STREETNAME": "ALABAMA", "STREETTYPE": "AVE", "FHWAFUNCTIONALCLASS": 4}}, {"type": "Feature", "geometry": {"type": "LineString", "coordinates": [[-77.03369, 38.887781], [-77.033824, 38.887811], [-77.034783, 38.887592], [-77.035338, 38.887534], [-77.035956, 38.887553], [-77.036805, 38.887748], [-77.037555, 38.887717]]}, "properties": {"STREETNAME": "INDEPENDENCE", "STREETTYPE": "AVE", "FHWAFUNCTIONALCLASS": 3}}, {"type": "Feature", "geometry": {"type": "LineString", "coordinates": [[-76.99591, 38.85306], [-76.99587, 38.852357], [-76.995941, 38.850092]]}, "properties": {"STREETNAME": "MARTIN LUTHER KING JR", "STREETTYPE": "AVE", "FHWAFUNCTIONALCLASS": 4}}, {"type": "Feature", "geometry": {"type": "LineString", "coordinates": [[-76.977246, 38.865063], [-76.976644, 38.864774]]}, "properties": {"STREETNAME": "MARION BARRY", "STREETTYPE": "AVE", "FHWAFUNCTIONALCLASS": 4}}, {"type": "Feature", "geometry": {"type": "LineString", "coordinates": [[-76.957222, 38.868009], [-76.956112, 38.867552]]}, "properties": {"STREETNAME": "PENNSYLVANIA", "STREETTYPE": "AVE", "FHWAFUNCTIONALCLASS": 3}}, {"type": "Feature", "geometry": {"type": "LineString", "coordinates": [[-76.967921, 38.857967], [-76.967724, 38.857616], [-76.967359, 38.857076]]}, "properties": {"STREETNAME": "NAYLOR", "STREETTYPE": "RD", "FHWAFUNCTIONALCLASS": 4}}, {"type": "Feature", "geometry": {"type": "LineString", "coordinates": [[-77.009048, 38.954823], [-77.009051, 38.955707]]}, "properties": {"STREETNAME": "NORTH CAPITOL", "STREETTYPE": "ST", "FHWAFUNCTIONALCLASS": 3}}, {"type": "Feature", "geometry": {"type": "LineString", "coordinates": [[-77.021913, 38.885597], [-77.021911, 38.884845]]}, "properties": {"STREETNAME": "7TH", "STREETTYPE": "ST", "FHWAFUNCTIONALCLASS": 4}}, {"type": "Feature", "geometry": {"type": "LineString", "coordinates": [[-76.944696, 38.865361], [-76.943702, 38.866136]]}, "properties": {"STREETNAME": "SOUTHERN", "STREETTYPE": "AVE", "FHWAFUNCTIONALCLASS": 4}}, {"type": "Feature", "geometry": {"type": "LineString", "coordinates": [[-77.00904, 38.923454], [-77.00904, 38.924295]]}, "properties": {"STREETNAME": "NORTH CAPITOL", "STREETTYPE": "ST", "FHWAFUNCTIONALCLASS": 3}}, {"type": "Feature", "geometry": {"type": "LineString", "coordinates": [[-76.970602, 38.852146], [-76.97028, 38.852392], [-76.97005, 38.852732]]}, "properties": {"STREETNAME": "ALABAMA", "STREETTYPE": "AVE", "FHWAFUNCTIONALCLASS": 4}}, {"type": "Feature", "geometry": {"type": "LineString", "coordinates": [[-76.969376, 38.86123], [-76.969699, 38.860755]]}, "properties": {"STREETNAME": "25TH", "STREETTYPE": "ST", "FHWAFUNCTIONALCLASS": 4}}, {"type": "Feature", "geometry": {"type": "LineString", "coordinates": [[-76.977444, 38.849356], [-76.976903, 38.849862], [-76.976242, 38.850292]]}, "properties": {"STREETNAME": "ALABAMA", "STREETTYPE": "AVE", "FHWAFUNCTIONALCLASS": 4}}, {"type": "Feature", "geometry": {"type": "LineString", "coordinates": [[-76.991317, 38.873303], [-76.991145, 38.872883], [-76.990817, 38.872326], [-76.989003, 38.870022], [-76.988337, 38.869059], [-76.988197, 38.868767]]}, "properties": {"STREETNAME": "11TH", "STREETTYPE": "ST", "FHWAFUNCTIONALCLASS": 4}}, {"type": "Feature", "geometry": {"type": "LineString", "coordinates": [[-76.980766, 38.887597], [-76.978998, 38.887597]]}, "properties": {"STREETNAME": "INDEPENDENCE", "STREETTYPE": "AVE", "FHWAFUNCTIONALCLASS": 3}}, {"type": "Feature", "geometry": {"type": "LineString", "coordinates": [[-76.970247, 38.845449], [-76.969652, 38.845911]]}, "properties": {"STREETNAME": "SOUTHERN", "STREETTYPE": "AVE", "FHWAFUNCTIONALCLASS": 4}}, {"type": "Feature", "geometry": {"type": "LineString", "coordinates": [[-76.99153, 38.887601], [-76.991531, 38.886041]]}, "properties": {"STREETNAME": "11TH", "STREETTYPE": "ST", "FHWAFUNCTIONALCLASS": 4}}, {"type": "Feature", "geometry": {"type": "LineString", "coordinates": [[-77.032874, 38.889496], [-77.03289, 38.889245], [-77.033005, 38.88886]]}, "properties": {"STREETNAME": "15TH", "STREETTYPE": "ST", "FHWAFUNCTIONALCLASS": 3}}, {"type": "Feature", "geometry": {"type": "LineString", "coordinates": [[-76.997678, 38.843154], [-76.995916, 38.843416]]}, "properties": {"STREETNAME": "ALABAMA", "STREETTYPE": "AVE", "FHWAFUNCTIONALCLASS": 4}}, {"type": "Feature", "geometry": {"type": "LineString", "coordinates": [[-76.980767, 38.886653], [-76.980768, 38.885957]]}, "properties": {"STREETNAME": "17TH", "STREETTYPE": "ST", "FHWAFUNCTIONALCLASS": 4}}, {"type": "Feature", "geometry": {"type": "LineString", "coordinates": [[-77.01991, 38.887575], [-77.021918, 38.887571]]}, "properties": {"STREETNAME": "INDEPENDENCE", "STREETTYPE": "AVE", "FHWAFUNCTIONALCLASS": 3}}, {"type": "Feature", "geometry": {"type": "LineString", "coordinates": [[-77.006028, 38.838026], [-77.007499, 38.83608], [-77.007746, 38.835695]]}, "properties": {"STREETNAME": "MARTIN LUTHER KING JR", "STREETTYPE": "AVE", "FHWAFUNCTIONALCLASS": 4}}, {"type": "Feature", "geometry": {"type": "LineString", "coordinates": [[-77.065205, 38.891849], [-77.06447, 38.891694], [-77.064028, 38.891657], [-77.063393, 38.891671], [-77.060987, 38.892036], [-77.055835, 38.892897], [-77.055323, 38.892908], [-77.054463, 38.892798]]}, "properties": {"STREETNAME": "INTERSTATE 66", "STREETTYPE": "I", "FHWAFUNCTIONALCLASS": 1}}, {"type": "Feature", "geometry": {"type": "LineString", "coordinates": [[-76.968971, 38.87075], [-76.968973, 38.869482]]}, "properties": {"STREETNAME": "27TH", "STREETTYPE": "ST", "FHWAFUNCTIONALCLASS": 4}}, {"type": "Feature", "geometry": {"type": "LineString", "coordinates": [[-76.964773, 38.860726], [-76.963109, 38.86134]]}, "properties": {"STREETNAME": "ALABAMA", "STREETTYPE": "AVE", "FHWAFUNCTIONALCLASS": 4}}, {"type": "Feature", "geometry": {"type": "LineString", "coordinates": [[-76.980766, 38.888682], [-76.980766, 38.887597]]}, "properties": {"STREETNAME": "17TH", "STREETTYPE": "ST", "FHWAFUNCTIONALCLASS": 4}}, {"type": "Feature", "geometry": {"type": "LineString", "coordinates": [[-77.0086, 38.947067], [-77.008623, 38.947386]]}, "properties": {"STREETNAME": "NORTH CAPITOL", "STREETTYPE": "ST", "FHWAFUNCTIONALCLASS": 3}}, {"type": "Feature", "geometry": {"type": "LineString", "coordinates": [[-77.00907, 38.883865], [-77.00907, 38.88321]]}, "properties": {"STREETNAME": "SOUTH CAPITOL", "STREETTYPE": "ST", "FHWAFUNCTIONALCLASS": 3}}, {"type": "Feature", "geometry": {"type": "LineString", "coordinates": [[-76.921587, 38.883365], [-76.920828, 38.883958]]}, "properties": {"STREETNAME": "SOUTHERN", "STREETTYPE": "AVE", "FHWAFUNCTIONALCLASS": 4}}, {"type": "Feature", "geometry": {"type": "LineString", "coordinates": [[-77.00768, 38.831406], [-77.005888, 38.831214]]}, "properties": {"STREETNAME": "ATLANTIC", "STREETTYPE": "ST", "FHWAFUNCTIONALCLASS": 4}}, {"type": "Feature", "geometry": {"type": "LineString", "coordinates": [[-76.993296, 38.843855], [-76.992429, 38.844004]]}, "properties": {"STREETNAME": "ALABAMA", "STREETTYPE": "AVE", "FHWAFUNCTIONALCLASS": 4}}, {"type": "Feature", "geometry": {"type": "LineString", "coordinates": [[-76.951723, 38.859883], [-76.94992, 38.861286]]}, "properties": {"STREETNAME": "SOUTHERN", "STREETTYPE": "AVE", "FHWAFUNCTIONALCLASS": 4}}, {"type": "Feature", "geometry": {"type": "LineString", "coordinates": [[-76.954673, 38.887591], [-76.953819, 38.888778]]}, "properties": {"STREETNAME": "MINNESOTA", "STREETTYPE": "AVE", "FHWAFUNCTIONALCLASS": 4}}, {"type": "Feature", "geometry": {"type": "LineString", "coordinates": [[-76.98162, 38.878742], [-76.979625, 38.877686]]}, "properties": {"STREETNAME": "PENNSYLVANIA", "STREETTYPE": "AVE", "FHWAFUNCTIONALCLASS": 3}}, {"type": "Feature", "geometry": {"type": "LineString", "coordinates": [[-76.963092, 38.870407], [-76.960385, 38.869299]]}, "properties": {"STREETNAME": "PENNSYLVANIA", "STREETTYPE": "AVE", "FHWAFUNCTIONALCLASS": 3}}, {"type": "Feature", "geometry": {"type": "LineString", "coordinates": [[-76.987818, 38.881264], [-76.985956, 38.880512]]}, "properties": {"STREETNAME": "PENNSYLVANIA", "STREETTYPE": "AVE", "FHWAFUNCTIONALCLASS": 3}}, {"type": "Feature", "geometry": {"type": "LineString", "coordinates": [[-76.96571, 38.854849], [-76.96514, 38.854194], [-76.962981, 38.852141], [-76.962831, 38.852046], [-76.962531, 38.851943], [-76.961967, 38.851933]]}, "properties": {"STREETNAME": "NAYLOR", "STREETTYPE": "RD", "FHWAFUNCTIONALCLASS": 4}}, {"type": "Feature", "geometry": {"type": "LineString", "coordinates": [[-76.954611, 38.857635], [-76.953687, 38.858356]]}, "properties": {"STREETNAME": "SOUTHERN", "STREETTYPE": "AVE", "FHWAFUNCTIONALCLASS": 4}}, {"type": "Feature", "geometry": {"type": "LineString", "coordinates": [[-76.995941, 38.850092], [-76.996008, 38.848053]]}, "properties": {"STREETNAME": "MARTIN LUTHER KING JR", "STREETTYPE": "AVE", "FHWAFUNCTIONALCLASS": 4}}, {"type": "Feature", "geometry": {"type": "LineString", "coordinates": [[-76.983056, 38.867335], [-76.982675, 38.867524]]}, "properties": {"STREETNAME": "MINNESOTA", "STREETTYPE": "AVE", "FHWAFUNCTIONALCLASS": 4}}, {"type": "Feature", "geometry": {"type": "LineString", "coordinates": [[-76.917783, 38.889768], [-76.914394, 38.889768]]}, "properties": {"STREETNAME": "EAST CAPITOL", "STREETTYPE": "ST", "FHWAFUNCTIONALCLASS": 3}}, {"type": "Feature", "geometry": {"type": "LineString", "coordinates": [[-76.964922, 38.876372], [-76.963519, 38.877071]]}, "properties": {"STREETNAME": "MINNESOTA", "STREETTYPE": "AVE", "FHWAFUNCTIONALCLASS": 4}}, {"type": "Feature", "geometry": {"type": "LineString", "coordinates": [[-76.934366, 38.88977], [-76.932738, 38.88977]]}, "properties": {"STREETNAME": "EAST CAPITOL", "STREETTYPE": "ST", "FHWAFUNCTIONALCLASS": 3}}, {"type": "Feature", "geometry": {"type": "LineString", "coordinates": [[-76.936291, 38.871918], [-76.936006, 38.872135]]}, "properties": {"STREETNAME": "SOUTHERN", "STREETTYPE": "AVE", "FHWAFUNCTIONALCLASS": 4}}, {"type": "Feature", "geometry": {"type": "LineString", "coordinates": [[-76.936961, 38.888424], [-76.936883, 38.888241]]}, "properties": {"STREETNAME": "BENNING", "STREETTYPE": "RD", "FHWAFUNCTIONALCLASS": 4}}, {"type": "Feature", "geometry": {"type": "LineString", "coordinates": [[-76.944564, 38.889788], [-76.938229, 38.889784]]}, "properties": {"STREETNAME": "EAST CAPITOL", "STREETTYPE": "ST", "FHWAFUNCTIONALCLASS": 3}}, {"type": "Feature", "geometry": {"type": "LineString", "coordinates": [[-76.953593, 38.862621], [-76.952225, 38.862131]]}, "properties": {"STREETNAME": "SUITLAND", "STREETTYPE": "RD", "FHWAFUNCTIONALCLASS": 4}}, {"type": "Feature", "geometry": {"type": "LineString", "coordinates": [[-77.04496, 38.886933], [-77.04847, 38.887064]]}, "properties": {"STREETNAME": "INDEPENDENCE", "STREETTYPE": "AVE", "FHWAFUNCTIONALCLASS": 3}}, {"type": "Feature", "geometry": {"type": "LineString", "coordinates": [[-76.920704, 38.889758], [-76.919398, 38.889758]]}, "properties": {"STREETNAME": "EAST CAPITOL", "STREETTYPE": "ST", "FHWAFUNCTIONALCLASS": 3}}, {"type": "Feature", "geometry": {"type": "LineString", "coordinates": [[-77.00058, 38.887605], [-76.999517, 38.887604]]}, "properties": {"STREETNAME": "INDEPENDENCE", "STREETTYPE": "AVE", "FHWAFUNCTIONALCLASS": 3}}, {"type": "Feature", "geometry": {"type": "LineString", "coordinates": [[-76.990399, 38.863813], [-76.991018, 38.863436]]}, "properties": {"STREETNAME": "MARTIN LUTHER KING JR", "STREETTYPE": "AVE", "FHWAFUNCTIONALCLASS": 4}}, {"type": "Feature", "geometry": {"type": "LineString", "coordinates": [[-76.936094, 38.889784], [-76.934877, 38.889772]]}, "properties": {"STREETNAME": "EAST CAPITOL", "STREETTYPE": "ST", "FHWAFUNCTIONALCLASS": 3}}, {"type": "Feature", "geometry": {"type": "LineString", "coordinates": [[-76.947258, 38.883771], [-76.94693, 38.883283], [-76.946679, 38.882838]]}, "properties": {"STREETNAME": "RIDGE", "STREETTYPE": "RD", "FHWAFUNCTIONALCLASS": 4}}, {"type": "Feature", "geometry": {"type": "LineString", "coordinates": [[-76.998041, 38.823804], [-76.996948, 38.824607]]}, "properties": {"STREETNAME": "SOUTHERN", "STREETTYPE": "AVE", "FHWAFUNCTIONALCLASS": 4}}, {"type": "Feature", "geometry": {"type": "LineString", "coordinates": [[-76.97955, 38.86577], [-76.979017, 38.865673]]}, "properties": {"STREETNAME": "MARION BARRY", "STREETTYPE": "AVE", "FHWAFUNCTIONALCLASS": 4}}, {"type": "Feature", "geometry": {"type": "LineString", "coordinates": [[-76.968149, 38.860226], [-76.966912, 38.859925]]}, "properties": {"STREETNAME": "MARION BARRY", "STREETTYPE": "AVE", "FHWAFUNCTIONALCLASS": 4}}, {"type": "Feature", "geometry": {"type": "LineString", "coordinates": [[-76.994972, 38.87754], [-76.994971, 38.87714]]}, "properties": {"STREETNAME": "8TH", "STREETTYPE": "ST", "FHWAFUNCTIONALCLASS": 4}}, {"type": "Feature", "geometry": {"type": "LineString", "coordinates": [[-76.969029, 38.874321], [-76.968341, 38.874667]]}, "properties": {"STREETNAME": "MINNESOTA", "STREETTYPE": "AVE", "FHWAFUNCTIONALCLASS": 4}}, {"type": "Feature", "geometry": {"type": "LineString", "coordinates": [[-76.932738, 38.88977], [-76.932059, 38.889769]]}, "properties": {"STREETNAME": "EAST CAPITOL", "STREETTYPE": "ST", "FHWAFUNCTIONALCLASS": 3}}, {"type": "Feature", "geometry": {"type": "LineString", "coordinates": [[-76.991533, 38.8828], [-76.990244, 38.882257]]}, "properties": {"STREETNAME": "PENNSYLVANIA", "STREETTYPE": "AVE", "FHWAFUNCTIONALCLASS": 3}}, {"type": "Feature", "geometry": {"type": "LineString", "coordinates": [[-77.009052, 38.959454], [-77.009059, 38.959653]]}, "properties": {"STREETNAME": "NORTH CAPITOL", "STREETTYPE": "ST", "FHWAFUNCTIONALCLASS": 4}}, {"type": "Feature", "geometry": {"type": "LineString", "coordinates": [[-76.974059, 38.889376], [-76.974059, 38.888252], [-76.974094, 38.888009], [-76.974191, 38.887874], [-76.974314, 38.88779], [-76.974451, 38.887737], [-76.974645, 38.887714], [-76.97488, 38.887612]]}, "properties": {"STREETNAME": "22ND", "STREETTYPE": "ST", "FHWAFUNCTIONALCLASS": 4}}, {"type": "Feature", "geometry": {"type": "LineString", "coordinates": [[-77.000583, 38.84295], [-77.001556, 38.842724]]}, "properties": {"STREETNAME": "MARTIN LUTHER KING JR", "STREETTYPE": "AVE", "FHWAFUNCTIONALCLASS": 4}}, {"type": "Feature", "geometry": {"type": "LineString", "coordinates": [[-77.018885, 38.879294], [-77.019896, 38.879292]]}, "properties": {"STREETNAME": "I", "STREETTYPE": "ST", "FHWAFUNCTIONALCLASS": 4}}, {"type": "Feature", "geometry": {"type": "LineString", "coordinates": [[-77.009066, 38.87842], [-77.0091, 38.877246], [-77.00909, 38.874648]]}, "properties": {"STREETNAME": "SOUTH CAPITOL", "STREETTYPE": "ST", "FHWAFUNCTIONALCLASS": 3}}, {"type": "Feature", "geometry": {"type": "LineString", "coordinates": [[-76.961464, 38.878607], [-76.961811, 38.878526], [-76.962051, 38.878329]]}, "properties": {"STREETNAME": "RANDLE", "STREETTYPE": "CIR", "FHWAFUNCTIONALCLASS": 4}}, {"type": "Feature", "geometry": {"type": "LineString", "coordinates": [[-76.938996, 38.869805], [-76.938402, 38.870268]]}, "properties": {"STREETNAME": "SOUTHERN", "STREETTYPE": "AVE", "FHWAFUNCTIONALCLASS": 4}}, {"type": "Feature", "geometry": {"type": "LineString", "coordinates": [[-76.97223, 38.872726], [-76.972095, 38.87287], [-76.971808, 38.873015], [-76.971614, 38.873169]]}, "properties": {"STREETNAME": "MINNESOTA", "STREETTYPE": "AVE", "FHWAFUNCTIONALCLASS": 4}}, {"type": "Feature", "geometry": {"type": "LineString", "coordinates": [[-76.937921, 38.874434], [-76.936978, 38.873935]]}, "properties": {"STREETNAME": "RIDGE", "STREETTYPE": "RD", "FHWAFUNCTIONALCLASS": 4}}, {"type": "Feature", "geometry": {"type": "LineString", "coordinates": [[-76.994977, 38.882731], [-76.994977, 38.881276]]}, "properties": {"STREETNAME": "8TH", "STREETTYPE": "ST", "FHWAFUNCTIONALCLASS": 4}}, {"type": "Feature", "geometry": {"type": "LineString", "coordinates": [[-76.969652, 38.845911], [-76.963501, 38.85071]]}, "properties": {"STREETNAME": "SOUTHERN", "STREETTYPE": "AVE", "FHWAFUNCTIONALCLASS": 4}}, {"type": "Feature", "geometry": {"type": "LineString", "coordinates": [[-76.953231, 38.889582], [-76.953023, 38.889545], [-76.952729, 38.889418], [-76.952143, 38.888832]]}, "properties": {"STREETNAME": "RIDGE", "STREETTYPE": "RD", "FHWAFUNCTIONALCLASS": 4}}, {"type": "Feature", "geometry": {"type": "LineString", "coordinates": [[-77.017549, 38.887579], [-77.01991, 38.887575]]}, "properties": {"STREETNAME": "INDEPENDENCE", "STREETTYPE": "AVE", "FHWAFUNCTIONALCLASS": 3}}, {"type": "Feature", "geometry": {"type": "LineString", "coordinates": [[-77.05138, 38.889328], [-77.051451, 38.889058], [-77.051599, 38.88884], [-77.051789, 38.888703], [-77.052142, 38.888558]]}, "properties": {"STREETNAME": "LINCOLN MEMORIAL", "STREETTYPE": "CIR", "FHWAFUNCTIONALCLASS": 3}}, {"type": "Feature", "geometry": {"type": "LineString", "coordinates": [[-76.985024, 38.833913], [-76.977248, 38.839988]]}, "properties": {"STREETNAME": "SOUTHERN", "STREETTYPE": "AVE", "FHWAFUNCTIONALCLASS": 4}}, {"type": "Feature", "geometry": {"type": "LineString", "coordinates": [[-77.001317, 38.821292], [-77.001205, 38.821149]]}, "properties": {"STREETNAME": "SOUTH CAPITOL", "STREETTYPE": "ST", "FHWAFUNCTIONALCLASS": 4}}, {"type": "Feature", "geometry": {"type": "LineString", "coordinates": [[-76.976201, 38.87075], [-76.974955, 38.871371]]}, "properties": {"STREETNAME": "MINNESOTA", "STREETTYPE": "AVE", "FHWAFUNCTIONALCLASS": 4}}, {"type": "Feature", "geometry": {"type": "LineString", "coordinates": [[-76.97065, 38.873471], [-76.969891, 38.873867]]}, "properties": {"STREETNAME": "MINNESOTA", "STREETTYPE": "AVE", "FHWAFUNCTIONALCLASS": 4}}, {"type": "Feature", "geometry": {"type": "LineString", "coordinates": [[-76.926057, 38.889767], [-76.924994, 38.889761]]}, "properties": {"STREETNAME": "EAST CAPITOL", "STREETTYPE": "ST", "FHWAFUNCTIONALCLASS": 3}}, {"type": "Feature", "geometry": {"type": "LineString", "coordinates": [[-77.02355, 38.879304], [-77.024139, 38.879747]]}, "properties": {"STREETNAME": "MAINE", "STREETTYPE": "AVE", "FHWAFUNCTIONALCLASS": 4}}, {"type": "Feature", "geometry": {"type": "LineString", "coordinates": [[-76.996026, 38.847533], [-76.996052, 38.84716], [-76.996129, 38.846871], [-76.996271, 38.846601], [-76.996552, 38.846218]]}, "properties": {"STREETNAME": "MARTIN LUTHER KING JR", "STREETTYPE": "AVE", "FHWAFUNCTIONALCLASS": 4}}, {"type": "Feature", "geometry": {"type": "LineString", "coordinates": [[-76.966623, 38.871847], [-76.964774, 38.871094]]}, "properties": {"STREETNAME": "PENNSYLVANIA", "STREETTYPE": "AVE", "FHWAFUNCTIONALCLASS": 3}}, {"type": "Feature", "geometry": {"type": "LineString", "coordinates": [[-77.002032, 38.830966], [-77.000573, 38.830967]]}, "properties": {"STREETNAME": "ATLANTIC", "STREETTYPE": "ST", "FHWAFUNCTIONALCLASS": 4}}, {"type": "Feature", "geometry": {"type": "LineString", "coordinates": [[-77.017549, 38.887579], [-77.017558, 38.886048]]}, "properties": {"STREETNAME": "4TH", "STREETTYPE": "ST", "FHWAFUNCTIONALCLASS": 4}}, {"type": "Feature", "geometry": {"type": "LineString", "coordinates": [[-76.961002, 38.87432], [-76.960942, 38.873827]]}, "properties": {"STREETNAME": "BRANCH", "STREETTYPE": "AVE", "FHWAFUNCTIONALCLASS": 4}}, {"type": "Feature", "geometry": {"type": "LineString", "coordinates": [[-77.003522, 38.887621], [-77.002042, 38.887606]]}, "properties": {"STREETNAME": "INDEPENDENCE", "STREETTYPE": "AVE", "FHWAFUNCTIONALCLASS": 3}}, {"type": "Feature", "geometry": {"type": "LineString", "coordinates": [[-77.009049, 38.968224], [-77.009044, 38.969104]]}, "properties": {"STREETNAME": "NORTH CAPITOL", "STREETTYPE": "ST", "FHWAFUNCTIONALCLASS": 4}}, {"type": "Feature", "geometry": {"type": "LineString", "coordinates": [[-77.036651, 38.886936], [-77.041172, 38.886939], [-77.043102, 38.886764], [-77.044102, 38.886786], [-77.044165, 38.886903]]}, "properties": {"STREETNAME": "INDEPENDENCE", "STREETTYPE": "AVE", "FHWAFUNCTIONALCLASS": 3}}, {"type": "Feature", "geometry": {"type": "LineString", "coordinates": [[-76.991945, 38.835084], [-76.99082, 38.834347]]}, "properties": {"STREETNAME": "WHEELER", "STREETTYPE": "RD", "FHWAFUNCTIONALCLASS": 4}}, {"type": "Feature", "geometry": {"type": "LineString", "coordinates": [[-76.991535, 38.879286], [-76.991537, 38.87841]]}, "properties": {"STREETNAME": "11TH", "STREETTYPE": "ST", "FHWAFUNCTIONALCLASS": 4}}, {"type": "Feature", "geometry": {"type": "LineString", "coordinates": [[-77.054463, 38.892798], [-77.053973, 38.892802], [-77.053596, 38.892908], [-77.053281, 38.893133], [-77.053177, 38.893272], [-77.053098, 38.893455], [-77.053078, 38.893656], [-77.053112, 38.893843], [-77.053248, 38.894147], [-77.053545, 38.894508], [-77.0537, 38.894801], [-77.053739, 38.895], [-77.053747, 38.895395]]}, "properties": {"STREETNAME": "INTERSTATE 66", "STREETTYPE": "I", "FHWAFUNCTIONALCLASS": 1}}, {"type": "Feature", "geometry": {"type": "LineString", "coordinates": [[-77.058899, 38.886108], [-77.059219, 38.885883], [-77.059405, 38.885575]]}, "properties": {"STREETNAME": "MEMORIAL", "STREETTYPE": "AVE", "FHWAFUNCTIONALCLASS": 3}}, {"type": "Feature", "geometry": {"type": "LineString", "coordinates": [[-76.994971, 38.87714], [-76.994971, 38.876483]]}, "properties": {"STREETNAME": "8TH", "STREETTYPE": "ST", "FHWAFUNCTIONALCLASS": 4}}, {"type": "Feature", "geometry": {"type": "LineString", "coordinates": [[-76.954926, 38.857389], [-76.954611, 38.857635]]}, "properties": {"STREETNAME": "SOUTHERN", "STREETTYPE": "AVE", "FHWAFUNCTIONALCLASS": 4}}, {"type": "Feature", "geometry": {"type": "LineString", "coordinates": [[-77.007462, 38.876491], [-77.0067, 38.87649]]}, "properties": {"STREETNAME": "M", "STREETTYPE": "ST", "FHWAFUNCTIONALCLASS": 4}}, {"type": "Feature", "geometry": {"type": "LineString", "coordinates": [[-76.971421, 38.873834], [-76.97065, 38.873471]]}, "properties": {"STREETNAME": "PENNSYLVANIA", "STREETTYPE": "AVE", "FHWAFUNCTIONALCLASS": 3}}, {"type": "Feature", "geometry": {"type": "LineString", "coordinates": [[-76.99609, 38.825274], [-76.992633, 38.827974]]}, "properties": {"STREETNAME": "SOUTHERN", "STREETTYPE": "AVE", "FHWAFUNCTIONALCLASS": 4}}, {"type": "Feature", "geometry": {"type": "LineString", "coordinates": [[-76.98901, 38.866577], [-76.989384, 38.865739]]}, "properties": {"STREETNAME": "MARTIN LUTHER KING JR", "STREETTYPE": "AVE", "FHWAFUNCTIONALCLASS": 4}}, {"type": "Feature", "geometry": {"type": "LineString", "coordinates": [[-76.984771, 38.887618], [-76.983651, 38.887609]]}, "properties": {"STREETNAME": "INDEPENDENCE", "STREETTYPE": "AVE", "FHWAFUNCTIONALCLASS": 3}}, {"type": "Feature", "geometry": {"type": "LineString", "coordinates": [[-76.99082, 38.834347], [-76.990084, 38.83386]]}, "properties": {"STREETNAME": "WHEELER", "STREETTYPE": "RD", "FHWAFUNCTIONALCLASS": 4}}, {"type": "Feature", "geometry": {"type": "LineString", "coordinates": [[-76.979007, 38.869352], [-76.978736, 38.869485]]}, "properties": {"STREETNAME": "MINNESOTA", "STREETTYPE": "AVE", "FHWAFUNCTIONALCLASS": 4}}, {"type": "Feature", "geometry": {"type": "LineString", "coordinates": [[-76.977248, 38.839988], [-76.975658, 38.841229]]}, "properties": {"STREETNAME": "SOUTHERN", "STREETTYPE": "AVE", "FHWAFUNCTIONALCLASS": 4}}, {"type": "Feature", "geometry": {"type": "LineString", "coordinates": [[-77.017558, 38.885079], [-77.01756, 38.884688]]}, "properties": {"STREETNAME": "4TH", "STREETTYPE": "ST", "FHWAFUNCTIONALCLASS": 4}}, {"type": "Feature", "geometry": {"type": "LineString", "coordinates": [[-76.957493, 38.862251], [-76.957242, 38.862342], [-76.956955, 38.862503], [-76.956676, 38.862597]]}, "properties": {"STREETNAME": "ALABAMA", "STREETTYPE": "AVE", "FHWAFUNCTIONALCLASS": 4}}, {"type": "Feature", "geometry": {"type": "LineString", "coordinates": [[-77.009061, 38.879293], [-77.010653, 38.879293]]}, "properties": {"STREETNAME": "I", "STREETTYPE": "ST", "FHWAFUNCTIONALCLASS": 4}}, {"type": "Feature", "geometry": {"type": "LineString", "coordinates": [[-77.009512, 38.87089], [-77.009605, 38.870716], [-77.009613, 38.870518]]}, "properties": {"STREETNAME": "SOUTH CAPITOL", "STREETTYPE": "ST", "FHWAFUNCTIONALCLASS": 3}}, {"type": "Feature", "geometry": {"type": "LineString", "coordinates": [[-77.002664, 38.866262], [-77.002575, 38.866072], [-77.002448, 38.865939], [-77.002332, 38.865868], [-77.002002, 38.865776]]}, "properties": {"STREETNAME": "SUITLAND", "STREETTYPE": "PKWY", "FHWAFUNCTIONALCLASS": 2}}, {"type": "Feature", "geometry": {"type": "LineString", "coordinates": [[-76.960133, 38.867962], [-76.959998, 38.867249]]}, "properties": {"STREETNAME": "BRANCH", "STREETTYPE": "AVE", "FHWAFUNCTIONALCLASS": 3}}, {"type": "Feature", "geometry": {"type": "LineString", "coordinates": [[-76.917022, 38.886921], [-76.91438, 38.88898]]}, "properties": {"STREETNAME": "SOUTHERN", "STREETTYPE": "AVE", "FHWAFUNCTIONALCLASS": 4}}, {"type": "Feature", "geometry": {"type": "LineString", "coordinates": [[-76.998452, 38.843117], [-76.997678, 38.843154]]}, "properties": {"STREETNAME": "ALABAMA", "STREETTYPE": "AVE", "FHWAFUNCTIONALCLASS": 4}}, {"type": "Feature", "geometry": {"type": "LineString", "coordinates": [[-77.000583, 38.876488], [-76.999521, 38.87649]]}, "properties": {"STREETNAME": "M", "STREETTYPE": "ST", "FHWAFUNCTIONALCLASS": 4}}, {"type": "Feature", "geometry": {"type": "LineString", "coordinates": [[-76.968972, 38.871535], [-76.968971, 38.87075]]}, "properties": {"STREETNAME": "27TH", "STREETTYPE": "ST", "FHWAFUNCTIONALCLASS": 4}}, {"type": "Feature", "geometry": {"type": "LineString", "coordinates": [[-77.009188, 38.869477], [-77.00901, 38.869465], [-77.00858, 38.869539], [-77.008196, 38.869458], [-77.002867, 38.867306], [-77.002757, 38.867196], [-77.002664, 38.86701], [-77.002664, 38.866262]]}, "properties": {"STREETNAME": "SOUTH CAPITOL", "STREETTYPE": "ST", "FHWAFUNCTIONALCLASS": 3}}, {"type": "Feature", "geometry": {"type": "LineString", "coordinates": [[-76.967777, 38.874949], [-76.967368, 38.875153]]}, "properties": {"STREETNAME": "MINNESOTA", "STREETTYPE": "AVE", "FHWAFUNCTIONALCLASS": 4}}, {"type": "Feature", "geometry": {"type": "LineString", "coordinates": [[-77.009066, 38.900216], [-77.009067, 38.902522]]}, "properties": {"STREETNAME": "NORTH CAPITOL", "STREETTYPE": "ST", "FHWAFUNCTIONALCLASS": 3}}, {"type": "Feature", "geometry": {"type": "LineString", "coordinates": [[-76.956418, 38.85623], [-76.955651, 38.856825]]}, "properties": {"STREETNAME": "SOUTHERN", "STREETTYPE": "AVE", "FHWAFUNCTIONALCLASS": 4}}, {"type": "Feature", "geometry": {"type": "LineString", "coordinates": [[-76.91438, 38.88898], [-76.913388, 38.889758]]}, "properties": {"STREETNAME": "SOUTHERN", "STREETTYPE": "AVE", "FHWAFUNCTIONALCLASS": 4}}, {"type": "Feature", "geometry": {"type": "LineString", "coordinates": [[-77.009067, 38.897477], [-77.009068, 38.898925]]}, "properties": {"STREETNAME": "NORTH CAPITOL", "STREETTYPE": "ST", "FHWAFUNCTIONALCLASS": 3}}, {"type": "Feature", "geometry": {"type": "LineString", "coordinates": [[-76.952143, 38.888832], [-76.951495, 38.888188]]}, "properties": {"STREETNAME": "RIDGE", "STREETTYPE": "RD", "FHWAFUNCTIONALCLASS": 4}}, {"type": "Feature", "geometry": {"type": "LineString", "coordinates": [[-76.958068, 38.88284], [-76.957498, 38.883638]]}, "properties": {"STREETNAME": "MINNESOTA", "STREETTYPE": "AVE", "FHWAFUNCTIONALCLASS": 4}}, {"type": "Feature", "geometry": {"type": "LineString", "coordinates": [[-76.963519, 38.877071], [-76.962938, 38.877362]]}, "properties": {"STREETNAME": "MINNESOTA", "STREETTYPE": "AVE", "FHWAFUNCTIONALCLASS": 4}}, {"type": "Feature", "geometry": {"type": "LineString", "coordinates": [[-77.021909, 38.888745], [-77.021918, 38.887571]]}, "properties": {"STREETNAME": "7TH", "STREETTYPE": "ST", "FHWAFUNCTIONALCLASS": 3}}, {"type": "Feature", "geometry": {"type": "LineString", "coordinates": [[-77.0091, 38.876477], [-77.009901, 38.876462]]}, "properties": {"STREETNAME": "M", "STREETTYPE": "ST", "FHWAFUNCTIONALCLASS": 4}}, {"type": "Feature", "geometry": {"type": "LineString", "coordinates": [[-76.935867, 38.885869], [-76.935245, 38.884424], [-76.934834, 38.883741]]}, "properties": {"STREETNAME": "BENNING", "STREETTYPE": "RD", "FHWAFUNCTIONALCLASS": 4}}, {"type": "Feature", "geometry": {"type": "LineString", "coordinates": [[-77.021918, 38.887571], [-77.025993, 38.887574]]}, "properties": {"STREETNAME": "INDEPENDENCE", "STREETTYPE": "AVE", "FHWAFUNCTIONALCLASS": 3}}, {"type": "Feature", "geometry": {"type": "LineString", "coordinates": [[-77.017608, 38.876469], [-77.019887, 38.876469]]}, "properties": {"STREETNAME": "M", "STREETTYPE": "ST", "FHWAFUNCTIONALCLASS": 4}}, {"type": "Feature", "geometry": {"type": "LineString", "coordinates": [[-77.007746, 38.835695], [-77.007974, 38.835069], [-77.008413, 38.833655]]}, "properties": {"STREETNAME": "SOUTH CAPITOL", "STREETTYPE": "ST", "FHWAFUNCTIONALCLASS": 4}}, {"type": "Feature", "geometry": {"type": "LineString", "coordinates": [[-77.009049, 38.956924], [-77.009051, 38.957668]]}, "properties": {"STREETNAME": "NORTH CAPITOL", "STREETTYPE": "ST", "FHWAFUNCTIONALCLASS": 4}}, {"type": "Feature", "geometry": {"type": "LineString", "coordinates": [[-76.988979, 38.830828], [-76.987328, 38.832117]]}, "properties": {"STREETNAME": "SOUTHERN", "STREETTYPE": "AVE", "FHWAFUNCTIONALCLASS": 4}}, {"type": "Feature", "geometry": {"type": "LineString", "coordinates": [[-76.999517, 38.887604], [-76.998454, 38.887606]]}, "properties": {"STREETNAME": "INDEPENDENCE", "STREETTYPE": "AVE", "FHWAFUNCTIONALCLASS": 3}}, {"type": "Feature", "geometry": {"type": "LineString", "coordinates": [[-76.958157, 38.889795], [-76.960864, 38.888115], [-76.961355, 38.887743], [-76.961842, 38.887226], [-76.962078, 38.886897], [-76.962323, 38.886441], [-76.96408, 38.882109], [-76.964462, 38.88132], [-76.96492, 38.880534], [-76.965792, 38.879316], [-76.966518, 38.878474], [-76.967112, 38.877871], [-76.96774, 38.877292], [-76.968457, 38.876733], [-76.969268, 38.876259], [-76.969746, 38.87606], [-76.970266, 38.875888], [-76.971103, 38.875716], [-76.973083, 38.875527], [-76.974185, 38.875295], [-76.975178, 38.874972], [-76.977976, 38.873865], [-76.979658, 38.873044], [-76.981962, 38.871862], [-76.983454, 38.87116], [-76.98497, 38.870517], [-76.987343, 38.869596], [-76.98828, 38.869154], [-76.988857, 38.868822], [-76.989488, 38.868371], [-76.989997, 38.867911], [-76.990486, 38.867352]]}, "properties": {"STREETNAME": "ANACOSTIA", "STREETTYPE": "FWY", "FHWAFUNCTIONALCLASS": 2}}, {"type": "Feature", "geometry": {"type": "LineString", "coordinates": [[-76.953738, 38.864728], [-76.952218, 38.865264]]}, "properties": {"STREETNAME": "ALABAMA", "STREETTYPE": "AVE", "FHWAFUNCTIONALCLASS": 4}}, {"type": "Feature", "geometry": {"type": "LineString", "coordinates": [[-77.009051, 38.967346], [-77.009049, 38.968224]]}, "properties": {"STREETNAME": "NORTH CAPITOL", "STREETTYPE": "ST", "FHWAFUNCTIONALCLASS": 4}}, {"type": "Feature", "geometry": {"type": "LineString", "coordinates": [[-77.004161, 38.876489], [-77.003531, 38.876489]]}, "properties": {"STREETNAME": "M", "STREETTYPE": "ST", "FHWAFUNCTIONALCLASS": 4}}, {"type": "Feature", "geometry": {"type": "LineString", "coordinates": [[-77.017559, 38.884394], [-77.017558, 38.883932]]}, "properties": {"STREETNAME": "4TH", "STREETTYPE": "ST", "FHWAFUNCTIONALCLASS": 4}}, {"type": "Feature", "geometry": {"type": "LineString", "coordinates": [[-76.946762, 38.86375], [-76.946669, 38.863709]]}, "properties": {"STREETNAME": "PENNSYLVANIA", "STREETTYPE": "AVE", "FHWAFUNCTIONALCLASS": 3}}, {"type": "Feature", "geometry": {"type": "LineString", "coordinates": [[-76.980277, 38.915351], [-76.979251, 38.916267]]}, "properties": {"STREETNAME": "WEST VIRGINIA", "STREETTYPE": "AVE", "FHWAFUNCTIONALCLASS": 4}}, {"type": "Feature", "geometry": {"type": "LineString", "coordinates": [[-77.001611, 38.86604], [-77.001572, 38.865816], [-77.001466, 38.865583], [-77.001385, 38.865084]]}, "properties": {"STREETNAME": "SUITLAND", "STREETTYPE": "PKWY", "FHWAFUNCTIONALCLASS": 2}}, {"type": "Feature", "geometry": {"type": "LineString", "coordinates": [[-76.970215, 38.866284], [-76.970363, 38.865796], [-76.970668, 38.865237], [-76.970768, 38.864983], [-76.970826, 38.864621], [-76.970786, 38.864249]]}, "properties": {"STREETNAME": "NAYLOR", "STREETTYPE": "RD", "FHWAFUNCTIONALCLASS": 4}}, {"type": "Feature", "geometry": {"type": "LineString", "coordinates": [[-77.009051, 38.955707], [-77.00905, 38.956595]]}, "properties": {"STREETNAME": "NORTH CAPITOL", "STREETTYPE": "ST", "FHWAFUNCTIONALCLASS": 3}}, {"type": "Feature", "geometry": {"type": "LineString", "coordinates": [[-76.932059, 38.889769], [-76.931169, 38.889771]]}, "properties": {"STREETNAME": "EAST CAPITOL", "STREETTYPE": "ST", "FHWAFUNCTIONALCLASS": 3}}, {"type": "Feature", "geometry": {"type": "LineString", "coordinates": [[-76.961967, 38.851933], [-76.961775, 38.851942]]}, "properties": {"STREETNAME": "NAYLOR", "STREETTYPE": "RD", "FHWAFUNCTIONALCLASS": 4}}, {"type": "Feature", "geometry": {"type": "LineString", "coordinates": [[-76.988507, 38.844679], [-76.987302, 38.84495], [-76.985095, 38.84554]]}, "properties": {"STREETNAME": "ALABAMA", "STREETTYPE": "AVE", "FHWAFUNCTIONALCLASS": 4}}, {"type": "Feature", "geometry": {"type": "LineString", "coordinates": [[-76.980769, 38.882845], [-76.980762, 38.882266]]}, "properties": {"STREETNAME": "17TH", "STREETTYPE": "ST", "FHWAFUNCTIONALCLASS": 4}}, {"type": "Feature", "geometry": {"type": "LineString", "coordinates": [[-77.009035, 38.92584], [-77.009046, 38.926674]]}, "properties": {"STREETNAME": "NORTH CAPITOL", "STREETTYPE": "ST", "FHWAFUNCTIONALCLASS": 3}}, {"type": "Feature", "geometry": {"type": "LineString", "coordinates": [[-77.034643, 38.879184], [-77.033964, 38.879172], [-77.033463, 38.879215], [-77.033012, 38.879311], [-77.032497, 38.879492], [-77.031806, 38.879925], [-77.029147, 38.881936], [-77.028825, 38.882124], [-77.028463, 38.882281], [-77.027872, 38.882428], [-77.027178, 38.882494], [-77.024868, 38.882501], [-77.022848, 38.882593], [-77.021908, 38.882599], [-77.02049, 38.882527], [-77.015968, 38.882533]]}, "properties": {"STREETNAME": "INTERSTATE 395", "STREETTYPE": "I", "FHWAFUNCTIONALCLASS": 1}}, {"type": "Feature", "geometry": {"type": "LineString", "coordinates": [[-76.955234, 38.886805], [-76.954673, 38.887591]]}, "properties": {"STREETNAME": "MINNESOTA", "STREETTYPE": "AVE", "FHWAFUNCTIONALCLASS": 4}}, {"type": "Feature", "geometry": {"type": "LineString", "coordinates": [[-76.952378, 38.859373], [-76.951723, 38.859883]]}, "properties": {"STREETNAME": "SOUTHERN", "STREETTYPE": "AVE", "FHWAFUNCTIONALCLASS": 4}}, {"type": "Feature", "geometry": {"type": "LineString", "coordinates": [[-77.009053, 38.909646], [-77.009053, 38.910384]]}, "properties": {"STREETNAME": "NORTH CAPITOL", "STREETTYPE": "ST", "FHWAFUNCTIONALCLASS": 3}}, {"type": "Feature", "geometry": {"type": "LineString", "coordinates": [[-76.937482, 38.872584], [-76.936225, 38.873195]]}, "properties": {"STREETNAME": "BOWEN", "STREETTYPE": "RD", "FHWAFUNCTIONALCLASS": 4}}, {"type": "Feature", "geometry": {"type": "LineString", "coordinates": [[-76.993972, 38.842267], [-76.993668, 38.840608]]}, "properties": {"STREETNAME": "WHEELER", "STREETTYPE": "RD", "FHWAFUNCTIONALCLASS": 4}}, {"type": "Feature", "geometry": {"type": "LineString", "coordinates": [[-77.022467, 38.804611], [-77.022549, 38.805221], [-77.022599, 38.806035], [-77.022612, 38.809141], [-77.022528, 38.809853], [-77.022359, 38.810495], [-77.022115, 38.811107], [-77.021813, 38.81167], [-77.01966, 38.815017], [-77.018921, 38.816271], [-77.018285, 38.817567], [-77.017772, 38.818859]]}, "properties": {"STREETNAME": "INTERSTATE 295", "STREETTYPE": "I", "FHWAFUNCTIONALCLASS": 1}}, {"type": "Feature", "geometry": {"type": "LineString", "coordinates": [[-76.970239, 38.867288], [-76.970173, 38.866782], [-76.970215, 38.866284]]}, "properties": {"STREETNAME": "NAYLOR", "STREETTYPE": "RD", "FHWAFUNCTIONALCLASS": 4}}, {"type": "Feature", "geometry": {"type": "LineString", "coordinates": [[-77.02273, 38.878642], [-77.02355, 38.879304]]}, "properties": {"STREETNAME": "MAINE", "STREETTYPE": "AVE", "FHWAFUNCTIONALCLASS": 4}}, {"type": "Feature", "geometry": {"type": "LineString", "coordinates": [[-77.00905, 38.966426], [-77.009051, 38.967346]]}, "properties": {"STREETNAME": "NORTH CAPITOL", "STREETTYPE": "ST", "FHWAFUNCTIONALCLASS": 4}}, {"type": "Feature", "geometry": {"type": "LineString", "coordinates": [[-77.046981, 38.875214], [-77.049119, 38.877511], [-77.050196, 38.878563], [-77.050741, 38.879027], [-77.051661, 38.879726], [-77.052885, 38.880557], [-77.053183, 38.880718], [-77.053666, 38.880901], [-77.053988, 38.880985], [-77.054372, 38.881047], [-77.054726, 38.881065], [-77.055319, 38.881017], [-77.057105, 38.880684], [-77.057796, 38.88065], [-77.058551, 38.88076], [-77.059206, 38.880998]]}, "properties": {"STREETNAME": "G W MEMORIAL", "STREETTYPE": "PKWY", "FHWAFUNCTIONALCLASS": 2}}, {"type": "Feature", "geometry": {"type": "LineString", "coordinates": [[-77.003297, 38.845096], [-76.999809, 38.845097]]}, "properties": {"STREETNAME": "MALCOLM X", "STREETTYPE": "AVE", "FHWAFUNCTIONALCLASS": 4}}, {"type": "Feature", "geometry": {"type": "LineString", "coordinates": [[-76.98125, 38.868238], [-76.980774, 38.868469]]}, "properties": {"STREETNAME": "MINNESOTA", "STREETTYPE": "AVE", "FHWAFUNCTIONALCLASS": 4}}, {"type": "Feature", "geometry": {"type": "LineString", "coordinates": [[-76.955651, 38.856825], [-76.954926, 38.857389]]}, "properties": {"STREETNAME": "SOUTHERN", "STREETTYPE": "AVE", "FHWAFUNCTIONALCLASS": 4}}, {"type": "Feature", "geometry": {"type": "LineString", "coordinates": [[-76.934321, 38.883112], [-76.933626, 38.882281]]}, "properties": {"STREETNAME": "BENNING", "STREETTYPE": "RD", "FHWAFUNCTIONALCLASS": 4}}, {"type": "Feature", "geometry": {"type": "LineString", "coordinates": [[-76.968197, 38.858914], [-76.968103, 38.858435], [-76.967921, 38.857967]]}, "properties": {"STREETNAME": "NAYLOR", "STREETTYPE": "RD", "FHWAFUNCTIONALCLASS": 4}}, {"type": "Feature", "geometry": {"type": "LineString", "coordinates": [[-77.005634, 38.823755], [-77.00524, 38.823472], [-77.004963, 38.823318], [-77.002793, 38.822345], [-77.00219, 38.821973]]}, "properties": {"STREETNAME": "SOUTH CAPITOL", "STREETTYPE": "ST", "FHWAFUNCTIONALCLASS": 4}}, {"type": "Feature", "geometry": {"type": "LineString", "coordinates": [[-76.94138, 38.867946], [-76.940786, 38.86841]]}, "properties": {"STREETNAME": "SOUTHERN", "STREETTYPE": "AVE", "FHWAFUNCTIONALCLASS": 4}}, {"type": "Feature", "geometry": {"type": "LineString", "coordinates": [[-77.002042, 38.887606], [-77.00058, 38.887605]]}, "properties": {"STREETNAME": "INDEPENDENCE", "STREETTYPE": "AVE", "FHWAFUNCTIONALCLASS": 3}}, {"type": "Feature", "geometry": {"type": "LineString", "coordinates": [[-76.985956, 38.880512], [-76.985076, 38.880147]]}, "properties": {"STREETNAME": "PENNSYLVANIA", "STREETTYPE": "AVE", "FHWAFUNCTIONALCLASS": 3}}, {"type": "Feature", "geometry": {"type": "LineString", "coordinates": [[-76.996948, 38.824607], [-76.99609, 38.825274]]}, "properties": {"STREETNAME": "SOUTHERN", "STREETTYPE": "AVE", "FHWAFUNCTIONALCLASS": 4}}, {"type": "Feature", "geometry": {"type": "LineString", "coordinates": [[-76.988431, 38.832778], [-76.988251, 38.83266]]}, "properties": {"STREETNAME": "WHEELER", "STREETTYPE": "RD", "FHWAFUNCTIONALCLASS": 4}}, {"type": "Feature", "geometry": {"type": "LineString", "coordinates": [[-76.968197, 38.858914], [-76.967703, 38.859441], [-76.967122, 38.859827], [-76.966912, 38.859925]]}, "properties": {"STREETNAME": "ALABAMA", "STREETTYPE": "AVE", "FHWAFUNCTIONALCLASS": 4}}, {"type": "Feature", "geometry": {"type": "LineString", "coordinates": [[-76.988628, 38.867424], [-76.98889, 38.86684]]}, "properties": {"STREETNAME": "MARTIN LUTHER KING JR", "STREETTYPE": "AVE", "FHWAFUNCTIONALCLASS": 4}}, {"type": "Feature", "geometry": {"type": "LineString", "coordinates": [[-76.989226, 38.907439], [-76.988833, 38.907785]]}, "properties": {"STREETNAME": "WEST VIRGINIA", "STREETTYPE": "AVE", "FHWAFUNCTIONALCLASS": 4}}, {"type": "Feature", "geometry": {"type": "LineString", "coordinates": [[-77.010794, 38.885087], [-77.010981, 38.885185], [-77.012144, 38.886039]]}, "properties": {"STREETNAME": "WASHINGTON", "STREETTYPE": "AVE", "FHWAFUNCTIONALCLASS": 3}}, {"type": "Feature", "geometry": {"type": "LineString", "coordinates": [[-76.957498, 38.883638], [-76.956961, 38.884388]]}, "properties": {"STREETNAME": "MINNESOTA", "STREETTYPE": "AVE", "FHWAFUNCTIONALCLASS": 4}}, {"type": "Feature", "geometry": {"type": "LineString", "coordinates": [[-77.007677, 38.830223], [-77.007677, 38.829207]]}, "properties": {"STREETNAME": "SOUTH CAPITOL", "STREETTYPE": "ST", "FHWAFUNCTIONALCLASS": 4}}, {"type": "Feature", "geometry": {"type": "LineString", "coordinates": [[-76.961207, 38.875978], [-76.961168, 38.875659]]}, "properties": {"STREETNAME": "BRANCH", "STREETTYPE": "AVE", "FHWAFUNCTIONALCLASS": 4}}, {"type": "Feature", "geometry": {"type": "LineString", "coordinates": [[-76.975866, 38.853541], [-76.975357, 38.853283], [-76.974598, 38.852776], [-76.973904, 38.852192], [-76.972829, 38.851201]]}, "properties": {"STREETNAME": "SUITLAND", "STREETTYPE": "PKWY", "FHWAFUNCTIONALCLASS": 2}}, {"type": "Feature", "geometry": {"type": "LineString", "coordinates": [[-77.021911, 38.884845], [-77.021908, 38.883246]]}, "properties": {"STREETNAME": "7TH", "STREETTYPE": "ST", "FHWAFUNCTIONALCLASS": 4}}, {"type": "Feature", "geometry": {"type": "LineString", "coordinates": [[-76.967851, 38.889799], [-76.958669, 38.889794]]}, "properties": {"STREETNAME": "EAST CAPITOL", "STREETTYPE": "ST", "FHWAFUNCTIONALCLASS": 3}}, {"type": "Feature", "geometry": {"type": "LineString", "coordinates": [[-76.97065, 38.873471], [-76.969341, 38.872944]]}, "properties": {"STREETNAME": "PENNSYLVANIA", "STREETTYPE": "AVE", "FHWAFUNCTIONALCLASS": 3}}, {"type": "Feature", "geometry": {"type": "LineString", "coordinates": [[-77.031975, 38.888615], [-77.031954, 38.887575]]}, "properties": {"STREETNAME": "14TH", "STREETTYPE": "ST", "FHWAFUNCTIONALCLASS": 3}}, {"type": "Feature", "geometry": {"type": "LineString", "coordinates": [[-76.991224, 38.863325], [-76.992247, 38.862773]]}, "properties": {"STREETNAME": "MARTIN LUTHER KING JR", "STREETTYPE": "AVE", "FHWAFUNCTIONALCLASS": 4}}, {"type": "Feature", "geometry": {"type": "LineString", "coordinates": [[-76.934218, 38.873525], [-76.933857, 38.873825]]}, "properties": {"STREETNAME": "SOUTHERN", "STREETTYPE": "AVE", "FHWAFUNCTIONALCLASS": 4}}, {"type": "Feature", "geometry": {"type": "LineString", "coordinates": [[-76.979301, 38.877522], [-76.975625, 38.875684], [-76.972951, 38.874541]]}, "properties": {"STREETNAME": "PENNSYLVANIA", "STREETTYPE": "AVE", "FHWAFUNCTIONALCLASS": 3}}, {"type": "Feature", "geometry": {"type": "LineString", "coordinates": [[-76.992646, 38.887601], [-76.99153, 38.887601]]}, "properties": {"STREETNAME": "INDEPENDENCE", "STREETTYPE": "AVE", "FHWAFUNCTIONALCLASS": 3}}, {"type": "Feature", "geometry": {"type": "LineString", "coordinates": [[-76.980762, 38.882266], [-76.980756, 38.881272]]}, "properties": {"STREETNAME": "17TH", "STREETTYPE": "ST", "FHWAFUNCTIONALCLASS": 4}}, {"type": "Feature", "geometry": {"type": "LineString", "coordinates": [[-76.953004, 38.866287], [-76.952225, 38.865971]]}, "properties": {"STREETNAME": "PENNSYLVANIA", "STREETTYPE": "AVE", "FHWAFUNCTIONALCLASS": 3}}, {"type": "Feature", "geometry": {"type": "LineString", "coordinates": [[-76.989782, 38.864871], [-76.990168, 38.864085], [-76.990284, 38.86392]]}, "properties": {"STREETNAME": "MARTIN LUTHER KING JR", "STREETTYPE": "AVE", "FHWAFUNCTIONALCLASS": 4}}, {"type": "Feature", "geometry": {"type": "LineString", "coordinates": [[-76.92687, 38.888346], [-76.925552, 38.887481]]}, "properties": {"STREETNAME": "CENTRAL", "STREETTYPE": "AVE", "FHWAFUNCTIONALCLASS": 4}}, {"type": "Feature", "geometry": {"type": "LineString", "coordinates": [[-77.050179, 38.887144], [-77.050831, 38.88728], [-77.051183, 38.887412], [-77.051589, 38.887632], [-77.051809, 38.887803], [-77.052144, 38.888153], [-77.052455, 38.888641], [-77.052587, 38.888992], [-77.052619, 38.889329]]}, "properties": {"STREETNAME": "OHIO", "STREETTYPE": "DR", "FHWAFUNCTIONALCLASS": 3}}, {"type": "Feature", "geometry": {"type": "LineString", "coordinates": [[-76.994962, 38.902806], [-76.993759, 38.903581]]}, "properties": {"STREETNAME": "WEST VIRGINIA", "STREETTYPE": "AVE", "FHWAFUNCTIONALCLASS": 4}}, {"type": "Feature", "geometry": {"type": "LineString", "coordinates": [[-76.925552, 38.887481], [-76.924966, 38.887108], [-76.924253, 38.886758]]}, "properties": {"STREETNAME": "CENTRAL", "STREETTYPE": "AVE", "FHWAFUNCTIONALCLASS": 4}}, {"type": "Feature", "geometry": {"type": "LineString", "coordinates": [[-76.991539, 38.878091], [-76.991538, 38.877663]]}, "properties": {"STREETNAME": "11TH", "STREETTYPE": "ST", "FHWAFUNCTIONALCLASS": 4}}, {"type": "Feature", "geometry": {"type": "LineString", "coordinates": [[-76.996008, 38.848053], [-76.996026, 38.847533]]}, "properties": {"STREETNAME": "MARTIN LUTHER KING JR", "STREETTYPE": "AVE", "FHWAFUNCTIONALCLASS": 4}}, {"type": "Feature", "geometry": {"type": "LineString", "coordinates": [[-76.991536, 38.877233], [-76.991536, 38.876505]]}, "properties": {"STREETNAME": "11TH", "STREETTYPE": "ST", "FHWAFUNCTIONALCLASS": 4}}, {"type": "Feature", "geometry": {"type": "LineString", "coordinates": [[-76.98903, 38.83317], [-76.988431, 38.832778]]}, "properties": {"STREETNAME": "WHEELER", "STREETTYPE": "RD", "FHWAFUNCTIONALCLASS": 4}}, {"type": "Feature", "geometry": {"type": "LineString", "coordinates": [[-76.938402, 38.870268], [-76.937802, 38.870734]]}, "properties": {"STREETNAME": "SOUTHERN", "STREETTYPE": "AVE", "FHWAFUNCTIONALCLASS": 4}}, {"type": "Feature", "geometry": {"type": "LineString", "coordinates": [[-77.009046, 38.922381], [-77.00904, 38.923454]]}, "properties": {"STREETNAME": "NORTH CAPITOL", "STREETTYPE": "ST", "FHWAFUNCTIONALCLASS": 3}}, {"type": "Feature", "geometry": {"type": "LineString", "coordinates": [[-76.919819, 38.886022], [-76.918568, 38.885718]]}, "properties": {"STREETNAME": "CENTRAL", "STREETTYPE": "AVE", "FHWAFUNCTIONALCLASS": 4}}, {"type": "Feature", "geometry": {"type": "LineString", "coordinates": [[-76.968971, 38.872788], [-76.967773, 38.872315]]}, "properties": {"STREETNAME": "PENNSYLVANIA", "STREETTYPE": "AVE", "FHWAFUNCTIONALCLASS": 3}}, {"type": "Feature", "geometry": {"type": "LineString", "coordinates": [[-76.981377, 38.879133], [-76.980997, 38.879227], [-76.980756, 38.879249]]}, "properties": {"STREETNAME": "BARNEY", "STREETTYPE": "CIR", "FHWAFUNCTIONALCLASS": 4}}, {"type": "Feature", "geometry": {"type": "LineString", "coordinates": [[-77.053031, 38.897966], [-77.053078, 38.898204], [-77.053154, 38.898391], [-77.053366, 38.898716], [-77.053658, 38.89906], [-77.054278, 38.899697], [-77.054374, 38.899865], [-77.054923, 38.900421], [-77.055537, 38.901327], [-77.055782, 38.901582], [-77.055992, 38.901721], [-77.056307, 38.901849], [-77.057319, 38.90205], [-77.058444, 38.902485], [-77.059108, 38.902575]]}, "properties": {"STREETNAME": "INTERSTATE 66", "STREETTYPE": "I", "FHWAFUNCTIONALCLASS": 2}}, {"type": "Feature", "geometry": {"type": "LineString", "coordinates": [[-76.968149, 38.860226], [-76.968213, 38.859131], [-76.968197, 38.858914]]}, "properties": {"STREETNAME": "NAYLOR", "STREETTYPE": "RD", "FHWAFUNCTIONALCLASS": 4}}, {"type": "Feature", "geometry": {"type": "LineString", "coordinates": [[-77.008413, 38.833655], [-77.00839, 38.833087], [-77.008305, 38.832617], [-77.008065, 38.832033], [-77.007764, 38.83148], [-77.00768, 38.831406]]}, "properties": {"STREETNAME": "SOUTH CAPITOL", "STREETTYPE": "ST", "FHWAFUNCTIONALCLASS": 4}}, {"type": "Feature", "geometry": {"type": "LineString", "coordinates": [[-77.00058, 38.886479], [-76.999522, 38.886041]]}, "properties": {"STREETNAME": "PENNSYLVANIA", "STREETTYPE": "AVE", "FHWAFUNCTIONALCLASS": 3}}, {"type": "Feature", "geometry": {"type": "LineString", "coordinates": [[-76.979625, 38.877686], [-76.979301, 38.877522]]}, "properties": {"STREETNAME": "PENNSYLVANIA", "STREETTYPE": "AVE", "FHWAFUNCTIONALCLASS": 3}}, {"type": "Feature", "geometry": {"type": "LineString", "coordinates": [[-77.01756, 38.884688], [-77.017559, 38.884394]]}, "properties": {"STREETNAME": "4TH", "STREETTYPE": "ST", "FHWAFUNCTIONALCLASS": 4}}, {"type": "Feature", "geometry": {"type": "LineString", "coordinates": [[-76.980757, 38.880293], [-76.980756, 38.879249]]}, "properties": {"STREETNAME": "17TH", "STREETTYPE": "ST", "FHWAFUNCTIONALCLASS": 4}}, {"type": "Feature", "geometry": {"type": "LineString", "coordinates": [[-77.009187, 38.964991], [-77.009125, 38.965059], [-77.009053, 38.965553], [-77.00905, 38.966426]]}, "properties": {"STREETNAME": "NORTH CAPITOL", "STREETTYPE": "ST", "FHWAFUNCTIONALCLASS": 4}}, {"type": "Feature", "geometry": {"type": "LineString", "coordinates": [[-76.966846, 38.859953], [-76.964773, 38.860726]]}, "properties": {"STREETNAME": "ALABAMA", "STREETTYPE": "AVE", "FHWAFUNCTIONALCLASS": 4}}, {"type": "Feature", "geometry": {"type": "LineString", "coordinates": [[-76.970968, 38.873312], [-76.970939, 38.873179], [-76.970939, 38.872278]]}, "properties": {"STREETNAME": "25TH", "STREETTYPE": "ST", "FHWAFUNCTIONALCLASS": 4}}, {"type": "Feature", "geometry": {"type": "LineString", "coordinates": [[-76.988317, 38.887601], [-76.985514, 38.887601]]}, "properties": {"STREETNAME": "INDEPENDENCE", "STREETTYPE": "AVE", "FHWAFUNCTIONALCLASS": 3}}, {"type": "Feature", "geometry": {"type": "LineString", "coordinates": [[-77.039482, 38.889887], [-77.039496, 38.888018]]}, "properties": {"STREETNAME": "17TH", "STREETTYPE": "ST", "FHWAFUNCTIONALCLASS": 3}}, {"type": "Feature", "geometry": {"type": "LineString", "coordinates": [[-77.00204, 38.876488], [-77.000583, 38.876488]]}, "properties": {"STREETNAME": "M", "STREETTYPE": "ST", "FHWAFUNCTIONALCLASS": 4}}, {"type": "Feature", "geometry": {"type": "LineString", "coordinates": [[-76.958919, 38.858358], [-76.95892, 38.85728]]}, "properties": {"STREETNAME": "BRANCH", "STREETTYPE": "AVE", "FHWAFUNCTIONALCLASS": 3}}, {"type": "Feature", "geometry": {"type": "LineString", "coordinates": [[-76.960858, 38.878275], [-76.960967, 38.878428], [-76.961139, 38.87855]]}, "properties": {"STREETNAME": "RANDLE", "STREETTYPE": "CIR", "FHWAFUNCTIONALCLASS": 4}}, {"type": "Feature", "geometry": {"type": "LineString", "coordinates": [[-77.009061, 38.879293], [-77.009066, 38.87842]]}, "properties": {"STREETNAME": "SOUTH CAPITOL", "STREETTYPE": "ST", "FHWAFUNCTIONALCLASS": 3}}, {"type": "Feature", "geometry": {"type": "LineString", "coordinates": [[-76.995618, 38.858177], [-76.995936, 38.856727]]}, "properties": {"STREETNAME": "MARTIN LUTHER KING JR", "STREETTYPE": "AVE", "FHWAFUNCTIONALCLASS": 4}}, {"type": "Feature", "geometry": {"type": "LineString", "coordinates": [[-76.947246, 38.889791], [-76.944564, 38.889788]]}, "properties": {"STREETNAME": "EAST CAPITOL", "STREETTYPE": "ST", "FHWAFUNCTIONALCLASS": 3}}, {"type": "Feature", "geometry": {"type": "LineString", "coordinates": [[-77.019887, 38.876469], [-77.020242, 38.876545], [-77.020551, 38.876701]]}, "properties": {"STREETNAME": "MAINE", "STREETTYPE": "AVE", "FHWAFUNCTIONALCLASS": 4}}, {"type": "Feature", "geometry": {"type": "LineString", "coordinates": [[-77.012959, 38.879294], [-77.015188, 38.879292]]}, "properties": {"STREETNAME": "I", "STREETTYPE": "ST", "FHWAFUNCTIONALCLASS": 4}}, {"type": "Feature", "geometry": {"type": "LineString", "coordinates": [[-77.037173, 38.878347], [-77.036437, 38.878721], [-77.035773, 38.87892], [-77.035179, 38.87898], [-77.033681, 38.879008]]}, "properties": {"STREETNAME": "INTERSTATE 395", "STREETTYPE": "I", "FHWAFUNCTIONALCLASS": 1}}, {"type": "Feature", "geometry": {"type": "LineString", "coordinates": [[-76.987058, 38.867131], [-76.985131, 38.866783]]}, "properties": {"STREETNAME": "MARION BARRY", "STREETTYPE": "AVE", "FHWAFUNCTIONALCLASS": 4}}, {"type": "Feature", "geometry": {"type": "LineString", "coordinates": [[-76.952218, 38.865264], [-76.951326, 38.865602]]}, "properties": {"STREETNAME": "ALABAMA", "STREETTYPE": "AVE", "FHWAFUNCTIONALCLASS": 4}}, {"type": "Feature", "geometry": {"type": "LineString", "coordinates": [[-77.021908, 38.881979], [-77.021908, 38.881287]]}, "properties": {"STREETNAME": "7TH", "STREETTYPE": "ST", "FHWAFUNCTIONALCLASS": 4}}, {"type": "Feature", "geometry": {"type": "LineString", "coordinates": [[-77.052127, 38.890512], [-77.051957, 38.890943], [-77.051963, 38.891135], [-77.052018, 38.891319], [-77.052129, 38.89149], [-77.052555, 38.891899], [-77.052778, 38.892181], [-77.053641, 38.893699], [-77.053776, 38.893996], [-77.053873, 38.894373], [-77.0539, 38.894774], [-77.053845, 38.895172], [-77.053797, 38.895333], [-77.053747, 38.895395]]}, "properties": {"STREETNAME": "INTERSTATE 66", "STREETTYPE": "I", "FHWAFUNCTIONALCLASS": 2}}, {"type": "Feature", "geometry": {"type": "LineString", "coordinates": [[-77.008694, 38.948177], [-77.008867, 38.950507]]}, "properties": {"STREETNAME": "NORTH CAPITOL", "STREETTYPE": "ST", "FHWAFUNCTIONALCLASS": 3}}, {"type": "Feature", "geometry": {"type": "LineString", "coordinates": [[-76.985131, 38.866783], [-76.984363, 38.866642]]}, "properties": {"STREETNAME": "MARION BARRY", "STREETTYPE": "AVE", "FHWAFUNCTIONALCLASS": 4}}, {"type": "Feature", "geometry": {"type": "LineString", "coordinates": [[-76.970694, 38.868255], [-76.970399, 38.867737], [-76.970239, 38.867288]]}, "properties": {"STREETNAME": "NAYLOR", "STREETTYPE": "RD", "FHWAFUNCTIONALCLASS": 4}}, {"type": "Feature", "geometry": {"type": "LineString", "coordinates": [[-77.046888, 38.875264], [-77.048913, 38.877492], [-77.049894, 38.878443], [-77.05067, 38.879116], [-77.051579, 38.879804], [-77.052562, 38.88047], [-77.054591, 38.881625], [-77.055135, 38.882071], [-77.056197, 38.883152], [-77.057521, 38.884226], [-77.057893, 38.884656], [-77.058534, 38.885846], [-77.05921, 38.886952], [-77.059666, 38.887519], [-77.060212, 38.888044], [-77.060932, 38.888577], [-77.061503, 38.888901], [-77.061999, 38.889108], [-77.062312, 38.889183], [-77.06353, 38.889613], [-77.064121, 38.889924]]}, "properties": {"STREETNAME": "G W MEMORIAL", "STREETTYPE": "PKWY", "FHWAFUNCTIONALCLASS": 2}}, {"type": "Feature", "geometry": {"type": "LineString", "coordinates": [[-77.032882, 38.88381], [-77.033715, 38.884359]]}, "properties": {"STREETNAME": "MAINE", "STREETTYPE": "AVE", "FHWAFUNCTIONALCLASS": 3}}, {"type": "Feature", "geometry": {"type": "LineString", "coordinates": [[-77.007338, 38.826071], [-77.006749, 38.825152]]}, "properties": {"STREETNAME": "SOUTH CAPITOL", "STREETTYPE": "ST", "FHWAFUNCTIONALCLASS": 4}}, {"type": "Feature", "geometry": {"type": "LineString", "coordinates": [[-76.955955, 38.889788], [-76.953088, 38.88977]]}, "properties": {"STREETNAME": "EAST CAPITOL", "STREETTYPE": "ST", "FHWAFUNCTIONALCLASS": 3}}, {"type": "Feature", "geometry": {"type": "LineString", "coordinates": [[-77.01352, 38.887146], [-77.013807, 38.88746], [-77.013809, 38.88757]]}, "properties": {"STREETNAME": "WASHINGTON", "STREETTYPE": "AVE", "FHWAFUNCTIONALCLASS": 3}}, {"type": "Feature", "geometry": {"type": "LineString", "coordinates": [[-76.994977, 38.881276], [-76.994978, 38.879291]]}, "properties": {"STREETNAME": "8TH", "STREETTYPE": "ST", "FHWAFUNCTIONALCLASS": 4}}, {"type": "Feature", "geometry": {"type": "LineString", "coordinates": [[-76.977364, 38.870169], [-76.976201, 38.87075]]}, "properties": {"STREETNAME": "MINNESOTA", "STREETTYPE": "AVE", "FHWAFUNCTIONALCLASS": 4}}, {"type": "Feature", "geometry": {"type": "LineString", "coordinates": [[-76.98747, 38.908993], [-76.986954, 38.909454]]}, "properties": {"STREETNAME": "WEST VIRGINIA", "STREETTYPE": "AVE", "FHWAFUNCTIONALCLASS": 4}}, {"type": "Feature", "geometry": {"type": "LineString", "coordinates": [[-76.993798, 38.86151], [-76.995192, 38.859311]]}, "properties": {"STREETNAME": "MARTIN LUTHER KING JR", "STREETTYPE": "AVE", "FHWAFUNCTIONALCLASS": 4}}, {"type": "Feature", "geometry": {"type": "LineString", "coordinates": [[-76.991501, 38.874614], [-76.991474, 38.873987], [-76.991317, 38.873303]]}, "properties": {"STREETNAME": "11TH", "STREETTYPE": "ST", "FHWAFUNCTIONALCLASS": 4}}, {"type": "Feature", "geometry": {"type": "LineString", "coordinates": [[-76.949809, 38.867051], [-76.948115, 38.868893]]}, "properties": {"STREETNAME": "ALABAMA", "STREETTYPE": "AVE", "FHWAFUNCTIONALCLASS": 4}}, {"type": "Feature", "geometry": {"type": "LineString", "coordinates": [[-76.92204, 38.886423], [-76.92094, 38.886279]]}, "properties": {"STREETNAME": "CENTRAL", "STREETTYPE": "AVE", "FHWAFUNCTIONALCLASS": 4}}, {"type": "Feature", "geometry": {"type": "LineString", "coordinates": [[-76.967773, 38.872315], [-76.966623, 38.871847]]}, "properties": {"STREETNAME": "PENNSYLVANIA", "STREETTYPE": "AVE", "FHWAFUNCTIONALCLASS": 3}}, {"type": "Feature", "geometry": {"type": "LineString", "coordinates": [[-76.999515, 38.843066], [-76.998452, 38.843117]]}, "properties": {"STREETNAME": "ALABAMA", "STREETTYPE": "AVE", "FHWAFUNCTIONALCLASS": 4}}, {"type": "Feature", "geometry": {"type": "LineString", "coordinates": [[-77.059712, 38.886164], [-77.059852, 38.8862], [-77.060078, 38.886199], [-77.060349, 38.886108], [-77.060488, 38.885988], [-77.060709, 38.885567], [-77.060848, 38.885439], [-77.061045, 38.885324]]}, "properties": {"STREETNAME": "MEMORIAL", "STREETTYPE": "AVE", "FHWAFUNCTIONALCLASS": 3}}, {"type": "Feature", "geometry": {"type": "LineString", "coordinates": [[-77.004215, 38.840415], [-77.004456, 38.840097]]}, "properties": {"STREETNAME": "MARTIN LUTHER KING JR", "STREETTYPE": "AVE", "FHWAFUNCTIONALCLASS": 4}}, {"type": "Feature", "geometry": {"type": "LineString", "coordinates": [[-76.97223, 38.872726], [-76.97204, 38.872779], [-76.970968, 38.873312]]}, "properties": {"STREETNAME": "MINNESOTA", "STREETTYPE": "AVE", "FHWAFUNCTIONALCLASS": 4}}, {"type": "Feature", "geometry": {"type": "LineString", "coordinates": [[-76.970941, 38.87075], [-76.970942, 38.869481]]}, "properties": {"STREETNAME": "25TH", "STREETTYPE": "ST", "FHWAFUNCTIONALCLASS": 4}}, {"type": "Feature", "geometry": {"type": "LineString", "coordinates": [[-77.017989, 38.882348], [-77.016988, 38.882267], [-77.014924, 38.882266], [-77.014298, 38.882306], [-77.013584, 38.882504], [-77.013197, 38.882682], [-77.012968, 38.882824], [-77.012544, 38.883235], [-77.012334, 38.883678], [-77.012168, 38.884341], [-77.012154, 38.884735], [-77.012219, 38.885038], [-77.012305, 38.885261], [-77.012475, 38.885574], [-77.013357, 38.886793], [-77.013741, 38.887565], [-77.013994, 38.888367], [-77.014021, 38.888772], [-77.014037, 38.89365], [-77.014073, 38.894789], [-77.014089, 38.900346], [-77.014106, 38.901261], [-77.014166, 38.901806], [-77.014531, 38.902494], [-77.015931, 38.904693], [-77.015932, 38.90485], [-77.015891, 38.904986]]}, "properties": {"STREETNAME": "INTERSTATE 395", "STREETTYPE": "I", "FHWAFUNCTIONALCLASS": 1}}, {"type": "Feature", "geometry": {"type": "LineString", "coordinates": [[-76.984363, 38.866642], [-76.983188, 38.866428]]}, "properties": {"STREETNAME": "MARION BARRY", "STREETTYPE": "AVE", "FHWAFUNCTIONALCLASS": 4}}, {"type": "Feature", "geometry": {"type": "LineString", "coordinates": [[-76.931582, 38.878672], [-76.931397, 38.878155], [-76.931265, 38.877599], [-76.931194, 38.877027], [-76.931187, 38.876486]]}, "properties": {"STREETNAME": "BENNING", "STREETTYPE": "RD", "FHWAFUNCTIONALCLASS": 4}}, {"type": "Feature", "geometry": {"type": "LineString", "coordinates": [[-76.97005, 38.852732], [-76.969978, 38.853044]]}, "properties": {"STREETNAME": "ALABAMA", "STREETTYPE": "AVE", "FHWAFUNCTIONALCLASS": 4}}, {"type": "Feature", "geometry": {"type": "LineString", "coordinates": [[-76.995192, 38.859311], [-76.995455, 38.858792], [-76.995618, 38.858177]]}, "properties": {"STREETNAME": "MARTIN LUTHER KING JR", "STREETTYPE": "AVE", "FHWAFUNCTIONALCLASS": 4}}, {"type": "Feature", "geometry": {"type": "LineString", "coordinates": [[-77.009052, 38.911867], [-77.009051, 38.912608]]}, "properties": {"STREETNAME": "NORTH CAPITOL", "STREETTYPE": "ST", "FHWAFUNCTIONALCLASS": 3}}, {"type": "Feature", "geometry": {"type": "LineString", "coordinates": [[-76.980774, 38.868469], [-76.979007, 38.869352]]}, "properties": {"STREETNAME": "MINNESOTA", "STREETTYPE": "AVE", "FHWAFUNCTIONALCLASS": 4}}, {"type": "Feature", "geometry": {"type": "LineString", "coordinates": [[-76.983188, 38.866428], [-76.982229, 38.866255]]}, "properties": {"STREETNAME": "MARION BARRY", "STREETTYPE": "AVE", "FHWAFUNCTIONALCLASS": 4}}, {"type": "Feature", "geometry": {"type": "LineString", "coordinates": [[-76.969354, 38.861865], [-76.969313, 38.861527], [-76.969376, 38.86123]]}, "properties": {"STREETNAME": "25TH", "STREETTYPE": "ST", "FHWAFUNCTIONALCLASS": 4}}, {"type": "Feature", "geometry": {"type": "LineString", "coordinates": [[-77.052142, 38.888558], [-77.058899, 38.886108]]}, "properties": {"STREETNAME": "ARLINGTON MEMORIAL", "STREETTYPE": "BRG", "FHWAFUNCTIONALCLASS": 3}}, {"type": "Feature", "geometry": {"type": "LineString", "coordinates": [[-76.991538, 38.877663], [-76.990428, 38.877502], [-76.988918, 38.877126], [-76.988224, 38.876987], [-76.987169, 38.876888], [-76.986001, 38.876856], [-76.984783, 38.876906], [-76.983574, 38.877058], [-76.982452, 38.877269], [-76.980649, 38.877798], [-76.980291, 38.877802], [-76.979625, 38.877686]]}, "properties": {"STREETNAME": "SOUTHEAST", "STREETTYPE": "BLVD", "FHWAFUNCTIONALCLASS": 3}}, {"type": "Feature", "geometry": {"type": "LineString", "coordinates": [[-76.969978, 38.853044], [-76.969979, 38.854456]]}, "properties": {"STREETNAME": "ALABAMA", "STREETTYPE": "AVE", "FHWAFUNCTIONALCLASS": 4}}, {"type": "Feature", "geometry": {"type": "LineString", "coordinates": [[-76.937163, 38.871231], [-76.936611, 38.871663]]}, "properties": {"STREETNAME": "SOUTHERN", "STREETTYPE": "AVE", "FHWAFUNCTIONALCLASS": 4}}, {"type": "Feature", "geometry": {"type": "LineString", "coordinates": [[-77.009901, 38.876462], [-77.010657, 38.876463]]}, "properties": {"STREETNAME": "M", "STREETTYPE": "ST", "FHWAFUNCTIONALCLASS": 4}}, {"type": "Feature", "geometry": {"type": "LineString", "coordinates": [[-76.991312, 38.90559], [-76.990402, 38.906394]]}, "properties": {"STREETNAME": "WEST VIRGINIA", "STREETTYPE": "AVE", "FHWAFUNCTIONALCLASS": 4}}, {"type": "Feature", "geometry": {"type": "LineString", "coordinates": [[-76.987328, 38.832117], [-76.985728, 38.833365]]}, "properties": {"STREETNAME": "SOUTHERN", "STREETTYPE": "AVE", "FHWAFUNCTIONALCLASS": 4}}, {"type": "Feature", "geometry": {"type": "LineString", "coordinates": [[-77.032178, 38.883504], [-77.032145, 38.883329], [-77.032378, 38.882913], [-77.034365, 38.880226], [-77.034687, 38.87996], [-77.035142, 38.87967], [-77.036683, 38.878792], [-77.036983, 38.878572], [-77.037173, 38.878347]]}, "properties": {"STREETNAME": "14TH", "STREETTYPE": "ST", "FHWAFUNCTIONALCLASS": 3}}, {"type": "Feature", "geometry": {"type": "LineString", "coordinates": [[-76.947537, 38.864054], [-76.946762, 38.86375]]}, "properties": {"STREETNAME": "PENNSYLVANIA", "STREETTYPE": "AVE", "FHWAFUNCTIONALCLASS": 3}}, {"type": "Feature", "geometry": {"type": "LineString", "coordinates": [[-76.995916, 38.843416], [-76.995334, 38.843509]]}, "properties": {"STREETNAME": "ALABAMA", "STREETTYPE": "AVE", "FHWAFUNCTIONALCLASS": 4}}, {"type": "Feature", "geometry": {"type": "LineString", "coordinates": [[-77.021903, 38.880287], [-77.021925, 38.879303]]}, "properties": {"STREETNAME": "7TH", "STREETTYPE": "ST", "FHWAFUNCTIONALCLASS": 4}}, {"type": "Feature", "geometry": {"type": "LineString", "coordinates": [[-77.03196, 38.885975], [-77.031965, 38.884973]]}, "properties": {"STREETNAME": "14TH", "STREETTYPE": "ST", "FHWAFUNCTIONALCLASS": 3}}, {"type": "Feature", "geometry": {"type": "LineString", "coordinates": [[-76.958916, 38.859427], [-76.958919, 38.858358]]}, "properties": {"STREETNAME": "BRANCH", "STREETTYPE": "AVE", "FHWAFUNCTIONALCLASS": 3}}, {"type": "Feature", "geometry": {"type": "LineString", "coordinates": [[-76.998502, 38.823443], [-76.998041, 38.823804]]}, "properties": {"STREETNAME": "SOUTHERN", "STREETTYPE": "AVE", "FHWAFUNCTIONALCLASS": 4}}, {"type": "Feature", "geometry": {"type": "LineString", "coordinates": [[-77.015968, 38.882533], [-77.015179, 38.882611], [-77.014103, 38.882667], [-77.013734, 38.882743], [-77.013419, 38.882874], [-77.013219, 38.883008], [-77.012985, 38.88322], [-77.012828, 38.883455], [-77.012676, 38.883851], [-77.012646, 38.88428], [-77.012676, 38.884747], [-77.012782, 38.885094], [-77.013081, 38.885682], [-77.013629, 38.886488], [-77.013782, 38.886788], [-77.014125, 38.887749], [-77.01425, 38.888329], [-77.014261, 38.899505], [-77.014288, 38.901326], [-77.014348, 38.901871], [-77.014713, 38.902559], [-77.016127, 38.904651], [-77.016183, 38.904887]]}, "properties": {"STREETNAME": "INTERSTATE 395", "STREETTYPE": "I", "FHWAFUNCTIONALCLASS": 1}}, {"type": "Feature", "geometry": {"type": "LineString", "coordinates": [[-77.009051, 38.912608], [-77.009051, 38.913351]]}, "properties": {"STREETNAME": "NORTH CAPITOL", "STREETTYPE": "ST", "FHWAFUNCTIONALCLASS": 3}}, {"type": "Feature", "geometry": {"type": "LineString", "coordinates": [[-76.937545, 38.889779], [-76.936094, 38.889784]]}, "properties": {"STREETNAME": "EAST CAPITOL", "STREETTYPE": "ST", "FHWAFUNCTIONALCLASS": 3}}, {"type": "Feature", "geometry": {"type": "LineString", "coordinates": [[-77.009044, 38.919179], [-77.009044, 38.920243]]}, "properties": {"STREETNAME": "NORTH CAPITOL", "STREETTYPE": "ST", "FHWAFUNCTIONALCLASS": 3}}, {"type": "Feature", "geometry": {"type": "LineString", "coordinates": [[-77.007677, 38.829207], [-77.007677, 38.827802]]}, "properties": {"STREETNAME": "SOUTH CAPITOL", "STREETTYPE": "ST", "FHWAFUNCTIONALCLASS": 4}}, {"type": "Feature", "geometry": {"type": "LineString", "coordinates": [[-77.008223, 38.876473], [-77.007462, 38.876491]]}, "properties": {"STREETNAME": "M", "STREETTYPE": "ST", "FHWAFUNCTIONALCLASS": 4}}, {"type": "Feature", "geometry": {"type": "LineString", "coordinates": [[-76.944962, 38.870492], [-76.943524, 38.870781]]}, "properties": {"STREETNAME": "ALABAMA", "STREETTYPE": "AVE", "FHWAFUNCTIONALCLASS": 4}}, {"type": "Feature", "geometry": {"type": "LineString", "coordinates": [[-76.975658, 38.841229], [-76.972454, 38.843728]]}, "properties": {"STREETNAME": "SOUTHERN", "STREETTYPE": "AVE", "FHWAFUNCTIONALCLASS": 4}}, {"type": "Feature", "geometry": {"type": "LineString", "coordinates": [[-76.988311, 38.881464], [-76.987818, 38.881264]]}, "properties": {"STREETNAME": "PENNSYLVANIA", "STREETTYPE": "AVE", "FHWAFUNCTIONALCLASS": 3}}, {"type": "Feature", "geometry": {"type": "LineString", "coordinates": [[-77.009042, 38.924521], [-77.00904, 38.925142]]}, "properties": {"STREETNAME": "NORTH CAPITOL", "STREETTYPE": "ST", "FHWAFUNCTIONALCLASS": 3}}, {"type": "Feature", "geometry": {"type": "LineString", "coordinates": [[-76.919398, 38.889758], [-76.918724, 38.889761]]}, "properties": {"STREETNAME": "EAST CAPITOL", "STREETTYPE": "ST", "FHWAFUNCTIONALCLASS": 3}}, {"type": "Feature", "geometry": {"type": "LineString", "coordinates": [[-77.009613, 38.870518], [-77.009609, 38.869854], [-77.009578, 38.869714], [-77.009503, 38.869612], [-77.009386, 38.869537], [-77.009188, 38.869477]]}, "properties": {"STREETNAME": "SOUTH CAPITOL", "STREETTYPE": "ST", "FHWAFUNCTIONALCLASS": 3}}, {"type": "Feature", "geometry": {"type": "LineString", "coordinates": [[-76.98889, 38.86684], [-76.98901, 38.866577]]}, "properties": {"STREETNAME": "MARTIN LUTHER KING JR", "STREETTYPE": "AVE", "FHWAFUNCTIONALCLASS": 4}}, {"type": "Feature", "geometry": {"type": "LineString", "coordinates": [[-76.976242, 38.850292], [-76.975665, 38.850558], [-76.975186, 38.850722]]}, "properties": {"STREETNAME": "ALABAMA", "STREETTYPE": "AVE", "FHWAFUNCTIONALCLASS": 4}}, {"type": "Feature", "geometry": {"type": "LineString", "coordinates": [[-76.972822, 38.863087], [-76.971828, 38.862663]]}, "properties": {"STREETNAME": "MARION BARRY", "STREETTYPE": "AVE", "FHWAFUNCTIONALCLASS": 4}}, {"type": "Feature", "geometry": {"type": "LineString", "coordinates": [[-76.968973, 38.869482], [-76.968972, 38.867977]]}, "properties": {"STREETNAME": "27TH", "STREETTYPE": "ST", "FHWAFUNCTIONALCLASS": 4}}, {"type": "Feature", "geometry": {"type": "LineString", "coordinates": [[-77.002002, 38.865776], [-77.00181, 38.865694], [-77.001688, 38.865573], [-77.001642, 38.86546], [-77.001617, 38.864917], [-77.001552, 38.864626], [-77.001369, 38.864322], [-77.001138, 38.864093], [-77.001012, 38.863999], [-76.99941, 38.863115], [-76.997742, 38.862376]]}, "properties": {"STREETNAME": "SUITLAND", "STREETTYPE": "PKWY", "FHWAFUNCTIONALCLASS": 2}}, {"type": "Feature", "geometry": {"type": "LineString", "coordinates": [[-76.927968, 38.889774], [-76.927155, 38.889771]]}, "properties": {"STREETNAME": "EAST CAPITOL", "STREETTYPE": "ST", "FHWAFUNCTIONALCLASS": 3}}, {"type": "Feature", "geometry": {"type": "LineString", "coordinates": [[-77.009081, 38.871283], [-77.008669, 38.871009], [-77.008581, 38.870892]]}, "properties": {"STREETNAME": "SOUTH CAPITOL", "STREETTYPE": "ST", "FHWAFUNCTIONALCLASS": 3}}, {"type": "Feature", "geometry": {"type": "LineString", "coordinates": [[-77.065227, 38.891994], [-77.064861, 38.891892], [-77.064166, 38.891781], [-77.063759, 38.891757], [-77.063254, 38.891783], [-77.056242, 38.892949], [-77.055787, 38.893039], [-77.055453, 38.893146]]}, "properties": {"STREETNAME": "INTERSTATE 66", "STREETTYPE": "I", "FHWAFUNCTIONALCLASS": 1}}, {"type": "Feature", "geometry": {"type": "LineString", "coordinates": [[-77.031954, 38.887575], [-77.03196, 38.885975]]}, "properties": {"STREETNAME": "14TH", "STREETTYPE": "ST", "FHWAFUNCTIONALCLASS": 3}}, {"type": "Feature", "geometry": {"type": "LineString", "coordinates": [[-77.009087, 38.87204], [-77.009081, 38.871283], [-77.009512, 38.87089]]}, "properties": {"STREETNAME": "SOUTH CAPITOL", "STREETTYPE": "ST", "FHWAFUNCTIONALCLASS": 3}}, {"type": "Feature", "geometry": {"type": "LineString", "coordinates": [[-76.939731, 38.869233], [-76.939588, 38.869344]]}, "properties": {"STREETNAME": "SOUTHERN", "STREETTYPE": "AVE", "FHWAFUNCTIONALCLASS": 4}}, {"type": "Feature", "geometry": {"type": "LineString", "coordinates": [[-77.004456, 38.840097], [-77.004957, 38.839436]]}, "properties": {"STREETNAME": "MARTIN LUTHER KING JR", "STREETTYPE": "AVE", "FHWAFUNCTIONALCLASS": 4}}, {"type": "Feature", "geometry": {"type": "LineString", "coordinates": [[-76.992429, 38.844004], [-76.99166, 38.844135]]}, "properties": {"STREETNAME": "ALABAMA", "STREETTYPE": "AVE", "FHWAFUNCTIONALCLASS": 4}}, {"type": "Feature", "geometry": {"type": "LineString", "coordinates": [[-77.028106, 38.882839], [-77.029518, 38.882775], [-77.030759, 38.882915], [-77.031521, 38.883226], [-77.032932, 38.884001]]}, "properties": {"STREETNAME": "MAINE", "STREETTYPE": "AVE", "FHWAFUNCTIONALCLASS": 4}}, {"type": "Feature", "geometry": {"type": "LineString", "coordinates": [[-76.958113, 38.854917], [-76.957136, 38.855674]]}, "properties": {"STREETNAME": "SOUTHERN", "STREETTYPE": "AVE", "FHWAFUNCTIONALCLASS": 4}}, {"type": "Feature", "geometry": {"type": "LineString", "coordinates": [[-76.931169, 38.889771], [-76.930801, 38.889771]]}, "properties": {"STREETNAME": "EAST CAPITOL", "STREETTYPE": "ST", "FHWAFUNCTIONALCLASS": 3}}, {"type": "Feature", "geometry": {"type": "LineString", "coordinates": [[-77.025993, 38.887574], [-77.028118, 38.887574]]}, "properties": {"STREETNAME": "INDEPENDENCE", "STREETTYPE": "AVE", "FHWAFUNCTIONALCLASS": 3}}, {"type": "Feature", "geometry": {"type": "LineString", "coordinates": [[-77.017989, 38.882348], [-77.012995, 38.882369], [-77.012281, 38.882321], [-77.011712, 38.88224], [-77.010997, 38.882083], [-77.008763, 38.881456], [-77.007925, 38.881183], [-77.006835, 38.880945], [-77.006213, 38.880872], [-77.003523, 38.880783], [-77.002722, 38.880659], [-76.997406, 38.879189], [-76.992962, 38.878197], [-76.991702, 38.877826], [-76.991391, 38.877619], [-76.99122, 38.877443], [-76.99105, 38.877163], [-76.990977, 38.876909], [-76.990974, 38.876634], [-76.991195, 38.874558], [-76.991128, 38.873975], [-76.99099, 38.873539], [-76.990846, 38.873238], [-76.990585, 38.872838], [-76.990113, 38.872266], [-76.989937, 38.872114], [-76.989062, 38.871043], [-76.988581, 38.870369], [-76.988508, 38.870166], [-76.988481, 38.86996], [-76.988502, 38.869739], [-76.988583, 38.869513], [-76.988718, 38.869296], [-76.988915, 38.869099], [-76.989674, 38.868513]]}, "properties": {"STREETNAME": "INTERSTATE 695", "STREETTYPE": "I", "FHWAFUNCTIONALCLASS": 1}}, {"type": "Feature", "geometry": {"type": "LineString", "coordinates": [[-77.031965, 38.889535], [-77.031975, 38.888615]]}, "properties": {"STREETNAME": "14TH", "STREETTYPE": "ST", "FHWAFUNCTIONALCLASS": 3}}, {"type": "Feature", "geometry": {"type": "LineString", "coordinates": [[-76.934769, 38.873624], [-76.934048, 38.873805], [-76.933857, 38.873825]]}, "properties": {"STREETNAME": "BOWEN", "STREETTYPE": "RD", "FHWAFUNCTIONALCLASS": 4}}, {"type": "Feature", "geometry": {"type": "LineString", "coordinates": [[-77.009044, 38.921314], [-77.009046, 38.922381]]}, "properties": {"STREETNAME": "NORTH CAPITOL", "STREETTYPE": "ST", "FHWAFUNCTIONALCLASS": 3}}, {"type": "Feature", "geometry": {"type": "LineString", "coordinates": [[-76.961491, 38.861735], [-76.960497, 38.861812]]}, "properties": {"STREETNAME": "ALABAMA", "STREETTYPE": "AVE", "FHWAFUNCTIONALCLASS": 4}}, {"type": "Feature", "geometry": {"type": "LineString", "coordinates": [[-76.980768, 38.885359], [-76.980768, 38.884108]]}, "properties": {"STREETNAME": "17TH", "STREETTYPE": "ST", "FHWAFUNCTIONALCLASS": 4}}, {"type": "Feature", "geometry": {"type": "LineString", "coordinates": [[-76.959002, 38.861931], [-76.958449, 38.862022], [-76.957493, 38.862251]]}, "properties": {"STREETNAME": "ALABAMA", "STREETTYPE": "AVE", "FHWAFUNCTIONALCLASS": 4}}, {"type": "Feature", "geometry": {"type": "LineString", "coordinates": [[-77.00909, 38.874648], [-77.009086, 38.872984]]}, "properties": {"STREETNAME": "SOUTH CAPITOL", "STREETTYPE": "ST", "FHWAFUNCTIONALCLASS": 3}}, {"type": "Feature", "geometry": {"type": "LineString", "coordinates": [[-77.009049, 38.95346], [-77.009049, 38.954631]]}, "properties": {"STREETNAME": "NORTH CAPITOL", "STREETTYPE": "ST", "FHWAFUNCTIONALCLASS": 3}}, {"type": "Feature", "geometry": {"type": "LineString", "coordinates": [[-76.991537, 38.87841], [-76.991539, 38.878091]]}, "properties": {"STREETNAME": "11TH", "STREETTYPE": "ST", "FHWAFUNCTIONALCLASS": 4}}, {"type": "Feature", "geometry": {"type": "LineString", "coordinates": [[-77.026896, 38.881431], [-77.027457, 38.881562], [-77.029212, 38.882226], [-77.030787, 38.882676], [-77.031043, 38.882801], [-77.031389, 38.883043], [-77.032882, 38.88381]]}, "properties": {"STREETNAME": "MAINE", "STREETTYPE": "AVE", "FHWAFUNCTIONALCLASS": 4}}, {"type": "Feature", "geometry": {"type": "LineString", "coordinates": [[-76.990284, 38.86392], [-76.990399, 38.863813]]}, "properties": {"STREETNAME": "MARTIN LUTHER KING JR", "STREETTYPE": "AVE", "FHWAFUNCTIONALCLASS": 4}}, {"type": "Feature", "geometry": {"type": "LineString", "coordinates": [[-76.982229, 38.866255], [-76.981918, 38.866199]]}, "properties": {"STREETNAME": "MARION BARRY", "STREETTYPE": "AVE", "FHWAFUNCTIONALCLASS": 4}}, {"type": "Feature", "geometry": {"type": "LineString", "coordinates": [[-76.95892, 38.85728], [-76.958921, 38.856463]]}, "properties": {"STREETNAME": "BRANCH", "STREETTYPE": "AVE", "FHWAFUNCTIONALCLASS": 3}}, {"type": "Feature", "geometry": {"type": "LineString", "coordinates": [[-76.992647, 38.883243], [-76.991533, 38.8828]]}, "properties": {"STREETNAME": "PENNSYLVANIA", "STREETTYPE": "AVE", "FHWAFUNCTIONALCLASS": 3}}, {"type": "Feature", "geometry": {"type": "LineString", "coordinates": [[-76.968971, 38.872788], [-76.968972, 38.871535]]}, "properties": {"STREETNAME": "27TH", "STREETTYPE": "ST", "FHWAFUNCTIONALCLASS": 4}}, {"type": "Feature", "geometry": {"type": "LineString", "coordinates": [[-76.953088, 38.88977], [-76.952558, 38.8898], [-76.948267, 38.889796]]}, "properties": {"STREETNAME": "EAST CAPITOL", "STREETTYPE": "ST", "FHWAFUNCTIONALCLASS": 3}}, {"type": "Feature", "geometry": {"type": "LineString", "coordinates": [[-76.913388, 38.889758], [-76.913223, 38.889742]]}, "properties": {"STREETNAME": "EAST CAPITOL", "STREETTYPE": "ST", "FHWAFUNCTIONALCLASS": 3}}, {"type": "Feature", "geometry": {"type": "LineString", "coordinates": [[-76.997725, 38.844649], [-76.997969, 38.844325]]}, "properties": {"STREETNAME": "MARTIN LUTHER KING JR", "STREETTYPE": "AVE", "FHWAFUNCTIONALCLASS": 4}}, {"type": "Feature", "geometry": {"type": "LineString", "coordinates": [[-77.012178, 38.876466], [-77.012547, 38.876466]]}, "properties": {"STREETNAME": "M", "STREETTYPE": "ST", "FHWAFUNCTIONALCLASS": 4}}, {"type": "Feature", "geometry": {"type": "LineString", "coordinates": [[-77.00219, 38.821973], [-77.001317, 38.821292]]}, "properties": {"STREETNAME": "SOUTH CAPITOL", "STREETTYPE": "ST", "FHWAFUNCTIONALCLASS": 4}}, {"type": "Feature", "geometry": {"type": "LineString", "coordinates": [[-77.020551, 38.876701], [-77.020852, 38.876979]]}, "properties": {"STREETNAME": "MAINE", "STREETTYPE": "AVE", "FHWAFUNCTIONALCLASS": 4}}, {"type": "Feature", "geometry": {"type": "LineString", "coordinates": [[-76.972951, 38.874541], [-76.972715, 38.874426]]}, "properties": {"STREETNAME": "PENNSYLVANIA", "STREETTYPE": "AVE", "FHWAFUNCTIONALCLASS": 3}}, {"type": "Feature", "geometry": {"type": "LineString", "coordinates": [[-76.931187, 38.876486], [-76.931167, 38.876242], [-76.931003, 38.876035]]}, "properties": {"STREETNAME": "BENNING", "STREETTYPE": "RD", "FHWAFUNCTIONALCLASS": 4}}, {"type": "Feature", "geometry": {"type": "LineString", "coordinates": [[-77.006004, 38.824099], [-77.005634, 38.823755]]}, "properties": {"STREETNAME": "SOUTH CAPITOL", "STREETTYPE": "ST", "FHWAFUNCTIONALCLASS": 4}}, {"type": "Feature", "geometry": {"type": "LineString", "coordinates": [[-76.958669, 38.889794], [-76.960631, 38.88885], [-76.961327, 38.888295], [-76.961859, 38.887695], [-76.962104, 38.88731], [-76.962261, 38.88699], [-76.96415, 38.882301], [-76.964492, 38.881565], [-76.964831, 38.880944], [-76.965511, 38.879898], [-76.966359, 38.878849], [-76.967267, 38.877902], [-76.968311, 38.876997], [-76.968774, 38.876673], [-76.969229, 38.876411], [-76.969722, 38.876194], [-76.970292, 38.87601], [-76.971012, 38.875863], [-76.972874, 38.875676], [-76.973928, 38.875512], [-76.974943, 38.875217], [-76.978195, 38.873932], [-76.979053, 38.873528], [-76.98154, 38.872264]]}, "properties": {"STREETNAME": "ANACOSTIA", "STREETTYPE": "FWY", "FHWAFUNCTIONALCLASS": 2}}, {"type": "Feature", "geometry": {"type": "LineString", "coordinates": [[-77.032932, 38.884001], [-77.033729, 38.884571]]}, "properties": {"STREETNAME": "MAINE", "STREETTYPE": "AVE", "FHWAFUNCTIONALCLASS": 3}}, {"type": "Feature", "geometry": {"type": "LineString", "coordinates": [[-76.976644, 38.864774], [-76.975102, 38.864032]]}, "properties": {"STREETNAME": "MARION BARRY", "STREETTYPE": "AVE", "FHWAFUNCTIONALCLASS": 4}}, {"type": "Feature", "geometry": {"type": "LineString", "coordinates": [[-77.044165, 38.886903], [-77.04496, 38.886933]]}, "properties": {"STREETNAME": "INDEPENDENCE", "STREETTYPE": "AVE", "FHWAFUNCTIONALCLASS": 3}}, {"type": "Feature", "geometry": {"type": "LineString", "coordinates": [[-77.021908, 38.881287], [-77.021903, 38.880287]]}, "properties": {"STREETNAME": "7TH", "STREETTYPE": "ST", "FHWAFUNCTIONALCLASS": 4}}, {"type": "Feature", "geometry": {"type": "LineString", "coordinates": [[-77.009025, 38.969955], [-77.008461, 38.970394]]}, "properties": {"STREETNAME": "NORTH CAPITOL", "STREETTYPE": "ST", "FHWAFUNCTIONALCLASS": 4}}, {"type": "Feature", "geometry": {"type": "LineString", "coordinates": [[-77.030437, 38.880752], [-77.029925, 38.881158], [-77.029387, 38.881484], [-77.028915, 38.881707], [-77.028089, 38.882001], [-77.027084, 38.882201], [-77.026347, 38.882256], [-77.024245, 38.882263], [-77.020804, 38.882351], [-77.017989, 38.882348]]}, "properties": {"STREETNAME": "INTERSTATE 395", "STREETTYPE": "I", "FHWAFUNCTIONALCLASS": 1}}, {"type": "Feature", "geometry": {"type": "LineString", "coordinates": [[-76.928069, 38.878321], [-76.92642, 38.879602], [-76.926226, 38.879787]]}, "properties": {"STREETNAME": "SOUTHERN", "STREETTYPE": "AVE", "FHWAFUNCTIONALCLASS": 4}}, {"type": "Feature", "geometry": {"type": "LineString", "coordinates": [[-76.922887, 38.889762], [-76.920704, 38.889758]]}, "properties": {"STREETNAME": "EAST CAPITOL", "STREETTYPE": "ST", "FHWAFUNCTIONALCLASS": 3}}, {"type": "Feature", "geometry": {"type": "LineString", "coordinates": [[-76.993565, 38.838812], [-76.993492, 38.837372], [-76.993378, 38.837017], [-76.9932, 38.836715]]}, "properties": {"STREETNAME": "WHEELER", "STREETTYPE": "RD", "FHWAFUNCTIONALCLASS": 4}}, {"type": "Feature", "geometry": {"type": "LineString", "coordinates": [[-76.914394, 38.889768], [-76.91367, 38.889767]]}, "properties": {"STREETNAME": "EAST CAPITOL", "STREETTYPE": "ST", "FHWAFUNCTIONALCLASS": 3}}, {"type": "Feature", "geometry": {"type": "LineString", "coordinates": [[-77.01755, 38.879293], [-77.017544, 38.878656], [-77.017745, 38.87694], [-77.017608, 38.876469]]}, "properties": {"STREETNAME": "4TH", "STREETTYPE": "ST", "FHWAFUNCTIONALCLASS": 4}}, {"type": "Feature", "geometry": {"type": "LineString", "coordinates": [[-76.981918, 38.866199], [-76.980792, 38.865994]]}, "properties": {"STREETNAME": "MARION BARRY", "STREETTYPE": "AVE", "FHWAFUNCTIONALCLASS": 4}}, {"type": "Feature", "geometry": {"type": "LineString", "coordinates": [[-77.009063, 38.895111], [-77.009061, 38.896133]]}, "properties": {"STREETNAME": "NORTH CAPITOL", "STREETTYPE": "ST", "FHWAFUNCTIONALCLASS": 3}}, {"type": "Feature", "geometry": {"type": "LineString", "coordinates": [[-76.958915, 38.860494], [-76.958916, 38.859427]]}, "properties": {"STREETNAME": "BRANCH", "STREETTYPE": "AVE", "FHWAFUNCTIONALCLASS": 3}}, {"type": "Feature", "geometry": {"type": "LineString", "coordinates": [[-76.960385, 38.869299], [-76.960133, 38.867962]]}, "properties": {"STREETNAME": "BRANCH", "STREETTYPE": "AVE", "FHWAFUNCTIONALCLASS": 3}}, {"type": "Feature", "geometry": {"type": "LineString", "coordinates": [[-76.962021, 38.877817], [-76.961506, 38.87813], [-76.961322, 38.878308], [-76.961139, 38.87855]]}, "properties": {"STREETNAME": "MINNESOTA", "STREETTYPE": "AVE", "FHWAFUNCTIONALCLASS": 4}}, {"type": "Feature", "geometry": {"type": "LineString", "coordinates": [[-77.00904, 38.925142], [-77.009042, 38.925429]]}, "properties": {"STREETNAME": "NORTH CAPITOL", "STREETTYPE": "ST", "FHWAFUNCTIONALCLASS": 3}}, {"type": "Feature", "geometry": {"type": "LineString", "coordinates": [[-76.958679, 38.881987], [-76.958068, 38.88284]]}, "properties": {"STREETNAME": "MINNESOTA", "STREETTYPE": "AVE", "FHWAFUNCTIONALCLASS": 4}}, {"type": "Feature", "geometry": {"type": "LineString", "coordinates": [[-77.007677, 38.827802], [-77.007675, 38.827301], [-77.007625, 38.82687], [-77.007511, 38.826455], [-77.007338, 38.826071]]}, "properties": {"STREETNAME": "SOUTH CAPITOL", "STREETTYPE": "ST", "FHWAFUNCTIONALCLASS": 4}}, {"type": "Feature", "geometry": {"type": "LineString", "coordinates": [[-76.963109, 38.86134], [-76.962283, 38.861634]]}, "properties": {"STREETNAME": "ALABAMA", "STREETTYPE": "AVE", "FHWAFUNCTIONALCLASS": 4}}, {"type": "Feature", "geometry": {"type": "LineString", "coordinates": [[-76.960867, 38.873215], [-76.960736, 38.872149]]}, "properties": {"STREETNAME": "BRANCH", "STREETTYPE": "AVE", "FHWAFUNCTIONALCLASS": 4}}, {"type": "Feature", "geometry": {"type": "LineString", "coordinates": [[-76.949112, 38.861915], [-76.948021, 38.862767]]}, "properties": {"STREETNAME": "SOUTHERN", "STREETTYPE": "AVE", "FHWAFUNCTIONALCLASS": 4}}, {"type": "Feature", "geometry": {"type": "LineString", "coordinates": [[-76.994975, 38.883746], [-76.994977, 38.882731]]}, "properties": {"STREETNAME": "8TH", "STREETTYPE": "ST", "FHWAFUNCTIONALCLASS": 4}}, {"type": "Feature", "geometry": {"type": "LineString", "coordinates": [[-76.990246, 38.887599], [-76.988317, 38.887601]]}, "properties": {"STREETNAME": "INDEPENDENCE", "STREETTYPE": "AVE", "FHWAFUNCTIONALCLASS": 3}}, {"type": "Feature", "geometry": {"type": "LineString", "coordinates": [[-77.039262, 38.793227], [-77.036944, 38.793269]]}, "properties": {"STREETNAME": "INTERSTATE 95", "STREETTYPE": "I", "FHWAFUNCTIONALCLASS": 1}}, {"type": "Feature", "geometry": {"type": "LineString", "coordinates": [[-76.963501, 38.85071], [-76.961967, 38.851933]]}, "properties": {"STREETNAME": "SOUTHERN", "STREETTYPE": "AVE", "FHWAFUNCTIONALCLASS": 4}}, {"type": "Feature", "geometry": {"type": "LineString", "coordinates": [[-76.991535, 38.881275], [-76.991535, 38.879286]]}, "properties": {"STREETNAME": "11TH", "STREETTYPE": "ST", "FHWAFUNCTIONALCLASS": 4}}, {"type": "Feature", "geometry": {"type": "LineString", "coordinates": [[-77.0114, 38.876466], [-77.011877, 38.876466]]}, "properties": {"STREETNAME": "M", "STREETTYPE": "ST", "FHWAFUNCTIONALCLASS": 4}}, {"type": "Feature", "geometry": {"type": "LineString", "coordinates": [[-77.016233, 38.87929], [-77.01755, 38.879293]]}, "properties": {"STREETNAME": "I", "STREETTYPE": "ST", "FHWAFUNCTIONALCLASS": 4}}, {"type": "Feature", "geometry": {"type": "LineString", "coordinates": [[-77.033729, 38.884571], [-77.033715, 38.884359]]}, "properties": {"STREETNAME": "RAOUL WALLENBERG", "STREETTYPE": "PL", "FHWAFUNCTIONALCLASS": 3}}, {"type": "Feature", "geometry": {"type": "LineString", "coordinates": [[-77.037173, 38.878347], [-77.042466, 38.872874]]}, "properties": {"STREETNAME": "14TH", "STREETTYPE": "ST", "FHWAFUNCTIONALCLASS": 1}}, {"type": "Feature", "geometry": {"type": "LineString", "coordinates": [[-77.009064, 38.882303], [-77.009061, 38.879293]]}, "properties": {"STREETNAME": "SOUTH CAPITOL", "STREETTYPE": "ST", "FHWAFUNCTIONALCLASS": 3}}, {"type": "Feature", "geometry": {"type": "LineString", "coordinates": [[-77.005899, 38.88762], [-77.003522, 38.887621]]}, "properties": {"STREETNAME": "INDEPENDENCE", "STREETTYPE": "AVE", "FHWAFUNCTIONALCLASS": 3}}, {"type": "Feature", "geometry": {"type": "LineString", "coordinates": [[-77.009068, 38.89957], [-77.009066, 38.900216]]}, "properties": {"STREETNAME": "NORTH CAPITOL", "STREETTYPE": "ST", "FHWAFUNCTIONALCLASS": 3}}, {"type": "Feature", "geometry": {"type": "LineString", "coordinates": [[-76.993772, 38.876482], [-76.992667, 38.876482]]}, "properties": {"STREETNAME": "M", "STREETTYPE": "ST", "FHWAFUNCTIONALCLASS": 4}}, {"type": "Feature", "geometry": {"type": "LineString", "coordinates": [[-76.952225, 38.862131], [-76.94992, 38.861286]]}, "properties": {"STREETNAME": "SUITLAND", "STREETTYPE": "RD", "FHWAFUNCTIONALCLASS": 4}}, {"type": "Feature", "geometry": {"type": "LineString", "coordinates": [[-76.958607, 38.855414], [-76.958379, 38.85515], [-76.958113, 38.854917]]}, "properties": {"STREETNAME": "BRANCH", "STREETTYPE": "AVE", "FHWAFUNCTIONALCLASS": 3}}, {"type": "Feature", "geometry": {"type": "LineString", "coordinates": [[-77.009068, 38.887596], [-77.008158, 38.887604]]}, "properties": {"STREETNAME": "INDEPENDENCE", "STREETTYPE": "AVE", "FHWAFUNCTIONALCLASS": 3}}, {"type": "Feature", "geometry": {"type": "LineString", "coordinates": [[-76.970939, 38.871531], [-76.970941, 38.87075]]}, "properties": {"STREETNAME": "25TH", "STREETTYPE": "ST", "FHWAFUNCTIONALCLASS": 4}}, {"type": "Feature", "geometry": {"type": "LineString", "coordinates": [[-76.975186, 38.850722], [-76.974209, 38.850985]]}, "properties": {"STREETNAME": "ALABAMA", "STREETTYPE": "AVE", "FHWAFUNCTIONALCLASS": 4}}, {"type": "Feature", "geometry": {"type": "LineString", "coordinates": [[-76.994968, 38.884192], [-76.993764, 38.883698]]}, "properties": {"STREETNAME": "PENNSYLVANIA", "STREETTYPE": "AVE", "FHWAFUNCTIONALCLASS": 3}}, {"type": "Feature", "geometry": {"type": "LineString", "coordinates": [[-77.008357, 38.845102], [-77.003297, 38.845096]]}, "properties": {"STREETNAME": "MALCOLM X", "STREETTYPE": "AVE", "FHWAFUNCTIONALCLASS": 4}}, {"type": "Feature", "geometry": {"type": "LineString", "coordinates": [[-76.99166, 38.844135], [-76.990597, 38.844319]]}, "properties": {"STREETNAME": "ALABAMA", "STREETTYPE": "AVE", "FHWAFUNCTIONALCLASS": 4}}, {"type": "Feature", "geometry": {"type": "LineString", "coordinates": [[-77.000295, 38.843015], [-77.000583, 38.84295]]}, "properties": {"STREETNAME": "MARTIN LUTHER KING JR", "STREETTYPE": "AVE", "FHWAFUNCTIONALCLASS": 4}}, {"type": "Feature", "geometry": {"type": "LineString", "coordinates": [[-76.946679, 38.882838], [-76.945774, 38.880877]]}, "properties": {"STREETNAME": "RIDGE", "STREETTYPE": "RD", "FHWAFUNCTIONALCLASS": 4}}, {"type": "Feature", "geometry": {"type": "LineString", "coordinates": [[-76.938228, 38.872229], [-76.937482, 38.872584]]}, "properties": {"STREETNAME": "BOWEN", "STREETTYPE": "RD", "FHWAFUNCTIONALCLASS": 4}}, {"type": "Feature", "geometry": {"type": "LineString", "coordinates": [[-76.961404, 38.877584], [-76.961306, 38.876793]]}, "properties": {"STREETNAME": "BRANCH", "STREETTYPE": "AVE", "FHWAFUNCTIONALCLASS": 4}}, {"type": "Feature", "geometry": {"type": "LineString", "coordinates": [[-77.043655, 38.874069], [-77.039548, 38.878329], [-77.03912, 38.878694], [-77.038783, 38.878915], [-77.038098, 38.879209], [-77.037696, 38.879312], [-77.03732, 38.879366], [-77.036692, 38.879362], [-77.035191, 38.87916], [-77.034643, 38.879184]]}, "properties": {"STREETNAME": "ROCHAMBEAU", "STREETTYPE": "BRG", "FHWAFUNCTIONALCLASS": 1}}, {"type": "Feature", "geometry": {"type": "LineString", "coordinates": [[-77.00907, 38.88321], [-77.009064, 38.882303]]}, "properties": {"STREETNAME": "SOUTH CAPITOL", "STREETTYPE": "ST", "FHWAFUNCTIONALCLASS": 3}}, {"type": "Feature", "geometry": {"type": "LineString", "coordinates": [[-77.009064, 38.897349], [-77.009067, 38.897477]]}, "properties": {"STREETNAME": "NORTH CAPITOL", "STREETTYPE": "ST", "FHWAFUNCTIONALCLASS": 3}}, {"type": "Feature", "geometry": {"type": "LineString", "coordinates": [[-76.933042, 38.881499], [-76.932305, 38.880107]]}, "properties": {"STREETNAME": "BENNING", "STREETTYPE": "RD", "FHWAFUNCTIONALCLASS": 4}}, {"type": "Feature", "geometry": {"type": "LineString", "coordinates": [[-76.930056, 38.889771], [-76.927968, 38.889774]]}, "properties": {"STREETNAME": "EAST CAPITOL", "STREETTYPE": "ST", "FHWAFUNCTIONALCLASS": 3}}, {"type": "Feature", "geometry": {"type": "LineString", "coordinates": [[-77.017558, 38.886048], [-77.017558, 38.885079]]}, "properties": {"STREETNAME": "4TH", "STREETTYPE": "ST", "FHWAFUNCTIONALCLASS": 4}}, {"type": "Feature", "geometry": {"type": "LineString", "coordinates": [[-76.989384, 38.865739], [-76.989509, 38.865459]]}, "properties": {"STREETNAME": "MARTIN LUTHER KING JR", "STREETTYPE": "AVE", "FHWAFUNCTIONALCLASS": 4}}, {"type": "Feature", "geometry": {"type": "LineString", "coordinates": [[-77.012144, 38.886039], [-77.012995, 38.886681], [-77.01352, 38.887146]]}, "properties": {"STREETNAME": "WASHINGTON", "STREETTYPE": "AVE", "FHWAFUNCTIONALCLASS": 3}}, {"type": "Feature", "geometry": {"type": "LineString", "coordinates": [[-76.960736, 38.872149], [-76.960628, 38.871259]]}, "properties": {"STREETNAME": "BRANCH", "STREETTYPE": "AVE", "FHWAFUNCTIONALCLASS": 4}}]}