{"type": "FeatureCollection", "features": [{"type": "Feature", "geometry": {"type": "Polygon", "coordinates": [[[-76.925612, 38.896197], [-76.92575, 38.896273], [-76.925821, 38.89636], [-76.926028, 38.896444], [-76.926205, 38.896565], [-76.926223, 38.896509], [-76.925861, 38.896277], [-76.925796, 38.896264], [-76.925612, 38.896122], [-76.925305, 38.895981], [-76.925286, 38.895938], [-76.925068, 38.895801], [-76.924727, 38.895704], [-76.924721, 38.895756], [-76.925003, 38.895817], [-76.925612, 38.896197]]]}, "properties": {"DESCRIPTION": "River"}}, {"type": "Feature", "geometry": {"type": "Polygon", "coordinates": [[[-76.966499, 38.909271], [-76.966482, 38.909249], [-76.96646, 38.909262], [-76.966499, 38.909271]]]}, "properties": {"DESCRIPTION": "Pond"}}, {"type": "Feature", "geometry": {"type": "Polygon", "coordinates": [[[-76.943984, 38.912688], [-76.943788, 38.912631], [-76.943734, 38.912646], [-76.943852, 38.912856], [-76.944101, 38.91279], [-76.944111, 38.912739], [-76.943984, 38.912688]]]}, "properties": {"DESCRIPTION": "Pond"}}, {"type": "Feature", "geometry": {"type": "Polygon", "coordinates": [[[-76.991512, 38.912593], [-76.991492, 38.912622], [-76.99152, 38.912636], [-76.991654, 38.912603], [-76.991646, 38.912569], [-76.99159, 38.912561], [-76.991512, 38.912593]]]}, "properties": {"DESCRIPTION": "Pond"}}, {"type": "Feature", "geometry": {"type": "Polygon", "coordinates": [[[-76.961738, 38.903706], [-76.961682, 38.903707], [-76.961575, 38.903889], [-76.961742, 38.903839], [-76.961786, 38.903749], [-76.961738, 38.903706]]]}, "properties": {"DESCRIPTION": "Pond"}}, {"type": "Feature", "geometry": {"type": "Polygon", "coordinates": [[[-76.979131, 38.874919], [-76.979059, 38.874923], [-76.979056, 38.874965], [-76.979151, 38.874996], [-76.979208, 38.874935], [-76.979341, 38.874873], [-76.979303, 38.874843], [-76.979131, 38.874919]]]}, "properties": {"DESCRIPTION": "Pond"}}, {"type": "Feature", "geometry": {"type": "Polygon", "coordinates": [[[-76.940949, 38.917767], [-76.940939, 38.917733], [-76.940902, 38.917731], [-76.940949, 38.917767]]]}, "properties": {"DESCRIPTION": "River"}}, {"type": "Feature", "geometry": {"type": "Polygon", "coordinates": [[[-76.965519, 38.912592], [-76.965537, 38.912546], [-76.965605, 38.912536], [-76.965704, 38.912743], [-76.965685, 38.912806], [-76.965814, 38.912843], [-76.965915, 38.91296], [-76.965944, 38.913261], [-76.966018, 38.913541], [-76.966221, 38.913705], [-76.966244, 38.913742], [-76.966176, 38.913712], [-76.966272, 38.913826], [-76.966304, 38.913818], [-76.966831, 38.914597], [-76.966874, 38.914593], [-76.966333, 38.913843], [-76.966322, 38.913763], [-76.966257, 38.913739], [-76.966223, 38.913642], [-76.966181, 38.913631], [-76.966153, 38.913559], [-76.966097, 38.91356], [-76.966034, 38.913424], [-76.965994, 38.913405], [-76.965971, 38.913314], [-76.965986, 38.912944], [-76.965902, 38.912816], [-76.965771, 38.912745], [-76.965753, 38.912664], [-76.965677, 38.912605], [-76.965705, 38.912567], [-76.965639, 38.91248], [-76.965527, 38.912509], [-76.965478, 38.912611], [-76.965366, 38.912729], [-76.965296, 38.912756], [-76.965359, 38.912808], [-76.965317, 38.91293], [-76.965343, 38.91299], [-76.965392, 38.913004], [-76.96543, 38.912963], [-76.96538, 38.912765], [-76.965499, 38.912677], [-76.965519, 38.912592]]]}, "properties": {"DESCRIPTION": "River"}}, {"type": "Feature", "geometry": {"type": "Polygon", "coordinates": [[[-76.949683, 38.923772], [-76.949692, 38.923737], [-76.949616, 38.923677], [-76.949491, 38.923721], [-76.949457, 38.923766], [-76.9495, 38.923786], [-76.949491, 38.923829], [-76.949567, 38.923922], [-76.949688, 38.923986], [-76.949744, 38.923913], [-76.949682, 38.923859], [-76.949683, 38.923772]]]}, "properties": {"DESCRIPTION": "Pond"}}, {"type": "Feature", "geometry": {"type": "Polygon", "coordinates": [[[-76.964325, 38.913778], [-76.964311, 38.913752], [-76.964235, 38.913786], [-76.964325, 38.913778]]]}, "properties": {"DESCRIPTION": "River"}}, {"type": "Feature", "geometry": {"type": "Polygon", "coordinates": [[[-76.963971, 38.914053], [-76.96414, 38.913844], [-76.96413, 38.913783], [-76.964073, 38.913728], [-76.963894, 38.91376], [-76.963826, 38.913811], [-76.963817, 38.913867], [-76.963971, 38.914053]]]}, "properties": {"DESCRIPTION": "River"}}, {"type": "Feature", "geometry": {"type": "Polygon", "coordinates": [[[-76.944906, 38.912274], [-76.944867, 38.912293], [-76.944846, 38.912393], [-76.944927, 38.912431], [-76.94501, 38.912297], [-76.944906, 38.912274]]]}, "properties": {"DESCRIPTION": "Pond"}}, {"type": "Feature", "geometry": {"type": "Polygon", "coordinates": [[[-76.951873, 38.92378], [-76.951823, 38.923788], [-76.951836, 38.923839], [-76.95212, 38.923874], [-76.952088, 38.923827], [-76.951873, 38.92378]]]}, "properties": {"DESCRIPTION": "Pond"}}, {"type": "Feature", "geometry": {"type": "Polygon", "coordinates": [[[-76.948398, 38.91674], [-76.948333, 38.916713], [-76.948252, 38.916724], [-76.948203, 38.91674], [-76.948227, 38.916765], [-76.948198, 38.916793], [-76.948329, 38.916849], [-76.948673, 38.916879], [-76.948919, 38.916777], [-76.949061, 38.916765], [-76.949202, 38.916803], [-76.949412, 38.916717], [-76.94953, 38.916595], [-76.94985, 38.916464], [-76.949882, 38.916423], [-76.949814, 38.916349], [-76.949813, 38.916233], [-76.949774, 38.916217], [-76.949577, 38.916263], [-76.949458, 38.916249], [-76.949317, 38.916306], [-76.948853, 38.916336], [-76.948866, 38.916365], [-76.948833, 38.916376], [-76.948609, 38.916337], [-76.948744, 38.916495], [-76.94874, 38.916545], [-76.948796, 38.916589], [-76.948796, 38.916624], [-76.948664, 38.91672], [-76.948637, 38.916774], [-76.94849, 38.916732], [-76.948398, 38.91674]]]}, "properties": {"DESCRIPTION": "Pond"}}, {"type": "Feature", "geometry": {"type": "Polygon", "coordinates": [[[-76.94272, 38.913044], [-76.941899, 38.913256], [-76.94189, 38.91328], [-76.942056, 38.913319], [-76.942879, 38.913317], [-76.943043, 38.913263], [-76.943047, 38.913125], [-76.942868, 38.913043], [-76.94272, 38.913044]]]}, "properties": {"DESCRIPTION": "Pond"}}, {"type": "Feature", "geometry": {"type": "Polygon", "coordinates": [[[-76.94439, 38.912286], [-76.944485, 38.912271], [-76.944404, 38.912234], [-76.94439, 38.912286]]]}, "properties": {"DESCRIPTION": "Pond"}}, {"type": "Feature", "geometry": {"type": "Polygon", "coordinates": [[[-76.944919, 38.913038], [-76.944897, 38.913001], [-76.944884, 38.913046], [-76.944919, 38.913038]]]}, "properties": {"DESCRIPTION": "Pond"}}, {"type": "Feature", "geometry": {"type": "Polygon", "coordinates": [[[-76.972444, 38.906042], [-76.972406, 38.905987], [-76.972315, 38.905964], [-76.972242, 38.906062], [-76.972368, 38.90608], [-76.972441, 38.906067], [-76.972444, 38.906042]]]}, "properties": {"DESCRIPTION": "Pond"}}, {"type": "Feature", "geometry": {"type": "Polygon", "coordinates": [[[-76.944722, 38.912674], [-76.944637, 38.912664], [-76.94461, 38.912734], [-76.94475, 38.912806], [-76.944762, 38.912729], [-76.944722, 38.912674]]]}, "properties": {"DESCRIPTION": "Pond"}}, {"type": "Feature", "geometry": {"type": "Polygon", "coordinates": [[[-76.944589, 38.912404], [-76.944651, 38.912403], [-76.944668, 38.912369], [-76.944634, 38.912333], [-76.94453, 38.912338], [-76.944533, 38.912399], [-76.944589, 38.912404]]]}, "properties": {"DESCRIPTION": "Pond"}}, {"type": "Feature", "geometry": {"type": "Polygon", "coordinates": [[[-76.963443, 38.914168], [-76.963386, 38.914221], [-76.96342, 38.914269], [-76.963469, 38.914254], [-76.963575, 38.914316], [-76.963647, 38.914267], [-76.963443, 38.914168]]]}, "properties": {"DESCRIPTION": "River"}}, {"type": "Feature", "geometry": {"type": "Polygon", "coordinates": [[[-76.942171, 38.912396], [-76.942118, 38.912378], [-76.9421, 38.91232], [-76.942128, 38.912208], [-76.942087, 38.912195], [-76.942016, 38.91227], [-76.942028, 38.912376], [-76.942135, 38.912478], [-76.942276, 38.912492], [-76.942265, 38.912436], [-76.942171, 38.912396]]]}, "properties": {"DESCRIPTION": "Pond"}}, {"type": "Feature", "geometry": {"type": "Polygon", "coordinates": [[[-76.957122, 38.873031], [-76.957039, 38.873013], [-76.957009, 38.872974], [-76.956927, 38.873017], [-76.956799, 38.872981], [-76.956703, 38.872853], [-76.956707, 38.872785], [-76.956572, 38.872721], [-76.956433, 38.872765], [-76.956386, 38.872807], [-76.956431, 38.872795], [-76.956369, 38.872878], [-76.956193, 38.872849], [-76.956127, 38.872905], [-76.956221, 38.872972], [-76.956189, 38.873029], [-76.95621, 38.873043], [-76.956262, 38.873005], [-76.95617, 38.872901], [-76.956191, 38.872871], [-76.956388, 38.872907], [-76.956482, 38.872874], [-76.956525, 38.872815], [-76.95657, 38.87285], [-76.956659, 38.872853], [-76.956803, 38.873], [-76.957087, 38.87305], [-76.957115, 38.873154], [-76.957169, 38.873169], [-76.957231, 38.87313], [-76.957309, 38.873246], [-76.957452, 38.873319], [-76.95748, 38.873409], [-76.957461, 38.873501], [-76.957492, 38.873532], [-76.957697, 38.873594], [-76.957706, 38.873647], [-76.957764, 38.873637], [-76.957947, 38.873749], [-76.958116, 38.873779], [-76.95815, 38.873735], [-76.958281, 38.873723], [-76.958618, 38.87383], [-76.958816, 38.873986], [-76.958816, 38.874037], [-76.958881, 38.874093], [-76.958908, 38.87422], [-76.95904, 38.874214], [-76.959086, 38.874255], [-76.959205, 38.874271], [-76.959439, 38.874385], [-76.959525, 38.874497], [-76.959523, 38.874571], [-76.959612, 38.874647], [-76.959757, 38.874675], [-76.959838, 38.874726], [-76.959944, 38.874859], [-76.959993, 38.874848], [-76.960006, 38.874883], [-76.960257, 38.874877], [-76.960324, 38.874939], [-76.960368, 38.874921], [-76.960468, 38.875087], [-76.960695, 38.875175], [-76.960727, 38.875224], [-76.960805, 38.875225], [-76.960688, 38.875135], [-76.960487, 38.875078], [-76.960397, 38.874901], [-76.960317, 38.874843], [-76.960157, 38.874855], [-76.959991, 38.874797], [-76.959912, 38.874819], [-76.959933, 38.874717], [-76.959756, 38.874652], [-76.959559, 38.874528], [-76.959564, 38.874451], [-76.959414, 38.874331], [-76.959335, 38.874326], [-76.959249, 38.874251], [-76.959133, 38.874209], [-76.958922, 38.874162], [-76.95881, 38.873934], [-76.958625, 38.873813], [-76.958249, 38.873702], [-76.95806, 38.873754], [-76.957969, 38.873721], [-76.957969, 38.87368], [-76.958022, 38.873653], [-76.957965, 38.873602], [-76.957924, 38.873703], [-76.957867, 38.873673], [-76.957874, 38.873612], [-76.957724, 38.873627], [-76.957714, 38.873585], [-76.957649, 38.873581], [-76.957653, 38.873549], [-76.957518, 38.873462], [-76.957492, 38.873309], [-76.957423, 38.873276], [-76.957401, 38.873206], [-76.95733, 38.873235], [-76.957237, 38.873106], [-76.957122, 38.873031]], [[-76.9576, 38.873526], [-76.957589, 38.873552], [-76.957502, 38.873502], [-76.9576, 38.873526]], [[-76.957146, 38.873082], [-76.957193, 38.873125], [-76.957169, 38.873155], [-76.957106, 38.873126], [-76.957146, 38.873082]], [[-76.959603, 38.874552], [-76.9597, 38.874643], [-76.959597, 38.874629], [-76.959548, 38.874563], [-76.959603, 38.874552]]]}, "properties": {"DESCRIPTION": "River"}}, {"type": "Feature", "geometry": {"type": "Polygon", "coordinates": [[[-77.052376, 38.987076], [-77.052499, 38.986981], [-77.052382, 38.986937], [-77.052335, 38.986849], [-77.052355, 38.986813], [-77.052435, 38.986818], [-77.052459, 38.986678], [-77.052515, 38.986569], [-77.052468, 38.986393], [-77.052379, 38.986295], [-77.051703, 38.986099], [-77.051268, 38.986082], [-77.051207, 38.986031], [-77.050851, 38.986027], [-77.050069, 38.986124], [-77.049938, 38.986078], [-77.04979, 38.98607], [-77.049616, 38.985953], [-77.049295, 38.986013], [-77.049164, 38.985898], [-77.049143, 38.985828], [-77.048937, 38.985587], [-77.048793, 38.985475], [-77.048547, 38.985373], [-77.047756, 38.985408], [-77.0474, 38.985272], [-77.047157, 38.985026], [-77.047149, 38.985098], [-77.047093, 38.985077], [-77.047003, 38.984932], [-77.04696, 38.984782], [-77.046879, 38.9847], [-77.046907, 38.984649], [-77.046179, 38.984209], [-77.045764, 38.984049], [-77.045216, 38.983917], [-77.044277, 38.98381], [-77.043726, 38.983923], [-77.043334, 38.983957], [-77.042675, 38.983953], [-77.042516, 38.983903], [-77.042391, 38.983818], [-77.042357, 38.983772], [-77.042333, 38.983558], [-77.042229, 38.983419], [-77.042115, 38.983354], [-77.042025, 38.983333], [-77.042012, 38.983303], [-77.04177, 38.983267], [-77.041492, 38.983119], [-77.041225, 38.983126], [-77.041181, 38.983094], [-77.041138, 38.983119], [-77.040825, 38.983085], [-77.040625, 38.982984], [-77.0406, 38.9829], [-77.040523, 38.982844], [-77.040374, 38.982784], [-77.040331, 38.982659], [-77.040135, 38.982438], [-77.040051, 38.982263], [-77.039901, 38.982126], [-77.039978, 38.981895], [-77.040082, 38.982008], [-77.040104, 38.982104], [-77.040122, 38.98199], [-77.040071, 38.981925], [-77.040103, 38.981732], [-77.040098, 38.981404], [-77.040396, 38.981159], [-77.040781, 38.98092], [-77.041208, 38.980716], [-77.041716, 38.980581], [-77.041868, 38.980481], [-77.042378, 38.980339], [-77.042602, 38.980358], [-77.042978, 38.980492], [-77.043076, 38.980582], [-77.043367, 38.980725], [-77.043454, 38.980802], [-77.043547, 38.98081], [-77.04396, 38.980731], [-77.044086, 38.980672], [-77.044163, 38.980549], [-77.044661, 38.980257], [-77.044725, 38.980131], [-77.044743, 38.979959], [-77.044591, 38.97977], [-77.044481, 38.979708], [-77.044495, 38.979664], [-77.044453, 38.979591], [-77.044429, 38.979391], [-77.044299, 38.979359], [-77.044194, 38.979223], [-77.044116, 38.979188], [-77.044173, 38.979145], [-77.044123, 38.979029], [-77.044059, 38.978508], [-77.043973, 38.978311], [-77.0439, 38.978231], [-77.04372, 38.978118], [-77.043578, 38.9781], [-77.04355, 38.978069], [-77.043522, 38.978088], [-77.043233, 38.977979], [-77.043164, 38.978006], [-77.043127, 38.977947], [-77.042974, 38.97792], [-77.042668, 38.97779], [-77.042405, 38.977641], [-77.042123, 38.977416], [-77.042073, 38.977414], [-77.042047, 38.977342], [-77.041649, 38.977171], [-77.041413, 38.976958], [-77.041108, 38.976844], [-77.040414, 38.976469], [-77.040191, 38.976424], [-77.03994, 38.976209], [-77.039859, 38.976032], [-77.039857, 38.975841], [-77.039897, 38.975427], [-77.040036, 38.97511], [-77.040047, 38.974817], [-77.039847, 38.974501], [-77.039616, 38.974329], [-77.039558, 38.974075], [-77.039592, 38.973939], [-77.039716, 38.973791], [-77.039885, 38.973494], [-77.040067, 38.972864], [-77.040164, 38.972673], [-77.040216, 38.972458], [-77.04019, 38.972334], [-77.040196, 38.971911], [-77.040318, 38.971821], [-77.040654, 38.971672], [-77.04096, 38.971425], [-77.041071, 38.971259], [-77.04146, 38.971133], [-77.041973, 38.971049], [-77.042448, 38.971084], [-77.042491, 38.971168], [-77.042596, 38.971237], [-77.043039, 38.971308], [-77.043499, 38.971304], [-77.043842, 38.9712], [-77.04388, 38.971224], [-77.043895, 38.971406], [-77.043597, 38.971756], [-77.043592, 38.971804], [-77.043716, 38.971954], [-77.043767, 38.972087], [-77.043937, 38.972277], [-77.043876, 38.972352], [-77.043926, 38.97255], [-77.044132, 38.972627], [-77.044177, 38.972687], [-77.044083, 38.972899], [-77.044132, 38.972997], [-77.044303, 38.973035], [-77.044458, 38.973134], [-77.044526, 38.973085], [-77.044792, 38.973135], [-77.044854, 38.973184], [-77.045058, 38.973172], [-77.04535, 38.973081], [-77.045337, 38.973026], [-77.045448, 38.972918], [-77.045438, 38.972833], [-77.045563, 38.972792], [-77.045749, 38.972758], [-77.046155, 38.972799], [-77.046386, 38.972771], [-77.046646, 38.973014], [-77.046861, 38.973087], [-77.047006, 38.973047], [-77.047093, 38.973089], [-77.047227, 38.97309], [-77.047508, 38.973235], [-77.047622, 38.973248], [-77.047919, 38.973218], [-77.048222, 38.973244], [-77.048255, 38.973365], [-77.048637, 38.973584], [-77.048621, 38.973629], [-77.048563, 38.973623], [-77.048546, 38.973725], [-77.048471, 38.973862], [-77.048498, 38.973946], [-77.048561, 38.974006], [-77.048564, 38.974097], [-77.04864, 38.974155], [-77.048644, 38.974195], [-77.048617, 38.97422], [-77.048571, 38.974187], [-77.048305, 38.974514], [-77.048322, 38.974677], [-77.048407, 38.97481], [-77.048375, 38.974895], [-77.048406, 38.974934], [-77.048799, 38.975015], [-77.048854, 38.975003], [-77.0489, 38.97493], [-77.049109, 38.974952], [-77.049322, 38.975041], [-77.049601, 38.975065], [-77.050144, 38.975186], [-77.050392, 38.97517], [-77.050401, 38.975134], [-77.050509, 38.97509], [-77.050611, 38.975096], [-77.050703, 38.975351], [-77.050808, 38.97547], [-77.051156, 38.975601], [-77.051194, 38.975672], [-77.051653, 38.976037], [-77.051978, 38.97637], [-77.052125, 38.976433], [-77.052275, 38.976434], [-77.052337, 38.976486], [-77.052423, 38.976479], [-77.052757, 38.976585], [-77.053128, 38.976599], [-77.053283, 38.976687], [-77.053731, 38.977135], [-77.054197, 38.977233], [-77.054239, 38.977307], [-77.054191, 38.977461], [-77.054411, 38.977523], [-77.054612, 38.977817], [-77.054811, 38.977901], [-77.055055, 38.978081], [-77.05541, 38.978152], [-77.055501, 38.978107], [-77.055625, 38.978158], [-77.055943, 38.978155], [-77.056108, 38.978119], [-77.056133, 38.978105], [-77.056121, 38.978076], [-77.056276, 38.978023], [-77.056455, 38.978126], [-77.056458, 38.978239], [-77.056513, 38.978149], [-77.05648, 38.978093], [-77.05657, 38.978089], [-77.056691, 38.978196], [-77.056695, 38.978235], [-77.056896, 38.978323], [-77.056857, 38.978281], [-77.056968, 38.978311], [-77.057156, 38.978298], [-77.057462, 38.978483], [-77.057496, 38.978448], [-77.057688, 38.978479], [-77.05808, 38.97872], [-77.058142, 38.978709], [-77.058187, 38.97875], [-77.058317, 38.978769], [-77.058662, 38.978764], [-77.058877, 38.978795], [-77.059136, 38.978766], [-77.059288, 38.978673], [-77.059692, 38.978585], [-77.059827, 38.978514], [-77.060065, 38.978597], [-77.060203, 38.978585], [-77.060269, 38.978507], [-77.060338, 38.978508], [-77.060386, 38.978456], [-77.060425, 38.978461], [-77.060417, 38.978432], [-77.060626, 38.978332], [-77.060766, 38.978409], [-77.060905, 38.978405], [-77.06097, 38.978438], [-77.061431, 38.97837], [-77.061478, 38.978419], [-77.061617, 38.978401], [-77.061646, 38.978345], [-77.061829, 38.978241], [-77.061902, 38.978311], [-77.062011, 38.978352], [-77.062298, 38.978354], [-77.062322, 38.978391], [-77.062637, 38.978383], [-77.062782, 38.978434], [-77.062894, 38.978395], [-77.062852, 38.978326], [-77.062717, 38.978294], [-77.06268, 38.978369], [-77.062004, 38.978334], [-77.061936, 38.978303], [-77.061887, 38.978232], [-77.061819, 38.978214], [-77.061556, 38.978386], [-77.061341, 38.978352], [-77.060852, 38.978397], [-77.060651, 38.978308], [-77.060506, 38.978341], [-77.060109, 38.978583], [-77.059835, 38.978483], [-77.059652, 38.97858], [-77.059408, 38.978603], [-77.059133, 38.97875], [-77.058961, 38.978788], [-77.058701, 38.978746], [-77.05851, 38.978757], [-77.058514, 38.978704], [-77.058434, 38.978747], [-77.058239, 38.978737], [-77.058036, 38.978668], [-77.057916, 38.978586], [-77.05794, 38.97857], [-77.057917, 38.97854], [-77.057742, 38.978456], [-77.057431, 38.978435], [-77.057257, 38.978284], [-77.056867, 38.978261], [-77.056601, 38.978081], [-77.056542, 38.978059], [-77.056414, 38.978079], [-77.056285, 38.977981], [-77.056207, 38.977988], [-77.055909, 38.978115], [-77.055733, 38.978066], [-77.055749, 38.978106], [-77.055481, 38.978059], [-77.055295, 38.978095], [-77.055087, 38.978082], [-77.054974, 38.978024], [-77.05489, 38.977906], [-77.054578, 38.977748], [-77.054536, 38.977616], [-77.054452, 38.977581], [-77.0544, 38.977495], [-77.054229, 38.977444], [-77.054289, 38.977315], [-77.054241, 38.977238], [-77.054127, 38.977177], [-77.053908, 38.977165], [-77.053779, 38.977114], [-77.053531, 38.976853], [-77.053417, 38.976787], [-77.053344, 38.976706], [-77.053369, 38.976684], [-77.053314, 38.976649], [-77.053121, 38.976567], [-77.052697, 38.976541], [-77.052302, 38.9764], [-77.052109, 38.976405], [-77.051992, 38.976348], [-77.051719, 38.976019], [-77.05136, 38.975759], [-77.051228, 38.975597], [-77.050851, 38.975458], [-77.050721, 38.975322], [-77.050659, 38.975182], [-77.050659, 38.975084], [-77.050496, 38.975076], [-77.050279, 38.975157], [-77.050079, 38.975157], [-77.049719, 38.97505], [-77.049523, 38.975045], [-77.049292, 38.974996], [-77.049127, 38.974907], [-77.048658, 38.974869], [-77.048441, 38.974803], [-77.048338, 38.974678], [-77.048335, 38.974484], [-77.048448, 38.974415], [-77.048537, 38.974305], [-77.04857, 38.974319], [-77.048647, 38.974246], [-77.048666, 38.974153], [-77.048612, 38.974105], [-77.048512, 38.973836], [-77.048617, 38.973714], [-77.04865, 38.973592], [-77.048623, 38.973546], [-77.048428, 38.973426], [-77.048261, 38.97336], [-77.048284, 38.973271], [-77.048261, 38.973241], [-77.04809, 38.973188], [-77.04774, 38.973191], [-77.047467, 38.973155], [-77.047126, 38.973033], [-77.046871, 38.973059], [-77.046762, 38.973033], [-77.046691, 38.973003], [-77.046403, 38.972751], [-77.046162, 38.972772], [-77.045837, 38.972723], [-77.045587, 38.972737], [-77.045403, 38.972822], [-77.045278, 38.973075], [-77.044888, 38.973176], [-77.044863, 38.973159], [-77.044869, 38.973099], [-77.044563, 38.973085], [-77.044496, 38.97305], [-77.044392, 38.973088], [-77.04411, 38.972964], [-77.044116, 38.972841], [-77.044197, 38.972789], [-77.044191, 38.972739], [-77.044233, 38.972714], [-77.044143, 38.97261], [-77.043969, 38.972504], [-77.04395, 38.972267], [-77.043796, 38.971982], [-77.043719, 38.971875], [-77.043665, 38.971874], [-77.043617, 38.971789], [-77.043696, 38.971734], [-77.043757, 38.971618], [-77.043947, 38.971426], [-77.043926, 38.971201], [-77.044024, 38.971122], [-77.044029, 38.971008], [-77.044433, 38.97081], [-77.044443, 38.970897], [-77.044352, 38.970973], [-77.044328, 38.971037], [-77.04437, 38.971018], [-77.044352, 38.970993], [-77.044685, 38.970721], [-77.044789, 38.970575], [-77.044894, 38.970174], [-77.045145, 38.969632], [-77.045253, 38.969029], [-77.045541, 38.968795], [-77.045803, 38.968668], [-77.046192, 38.968344], [-77.046254, 38.968194], [-77.046726, 38.96773], [-77.046922, 38.967175], [-77.046902, 38.967048], [-77.04694, 38.966942], [-77.046896, 38.966597], [-77.046917, 38.966477], [-77.047094, 38.966071], [-77.047137, 38.966032], [-77.047207, 38.965821], [-77.047381, 38.965547], [-77.047494, 38.965298], [-77.047528, 38.965141], [-77.047634, 38.964941], [-77.047574, 38.964857], [-77.04767, 38.964773], [-77.047626, 38.964771], [-77.047475, 38.964521], [-77.047215, 38.964266], [-77.047151, 38.964129], [-77.046843, 38.963817], [-77.046616, 38.963465], [-77.046488, 38.963372], [-77.046293, 38.963113], [-77.046058, 38.96293], [-77.045847, 38.962865], [-77.045771, 38.962793], [-77.045154, 38.962498], [-77.045064, 38.962505], [-77.045053, 38.962467], [-77.044705, 38.962299], [-77.044408, 38.962056], [-77.044285, 38.962007], [-77.044265, 38.961951], [-77.043942, 38.961682], [-77.043635, 38.961491], [-77.043318, 38.961123], [-77.042929, 38.960791], [-77.042989, 38.960755], [-77.042872, 38.960753], [-77.042582, 38.960505], [-77.04213, 38.960274], [-77.041943, 38.960089], [-77.041459, 38.959986], [-77.041267, 38.959993], [-77.041143, 38.959942], [-77.041022, 38.959998], [-77.040982, 38.959969], [-77.041016, 38.959923], [-77.040765, 38.959937], [-77.040658, 38.959776], [-77.0407, 38.959761], [-77.040803, 38.959821], [-77.040819, 38.959786], [-77.040607, 38.959681], [-77.040567, 38.959563], [-77.040623, 38.959463], [-77.040901, 38.959324], [-77.041003, 38.959178], [-77.041198, 38.958992], [-77.041225, 38.958867], [-77.041184, 38.958761], [-77.04125, 38.958631], [-77.041302, 38.958606], [-77.041285, 38.95858], [-77.041367, 38.958434], [-77.041472, 38.958385], [-77.041544, 38.958305], [-77.041734, 38.958262], [-77.041813, 38.958276], [-77.042078, 38.958189], [-77.042223, 38.958091], [-77.042279, 38.95799], [-77.042272, 38.957909], [-77.042237, 38.957879], [-77.042275, 38.957871], [-77.042274, 38.957842], [-77.042227, 38.957841], [-77.042214, 38.957883], [-77.042131, 38.957826], [-77.042202, 38.957687], [-77.042172, 38.957649], [-77.042202, 38.957557], [-77.042178, 38.957485], [-77.042229, 38.957425], [-77.042244, 38.957288], [-77.042292, 38.957232], [-77.042271, 38.957173], [-77.042182, 38.957097], [-77.042235, 38.95681], [-77.042134, 38.956784], [-77.042191, 38.956734], [-77.042184, 38.956682], [-77.042239, 38.956669], [-77.042272, 38.956606], [-77.042301, 38.956488], [-77.042431, 38.956249], [-77.042446, 38.956136], [-77.042414, 38.955962], [-77.042374, 38.955886], [-77.042337, 38.955881], [-77.042315, 38.955767], [-77.042253, 38.955672], [-77.042253, 38.955588], [-77.04218, 38.955506], [-77.042176, 38.955442], [-77.042219, 38.955423], [-77.042163, 38.955316], [-77.042224, 38.955236], [-77.042122, 38.95515], [-77.042226, 38.955019], [-77.042202, 38.954932], [-77.042331, 38.954573], [-77.042416, 38.954521], [-77.042675, 38.95449], [-77.042762, 38.954433], [-77.042887, 38.95431], [-77.042959, 38.95412], [-77.043035, 38.954088], [-77.043169, 38.953944], [-77.043136, 38.953849], [-77.043259, 38.953776], [-77.043292, 38.953704], [-77.043355, 38.9537], [-77.043374, 38.953619], [-77.043546, 38.953536], [-77.043529, 38.953476], [-77.043719, 38.95339], [-77.043717, 38.953315], [-77.043816, 38.953309], [-77.04396, 38.953138], [-77.044229, 38.952951], [-77.044214, 38.952915], [-77.044314, 38.952885], [-77.04438, 38.952797], [-77.044372, 38.952733], [-77.044471, 38.952721], [-77.044512, 38.952678], [-77.044476, 38.952605], [-77.044574, 38.952504], [-77.044637, 38.952324], [-77.04472, 38.952218], [-77.04486, 38.952192], [-77.044939, 38.952077], [-77.044933, 38.95201], [-77.04499, 38.95197], [-77.044978, 38.951877], [-77.044936, 38.951844], [-77.044974, 38.951618], [-77.04495, 38.951556], [-77.045039, 38.951301], [-77.045258, 38.951073], [-77.04531, 38.950965], [-77.045466, 38.950831], [-77.045468, 38.950745], [-77.045605, 38.950707], [-77.045658, 38.950609], [-77.045871, 38.950523], [-77.045869, 38.950479], [-77.045916, 38.95044], [-77.045972, 38.95047], [-77.046047, 38.950456], [-77.046359, 38.9503], [-77.046562, 38.950241], [-77.04703, 38.949871], [-77.047155, 38.949724], [-77.047148, 38.94955], [-77.04709, 38.949526], [-77.047137, 38.949474], [-77.047129, 38.949412], [-77.0471, 38.949332], [-77.047043, 38.949294], [-77.047067, 38.949214], [-77.04702, 38.949081], [-77.046947, 38.94907], [-77.0469, 38.948969], [-77.046918, 38.948876], [-77.047064, 38.948611], [-77.047097, 38.948388], [-77.047017, 38.948229], [-77.046512, 38.948047], [-77.046503, 38.947998], [-77.046434, 38.947941], [-77.046207, 38.947832], [-77.045874, 38.947726], [-77.045601, 38.947701], [-77.045269, 38.947798], [-77.045073, 38.94793], [-77.044963, 38.948087], [-77.044946, 38.948234], [-77.044827, 38.948455], [-77.044688, 38.948543], [-77.044378, 38.948455], [-77.044339, 38.948508], [-77.044209, 38.948377], [-77.044149, 38.948179], [-77.044083, 38.948102], [-77.044133, 38.947946], [-77.044164, 38.947941], [-77.044273, 38.947757], [-77.044316, 38.947764], [-77.044645, 38.947458], [-77.044791, 38.947369], [-77.044954, 38.947207], [-77.045035, 38.947062], [-77.045323, 38.946834], [-77.045502, 38.946485], [-77.04564, 38.94629], [-77.045636, 38.946172], [-77.045732, 38.946035], [-77.045831, 38.945746], [-77.04612, 38.945516], [-77.046222, 38.945506], [-77.046401, 38.945617], [-77.046611, 38.94568], [-77.04715, 38.945772], [-77.047598, 38.945783], [-77.047892, 38.945705], [-77.048063, 38.945587], [-77.048384, 38.94503], [-77.048522, 38.944886], [-77.049012, 38.944491], [-77.049453, 38.944209], [-77.049571, 38.943973], [-77.049828, 38.943694], [-77.04986, 38.943735], [-77.049828, 38.943877], [-77.049861, 38.944148], [-77.049887, 38.944166], [-77.049848, 38.944332], [-77.049952, 38.944617], [-77.050113, 38.94485], [-77.050215, 38.944943], [-77.050291, 38.944959], [-77.050362, 38.945042], [-77.050462, 38.945041], [-77.050781, 38.945278], [-77.0508, 38.945434], [-77.051326, 38.946008], [-77.051464, 38.94628], [-77.051541, 38.946585], [-77.051546, 38.946937], [-77.051328, 38.947538], [-77.051342, 38.947572], [-77.051231, 38.947805], [-77.051257, 38.947904], [-77.051332, 38.947885], [-77.051283, 38.947806], [-77.051375, 38.947644], [-77.051433, 38.947339], [-77.051521, 38.947294], [-77.051513, 38.947211], [-77.05157, 38.947026], [-77.051592, 38.946576], [-77.051419, 38.946073], [-77.051, 38.945513], [-77.050958, 38.945414], [-77.051192, 38.945418], [-77.051312, 38.94549], [-77.051582, 38.945469], [-77.051787, 38.945366], [-77.051825, 38.945318], [-77.051832, 38.94521], [-77.05191, 38.94519], [-77.052126, 38.945217], [-77.052153, 38.945197], [-77.052305, 38.945256], [-77.052511, 38.945371], [-77.052668, 38.945515], [-77.053171, 38.945814], [-77.053281, 38.94592], [-77.053608, 38.946103], [-77.054109, 38.946295], [-77.054213, 38.946356], [-77.054189, 38.946388], [-77.054288, 38.946379], [-77.054423, 38.946474], [-77.054695, 38.946582], [-77.055007, 38.946584], [-77.055277, 38.946643], [-77.055746, 38.946586], [-77.05587, 38.946405], [-77.055943, 38.946358], [-77.05635, 38.946311], [-77.057264, 38.945952], [-77.057413, 38.945957], [-77.057638, 38.94605], [-77.05789, 38.946046], [-77.058493, 38.945974], [-77.059077, 38.94599], [-77.059505, 38.945888], [-77.05961, 38.945937], [-77.059754, 38.946097], [-77.059921, 38.94616], [-77.06037, 38.946189], [-77.060739, 38.946036], [-77.060852, 38.94583], [-77.060988, 38.945726], [-77.061143, 38.945711], [-77.061915, 38.945955], [-77.062156, 38.945923], [-77.06286, 38.94624], [-77.063491, 38.946301], [-77.06352, 38.94635], [-77.063575, 38.946355], [-77.063594, 38.946429], [-77.063834, 38.946551], [-77.063969, 38.946868], [-77.064073, 38.946957], [-77.064128, 38.947111], [-77.064044, 38.947459], [-77.064097, 38.94761], [-77.064138, 38.947592], [-77.064175, 38.947503], [-77.064124, 38.947388], [-77.064181, 38.94705], [-77.064008, 38.946807], [-77.063939, 38.946527], [-77.063502, 38.946295], [-77.06331, 38.946237], [-77.062871, 38.946179], [-77.062529, 38.946083], [-77.062216, 38.945876], [-77.061855, 38.945905], [-77.061708, 38.945827], [-77.061487, 38.945813], [-77.061221, 38.945691], [-77.060952, 38.945695], [-77.060834, 38.945764], [-77.06065, 38.946028], [-77.060306, 38.946172], [-77.059924, 38.946106], [-77.059564, 38.945859], [-77.059232, 38.945873], [-77.058897, 38.94594], [-77.058612, 38.945924], [-77.05786, 38.945994], [-77.057653, 38.945993], [-77.057249, 38.945887], [-77.057054, 38.945946], [-77.056762, 38.946128], [-77.05629, 38.946293], [-77.055902, 38.94635], [-77.055766, 38.946484], [-77.055592, 38.946588], [-77.055293, 38.946573], [-77.055145, 38.946521], [-77.054982, 38.946549], [-77.054711, 38.946542], [-77.054655, 38.946533], [-77.054578, 38.946458], [-77.054434, 38.946437], [-77.053342, 38.945925], [-77.052956, 38.945628], [-77.05269, 38.945482], [-77.052571, 38.945356], [-77.052169, 38.945127], [-77.05193, 38.945158], [-77.051826, 38.945114], [-77.05179, 38.945171], [-77.051789, 38.945293], [-77.051745, 38.945332], [-77.051767, 38.945355], [-77.051582, 38.945459], [-77.051078, 38.945414], [-77.051007, 38.945382], [-77.050941, 38.945298], [-77.050828, 38.945268], [-77.050276, 38.944841], [-77.049961, 38.944421], [-77.049949, 38.944196], [-77.049986, 38.944112], [-77.049959, 38.944107], [-77.049945, 38.944027], [-77.050035, 38.943412], [-77.050375, 38.942936], [-77.050379, 38.942856], [-77.050404, 38.942901], [-77.050466, 38.942782], [-77.050805, 38.942466], [-77.051108, 38.942086], [-77.051453, 38.941485], [-77.051495, 38.941158], [-77.051408, 38.940629], [-77.05135, 38.940487], [-77.051264, 38.940456], [-77.051343, 38.940454], [-77.051385, 38.940387], [-77.051366, 38.940304], [-77.051408, 38.940278], [-77.05143, 38.940171], [-77.051491, 38.940085], [-77.05157, 38.940087], [-77.05163, 38.940166], [-77.05165, 38.940152], [-77.051577, 38.940077], [-77.051549, 38.939938], [-77.051608, 38.939769], [-77.05169, 38.939655], [-77.051735, 38.939492], [-77.051725, 38.939384], [-77.051892, 38.938897], [-77.05208, 38.938495], [-77.052066, 38.938432], [-77.052189, 38.93825], [-77.052224, 38.938017], [-77.052204, 38.937889], [-77.051829, 38.937527], [-77.050939, 38.937202], [-77.05076, 38.937218], [-77.050626, 38.937148], [-77.050495, 38.937167], [-77.050225, 38.937097], [-77.050076, 38.937124], [-77.049914, 38.937072], [-77.049559, 38.937154], [-77.049377, 38.937148], [-77.048978, 38.937298], [-77.0488, 38.93728], [-77.048683, 38.937216], [-77.048273, 38.937185], [-77.048031, 38.937082], [-77.047955, 38.936993], [-77.047882, 38.936743], [-77.047978, 38.936387], [-77.047992, 38.936168], [-77.047981, 38.936019], [-77.047891, 38.935779], [-77.047938, 38.935458], [-77.048142, 38.935106], [-77.048651, 38.934614], [-77.04872, 38.934531], [-77.048721, 38.934469], [-77.048839, 38.934401], [-77.049096, 38.934114], [-77.049361, 38.933931], [-77.04942, 38.933832], [-77.049704, 38.933775], [-77.049947, 38.933665], [-77.050055, 38.933577], [-77.050444, 38.933389], [-77.050685, 38.933201], [-77.050851, 38.933164], [-77.050966, 38.933204], [-77.051018, 38.933179], [-77.051012, 38.933041], [-77.050984, 38.933016], [-77.050961, 38.933036], [-77.050942, 38.932981], [-77.051005, 38.932945], [-77.051035, 38.932865], [-77.05092, 38.932678], [-77.050872, 38.932667], [-77.050808, 38.93248], [-77.050504, 38.932217], [-77.050382, 38.932168], [-77.050277, 38.932135], [-77.050109, 38.932178], [-77.050026, 38.932127], [-77.049925, 38.932114], [-77.049588, 38.93224], [-77.049522, 38.932218], [-77.04959, 38.932127], [-77.049364, 38.932138], [-77.049044, 38.932012], [-77.048921, 38.931994], [-77.048816, 38.931933], [-77.048486, 38.931889], [-77.048007, 38.931714], [-77.047776, 38.931703], [-77.047671, 38.931645], [-77.047502, 38.931613], [-77.047295, 38.931498], [-77.047058, 38.93143], [-77.046748, 38.930994], [-77.046484, 38.930696], [-77.045864, 38.929798], [-77.045171, 38.929119], [-77.044977, 38.928943], [-77.044875, 38.928904], [-77.044692, 38.928703], [-77.044536, 38.928337], [-77.044632, 38.927865], [-77.044627, 38.927729], [-77.044778, 38.927497], [-77.044765, 38.927093], [-77.044917, 38.926645], [-77.045165, 38.926524], [-77.045194, 38.92647], [-77.046264, 38.925984], [-77.046379, 38.926007], [-77.046546, 38.926124], [-77.046857, 38.926632], [-77.0475, 38.927052], [-77.047664, 38.927104], [-77.047691, 38.927158], [-77.047932, 38.927302], [-77.048209, 38.927575], [-77.048523, 38.92778], [-77.048571, 38.927862], [-77.048799, 38.928029], [-77.049114, 38.928155], [-77.049388, 38.928195], [-77.049582, 38.928184], [-77.049742, 38.928103], [-77.049851, 38.927983], [-77.049941, 38.927725], [-77.049931, 38.927494], [-77.049817, 38.926953], [-77.049708, 38.92671], [-77.04973, 38.926667], [-77.049644, 38.926569], [-77.049669, 38.926496], [-77.049629, 38.926316], [-77.049612, 38.925883], [-77.049465, 38.925455], [-77.049398, 38.92541], [-77.049373, 38.92527], [-77.049249, 38.925205], [-77.049209, 38.925214], [-77.049189, 38.925137], [-77.048983, 38.924979], [-77.048993, 38.924938], [-77.049113, 38.924899], [-77.049105, 38.924833], [-77.048932, 38.924812], [-77.04888, 38.924769], [-77.048593, 38.923263], [-77.048597, 38.923188], [-77.048633, 38.923157], [-77.048615, 38.923044], [-77.048647, 38.922967], [-77.048613, 38.922881], [-77.048621, 38.922723], [-77.048712, 38.922515], [-77.049119, 38.922129], [-77.049289, 38.922028], [-77.049439, 38.922005], [-77.049631, 38.921921], [-77.050068, 38.921541], [-77.050078, 38.921491], [-77.05023, 38.921362], [-77.050278, 38.921269], [-77.050554, 38.920987], [-77.050754, 38.920613], [-77.050763, 38.920519], [-77.050834, 38.920465], [-77.050852, 38.920371], [-77.050945, 38.920287], [-77.051009, 38.920027], [-77.05131, 38.919799], [-77.051619, 38.919673], [-77.05202, 38.919567], [-77.052085, 38.919601], [-77.052085, 38.919654], [-77.052168, 38.919655], [-77.052287, 38.919748], [-77.052491, 38.919837], [-77.052557, 38.919903], [-77.052719, 38.919901], [-77.053156, 38.920134], [-77.053397, 38.920195], [-77.053488, 38.920167], [-77.053801, 38.92019], [-77.054293, 38.920046], [-77.054494, 38.920046], [-77.054894, 38.919803], [-77.055004, 38.91964], [-77.055118, 38.91938], [-77.055312, 38.919138], [-77.055442, 38.919033], [-77.056257, 38.918699], [-77.056584, 38.918618], [-77.057068, 38.918575], [-77.057563, 38.918327], [-77.057684, 38.918295], [-77.05806, 38.918012], [-77.058484, 38.91762], [-77.058506, 38.91748], [-77.058732, 38.917118], [-77.058792, 38.916871], [-77.058977, 38.916408], [-77.059053, 38.915812], [-77.059018, 38.915676], [-77.05892, 38.915523], [-77.058803, 38.915432], [-77.05863, 38.915385], [-77.058196, 38.915023], [-77.05736, 38.91442], [-77.057219, 38.914364], [-77.057006, 38.914199], [-77.056877, 38.914142], [-77.056757, 38.914026], [-77.05594, 38.913467], [-77.055628, 38.913314], [-77.05558, 38.913262], [-77.055577, 38.913195], [-77.055408, 38.91298], [-77.054442, 38.912513], [-77.054183, 38.912433], [-77.053831, 38.912409], [-77.053614, 38.912358], [-77.053541, 38.912333], [-77.053535, 38.912301], [-77.053684, 38.912275], [-77.052953, 38.912106], [-77.052668, 38.911947], [-77.052274, 38.911587], [-77.051806, 38.911294], [-77.051305, 38.910822], [-77.050598, 38.909989], [-77.050163, 38.909764], [-77.050177, 38.909523], [-77.05024, 38.909334], [-77.050412, 38.909116], [-77.05099, 38.908881], [-77.051317, 38.908829], [-77.051607, 38.908813], [-77.052453, 38.908875], [-77.05291, 38.90885], [-77.053342, 38.908664], [-77.053594, 38.908504], [-77.053898, 38.908003], [-77.054249, 38.907699], [-77.054383, 38.907509], [-77.055127, 38.905884], [-77.055467, 38.905347], [-77.055563, 38.905136], [-77.055802, 38.904813], [-77.055949, 38.904676], [-77.056151, 38.904356], [-77.056381, 38.904083], [-77.056779, 38.903789], [-77.057059, 38.903969], [-77.057653, 38.903995], [-77.057717, 38.904042], [-77.057987, 38.904058], [-77.058096, 38.904034], [-77.058541, 38.904069], [-77.058596, 38.904115], [-77.059041, 38.904153], [-77.059126, 38.904118], [-77.059601, 38.904155], [-77.059651, 38.904201], [-77.060051, 38.904236], [-77.060136, 38.904201], [-77.060641, 38.904254], [-77.063592, 38.904332], [-77.065961, 38.904299], [-77.067735, 38.904515], [-77.068219, 38.9045], [-77.068567, 38.90453], [-77.070519, 38.904854], [-77.070569, 38.90482], [-77.070556, 38.904783], [-77.069815, 38.904598], [-77.069744, 38.90461], [-77.068497, 38.904417], [-77.067761, 38.904408], [-77.067099, 38.904304], [-77.065959, 38.904182], [-77.063347, 38.904208], [-77.060652, 38.904139], [-77.060628, 38.904193], [-77.060143, 38.904161], [-77.060046, 38.904106], [-77.05966, 38.904077], [-77.059627, 38.904113], [-77.059539, 38.90411], [-77.059139, 38.904082], [-77.059017, 38.904025], [-77.058612, 38.903993], [-77.058576, 38.904031], [-77.058487, 38.904029], [-77.058115, 38.903998], [-77.058041, 38.903947], [-77.057765, 38.903926], [-77.057664, 38.90396], [-77.05716, 38.903912], [-77.05685, 38.903753], [-77.056948, 38.903655], [-77.056997, 38.903526], [-77.057086, 38.903409], [-77.057714, 38.902699], [-77.058215, 38.902012], [-77.058386, 38.901855], [-77.058625, 38.901337], [-77.058562, 38.901105], [-77.058371, 38.900852], [-77.058123, 38.90071], [-77.058054, 38.900617], [-77.05781, 38.90049], [-77.057505, 38.90026], [-77.057391, 38.900029], [-77.057432, 38.899868], [-77.057534, 38.899807], [-77.057714, 38.899878], [-77.057832, 38.899828], [-77.057842, 38.89985], [-77.057756, 38.899905], [-77.057785, 38.899933], [-77.057887, 38.899883], [-77.057978, 38.899947], [-77.058053, 38.899946], [-77.058613, 38.900475], [-77.05871, 38.900506], [-77.058755, 38.900567], [-77.058893, 38.900638], [-77.0591, 38.900806], [-77.060051, 38.901117], [-77.060419, 38.901174], [-77.06064, 38.901323], [-77.061169, 38.901508], [-77.061288, 38.901618], [-77.0616, 38.901648], [-77.061827, 38.901758], [-77.062583, 38.902027], [-77.064788, 38.902443], [-77.065067, 38.902458], [-77.065335, 38.902599], [-77.066008, 38.9028], [-77.066135, 38.902926], [-77.066354, 38.903042], [-77.066816, 38.903156], [-77.066869, 38.903091], [-77.067676, 38.903338], [-77.067686, 38.903396], [-77.06787, 38.903474], [-77.069284, 38.903904], [-77.069448, 38.903874], [-77.070049, 38.903972], [-77.070347, 38.904088], [-77.070529, 38.904121], [-77.070618, 38.904179], [-77.071037, 38.904227], [-77.071955, 38.904425], [-77.072174, 38.904389], [-77.073057, 38.904551], [-77.075605, 38.90475], [-77.075745, 38.904782], [-77.075772, 38.904868], [-77.075846, 38.904919], [-77.076002, 38.904821], [-77.076637, 38.904785], [-77.076917, 38.904826], [-77.077007, 38.904784], [-77.077196, 38.904831], [-77.077522, 38.904817], [-77.077699, 38.904871], [-77.077939, 38.90476], [-77.077993, 38.904839], [-77.078262, 38.904967], [-77.078419, 38.904951], [-77.078549, 38.904877], [-77.078705, 38.904934], [-77.078756, 38.905005], [-77.07887, 38.905348], [-77.078894, 38.9053], [-77.079201, 38.905272], [-77.079177, 38.905184], [-77.079045, 38.905085], [-77.079094, 38.904958], [-77.07914, 38.904936], [-77.079264, 38.904955], [-77.07939, 38.904897], [-77.079639, 38.904907], [-77.079772, 38.904837], [-77.079909, 38.904876], [-77.080373, 38.904828], [-77.080524, 38.904856], [-77.080666, 38.904783], [-77.080821, 38.904845], [-77.080956, 38.904795], [-77.081075, 38.904801], [-77.081208, 38.904764], [-77.08171, 38.904738], [-77.081877, 38.904673], [-77.082058, 38.90473], [-77.082551, 38.90475], [-77.082752, 38.904798], [-77.082899, 38.904873], [-77.08336, 38.904984], [-77.08347, 38.905052], [-77.083786, 38.905148], [-77.084045, 38.905266], [-77.084609, 38.905437], [-77.084827, 38.905468], [-77.084949, 38.905584], [-77.085295, 38.905719], [-77.085407, 38.905725], [-77.086163, 38.906005], [-77.087254, 38.906311], [-77.087417, 38.906385], [-77.087497, 38.906392], [-77.087502, 38.906345], [-77.087541, 38.906339], [-77.087631, 38.906393], [-77.088249, 38.90659], [-77.088587, 38.906643], [-77.088619, 38.906693], [-77.088867, 38.906662], [-77.089061, 38.906711], [-77.089393, 38.90674], [-77.089517, 38.906808], [-77.089686, 38.906808], [-77.089675, 38.906907], [-77.089716, 38.906975], [-77.089816, 38.906998], [-77.089889, 38.907071], [-77.090223, 38.907223], [-77.090305, 38.907235], [-77.090304, 38.907193], [-77.090038, 38.906949], [-77.089808, 38.906794], [-77.089759, 38.90681], [-77.089715, 38.906776], [-77.08973, 38.906702], [-77.089839, 38.906692], [-77.090552, 38.907153], [-77.09069, 38.907144], [-77.090948, 38.907194], [-77.09101, 38.907177], [-77.091116, 38.907234], [-77.091186, 38.9072], [-77.091218, 38.907238], [-77.09121, 38.907311], [-77.091453, 38.907349], [-77.091501, 38.907435], [-77.091606, 38.907452], [-77.091618, 38.907527], [-77.091898, 38.907647], [-77.092257, 38.907684], [-77.092409, 38.907744], [-77.092816, 38.907816], [-77.092807, 38.908044], [-77.093019, 38.907906], [-77.093145, 38.907887], [-77.094018, 38.908115], [-77.09426, 38.908211], [-77.09446, 38.90835], [-77.09447, 38.908444], [-77.094552, 38.908471], [-77.094613, 38.908583], [-77.094688, 38.908611], [-77.094828, 38.908748], [-77.095035, 38.908854], [-77.095079, 38.908941], [-77.095393, 38.909076], [-77.09545, 38.909214], [-77.095632, 38.909277], [-77.09567, 38.909408], [-77.095775, 38.909431], [-77.095792, 38.909508], [-77.095869, 38.909573], [-77.095931, 38.909524], [-77.095914, 38.909574], [-77.095959, 38.909568], [-77.095947, 38.909625], [-77.095987, 38.909541], [-77.096045, 38.909543], [-77.096013, 38.909662], [-77.096111, 38.909633], [-77.096111, 38.909772], [-77.096208, 38.909793], [-77.096232, 38.909846], [-77.096295, 38.909837], [-77.096313, 38.910014], [-77.096488, 38.91015], [-77.096694, 38.910254], [-77.096821, 38.910361], [-77.097048, 38.910477], [-77.097288, 38.910664], [-77.097699, 38.910907], [-77.097829, 38.911046], [-77.09824, 38.911258], [-77.098249, 38.911308], [-77.098451, 38.911383], [-77.098716, 38.911575], [-77.098756, 38.911661], [-77.098654, 38.911774], [-77.098714, 38.91178], [-77.098825, 38.911723], [-77.099265, 38.911876], [-77.099408, 38.911972], [-77.099424, 38.911926], [-77.099484, 38.911921], [-77.09967, 38.912055], [-77.09965, 38.912086], [-77.099779, 38.912184], [-77.099816, 38.912184], [-77.099764, 38.912094], [-77.099838, 38.912151], [-77.099952, 38.912173], [-77.100005, 38.912244], [-77.099954, 38.91236], [-77.100032, 38.912421], [-77.100027, 38.912588], [-77.100096, 38.912669], [-77.100212, 38.912722], [-77.100257, 38.912822], [-77.100327, 38.91287], [-77.100382, 38.91298], [-77.100411, 38.913149], [-77.100637, 38.913484], [-77.100777, 38.913529], [-77.100951, 38.913807], [-77.101086, 38.9139], [-77.101131, 38.914106], [-77.101185, 38.914165], [-77.101223, 38.91417], [-77.101233, 38.914123], [-77.101145, 38.914038], [-77.101143, 38.913927], [-77.101206, 38.913938], [-77.101256, 38.914023], [-77.101315, 38.914029], [-77.101292, 38.914132], [-77.101439, 38.914302], [-77.101507, 38.914336], [-77.101494, 38.914364], [-77.101389, 38.914355], [-77.101332, 38.914417], [-77.101364, 38.914457], [-77.101425, 38.914463], [-77.101393, 38.914528], [-77.101467, 38.914614], [-77.10149, 38.914738], [-77.101486, 38.914894], [-77.101323, 38.915073], [-77.101369, 38.915273], [-77.101295, 38.91533], [-77.101438, 38.915776], [-77.10177, 38.916311], [-77.101926, 38.916761], [-77.102063, 38.916906], [-77.102032, 38.916954], [-77.102135, 38.917069], [-77.102124, 38.917184], [-77.102284, 38.917271], [-77.102323, 38.917363], [-77.102467, 38.917512], [-77.10255, 38.91822], [-77.102613, 38.918353], [-77.102613, 38.918467], [-77.102698, 38.918409], [-77.102855, 38.918413], [-77.103109, 38.918542], [-77.103057, 38.918579], [-77.102878, 38.918588], [-77.102795, 38.918692], [-77.102849, 38.918768], [-77.10291, 38.918785], [-77.103124, 38.918962], [-77.102984, 38.918971], [-77.102677, 38.918829], [-77.102837, 38.91892], [-77.102809, 38.919158], [-77.102746, 38.919173], [-77.102409, 38.919105], [-77.102316, 38.919242], [-77.102148, 38.919338], [-77.102037, 38.919388], [-77.101832, 38.919411], [-77.101899, 38.919429], [-77.102095, 38.919386], [-77.102282, 38.919292], [-77.10242, 38.919126], [-77.102706, 38.919217], [-77.102501, 38.919622], [-77.102464, 38.919755], [-77.102214, 38.919851], [-77.102173, 38.9199], [-77.102193, 38.919928], [-77.102542, 38.919784], [-77.102529, 38.919753], [-77.102562, 38.919727], [-77.102615, 38.919523], [-77.102683, 38.919412], [-77.102806, 38.919347], [-77.103128, 38.919318], [-77.103233, 38.919263], [-77.103283, 38.919204], [-77.103298, 38.919075], [-77.103353, 38.919031], [-77.103598, 38.919084], [-77.104473, 38.91949], [-77.104299, 38.91937], [-77.10342, 38.918945], [-77.103327, 38.918802], [-77.10334, 38.918684], [-77.103399, 38.918614], [-77.103631, 38.918539], [-77.103697, 38.918657], [-77.103941, 38.918773], [-77.104008, 38.918867], [-77.1041, 38.918899], [-77.104108, 38.918956], [-77.104331, 38.918996], [-77.104438, 38.91909], [-77.104395, 38.919207], [-77.104663, 38.919457], [-77.104663, 38.91952], [-77.10473, 38.919617], [-77.104929, 38.919743], [-77.10506, 38.919884], [-77.105171, 38.920074], [-77.105266, 38.920345], [-77.105395, 38.920589], [-77.105469, 38.920658], [-77.105623, 38.920741], [-77.106032, 38.920774], [-77.106178, 38.920831], [-77.106358, 38.92098], [-77.106409, 38.921061], [-77.106474, 38.921041], [-77.106531, 38.921063], [-77.106509, 38.921125], [-77.106604, 38.921237], [-77.106928, 38.921344], [-77.107154, 38.921503], [-77.107204, 38.921466], [-77.107197, 38.921551], [-77.107429, 38.921759], [-77.107566, 38.921816], [-77.107715, 38.921824], [-77.107754, 38.921952], [-77.107926, 38.922165], [-77.108064, 38.922214], [-77.108188, 38.922206], [-77.108374, 38.922249], [-77.108422, 38.922339], [-77.10856, 38.922409], [-77.108624, 38.922675], [-77.108857, 38.922924], [-77.108891, 38.923012], [-77.108933, 38.923021], [-77.108912, 38.922982], [-77.108982, 38.922902], [-77.109051, 38.922927], [-77.109077, 38.922999], [-77.109041, 38.923033], [-77.109139, 38.923177], [-77.109079, 38.923275], [-77.109098, 38.923352], [-77.109139, 38.923373], [-77.109227, 38.923356], [-77.109183, 38.923179], [-77.109429, 38.923306], [-77.109287, 38.923117], [-77.109325, 38.923052], [-77.109348, 38.923075], [-77.109329, 38.923121], [-77.109485, 38.923164], [-77.109472, 38.923235], [-77.109659, 38.923337], [-77.10968, 38.92341], [-77.10961, 38.923485], [-77.10952, 38.923467], [-77.109586, 38.923408], [-77.109457, 38.923319], [-77.109422, 38.923321], [-77.109375, 38.923375], [-77.109385, 38.923419], [-77.109324, 38.923449], [-77.109496, 38.923568], [-77.109609, 38.923549], [-77.109646, 38.923513], [-77.109677, 38.923574], [-77.109639, 38.923605], [-77.109642, 38.923678], [-77.109754, 38.923822], [-77.109607, 38.923819], [-77.109728, 38.923876], [-77.109799, 38.923813], [-77.109871, 38.923825], [-77.109903, 38.923912], [-77.109817, 38.92397], [-77.10993, 38.92408], [-77.110188, 38.924204], [-77.110422, 38.924262], [-77.110449, 38.924297], [-77.110481, 38.924293], [-77.11054, 38.924196], [-77.110585, 38.924256], [-77.110643, 38.924269], [-77.110594, 38.924309], [-77.110602, 38.924383], [-77.110696, 38.924486], [-77.110761, 38.924473], [-77.110728, 38.924381], [-77.110778, 38.92442], [-77.110807, 38.924401], [-77.110791, 38.924357], [-77.110843, 38.92435], [-77.110826, 38.924419], [-77.110857, 38.924445], [-77.110897, 38.924424], [-77.110957, 38.924444], [-77.111014, 38.924499], [-77.111112, 38.924477], [-77.111211, 38.924521], [-77.111314, 38.924517], [-77.111332, 38.924574], [-77.111283, 38.924685], [-77.111393, 38.924642], [-77.111401, 38.924761], [-77.111436, 38.924712], [-77.111506, 38.924704], [-77.111466, 38.924797], [-77.111419, 38.924809], [-77.111471, 38.924879], [-77.111522, 38.924919], [-77.111604, 38.924883], [-77.111609, 38.924967], [-77.11165, 38.924915], [-77.111707, 38.924928], [-77.111692, 38.924994], [-77.111755, 38.92512], [-77.111727, 38.925201], [-77.111808, 38.925288], [-77.111981, 38.925285], [-77.111956, 38.925197], [-77.111974, 38.925111], [-77.111998, 38.925174], [-77.112117, 38.925213], [-77.112044, 38.925287], [-77.111968, 38.925439], [-77.112032, 38.925502], [-77.112125, 38.92553], [-77.112307, 38.92571], [-77.112399, 38.925741], [-77.112427, 38.925821], [-77.11252, 38.925859], [-77.112568, 38.925922], [-77.112638, 38.925935], [-77.112682, 38.925887], [-77.11273, 38.925944], [-77.112853, 38.925931], [-77.112873, 38.926055], [-77.112946, 38.926051], [-77.112898, 38.926132], [-77.113023, 38.92616], [-77.113127, 38.926298], [-77.113206, 38.926276], [-77.113275, 38.926336], [-77.113248, 38.926388], [-77.113272, 38.926438], [-77.113367, 38.926466], [-77.113406, 38.926407], [-77.113454, 38.926395], [-77.113392, 38.926545], [-77.11346, 38.926588], [-77.113563, 38.926517], [-77.113543, 38.926618], [-77.11362, 38.926628], [-77.113564, 38.926712], [-77.113647, 38.926693], [-77.113744, 38.926768], [-77.113684, 38.926854], [-77.113765, 38.927054], [-77.113843, 38.927067], [-77.113917, 38.926994], [-77.1139, 38.927047], [-77.113999, 38.927081], [-77.114022, 38.927125], [-77.114005, 38.927196], [-77.114083, 38.927232], [-77.114133, 38.927325], [-77.114189, 38.927234], [-77.11423, 38.927256], [-77.114164, 38.927382], [-77.114301, 38.927522], [-77.114369, 38.927503], [-77.114502, 38.927545], [-77.114454, 38.927647], [-77.114576, 38.927692], [-77.114737, 38.927864], [-77.114824, 38.927855], [-77.114918, 38.927957], [-77.115059, 38.928045], [-77.11501, 38.928128], [-77.115132, 38.928138], [-77.115234, 38.928231], [-77.115273, 38.928344], [-77.11524, 38.928414], [-77.115324, 38.928464], [-77.115321, 38.928584], [-77.115384, 38.928589], [-77.115399, 38.928459], [-77.115493, 38.928521], [-77.115473, 38.928581], [-77.115527, 38.928665], [-77.11545, 38.928674], [-77.115498, 38.928704], [-77.11546, 38.928789], [-77.115512, 38.928816], [-77.115442, 38.928886], [-77.115469, 38.928986], [-77.115454, 38.929055], [-77.115533, 38.929032], [-77.115576, 38.929085], [-77.115695, 38.92902], [-77.11581, 38.929057], [-77.115872, 38.929148], [-77.115929, 38.92943], [-77.115973, 38.929415], [-77.115951, 38.929533], [-77.116125, 38.929689], [-77.116105, 38.929831], [-77.115976, 38.929875], [-77.116019, 38.929968], [-77.115924, 38.929975], [-77.116038, 38.930172], [-77.115959, 38.930124], [-77.116006, 38.930259], [-77.11596, 38.930332], [-77.116039, 38.930418], [-77.116097, 38.930435], [-77.116043, 38.930566], [-77.116121, 38.930574], [-77.116145, 38.930616], [-77.116167, 38.930599], [-77.116285, 38.93087], [-77.116324, 38.930765], [-77.116383, 38.930719], [-77.11636, 38.930815], [-77.116497, 38.93089], [-77.11647, 38.930969], [-77.116431, 38.930978], [-77.116487, 38.931115], [-77.11644, 38.931048], [-77.116417, 38.931061], [-77.116455, 38.931222], [-77.116519, 38.931265], [-77.116537, 38.931332], [-77.116505, 38.931411], [-77.116613, 38.931376], [-77.116641, 38.931419], [-77.116627, 38.931455], [-77.116653, 38.931463], [-77.116557, 38.9315], [-77.116454, 38.931352], [-77.116346, 38.931387], [-77.116342, 38.931473], [-77.116432, 38.93161], [-77.116418, 38.931718], [-77.116508, 38.931778], [-77.11655, 38.931857], [-77.116545, 38.931943], [-77.116586, 38.93193], [-77.116589, 38.931854], [-77.116652, 38.931832], [-77.116654, 38.931943], [-77.116604, 38.931957], [-77.116714, 38.932003], [-77.116705, 38.932067], [-77.11686, 38.932078], [-77.116899, 38.932199], [-77.116992, 38.9323], [-77.117028, 38.932523], [-77.117174, 38.932574], [-77.117149, 38.932678], [-77.116997, 38.93287], [-77.117139, 38.932793], [-77.117223, 38.932676], [-77.117371, 38.932615], [-77.117384, 38.932784], [-77.117662, 38.9328], [-77.117711, 38.932875], [-77.117752, 38.932882], [-77.117775, 38.933076], [-77.117861, 38.933097], [-77.117842, 38.93313], [-77.117907, 38.933162], [-77.117878, 38.933219], [-77.117923, 38.933356], [-77.11792, 38.933453], [-77.117983, 38.933465], [-77.118051, 38.933585], [-77.118159, 38.933579], [-77.118254, 38.933636], [-77.118327, 38.933743], [-77.118279, 38.933805], [-77.118353, 38.933898], [-77.118457, 38.933916], [-77.118616, 38.934101], [-77.118678, 38.934091], [-77.118703, 38.934194], [-77.118767, 38.934195], [-77.118866, 38.934288], [-77.119026, 38.934369], [-77.119175, 38.934536], [-77.119333, 38.934633], [-77.119349, 38.934736], [-77.119795, 38.934387], [-77.119725, 38.934264], [-77.119633, 38.934269], [-77.119518, 38.934167], [-77.119375, 38.934166], [-77.119155, 38.933969], [-77.119054, 38.933928], [-77.118989, 38.933831], [-77.118853, 38.933743], [-77.118797, 38.933663], [-77.118709, 38.933651], [-77.118651, 38.933403], [-77.118554, 38.93333], [-77.118519, 38.933208], [-77.118487, 38.933199], [-77.11846, 38.933234], [-77.118469, 38.933183], [-77.118425, 38.933173], [-77.118389, 38.933076], [-77.118258, 38.932999], [-77.11823, 38.933009], [-77.118154, 38.932882], [-77.11815, 38.932816], [-77.118054, 38.932778], [-77.118017, 38.932698], [-77.117953, 38.932666], [-77.117956, 38.93261], [-77.117886, 38.932586], [-77.117907, 38.932532], [-77.117817, 38.932484], [-77.117808, 38.932386], [-77.117746, 38.93236], [-77.117745, 38.932311], [-77.117698, 38.93228], [-77.117667, 38.932197], [-77.117599, 38.932189], [-77.117576, 38.932123], [-77.117519, 38.932103], [-77.117548, 38.932015], [-77.11739, 38.931832], [-77.117403, 38.931769], [-77.11737, 38.931682], [-77.117395, 38.931638], [-77.117283, 38.931544], [-77.1173, 38.931456], [-77.117159, 38.931264], [-77.117208, 38.93124], [-77.117126, 38.931165], [-77.117102, 38.931089], [-77.117011, 38.931077], [-77.116949, 38.930995], [-77.116985, 38.930942], [-77.116894, 38.930883], [-77.116895, 38.930793], [-77.116807, 38.930713], [-77.116861, 38.930652], [-77.116813, 38.930664], [-77.116835, 38.930635], [-77.116754, 38.93059], [-77.116791, 38.930547], [-77.116761, 38.930509], [-77.116778, 38.930339], [-77.116691, 38.930077], [-77.11664, 38.929792], [-77.116533, 38.929649], [-77.1165, 38.929431], [-77.116521, 38.929207], [-77.116444, 38.929091], [-77.116397, 38.928907], [-77.116284, 38.928898], [-77.116306, 38.928852], [-77.116288, 38.928818], [-77.116335, 38.928795], [-77.11625, 38.928686], [-77.116257, 38.928538], [-77.11615, 38.928516], [-77.116147, 38.928453], [-77.116019, 38.928358], [-77.116019, 38.928246], [-77.11597, 38.928164], [-77.1159, 38.928166], [-77.115903, 38.928127], [-77.115845, 38.928099], [-77.115837, 38.92805], [-77.115782, 38.928049], [-77.115775, 38.928008], [-77.115675, 38.927924], [-77.115586, 38.927954], [-77.115523, 38.927926], [-77.115501, 38.927896], [-77.115519, 38.927808], [-77.115401, 38.927749], [-77.11536, 38.927639], [-77.115296, 38.927628], [-77.115177, 38.92743], [-77.115018, 38.92737], [-77.11494, 38.927382], [-77.114934, 38.927335], [-77.114837, 38.927243], [-77.114857, 38.927217], [-77.114792, 38.927216], [-77.114775, 38.92712], [-77.114555, 38.926961], [-77.114553, 38.926883], [-77.114417, 38.926706], [-77.114283, 38.926634], [-77.114272, 38.92657], [-77.114174, 38.926483], [-77.114131, 38.926325], [-77.114047, 38.926275], [-77.114015, 38.926136], [-77.113971, 38.92614], [-77.113889, 38.926029], [-77.113776, 38.925985], [-77.113754, 38.925896], [-77.113631, 38.925774], [-77.113567, 38.925761], [-77.11355, 38.925685], [-77.113416, 38.92551], [-77.11332, 38.925453], [-77.113267, 38.925367], [-77.113098, 38.925278], [-77.113034, 38.92521], [-77.113031, 38.925152], [-77.11286, 38.925057], [-77.112755, 38.924936], [-77.112763, 38.924851], [-77.112691, 38.924781], [-77.112669, 38.924712], [-77.112481, 38.924549], [-77.112424, 38.924449], [-77.112294, 38.924445], [-77.112178, 38.924287], [-77.112024, 38.924254], [-77.111966, 38.924109], [-77.111831, 38.924086], [-77.111838, 38.924016], [-77.111572, 38.923889], [-77.111568, 38.923858], [-77.111433, 38.923823], [-77.11136, 38.923665], [-77.111294, 38.923634], [-77.111281, 38.923562], [-77.11126, 38.923592], [-77.111182, 38.923493], [-77.110984, 38.923406], [-77.110929, 38.923411], [-77.110921, 38.923345], [-77.110868, 38.923278], [-77.1107, 38.923186], [-77.11057, 38.923014], [-77.110407, 38.922941], [-77.110324, 38.922839], [-77.11019, 38.922778], [-77.110121, 38.922698], [-77.110053, 38.922684], [-77.109947, 38.922593], [-77.109879, 38.922459], [-77.109759, 38.922413], [-77.109533, 38.922214], [-77.109441, 38.922178], [-77.109396, 38.922205], [-77.109416, 38.922135], [-77.109363, 38.922075], [-77.109245, 38.922024], [-77.10901, 38.921844], [-77.108884, 38.921827], [-77.108882, 38.921779], [-77.10878, 38.921771], [-77.108789, 38.921674], [-77.108726, 38.921658], [-77.108633, 38.921554], [-77.108546, 38.921591], [-77.108566, 38.921551], [-77.108526, 38.921533], [-77.108456, 38.921364], [-77.10839, 38.921293], [-77.108321, 38.921276], [-77.108314, 38.921235], [-77.108241, 38.921211], [-77.108218, 38.921068], [-77.107824, 38.920799], [-77.107767, 38.920714], [-77.107714, 38.920725], [-77.107725, 38.920683], [-77.10752, 38.920365], [-77.107294, 38.920221], [-77.107304, 38.920186], [-77.107211, 38.920103], [-77.107166, 38.920111], [-77.107108, 38.920073], [-77.107019, 38.919913], [-77.106848, 38.919959], [-77.106854, 38.919891], [-77.106917, 38.919841], [-77.106904, 38.919783], [-77.106747, 38.919598], [-77.106689, 38.919482], [-77.106616, 38.919489], [-77.106592, 38.919423], [-77.106518, 38.919363], [-77.106503, 38.919298], [-77.106376, 38.919221], [-77.106357, 38.919145], [-77.106302, 38.91913], [-77.106307, 38.919081], [-77.106245, 38.919018], [-77.106254, 38.918928], [-77.106162, 38.918725], [-77.10606, 38.918594], [-77.105976, 38.918555], [-77.105966, 38.918502], [-77.105898, 38.918469], [-77.105845, 38.918305], [-77.105762, 38.918281], [-77.105741, 38.918146], [-77.105765, 38.918084], [-77.105725, 38.918018], [-77.10574, 38.917981], [-77.105693, 38.917971], [-77.105696, 38.917909], [-77.105634, 38.917825], [-77.105606, 38.917617], [-77.105543, 38.917585], [-77.105452, 38.917448], [-77.105376, 38.917444], [-77.105357, 38.917366], [-77.105317, 38.917334], [-77.105179, 38.91732], [-77.105157, 38.917281], [-77.105172, 38.917203], [-77.105115, 38.917169], [-77.105032, 38.91701], [-77.104639, 38.916541], [-77.104254, 38.916142], [-77.104036, 38.915664], [-77.103982, 38.915369], [-77.103806, 38.915094], [-77.103637, 38.914718], [-77.103609, 38.91452], [-77.103512, 38.914221], [-77.103497, 38.913482], [-77.103452, 38.913308], [-77.10302, 38.91271], [-77.102712, 38.912573], [-77.102696, 38.912491], [-77.102596, 38.912387], [-77.102419, 38.912329], [-77.102036, 38.911924], [-77.101791, 38.911772], [-77.101577, 38.911583], [-77.101517, 38.911556], [-77.101454, 38.911588], [-77.101337, 38.911463], [-77.101114, 38.911381], [-77.101093, 38.911336], [-77.100819, 38.911169], [-77.100714, 38.911147], [-77.100713, 38.9111], [-77.100352, 38.910784], [-77.100155, 38.910666], [-77.100125, 38.910566], [-77.099717, 38.91026], [-77.099457, 38.910129], [-77.099137, 38.909831], [-77.099022, 38.90976], [-77.098547, 38.909276], [-77.09834, 38.908996], [-77.097858, 38.908611], [-77.097799, 38.908518], [-77.097539, 38.908405], [-77.097261, 38.908212], [-77.096591, 38.907606], [-77.096237, 38.90747], [-77.096011, 38.907313], [-77.095458, 38.907062], [-77.095002, 38.90691], [-77.094924, 38.906774], [-77.094777, 38.906742], [-77.094497, 38.906544], [-77.093844, 38.906182], [-77.093715, 38.906167], [-77.093583, 38.905975], [-77.093479, 38.905895], [-77.093462, 38.90583], [-77.09336, 38.905843], [-77.092536, 38.905503], [-77.092317, 38.905372], [-77.091681, 38.905139], [-77.091371, 38.904885], [-77.091203, 38.904875], [-77.091125, 38.904929], [-77.091089, 38.904907], [-77.091033, 38.904943], [-77.091049, 38.904841], [-77.090778, 38.904774], [-77.090672, 38.904621], [-77.090572, 38.904557], [-77.090123, 38.90438], [-77.090021, 38.904296], [-77.089693, 38.90412], [-77.089603, 38.904105], [-77.089559, 38.904049], [-77.089368, 38.903948], [-77.089047, 38.903832], [-77.088769, 38.903658], [-77.088575, 38.903615], [-77.088521, 38.90355], [-77.088135, 38.903379], [-77.087808, 38.903295], [-77.087654, 38.903349], [-77.087675, 38.903242], [-77.087522, 38.90318], [-77.087264, 38.903167], [-77.087124, 38.903215], [-77.086978, 38.903216], [-77.086957, 38.903182], [-77.086892, 38.903186], [-77.086915, 38.90312], [-77.086824, 38.903043], [-77.086674, 38.902985], [-77.086222, 38.902915], [-77.085528, 38.902719], [-77.085446, 38.90276], [-77.085201, 38.902686], [-77.085103, 38.902607], [-77.084969, 38.902629], [-77.084898, 38.902685], [-77.08488, 38.902641], [-77.084547, 38.902634], [-77.084449, 38.902585], [-77.084302, 38.902575], [-77.084212, 38.902633], [-77.083998, 38.902619], [-77.083901, 38.902565], [-77.083619, 38.902526], [-77.083473, 38.902468], [-77.083067, 38.902451], [-77.082813, 38.902372], [-77.082788, 38.902271], [-77.08265, 38.902268], [-77.082553, 38.90238], [-77.082382, 38.902409], [-77.081898, 38.902353], [-77.081806, 38.902435], [-77.081708, 38.902361], [-77.081603, 38.902409], [-77.081487, 38.902324], [-77.081365, 38.902342], [-77.081361, 38.902398], [-77.081287, 38.902424], [-77.081265, 38.902371], [-77.081197, 38.902344], [-77.08014, 38.902305], [-77.079559, 38.902404], [-77.079363, 38.902409], [-77.079238, 38.902468], [-77.079071, 38.902347], [-77.078884, 38.902307], [-77.078249, 38.902376], [-77.077968, 38.902267], [-77.077638, 38.902263], [-77.077522, 38.90218], [-77.07694, 38.902114], [-77.076748, 38.901983], [-77.076545, 38.90196], [-77.076112, 38.901823], [-77.075918, 38.9018], [-77.075413, 38.901623], [-77.074281, 38.901364], [-77.074012, 38.901362], [-77.07401, 38.9013], [-77.073947, 38.901275], [-77.073815, 38.901284], [-77.073674, 38.90123], [-77.073596, 38.901242], [-77.073439, 38.901156], [-77.073229, 38.901113], [-77.072667, 38.901062], [-77.071945, 38.901076], [-77.071493, 38.901136], [-77.070938, 38.901147], [-77.070587, 38.901193], [-77.070299, 38.900995], [-77.069442, 38.900621], [-77.069226, 38.900603], [-77.069144, 38.900535], [-77.068924, 38.900472], [-77.068668, 38.900312], [-77.068326, 38.900025], [-77.068172, 38.89994], [-77.068159, 38.899834], [-77.068055, 38.899715], [-77.067771, 38.899574], [-77.067553, 38.8992], [-77.067536, 38.899095], [-77.067625, 38.898916], [-77.067613, 38.898716], [-77.067582, 38.898529], [-77.067467, 38.898205], [-77.067478, 38.898148], [-77.067598, 38.898102], [-77.067576, 38.898056], [-77.067475, 38.898121], [-77.067461, 38.898033], [-77.067363, 38.89788], [-77.067288, 38.897485], [-77.067217, 38.897296], [-77.067225, 38.897169], [-77.067123, 38.897008], [-77.067051, 38.896955], [-77.067041, 38.896868], [-77.066948, 38.896682], [-77.066472, 38.89587], [-77.066218, 38.895304], [-77.065885, 38.894798], [-77.065889, 38.894697], [-77.066016, 38.894602], [-77.065975, 38.894528], [-77.065856, 38.894567], [-77.065759, 38.894514], [-77.065217, 38.893695], [-77.065006, 38.893197], [-77.064932, 38.892911], [-77.064857, 38.892817], [-77.064811, 38.892688], [-77.0648, 38.892633], [-77.064843, 38.892525], [-77.064743, 38.892221], [-77.064722, 38.891921], [-77.064462, 38.89115], [-77.064303, 38.891081], [-77.064162, 38.890869], [-77.064006, 38.890772], [-77.064049, 38.890609], [-77.064033, 38.890546], [-77.063897, 38.890353], [-77.063786, 38.890262], [-77.06378, 38.890176], [-77.063823, 38.89011], [-77.064169, 38.889887], [-77.064316, 38.889754], [-77.064418, 38.889581], [-77.064355, 38.889131], [-77.064156, 38.88847], [-77.064066, 38.888303], [-77.063822, 38.88818], [-77.063789, 38.888101], [-77.063806, 38.888053], [-77.063714, 38.887975], [-77.063735, 38.887889], [-77.063783, 38.887847], [-77.06362, 38.887723], [-77.06365, 38.887785], [-77.063607, 38.887848], [-77.063459, 38.887677], [-77.063427, 38.887633], [-77.063465, 38.887605], [-77.063444, 38.88752], [-77.063038, 38.88709], [-77.062846, 38.886761], [-77.062673, 38.886549], [-77.062273, 38.88577], [-77.061589, 38.884878], [-77.061455, 38.884753], [-77.061275, 38.884428], [-77.060978, 38.884041], [-77.060876, 38.883977], [-77.060884, 38.883929], [-77.061, 38.883928], [-77.060913, 38.883901], [-77.06085, 38.883831], [-77.060659, 38.883432], [-77.060538, 38.883271], [-77.059821, 38.881948], [-77.05945, 38.881387], [-77.059275, 38.8812], [-77.059163, 38.88092], [-77.058972, 38.880702], [-77.058683, 38.880486], [-77.057914, 38.8803], [-77.057504, 38.880287], [-77.056275, 38.880409], [-77.055714, 38.880356], [-77.055486, 38.880304], [-77.055287, 38.880218], [-77.055341, 38.880293], [-77.055256, 38.880292], [-77.054888, 38.880198], [-77.054715, 38.88012], [-77.054395, 38.879921], [-77.054143, 38.87972], [-77.053901, 38.879456], [-77.053799, 38.879295], [-77.05385, 38.879207], [-77.05409, 38.879184], [-77.053755, 38.878847], [-77.053494, 38.878674], [-77.053175, 38.878525], [-77.053251, 38.878417], [-77.053043, 38.878257], [-77.052757, 38.877967], [-77.052426, 38.877534], [-77.052288, 38.877418], [-77.052166, 38.877221], [-77.052021, 38.877068], [-77.051706, 38.876526], [-77.051616, 38.876332], [-77.051546, 38.875943], [-77.051559, 38.875703], [-77.051713, 38.874774], [-77.051726, 38.874495], [-77.051717, 38.873997], [-77.051638, 38.873662], [-77.050643, 38.872067], [-77.05029, 38.871709], [-77.049962, 38.871512], [-77.049333, 38.871302], [-77.048935, 38.871332], [-77.048575, 38.871446], [-77.048487, 38.871448], [-77.048472, 38.871417], [-77.048424, 38.87143], [-77.048427, 38.871469], [-77.048401, 38.871435], [-77.048401, 38.871505], [-77.04833, 38.871523], [-77.046867, 38.871811], [-77.046535, 38.872008], [-77.046394, 38.872141], [-77.046225, 38.872381], [-77.046498, 38.872904], [-77.046535, 38.873034], [-77.046512, 38.873294], [-77.046376, 38.873646], [-77.04638, 38.873927], [-77.046428, 38.873995], [-77.046537, 38.874017], [-77.047081, 38.874557], [-77.047197, 38.874813], [-77.047206, 38.874924], [-77.047166, 38.87502], [-77.047174, 38.875096], [-77.047116, 38.875175], [-77.046276, 38.875562], [-77.04584, 38.875592], [-77.045679, 38.875554], [-77.045446, 38.875429], [-77.043453, 38.873988], [-77.042753, 38.873318], [-77.042406, 38.873064], [-77.042288, 38.872894], [-77.042064, 38.872682], [-77.041802, 38.872498], [-77.041684, 38.872308], [-77.04078, 38.871542], [-77.040509, 38.871248], [-77.039952, 38.870524], [-77.039781, 38.870204], [-77.039454, 38.86972], [-77.038671, 38.868271], [-77.038498, 38.86782], [-77.038419, 38.867734], [-77.038293, 38.867449], [-77.038001, 38.866672], [-77.037892, 38.866223], [-77.037839, 38.865744], [-77.037791, 38.865632], [-77.037737, 38.865116], [-77.037748, 38.864757], [-77.037926, 38.864292], [-77.038113, 38.864107], [-77.038276, 38.864028], [-77.038583, 38.864007], [-77.038907, 38.863928], [-77.039688, 38.863877], [-77.040418, 38.863704], [-77.040935, 38.863658], [-77.040977, 38.863671], [-77.040975, 38.863744], [-77.041266, 38.863743], [-77.041307, 38.863692], [-77.041672, 38.863675], [-77.042138, 38.863768], [-77.042398, 38.863696], [-77.042535, 38.863702], [-77.04267, 38.863579], [-77.042635, 38.863532], [-77.042762, 38.863381], [-77.042662, 38.863317], [-77.042503, 38.863465], [-77.042349, 38.863454], [-77.041707, 38.863235], [-77.040896, 38.862644], [-77.040359, 38.862382], [-77.040155, 38.862454], [-77.03986, 38.862697], [-77.039819, 38.862828], [-77.039807, 38.863208], [-77.03974, 38.863248], [-77.039513, 38.863315], [-77.038327, 38.863383], [-77.038185, 38.863362], [-77.038024, 38.863247], [-77.03781, 38.86194], [-77.037734, 38.861699], [-77.037681, 38.861657], [-77.0377, 38.861598], [-77.037588, 38.861272], [-77.037405, 38.86116], [-77.036996, 38.861165], [-77.036795, 38.861112], [-77.036784, 38.861065], [-77.036842, 38.861025], [-77.036842, 38.860968], [-77.036752, 38.860827], [-77.036117, 38.860338], [-77.035731, 38.859986], [-77.035401, 38.85977], [-77.035073, 38.859369], [-77.034994, 38.859052], [-77.03458, 38.858213], [-77.034445, 38.857989], [-77.034164, 38.857674], [-77.034089, 38.85734], [-77.034018, 38.85717], [-77.032845, 38.855034], [-77.032835, 38.854733], [-77.032672, 38.854178], [-77.032658, 38.853879], [-77.032459, 38.852885], [-77.032268, 38.852302], [-77.032285, 38.852122], [-77.032213, 38.85168], [-77.032212, 38.851179], [-77.031849, 38.85088], [-77.031337, 38.85036], [-77.031008, 38.849899], [-77.030989, 38.84978], [-77.031093, 38.849662], [-77.032286, 38.849019], [-77.032299, 38.848161], [-77.032367, 38.847923], [-77.032393, 38.847583], [-77.032538, 38.846834], [-77.032781, 38.845891], [-77.032829, 38.845853], [-77.032806, 38.845808], [-77.032827, 38.845656], [-77.033073, 38.844538], [-77.033223, 38.844467], [-77.033161, 38.844409], [-77.033176, 38.844326], [-77.033515, 38.843545], [-77.033911, 38.8428], [-77.033948, 38.842637], [-77.034015, 38.841718], [-77.034051, 38.841638], [-77.034138, 38.841596], [-77.034173, 38.841261], [-77.034281, 38.841143], [-77.034195, 38.840945], [-77.034236, 38.840888], [-77.034406, 38.840887], [-77.034545, 38.840806], [-77.034553, 38.840212], [-77.034646, 38.840052], [-77.035008, 38.839956], [-77.035504, 38.839761], [-77.0357, 38.839755], [-77.036176, 38.839568], [-77.036618, 38.839579], [-77.036641, 38.839525], [-77.036806, 38.839413], [-77.037402, 38.839381], [-77.03746, 38.839349], [-77.038113, 38.839282], [-77.038198, 38.839305], [-77.038938, 38.839256], [-77.039493, 38.839296], [-77.040053, 38.839285], [-77.040374, 38.839327], [-77.040718, 38.839481], [-77.041, 38.839514], [-77.041076, 38.83957], [-77.041144, 38.839539], [-77.041776, 38.839526], [-77.042739, 38.839695], [-77.042982, 38.839774], [-77.043052, 38.839822], [-77.043254, 38.840145], [-77.043252, 38.840265], [-77.043363, 38.840467], [-77.043361, 38.840558], [-77.043475, 38.840489], [-77.043639, 38.840323], [-77.043862, 38.840205], [-77.044014, 38.840233], [-77.044326, 38.840178], [-77.044685, 38.840223], [-77.044779, 38.840277], [-77.045073, 38.840613], [-77.045578, 38.840962], [-77.045571, 38.840984], [-77.046062, 38.841153], [-77.046068, 38.841181], [-77.046083, 38.841158], [-77.046585, 38.84128], [-77.047014, 38.841318], [-77.047657, 38.84131], [-77.047655, 38.841289], [-77.047901, 38.841267], [-77.047477, 38.840647], [-77.046823, 38.840626], [-77.046391, 38.840501], [-77.046097, 38.840369], [-77.04589, 38.840116], [-77.045862, 38.84001], [-77.046047, 38.839982], [-77.046262, 38.840089], [-77.046396, 38.840041], [-77.046463, 38.83992], [-77.046441, 38.839755], [-77.046346, 38.839626], [-77.046333, 38.839499], [-77.046193, 38.839264], [-77.046029, 38.839103], [-77.045899, 38.83892], [-77.045645, 38.838778], [-77.04542, 38.838602], [-77.045368, 38.838509], [-77.045465, 38.838008], [-77.045367, 38.837633], [-77.045387, 38.837231], [-77.045336, 38.837125], [-77.045257, 38.836657], [-77.045199, 38.836425], [-77.045146, 38.836343], [-77.045146, 38.836244], [-77.045054, 38.836092], [-77.045213, 38.835941], [-77.045594, 38.835889], [-77.045595, 38.83585], [-77.045205, 38.835908], [-77.045132, 38.835874], [-77.045054, 38.835757], [-77.044995, 38.835308], [-77.044914, 38.835143], [-77.044892, 38.834944], [-77.044797, 38.834729], [-77.044767, 38.834567], [-77.044463, 38.83385], [-77.044305, 38.833592], [-77.044241, 38.83354], [-77.044281, 38.833447], [-77.0444, 38.833412], [-77.044451, 38.83336], [-77.044493, 38.83316], [-77.044459, 38.833092], [-77.044413, 38.833118], [-77.044403, 38.833281], [-77.044366, 38.833354], [-77.044141, 38.833475], [-77.044059, 38.833479], [-77.044001, 38.83339], [-77.04383, 38.833367], [-77.043816, 38.833306], [-77.0439, 38.833182], [-77.043899, 38.833138], [-77.043834, 38.832977], [-77.043707, 38.832868], [-77.043585, 38.832336], [-77.043489, 38.832079], [-77.043443, 38.831793], [-77.043386, 38.831728], [-77.043392, 38.831639], [-77.043303, 38.83149], [-77.043116, 38.831309], [-77.042708, 38.831115], [-77.042107, 38.831335], [-77.041938, 38.831493], [-77.04193, 38.831596], [-77.042101, 38.831899], [-77.042163, 38.832187], [-77.042246, 38.832356], [-77.042382, 38.832838], [-77.042542, 38.833102], [-77.042582, 38.833312], [-77.042509, 38.833504], [-77.042341, 38.83364], [-77.042114, 38.833718], [-77.041902, 38.833714], [-77.041711, 38.83364], [-77.040671, 38.832996], [-77.039759, 38.832498], [-77.039137, 38.832067], [-77.038968, 38.831841], [-77.038729, 38.831621], [-77.038473, 38.831316], [-77.03818, 38.830809], [-77.037989, 38.830592], [-77.037848, 38.830164], [-77.037791, 38.829571], [-77.037859, 38.829135], [-77.038164, 38.828008], [-77.038204, 38.82768], [-77.038298, 38.827483], [-77.038401, 38.827102], [-77.038383, 38.826993], [-77.038446, 38.826822], [-77.038472, 38.826476], [-77.038699, 38.82564], [-77.038682, 38.825322], [-77.038708, 38.825044], [-77.038923, 38.824339], [-77.03912, 38.82411], [-77.03942, 38.824074], [-77.04012, 38.823632], [-77.040983, 38.823376], [-77.041027, 38.823254], [-77.04072, 38.822106], [-77.039906, 38.821834], [-77.039727, 38.821748], [-77.039593, 38.821632], [-77.039492, 38.821441], [-77.039523, 38.821306], [-77.03978, 38.821052], [-77.039968, 38.820654], [-77.039744, 38.820021], [-77.039027, 38.819484], [-77.03885, 38.819253], [-77.038858, 38.819121], [-77.038903, 38.819044], [-77.039019, 38.818912], [-77.039098, 38.818932], [-77.039125, 38.81888], [-77.039051, 38.818858], [-77.039074, 38.818808], [-77.038962, 38.818776], [-77.038982, 38.818707], [-77.038865, 38.818313], [-77.038815, 38.817822], [-77.03854, 38.817075], [-77.038538, 38.816849], [-77.038445, 38.816258], [-77.038129, 38.815596], [-77.03614, 38.814812], [-77.036131, 38.814281], [-77.037483, 38.809406], [-77.038785, 38.802783], [-77.039185, 38.800591], [-77.03902, 38.791573], [-77.024262, 38.803106], [-77.024042, 38.803628], [-77.02406, 38.803858], [-77.024146, 38.804127], [-77.024057, 38.804225], [-77.024029, 38.80435], [-77.023877, 38.804582], [-77.023424, 38.805079], [-77.023371, 38.805287], [-77.023182, 38.805493], [-77.023189, 38.805564], [-77.02313, 38.805589], [-77.023001, 38.80587], [-77.022922, 38.805888], [-77.022862, 38.805994], [-77.02288, 38.806791], [-77.022832, 38.806902], [-77.022738, 38.806938], [-77.022243, 38.806925], [-77.022153, 38.806862], [-77.022149, 38.806089], [-77.022052, 38.805937], [-77.021399, 38.805809], [-77.021087, 38.805842], [-77.020883, 38.805925], [-77.02069, 38.805898], [-77.016272, 38.80935], [-77.017029, 38.809383], [-77.017442, 38.809431], [-77.017519, 38.809466], [-77.01764, 38.809446], [-77.01808, 38.809503], [-77.018904, 38.809526], [-77.019819, 38.809608], [-77.019942, 38.80965], [-77.020061, 38.80963], [-77.020476, 38.809726], [-77.020627, 38.809719], [-77.020809, 38.809781], [-77.021232, 38.809823], [-77.02131, 38.809867], [-77.02197, 38.809976], [-77.022056, 38.809918], [-77.022169, 38.809252], [-77.022184, 38.808805], [-77.022125, 38.807807], [-77.022162, 38.807605], [-77.022267, 38.807539], [-77.022754, 38.807531], [-77.022832, 38.807558], [-77.022876, 38.807614], [-77.02288, 38.807775], [-77.022804, 38.809494], [-77.022883, 38.809556], [-77.023094, 38.809616], [-77.023097, 38.809741], [-77.023183, 38.809657], [-77.023232, 38.809651], [-77.024032, 38.809904], [-77.025323, 38.810252], [-77.025539, 38.810354], [-77.025636, 38.810433], [-77.025803, 38.810687], [-77.026034, 38.811359], [-77.026282, 38.81229], [-77.026507, 38.812877], [-77.026534, 38.813054], [-77.026715, 38.81363], [-77.026878, 38.813948], [-77.027047, 38.814178], [-77.027173, 38.814287], [-77.028, 38.814798], [-77.028319, 38.81496], [-77.028694, 38.815305], [-77.028817, 38.815307], [-77.028661, 38.815499], [-77.028226, 38.815893], [-77.027955, 38.816075], [-77.027681, 38.816396], [-77.027501, 38.816859], [-77.027524, 38.817192], [-77.027341, 38.817433], [-77.027643, 38.81813], [-77.02697, 38.826331], [-77.02637, 38.828652], [-77.02645, 38.828756], [-77.026462, 38.828859], [-77.026431, 38.829156], [-77.026322, 38.829634], [-77.026191, 38.829973], [-77.025867, 38.830526], [-77.025689, 38.830738], [-77.025547, 38.830984], [-77.025536, 38.831127], [-77.025676, 38.831343], [-77.025303, 38.832275], [-77.02495, 38.832879], [-77.024929, 38.833024], [-77.024963, 38.833093], [-77.024915, 38.833134], [-77.024811, 38.833839], [-77.024851, 38.834021], [-77.024932, 38.834024], [-77.024924, 38.834135], [-77.024515, 38.834101], [-77.024685, 38.833029], [-77.0246, 38.83298], [-77.024209, 38.832957], [-77.024067, 38.832917], [-77.023983, 38.832997], [-77.023898, 38.833188], [-77.023664, 38.833914], [-77.023658, 38.834112], [-77.023576, 38.834227], [-77.023585, 38.834279], [-77.023637, 38.834323], [-77.023755, 38.83434], [-77.023698, 38.834468], [-77.0243, 38.834604], [-77.024386, 38.834609], [-77.024456, 38.834333], [-77.024881, 38.834427], [-77.024832, 38.834554], [-77.024766, 38.834537], [-77.024513, 38.834876], [-77.02426, 38.835498], [-77.024159, 38.836094], [-77.024084, 38.836276], [-77.023734, 38.837567], [-77.022999, 38.840717], [-77.02272, 38.841679], [-77.022018, 38.843663], [-77.021787, 38.84454], [-77.021641, 38.8449], [-77.021318, 38.845919], [-77.021255, 38.846214], [-77.021015, 38.846515], [-77.020771, 38.846991], [-77.020635, 38.847403], [-77.020625, 38.847602], [-77.02045, 38.847746], [-77.020143, 38.848118], [-77.020137, 38.848188], [-77.019884, 38.84863], [-77.019886, 38.848716], [-77.019339, 38.849697], [-77.018852, 38.850664], [-77.018703, 38.851028], [-77.018635, 38.851022], [-77.018608, 38.851077], [-77.018654, 38.851122], [-77.018355, 38.851632], [-77.017175, 38.853912], [-77.016599, 38.855109], [-77.016342, 38.855532], [-77.01547, 38.85724], [-77.015228, 38.857591], [-77.014529, 38.858313], [-77.014367, 38.858205], [-77.014289, 38.858208], [-77.013836, 38.858639], [-77.013663, 38.858757], [-77.013609, 38.858819], [-77.013745, 38.858932], [-77.013087, 38.859324], [-77.00909, 38.861254], [-77.008405, 38.861668], [-77.00777, 38.862166], [-77.007441, 38.862486], [-77.007044, 38.862969], [-77.00313, 38.868856], [-77.002925, 38.869081], [-77.002691, 38.869275], [-77.002054, 38.869622], [-77.001701, 38.869719], [-77.001211, 38.869792], [-77.000542, 38.869754], [-76.997405, 38.86897], [-76.997009, 38.868837], [-76.996908, 38.868842], [-76.996587, 38.868763], [-76.995979, 38.868606], [-76.995901, 38.868559], [-76.994914, 38.868407], [-76.993846, 38.868445], [-76.993483, 38.868492], [-76.992774, 38.868666], [-76.992177, 38.868888], [-76.991604, 38.869191], [-76.990343, 38.870128], [-76.990342, 38.870156], [-76.989824, 38.870558], [-76.987445, 38.871788], [-76.987392, 38.871791], [-76.987388, 38.871818], [-76.98657, 38.872258], [-76.983975, 38.873571], [-76.982459, 38.87424], [-76.981498, 38.874569], [-76.980312, 38.875026], [-76.977113, 38.876015], [-76.976673, 38.8762], [-76.976391, 38.876243], [-76.973474, 38.87714], [-76.972789, 38.877445], [-76.972291, 38.877776], [-76.971849, 38.878195], [-76.971027, 38.879367], [-76.970743, 38.879822], [-76.970706, 38.879807], [-76.970648, 38.879891], [-76.970686, 38.879908], [-76.970311, 38.880482], [-76.97039, 38.880612], [-76.970366, 38.880715], [-76.970164, 38.88079], [-76.969969, 38.880928], [-76.969639, 38.881463], [-76.969278, 38.8819], [-76.96769, 38.883201], [-76.96768, 38.883292], [-76.967532, 38.883324], [-76.967511, 38.883422], [-76.967355, 38.883455], [-76.967055, 38.883744], [-76.966957, 38.883791], [-76.966952, 38.883861], [-76.966901, 38.883881], [-76.966872, 38.883942], [-76.966798, 38.883956], [-76.966743, 38.884006], [-76.966641, 38.884257], [-76.966529, 38.884253], [-76.966475, 38.88431], [-76.966362, 38.884314], [-76.96617, 38.884394], [-76.965531, 38.884902], [-76.96472, 38.885635], [-76.964073, 38.886402], [-76.964079, 38.886371], [-76.963972, 38.886362], [-76.963814, 38.886286], [-76.96374, 38.886345], [-76.964021, 38.886468], [-76.963861, 38.886744], [-76.963792, 38.886776], [-76.963482, 38.887251], [-76.963059, 38.888063], [-76.962666, 38.889029], [-76.962373, 38.890025], [-76.962641, 38.89014], [-76.962764, 38.890259], [-76.962914, 38.89066], [-76.962662, 38.891875], [-76.962619, 38.891965], [-76.962583, 38.892237], [-76.962463, 38.892555], [-76.962473, 38.892863], [-76.96243, 38.893071], [-76.962433, 38.893334], [-76.961839, 38.893605], [-76.961723, 38.893612], [-76.961558, 38.893545], [-76.961415, 38.893551], [-76.961374, 38.893578], [-76.961352, 38.89366], [-76.961275, 38.893708], [-76.961322, 38.893746], [-76.961301, 38.893822], [-76.961531, 38.893907], [-76.961647, 38.893878], [-76.961721, 38.893814], [-76.961929, 38.893763], [-76.96218, 38.893592], [-76.96227, 38.893604], [-76.962322, 38.893707], [-76.962094, 38.894], [-76.962094, 38.894174], [-76.961984, 38.894434], [-76.961821, 38.894979], [-76.961745, 38.895507], [-76.961696, 38.895626], [-76.961462, 38.895896], [-76.961099, 38.896089], [-76.961196, 38.89636], [-76.961234, 38.896614], [-76.961153, 38.897333], [-76.961162, 38.897741], [-76.961221, 38.897874], [-76.961393, 38.897913], [-76.961379, 38.898002], [-76.961716, 38.897909], [-76.96173, 38.897856], [-76.961785, 38.897817], [-76.961902, 38.898149], [-76.961925, 38.898602], [-76.961796, 38.898758], [-76.961818, 38.898928], [-76.961728, 38.899037], [-76.961711, 38.89944], [-76.96163, 38.899714], [-76.961444, 38.90007], [-76.960475, 38.901246], [-76.960454, 38.901207], [-76.960349, 38.901172], [-76.96006, 38.90128], [-76.959824, 38.901228], [-76.958945, 38.90127], [-76.95888, 38.901241], [-76.958647, 38.901238], [-76.958507, 38.901301], [-76.95839, 38.901204], [-76.958171, 38.901201], [-76.958235, 38.901458], [-76.95832, 38.901514], [-76.958336, 38.901574], [-76.958469, 38.90163], [-76.958452, 38.901515], [-76.958551, 38.901523], [-76.958892, 38.901976], [-76.95922, 38.902107], [-76.959369, 38.902134], [-76.959391, 38.902172], [-76.95823, 38.903847], [-76.958245, 38.903945], [-76.958183, 38.903995], [-76.95813, 38.90423], [-76.958156, 38.90444], [-76.958093, 38.904663], [-76.958175, 38.904687], [-76.958197, 38.904746], [-76.958149, 38.904798], [-76.958136, 38.904881], [-76.958034, 38.904906], [-76.957957, 38.904819], [-76.957774, 38.904907], [-76.957679, 38.904988], [-76.957651, 38.905395], [-76.957773, 38.905575], [-76.957651, 38.905721], [-76.957508, 38.905717], [-76.957436, 38.905762], [-76.956996, 38.905556], [-76.956688, 38.905493], [-76.95654, 38.9055], [-76.956203, 38.905574], [-76.956053, 38.905638], [-76.955966, 38.905716], [-76.955969, 38.905785], [-76.955734, 38.905912], [-76.954933, 38.90613], [-76.954956, 38.906173], [-76.955079, 38.906143], [-76.955125, 38.906091], [-76.955196, 38.906104], [-76.955385, 38.90604], [-76.955535, 38.906037], [-76.955852, 38.90589], [-76.956068, 38.905745], [-76.956315, 38.905645], [-76.956729, 38.905588], [-76.956952, 38.905623], [-76.957146, 38.905787], [-76.957123, 38.90583], [-76.95729, 38.905966], [-76.957182, 38.90636], [-76.956557, 38.907354], [-76.95641, 38.907687], [-76.956331, 38.907986], [-76.955566, 38.908914], [-76.955304, 38.909142], [-76.955236, 38.909277], [-76.955133, 38.909358], [-76.95514, 38.909433], [-76.954024, 38.910779], [-76.953544, 38.911591], [-76.9534, 38.912257], [-76.953417, 38.912769], [-76.953393, 38.913339], [-76.953432, 38.913833], [-76.953395, 38.914001], [-76.952761, 38.914415], [-76.952556, 38.914494], [-76.951107, 38.914539], [-76.951046, 38.914129], [-76.951065, 38.913887], [-76.951126, 38.913761], [-76.951298, 38.913588], [-76.951335, 38.91336], [-76.951307, 38.913234], [-76.951178, 38.913065], [-76.951239, 38.912897], [-76.95117, 38.912883], [-76.951096, 38.912973], [-76.951041, 38.912957], [-76.950984, 38.91263], [-76.951037, 38.912456], [-76.951035, 38.912297], [-76.950925, 38.912107], [-76.950762, 38.911994], [-76.950733, 38.911871], [-76.950665, 38.911759], [-76.950446, 38.911639], [-76.950359, 38.911472], [-76.950199, 38.911423], [-76.949969, 38.911286], [-76.949355, 38.911145], [-76.949066, 38.910881], [-76.949073, 38.910797], [-76.948922, 38.910598], [-76.94858, 38.910433], [-76.94848, 38.910419], [-76.948272, 38.910589], [-76.948102, 38.910603], [-76.948026, 38.910561], [-76.947913, 38.91036], [-76.947921, 38.910441], [-76.947857, 38.910536], [-76.947678, 38.910506], [-76.947531, 38.910588], [-76.947415, 38.910565], [-76.947328, 38.910594], [-76.947252, 38.910523], [-76.947108, 38.910513], [-76.946946, 38.910598], [-76.946993, 38.910608], [-76.947092, 38.910541], [-76.947202, 38.910526], [-76.947262, 38.910565], [-76.947286, 38.91064], [-76.947602, 38.910647], [-76.947731, 38.91072], [-76.94779, 38.910655], [-76.947803, 38.910743], [-76.947948, 38.910784], [-76.94808, 38.910718], [-76.948109, 38.910783], [-76.948097, 38.910875], [-76.948241, 38.910968], [-76.948295, 38.91112], [-76.948292, 38.911363], [-76.948245, 38.911562], [-76.948323, 38.911631], [-76.948427, 38.911602], [-76.94836, 38.911405], [-76.948414, 38.911282], [-76.948574, 38.911206], [-76.948611, 38.911211], [-76.94862, 38.911307], [-76.948708, 38.911306], [-76.948776, 38.91142], [-76.949009, 38.911442], [-76.949112, 38.911416], [-76.949065, 38.911457], [-76.949129, 38.911489], [-76.949141, 38.91155], [-76.94907, 38.91176], [-76.948934, 38.911967], [-76.948723, 38.912027], [-76.948573, 38.911962], [-76.948399, 38.911961], [-76.948398, 38.912018], [-76.948317, 38.912083], [-76.947887, 38.912065], [-76.94747, 38.911971], [-76.94724, 38.911983], [-76.94675, 38.91219], [-76.946505, 38.912169], [-76.946465, 38.912102], [-76.946397, 38.912075], [-76.946389, 38.912024], [-76.946298, 38.911972], [-76.946313, 38.911921], [-76.946412, 38.911832], [-76.946363, 38.911727], [-76.946438, 38.911624], [-76.946339, 38.911715], [-76.946378, 38.911807], [-76.946268, 38.911944], [-76.946384, 38.912112], [-76.946387, 38.912171], [-76.946324, 38.912181], [-76.946132, 38.91211], [-76.946099, 38.912051], [-76.945939, 38.91195], [-76.945559, 38.911817], [-76.945482, 38.911813], [-76.945467, 38.91185], [-76.945611, 38.911933], [-76.945729, 38.911953], [-76.94579, 38.912016], [-76.945282, 38.911874], [-76.945174, 38.91168], [-76.944979, 38.911569], [-76.944847, 38.911548], [-76.944799, 38.911569], [-76.944563, 38.911497], [-76.9443, 38.911481], [-76.944234, 38.911382], [-76.944213, 38.911274], [-76.944331, 38.911137], [-76.94443, 38.911173], [-76.944401, 38.911275], [-76.944559, 38.91136], [-76.944642, 38.911362], [-76.944722, 38.911267], [-76.944679, 38.911221], [-76.944739, 38.9112], [-76.944707, 38.911139], [-76.944563, 38.911115], [-76.944473, 38.911139], [-76.944395, 38.91111], [-76.944503, 38.91101], [-76.944402, 38.910954], [-76.944354, 38.910851], [-76.944473, 38.910812], [-76.944556, 38.910699], [-76.944543, 38.910657], [-76.944486, 38.910739], [-76.944307, 38.910633], [-76.944297, 38.910668], [-76.944367, 38.910715], [-76.944375, 38.910768], [-76.944138, 38.910857], [-76.944063, 38.910926], [-76.944038, 38.911039], [-76.943943, 38.911171], [-76.943924, 38.91126], [-76.943971, 38.911308], [-76.943999, 38.911469], [-76.943798, 38.911446], [-76.943752, 38.911372], [-76.943675, 38.911332], [-76.94374, 38.911414], [-76.943698, 38.911465], [-76.94351, 38.911445], [-76.943476, 38.911521], [-76.943365, 38.911445], [-76.943394, 38.911432], [-76.943337, 38.911369], [-76.943335, 38.911219], [-76.943048, 38.910924], [-76.943107, 38.910851], [-76.943101, 38.91076], [-76.943054, 38.910717], [-76.942919, 38.910714], [-76.942724, 38.910773], [-76.94246, 38.910594], [-76.942209, 38.910556], [-76.941942, 38.910455], [-76.941907, 38.910517], [-76.941927, 38.910527], [-76.94231, 38.910626], [-76.942451, 38.910632], [-76.942713, 38.910803], [-76.942784, 38.910805], [-76.942916, 38.910739], [-76.942987, 38.910747], [-76.943071, 38.91086], [-76.943043, 38.910877], [-76.943008, 38.910851], [-76.943001, 38.910938], [-76.943153, 38.911112], [-76.943229, 38.911138], [-76.94322, 38.911166], [-76.94329, 38.91124], [-76.943281, 38.911406], [-76.943318, 38.911466], [-76.943516, 38.911562], [-76.943745, 38.911536], [-76.943694, 38.911671], [-76.943641, 38.911688], [-76.943522, 38.911825], [-76.943427, 38.911851], [-76.943532, 38.911838], [-76.943735, 38.911661], [-76.943774, 38.911543], [-76.943814, 38.911516], [-76.944046, 38.911561], [-76.944591, 38.911528], [-76.944815, 38.911649], [-76.945075, 38.911704], [-76.945181, 38.911915], [-76.945334, 38.911993], [-76.945253, 38.911996], [-76.94506, 38.91185], [-76.944925, 38.91183], [-76.94493, 38.911926], [-76.945004, 38.911939], [-76.945145, 38.912083], [-76.945372, 38.912083], [-76.945428, 38.912033], [-76.945517, 38.912091], [-76.945706, 38.9121], [-76.945792, 38.912212], [-76.945871, 38.912215], [-76.946113, 38.91238], [-76.946126, 38.912427], [-76.946218, 38.912445], [-76.946226, 38.912543], [-76.946289, 38.912606], [-76.946266, 38.912797], [-76.946138, 38.913121], [-76.945998, 38.913272], [-76.945675, 38.913367], [-76.94553, 38.913374], [-76.945516, 38.913428], [-76.945465, 38.913452], [-76.945357, 38.91342], [-76.94533, 38.913483], [-76.945135, 38.913534], [-76.945121, 38.913625], [-76.945071, 38.913659], [-76.945001, 38.913654], [-76.944953, 38.913551], [-76.945081, 38.913519], [-76.945127, 38.913365], [-76.94518, 38.91331], [-76.945276, 38.91329], [-76.945271, 38.913223], [-76.945361, 38.913214], [-76.945328, 38.913157], [-76.945212, 38.913153], [-76.945213, 38.913105], [-76.945143, 38.913072], [-76.945156, 38.912977], [-76.945071, 38.912956], [-76.945107, 38.912908], [-76.945054, 38.912869], [-76.945008, 38.912928], [-76.944907, 38.913449], [-76.94473, 38.913533], [-76.944719, 38.91358], [-76.944556, 38.91352], [-76.944472, 38.91345], [-76.944216, 38.913401], [-76.944158, 38.913423], [-76.943957, 38.91337], [-76.944006, 38.913407], [-76.94402, 38.913469], [-76.944105, 38.913458], [-76.944407, 38.913568], [-76.94453, 38.913559], [-76.944686, 38.91361], [-76.944665, 38.913657], [-76.94474, 38.913777], [-76.944709, 38.913822], [-76.944769, 38.913903], [-76.944744, 38.914009], [-76.944785, 38.914102], [-76.944818, 38.914135], [-76.944892, 38.914133], [-76.945047, 38.914241], [-76.944979, 38.914343], [-76.944864, 38.914368], [-76.944855, 38.914459], [-76.944731, 38.914539], [-76.944691, 38.914534], [-76.944551, 38.914281], [-76.94439, 38.914367], [-76.94437, 38.91446], [-76.944402, 38.914517], [-76.944158, 38.91451], [-76.943861, 38.914435], [-76.943714, 38.914343], [-76.94363, 38.914359], [-76.943523, 38.914314], [-76.94349, 38.914238], [-76.943461, 38.914296], [-76.943214, 38.914188], [-76.942743, 38.914133], [-76.942903, 38.914195], [-76.94294, 38.914247], [-76.942969, 38.914212], [-76.943036, 38.914214], [-76.943428, 38.91435], [-76.943458, 38.914398], [-76.943531, 38.914387], [-76.943522, 38.914424], [-76.943596, 38.914418], [-76.9437, 38.914514], [-76.943824, 38.914521], [-76.943811, 38.914557], [-76.943768, 38.914527], [-76.943729, 38.914542], [-76.943719, 38.914606], [-76.943616, 38.914747], [-76.9437, 38.914871], [-76.943974, 38.914815], [-76.944044, 38.914764], [-76.944035, 38.914702], [-76.944109, 38.914695], [-76.944168, 38.914625], [-76.944272, 38.914622], [-76.944303, 38.914776], [-76.944217, 38.914819], [-76.944198, 38.914874], [-76.944323, 38.914994], [-76.944377, 38.91497], [-76.944419, 38.914899], [-76.944557, 38.914858], [-76.944619, 38.914759], [-76.945189, 38.91435], [-76.945424, 38.914344], [-76.945783, 38.914402], [-76.946074, 38.914379], [-76.946306, 38.91432], [-76.946459, 38.914233], [-76.946677, 38.914211], [-76.946759, 38.914149], [-76.94685, 38.914157], [-76.946952, 38.91409], [-76.947056, 38.914084], [-76.947419, 38.913861], [-76.947802, 38.913843], [-76.948159, 38.913757], [-76.948405, 38.913755], [-76.948491, 38.913789], [-76.948874, 38.91382], [-76.949146, 38.913901], [-76.949443, 38.913916], [-76.94948, 38.91397], [-76.949753, 38.914068], [-76.949987, 38.914082], [-76.950251, 38.914048], [-76.950301, 38.914087], [-76.950713, 38.914009], [-76.950768, 38.914041], [-76.950804, 38.914135], [-76.950862, 38.91455], [-76.946808, 38.914691], [-76.94609, 38.914803], [-76.945091, 38.915422], [-76.944517, 38.915877], [-76.944119, 38.916149], [-76.943359, 38.91652], [-76.942949, 38.916553], [-76.940653, 38.916446], [-76.940199, 38.916472], [-76.939975, 38.916422], [-76.939697, 38.916415], [-76.93955, 38.916458], [-76.939282, 38.916463], [-76.939449, 38.916593], [-76.940173, 38.916626], [-76.94054, 38.916608], [-76.941307, 38.916685], [-76.942484, 38.91671], [-76.943089, 38.916765], [-76.943049, 38.916911], [-76.942895, 38.91708], [-76.942099, 38.917681], [-76.942014, 38.917798], [-76.941948, 38.917978], [-76.94161, 38.918282], [-76.942293, 38.918819], [-76.942341, 38.918717], [-76.942496, 38.91866], [-76.942769, 38.918332], [-76.94288, 38.91826], [-76.942997, 38.918258], [-76.943362, 38.917782], [-76.943586, 38.917548], [-76.944132, 38.917136], [-76.94427, 38.916989], [-76.944311, 38.916991], [-76.94434, 38.916898], [-76.94447, 38.916823], [-76.944505, 38.916762], [-76.944574, 38.916757], [-76.944779, 38.916636], [-76.944773, 38.916604], [-76.944731, 38.916596], [-76.945372, 38.916069], [-76.945711, 38.915849], [-76.946106, 38.915657], [-76.946946, 38.915418], [-76.947723, 38.915282], [-76.948087, 38.915259], [-76.948504, 38.91528], [-76.948806, 38.915257], [-76.949355, 38.915307], [-76.94995, 38.915311], [-76.949976, 38.915389], [-76.950044, 38.915323], [-76.950228, 38.915293], [-76.951143, 38.915288], [-76.951127, 38.915352], [-76.951154, 38.915368], [-76.951516, 38.915357], [-76.951617, 38.915316], [-76.952149, 38.915313], [-76.952703, 38.915203], [-76.953305, 38.915009], [-76.953427, 38.914917], [-76.953606, 38.914905], [-76.95384, 38.914634], [-76.953955, 38.914378], [-76.954097, 38.913272], [-76.95438, 38.912245], [-76.95466, 38.911609], [-76.955096, 38.910907], [-76.955163, 38.910876], [-76.955266, 38.910759], [-76.95527, 38.910646], [-76.955338, 38.910647], [-76.9554, 38.910585], [-76.955704, 38.91022], [-76.955783, 38.910071], [-76.955945, 38.909941], [-76.955942, 38.909887], [-76.955997, 38.909857], [-76.956085, 38.909711], [-76.956262, 38.909532], [-76.956259, 38.90947], [-76.95631, 38.909384], [-76.956482, 38.909302], [-76.95654, 38.909153], [-76.956814, 38.90886], [-76.95714, 38.908412], [-76.957391, 38.908231], [-76.95749, 38.908227], [-76.957845, 38.908405], [-76.958337, 38.908555], [-76.958398, 38.908565], [-76.95843, 38.908521], [-76.958591, 38.90864], [-76.958913, 38.908795], [-76.959714, 38.909022], [-76.959967, 38.909172], [-76.960147, 38.909234], [-76.960208, 38.909292], [-76.960922, 38.909552], [-76.961061, 38.909536], [-76.961261, 38.909442], [-76.961451, 38.909422], [-76.961607, 38.909654], [-76.962018, 38.910064], [-76.962243, 38.910526], [-76.962543, 38.910815], [-76.963033, 38.911029], [-76.963522, 38.911193], [-76.963783, 38.911419], [-76.964361, 38.911655], [-76.964519, 38.911784], [-76.964583, 38.911782], [-76.965058, 38.912011], [-76.965174, 38.912109], [-76.965388, 38.912398], [-76.965491, 38.912385], [-76.965456, 38.912311], [-76.965318, 38.912265], [-76.965225, 38.912127], [-76.965089, 38.91201], [-76.964872, 38.911903], [-76.964755, 38.911799], [-76.963769, 38.911358], [-76.963466, 38.91114], [-76.963092, 38.910978], [-76.962988, 38.910966], [-76.962879, 38.910874], [-76.962702, 38.910824], [-76.96249, 38.910699], [-76.962258, 38.910457], [-76.962089, 38.910062], [-76.961694, 38.909646], [-76.961589, 38.90947], [-76.961488, 38.909374], [-76.961317, 38.909363], [-76.960961, 38.909499], [-76.960692, 38.909406], [-76.960627, 38.909418], [-76.960583, 38.90937], [-76.959587, 38.908903], [-76.958968, 38.908711], [-76.957757, 38.908218], [-76.95759, 38.908127], [-76.957554, 38.908038], [-76.957643, 38.907784], [-76.957821, 38.907518], [-76.957922, 38.907448], [-76.958633, 38.907566], [-76.95865, 38.907633], [-76.958549, 38.907692], [-76.958596, 38.907801], [-76.95884, 38.907595], [-76.958871, 38.907637], [-76.958927, 38.90761], [-76.959037, 38.907682], [-76.959195, 38.907715], [-76.959312, 38.907812], [-76.959284, 38.907856], [-76.95941, 38.907998], [-76.960102, 38.907994], [-76.960263, 38.907901], [-76.960702, 38.9078], [-76.960847, 38.907798], [-76.96091, 38.907691], [-76.961039, 38.907669], [-76.961046, 38.907588], [-76.961145, 38.907594], [-76.961235, 38.90751], [-76.96127, 38.907532], [-76.961259, 38.907588], [-76.961291, 38.907588], [-76.961396, 38.90749], [-76.961399, 38.907391], [-76.961498, 38.907414], [-76.962021, 38.907149], [-76.962047, 38.907096], [-76.962167, 38.907009], [-76.962155, 38.90687], [-76.96223, 38.9069], [-76.962319, 38.906818], [-76.962429, 38.906561], [-76.962508, 38.906499], [-76.962524, 38.906391], [-76.962574, 38.906374], [-76.962704, 38.906154], [-76.962777, 38.90615], [-76.962809, 38.906058], [-76.962908, 38.906029], [-76.963047, 38.9059], [-76.963101, 38.905891], [-76.963116, 38.905817], [-76.963241, 38.905755], [-76.963346, 38.905543], [-76.96338, 38.905393], [-76.963397, 38.905094], [-76.963439, 38.905051], [-76.963393, 38.905011], [-76.963457, 38.904949], [-76.963584, 38.904503], [-76.963651, 38.904452], [-76.963674, 38.904288], [-76.963866, 38.904206], [-76.963902, 38.904037], [-76.963969, 38.904006], [-76.964102, 38.90385], [-76.964143, 38.903847], [-76.964177, 38.903921], [-76.96422, 38.90387], [-76.964293, 38.903875], [-76.964439, 38.903822], [-76.96452, 38.903853], [-76.964689, 38.903804], [-76.964788, 38.903761], [-76.964728, 38.903698], [-76.964741, 38.903657], [-76.964885, 38.903729], [-76.96497, 38.903736], [-76.964985, 38.903685], [-76.964828, 38.903603], [-76.964816, 38.903544], [-76.964923, 38.903463], [-76.96507, 38.903522], [-76.965293, 38.903381], [-76.965317, 38.903339], [-76.965297, 38.9033], [-76.965388, 38.903165], [-76.965358, 38.90311], [-76.965447, 38.903071], [-76.965427, 38.902974], [-76.96555, 38.902931], [-76.965505, 38.902882], [-76.965556, 38.902796], [-76.965453, 38.902746], [-76.965454, 38.902714], [-76.965601, 38.902397], [-76.965907, 38.901403], [-76.966072, 38.901249], [-76.966065, 38.90106], [-76.966202, 38.901023], [-76.966206, 38.90093], [-76.966303, 38.900674], [-76.966294, 38.900508], [-76.96636, 38.900165], [-76.966366, 38.899931], [-76.966309, 38.899386], [-76.966179, 38.898886], [-76.966191, 38.898713], [-76.966122, 38.898471], [-76.966186, 38.898411], [-76.966118, 38.898343], [-76.966147, 38.898238], [-76.966115, 38.898014], [-76.966125, 38.897776], [-76.966069, 38.897718], [-76.965813, 38.897673], [-76.965741, 38.897593], [-76.965713, 38.897537], [-76.965769, 38.897214], [-76.965811, 38.897156], [-76.966178, 38.897181], [-76.966283, 38.8971], [-76.966247, 38.896843], [-76.966317, 38.896741], [-76.966467, 38.896264], [-76.966649, 38.895943], [-76.966686, 38.895774], [-76.966775, 38.895595], [-76.967293, 38.894902], [-76.967581, 38.894632], [-76.967666, 38.894433], [-76.967623, 38.894386], [-76.967625, 38.894292], [-76.967954, 38.89403], [-76.967958, 38.893927], [-76.967918, 38.893817], [-76.968042, 38.893678], [-76.968227, 38.893632], [-76.968441, 38.893451], [-76.968677, 38.893419], [-76.968612, 38.893367], [-76.968604, 38.893298], [-76.96865, 38.893165], [-76.968764, 38.893098], [-76.968702, 38.893017], [-76.968789, 38.892863], [-76.968778, 38.892795], [-76.968818, 38.892689], [-76.968796, 38.892623], [-76.968654, 38.892596], [-76.968557, 38.892503], [-76.968475, 38.892196], [-76.968429, 38.892128], [-76.968427, 38.892004], [-76.968499, 38.891941], [-76.968509, 38.891863], [-76.968565, 38.891846], [-76.968564, 38.891723], [-76.968449, 38.891644], [-76.968359, 38.891493], [-76.968227, 38.891393], [-76.968126, 38.891384], [-76.968122, 38.891334], [-76.967743, 38.890769], [-76.96778, 38.890696], [-76.967687, 38.890565], [-76.967465, 38.890445], [-76.967443, 38.890373], [-76.967478, 38.890242], [-76.967414, 38.89002], [-76.967411, 38.889671], [-76.967464, 38.889428], [-76.968214, 38.887902], [-76.968252, 38.887832], [-76.968323, 38.887805], [-76.968301, 38.88776], [-76.968363, 38.88769], [-76.968479, 38.887436], [-76.968539, 38.887166], [-76.968957, 38.8863], [-76.969068, 38.886216], [-76.969037, 38.886167], [-76.96911, 38.886125], [-76.969216, 38.885889], [-76.969397, 38.885636], [-76.969727, 38.885363], [-76.969846, 38.885215], [-76.969947, 38.885215], [-76.969892, 38.885153], [-76.970057, 38.884937], [-76.970139, 38.88463], [-76.970109, 38.884464], [-76.969988, 38.884372], [-76.96994, 38.884403], [-76.96996, 38.884375], [-76.969904, 38.884229], [-76.969876, 38.884235], [-76.969881, 38.884184], [-76.969825, 38.884155], [-76.969888, 38.884177], [-76.969914, 38.884225], [-76.969966, 38.884214], [-76.969971, 38.884119], [-76.969965, 38.884196], [-76.970075, 38.884209], [-76.970114, 38.884115], [-76.970221, 38.883998], [-76.970353, 38.883976], [-76.9705, 38.88388], [-76.970628, 38.883854], [-76.971708, 38.88221], [-76.97195, 38.881792], [-76.972077, 38.881675], [-76.972179, 38.881465], [-76.972279, 38.881362], [-76.97283, 38.880536], [-76.973048, 38.880278], [-76.973065, 38.880143], [-76.973307, 38.879947], [-76.973245, 38.879827], [-76.973352, 38.879741], [-76.973375, 38.87965], [-76.973464, 38.879531], [-76.973574, 38.879471], [-76.974033, 38.879054], [-76.974338, 38.878884], [-76.974676, 38.878744], [-76.974859, 38.878723], [-76.974855, 38.878698], [-76.979535, 38.877501], [-76.980758, 38.877227], [-76.982949, 38.876555], [-76.985347, 38.875569], [-76.985383, 38.875522], [-76.986994, 38.874663], [-76.987127, 38.874805], [-76.987177, 38.874777], [-76.987038, 38.874632], [-76.987252, 38.874535], [-76.987373, 38.874432], [-76.990573, 38.872538], [-76.990741, 38.872402], [-76.990841, 38.872108], [-76.991065, 38.872002], [-76.991261, 38.872128], [-76.992757, 38.871241], [-76.994077, 38.871562], [-76.994089, 38.872565], [-76.994112, 38.872671], [-76.994247, 38.872671], [-76.994268, 38.872617], [-76.994283, 38.871643], [-76.994604, 38.871696], [-76.998173, 38.872607], [-76.998809, 38.87274], [-77.000353, 38.872889], [-77.001853, 38.872696], [-77.001881, 38.87277], [-77.001763, 38.872796], [-77.001849, 38.873024], [-77.002125, 38.873023], [-77.002127, 38.872714], [-77.002675, 38.872588], [-77.002803, 38.872954], [-77.003098, 38.872852], [-77.003099, 38.873166], [-77.003247, 38.873166], [-77.003242, 38.872794], [-77.004632, 38.872265], [-77.004611, 38.872072], [-77.004634, 38.871996], [-77.004853, 38.871852], [-77.005196, 38.871757], [-77.005522, 38.871548], [-77.005927, 38.871388], [-77.005941, 38.871162], [-77.006529, 38.870769], [-77.007321, 38.869693], [-77.007371, 38.869706], [-77.007435, 38.869596], [-77.007411, 38.869464], [-77.007489, 38.869024], [-77.007818, 38.868755], [-77.007948, 38.868364], [-77.008065, 38.868315], [-77.007945, 38.868259], [-77.007899, 38.8682], [-77.00798, 38.867977], [-77.0082, 38.867991], [-77.008425, 38.867962], [-77.008892, 38.86728], [-77.008939, 38.867251], [-77.008951, 38.867148], [-77.009163, 38.866895], [-77.009507, 38.866364], [-77.009653, 38.866126], [-77.009709, 38.865957], [-77.009944, 38.865927], [-77.010112, 38.865802], [-77.010132, 38.865684], [-77.010215, 38.865512], [-77.010143, 38.865483], [-77.010348, 38.865174], [-77.010396, 38.865194], [-77.01044, 38.865151], [-77.010797, 38.864623], [-77.010858, 38.86436], [-77.010948, 38.864235], [-77.011459, 38.863937], [-77.011511, 38.863877], [-77.01149, 38.86385], [-77.011576, 38.863789], [-77.012045, 38.863586], [-77.012198, 38.863554], [-77.012416, 38.863577], [-77.013043, 38.863489], [-77.013637, 38.863513], [-77.013774, 38.863547], [-77.013774, 38.863572], [-77.013877, 38.863574], [-77.014352, 38.863978], [-77.014648, 38.863985], [-77.014644, 38.864091], [-77.01533, 38.864103], [-77.015335, 38.862107], [-77.015681, 38.862018], [-77.015838, 38.861889], [-77.016768, 38.861416], [-77.017555, 38.861168], [-77.017744, 38.861141], [-77.018003, 38.861153], [-77.018392, 38.861292], [-77.018609, 38.861518], [-77.018671, 38.861782], [-77.018676, 38.870167], [-77.019116, 38.871787], [-77.019284, 38.87189], [-77.019392, 38.871856], [-77.020532, 38.873979], [-77.020596, 38.873957], [-77.021188, 38.873308], [-77.021262, 38.873311], [-77.021363, 38.873494], [-77.021358, 38.87357], [-77.0207, 38.874295], [-77.021002, 38.874862], [-77.021162, 38.874808], [-77.021648, 38.874272], [-77.021699, 38.874265], [-77.021736, 38.874307], [-77.021766, 38.874403], [-77.021198, 38.87505], [-77.021117, 38.87508], [-77.021663, 38.876056], [-77.021883, 38.876514], [-77.024863, 38.878845], [-77.024975, 38.878758], [-77.025224, 38.878953], [-77.025111, 38.879041], [-77.026681, 38.880283], [-77.026764, 38.880312], [-77.026805, 38.880382], [-77.027531, 38.880951], [-77.027795, 38.88074], [-77.02797, 38.880841], [-77.027718, 38.881037], [-77.027933, 38.881206], [-77.027898, 38.881166], [-77.027966, 38.881111], [-77.027875, 38.881085], [-77.027986, 38.880997], [-77.028078, 38.881091], [-77.028097, 38.881076], [-77.027965, 38.880972], [-77.028098, 38.880874], [-77.028214, 38.880982], [-77.028408, 38.881068], [-77.028517, 38.88117], [-77.028404, 38.881257], [-77.028349, 38.881213], [-77.028296, 38.881254], [-77.028223, 38.881201], [-77.028404, 38.881341], [-77.028284, 38.881436], [-77.028251, 38.881442], [-77.028161, 38.881372], [-77.028132, 38.881395], [-77.02806, 38.881339], [-77.027995, 38.881388], [-77.028516, 38.881796], [-77.029436, 38.88205], [-77.029629, 38.881656], [-77.029934, 38.88178], [-77.02971, 38.882299], [-77.030701, 38.882564], [-77.030733, 38.882508], [-77.031255, 38.882648], [-77.031298, 38.88255], [-77.031562, 38.882621], [-77.031821, 38.882528], [-77.031933, 38.882636], [-77.032277, 38.882615], [-77.032595, 38.882765], [-77.032871, 38.882822], [-77.03307, 38.882942], [-77.033061, 38.88299], [-77.033352, 38.883529], [-77.03364, 38.883991], [-77.033989, 38.884365], [-77.034342, 38.884638], [-77.034665, 38.884796], [-77.035087, 38.884938], [-77.035404, 38.884974], [-77.036156, 38.884966], [-77.036315, 38.885003], [-77.036484, 38.885094], [-77.036622, 38.885219], [-77.036729, 38.885377], [-77.036935, 38.885889], [-77.037075, 38.886102], [-77.037485, 38.88647], [-77.037823, 38.886601], [-77.038101, 38.886807], [-77.038103, 38.88707], [-77.037877, 38.88718], [-77.037787, 38.887289], [-77.03778, 38.887401], [-77.037827, 38.887493], [-77.037921, 38.887564], [-77.03811, 38.887635], [-77.038721, 38.887795], [-77.038751, 38.887826], [-77.038747, 38.887879], [-77.039521, 38.887937], [-77.04022, 38.887865], [-77.04021, 38.887816], [-77.040248, 38.887779], [-77.040674, 38.887658], [-77.041099, 38.887467], [-77.041158, 38.88735], [-77.041154, 38.887265], [-77.041056, 38.887161], [-77.04087, 38.887076], [-77.040853, 38.886843], [-77.040944, 38.886636], [-77.04113, 38.886487], [-77.041451, 38.886399], [-77.042349, 38.886407], [-77.042904, 38.886378], [-77.043532, 38.886253], [-77.043828, 38.886127], [-77.044153, 38.885907], [-77.04437, 38.885677], [-77.044517, 38.885431], [-77.044554, 38.885193], [-77.044476, 38.8849], [-77.044294, 38.884611], [-77.044039, 38.884356], [-77.043719, 38.884138], [-77.043383, 38.883965], [-77.042425, 38.883654], [-77.041872, 38.88341], [-77.041481, 38.883139], [-77.041259, 38.88287], [-77.041109, 38.882476], [-77.041147, 38.882472], [-77.040991, 38.881798], [-77.040889, 38.881563], [-77.040561, 38.881076], [-77.04044, 38.8804], [-77.040413, 38.880388], [-77.040694, 38.880113], [-77.040971, 38.879996], [-77.041409, 38.879938], [-77.041628, 38.880041], [-77.042958, 38.880887], [-77.044736, 38.882086], [-77.046218, 38.883207], [-77.046398, 38.883315], [-77.049259, 38.885453], [-77.049239, 38.885468], [-77.051225, 38.887043], [-77.052057, 38.887764], [-77.052504, 38.888277], [-77.052698, 38.888598], [-77.052806, 38.888865], [-77.05286, 38.889138], [-77.052855, 38.889448], [-77.052765, 38.889803], [-77.05268, 38.889986], [-77.053485, 38.890358], [-77.054123, 38.890796], [-77.054591, 38.891262], [-77.054996, 38.891847], [-77.055072, 38.891873], [-77.055441, 38.891873], [-77.055506, 38.892098], [-77.055442, 38.892308], [-77.055555, 38.892398], [-77.055826, 38.892819], [-77.056609, 38.894649], [-77.056683, 38.895041], [-77.056709, 38.895439], [-77.056702, 38.89651], [-77.056629, 38.898449], [-77.056663, 38.898632], [-77.05713, 38.899047], [-77.057153, 38.899035], [-77.057367, 38.899303], [-77.057349, 38.899329], [-77.057398, 38.899381], [-77.057279, 38.899458], [-77.057215, 38.89965], [-77.057187, 38.900096], [-77.057287, 38.900342], [-77.057428, 38.900477], [-77.057564, 38.900542], [-77.057621, 38.900615], [-77.058155, 38.900945], [-77.058278, 38.901054], [-77.058378, 38.901282], [-77.058339, 38.901514], [-77.058278, 38.901563], [-77.058077, 38.901976], [-77.057754, 38.902306], [-77.057428, 38.902809], [-77.057051, 38.903247], [-77.056866, 38.90358], [-77.05647, 38.903869], [-77.056275, 38.904055], [-77.056061, 38.904325], [-77.055865, 38.904647], [-77.055586, 38.904956], [-77.05535, 38.905347], [-77.05517, 38.905564], [-77.05477, 38.906287], [-77.054699, 38.906482], [-77.054655, 38.906519], [-77.054335, 38.907359], [-77.053878, 38.907942], [-77.053667, 38.908117], [-77.053512, 38.908399], [-77.052993, 38.908728], [-77.052729, 38.908797], [-77.052041, 38.908769], [-77.05169, 38.908712], [-77.051464, 38.908619], [-77.05143, 38.90867], [-77.051456, 38.908708], [-77.051428, 38.908723], [-77.051242, 38.90874], [-77.050647, 38.908895], [-77.050258, 38.909115], [-77.050058, 38.909304], [-77.049938, 38.909521], [-77.049934, 38.90972], [-77.050043, 38.90986], [-77.050156, 38.909893], [-77.050314, 38.909996], [-77.050387, 38.910165], [-77.050602, 38.910256], [-77.050791, 38.910476], [-77.051111, 38.910747], [-77.051195, 38.91087], [-77.051619, 38.911306], [-77.052538, 38.912019], [-77.053014, 38.912248], [-77.054444, 38.912685], [-77.055135, 38.912952], [-77.055505, 38.913372], [-77.055756, 38.913577], [-77.055916, 38.91364], [-77.056075, 38.913748], [-77.05623, 38.913957], [-77.056602, 38.914127], [-77.057332, 38.914552], [-77.058115, 38.915126], [-77.058443, 38.91541], [-77.058692, 38.915454], [-77.058759, 38.915502], [-77.058815, 38.915723], [-77.058818, 38.91607], [-77.058785, 38.916146], [-77.058808, 38.91623], [-77.058601, 38.917079], [-77.058311, 38.9176], [-77.05794, 38.917919], [-77.05788, 38.918018], [-77.05761, 38.918203], [-77.057392, 38.918317], [-77.05722, 38.91831], [-77.055993, 38.918665], [-77.055561, 38.918824], [-77.055244, 38.919009], [-77.055189, 38.918999], [-77.055201, 38.919032], [-77.055144, 38.91908], [-77.054923, 38.91949], [-77.054885, 38.919631], [-77.054719, 38.919808], [-77.054581, 38.919879], [-77.054394, 38.919864], [-77.054121, 38.919929], [-77.054091, 38.919976], [-77.053862, 38.920037], [-77.053786, 38.92], [-77.053295, 38.920063], [-77.053127, 38.920015], [-77.052788, 38.919809], [-77.05241, 38.919675], [-77.052149, 38.919537], [-77.051991, 38.919505], [-77.051672, 38.919563], [-77.051102, 38.919777], [-77.050822, 38.920011], [-77.05066, 38.920385], [-77.050502, 38.920654], [-77.050255, 38.920894], [-77.049936, 38.921402], [-77.049803, 38.921556], [-77.049395, 38.921887], [-77.048863, 38.922188], [-77.048674, 38.922355], [-77.048491, 38.922665], [-77.048452, 38.922854], [-77.048458, 38.92322], [-77.048551, 38.923908], [-77.048514, 38.924203], [-77.048551, 38.924204], [-77.04858, 38.924249], [-77.048582, 38.924365], [-77.048829, 38.925028], [-77.049208, 38.925457], [-77.049278, 38.925498], [-77.049394, 38.925671], [-77.049466, 38.926125], [-77.049437, 38.926167], [-77.049469, 38.926253], [-77.049467, 38.926489], [-77.049546, 38.926848], [-77.049609, 38.926971], [-77.049632, 38.926889], [-77.049713, 38.927057], [-77.049751, 38.92726], [-77.049752, 38.92763], [-77.04977, 38.927672], [-77.0498, 38.927662], [-77.04977, 38.927863], [-77.049654, 38.928048], [-77.049431, 38.928093], [-77.04907, 38.928015], [-77.048892, 38.927892], [-77.048843, 38.9278], [-77.047962, 38.927149], [-77.047951, 38.927098], [-77.047571, 38.926905], [-77.047398, 38.926864], [-77.04723, 38.926746], [-77.046972, 38.926505], [-77.046861, 38.926267], [-77.04666, 38.926067], [-77.046381, 38.925928], [-77.046206, 38.92591], [-77.045999, 38.925948], [-77.045356, 38.92626], [-77.044841, 38.926621], [-77.044681, 38.926905], [-77.04464, 38.927032], [-77.044645, 38.927417], [-77.044588, 38.927619], [-77.044507, 38.927762], [-77.044521, 38.927814], [-77.044469, 38.927932], [-77.044489, 38.928102], [-77.044427, 38.928315], [-77.044586, 38.928796], [-77.044848, 38.929089], [-77.044965, 38.929157], [-77.045006, 38.929241], [-77.045124, 38.929264], [-77.045185, 38.92931], [-77.04563, 38.92986], [-77.045737, 38.929908], [-77.045748, 38.929965], [-77.045872, 38.930104], [-77.045877, 38.93017], [-77.046029, 38.930392], [-77.046452, 38.930846], [-77.046668, 38.93113], [-77.046855, 38.931286], [-77.046972, 38.931432], [-77.047084, 38.931498], [-77.04712, 38.931469], [-77.047187, 38.931571], [-77.047287, 38.931626], [-77.047357, 38.931619], [-77.047407, 38.931687], [-77.047851, 38.931846], [-77.049535, 38.932285], [-77.049832, 38.932327], [-77.050283, 38.93225], [-77.050461, 38.932303], [-77.050564, 38.932514], [-77.050721, 38.932631], [-77.050795, 38.932744], [-77.050736, 38.932921], [-77.050533, 38.933134], [-77.04962, 38.933665], [-77.049243, 38.933796], [-77.049029, 38.934005], [-77.048795, 38.934095], [-77.048754, 38.93424], [-77.04855, 38.934457], [-77.048577, 38.934467], [-77.048473, 38.93452], [-77.048533, 38.934565], [-77.048472, 38.93464], [-77.048353, 38.934664], [-77.048224, 38.934765], [-77.048152, 38.934771], [-77.047802, 38.935114], [-77.04707, 38.935425], [-77.046721, 38.935619], [-77.046629, 38.935718], [-77.046521, 38.935751], [-77.046481, 38.935724], [-77.046383, 38.935796], [-77.046351, 38.935773], [-77.046167, 38.935781], [-77.045843, 38.935893], [-77.045501, 38.936134], [-77.04525, 38.936103], [-77.044884, 38.936148], [-77.04471, 38.936155], [-77.044633, 38.936124], [-77.044362, 38.936147], [-77.044246, 38.936094], [-77.044073, 38.936121], [-77.043588, 38.936073], [-77.043448, 38.93611], [-77.043305, 38.936076], [-77.043256, 38.936085], [-77.043228, 38.936136], [-77.043045, 38.936124], [-77.042855, 38.936218], [-77.042804, 38.93619], [-77.042683, 38.936222], [-77.042302, 38.936228], [-77.041965, 38.936288], [-77.041897, 38.936249], [-77.041748, 38.936231], [-77.041628, 38.936269], [-77.041557, 38.936248], [-77.041528, 38.936291], [-77.04145, 38.936243], [-77.041352, 38.936253], [-77.040959, 38.93638], [-77.040798, 38.936526], [-77.040801, 38.936596], [-77.040737, 38.9367], [-77.040635, 38.936708], [-77.040486, 38.936823], [-77.040239, 38.936863], [-77.039985, 38.936975], [-77.039356, 38.93714], [-77.039064, 38.937163], [-77.038999, 38.937228], [-77.038918, 38.937214], [-77.038763, 38.937286], [-77.038574, 38.937458], [-77.038606, 38.937515], [-77.038309, 38.937685], [-77.038361, 38.937727], [-77.038614, 38.937584], [-77.038651, 38.937499], [-77.0389, 38.937307], [-77.039081, 38.937287], [-77.039372, 38.937204], [-77.039494, 38.93711], [-77.040451, 38.936868], [-77.040729, 38.936727], [-77.04084, 38.936606], [-77.040853, 38.936546], [-77.040998, 38.936408], [-77.041139, 38.936351], [-77.041739, 38.93625], [-77.041768, 38.936287], [-77.041895, 38.936302], [-77.042065, 38.936268], [-77.042189, 38.936299], [-77.042264, 38.936246], [-77.042588, 38.936271], [-77.043568, 38.936102], [-77.043677, 38.936135], [-77.043744, 38.93611], [-77.043788, 38.936139], [-77.043885, 38.936111], [-77.044107, 38.936138], [-77.044222, 38.936122], [-77.044345, 38.936161], [-77.04505, 38.936196], [-77.045365, 38.936158], [-77.045407, 38.93612], [-77.045424, 38.936153], [-77.045472, 38.936151], [-77.045573, 38.936131], [-77.045846, 38.935907], [-77.046173, 38.935854], [-77.046201, 38.935803], [-77.046376, 38.93581], [-77.046601, 38.93575], [-77.047061, 38.935523], [-77.047205, 38.935399], [-77.047409, 38.935403], [-77.047769, 38.935292], [-77.047794, 38.935327], [-77.047723, 38.935625], [-77.047724, 38.935892], [-77.047774, 38.936168], [-77.047783, 38.93658], [-77.047752, 38.936744], [-77.047803, 38.936987], [-77.047969, 38.937172], [-77.048223, 38.937293], [-77.049038, 38.937402], [-77.049163, 38.937343], [-77.049828, 38.93726], [-77.049897, 38.93721], [-77.050058, 38.937194], [-77.050184, 38.93726], [-77.050387, 38.937292], [-77.05066, 38.937384], [-77.050937, 38.937406], [-77.051215, 38.937512], [-77.051459, 38.937523], [-77.05168, 38.937584], [-77.051962, 38.937796], [-77.05201, 38.937863], [-77.05202, 38.937949], [-77.051985, 38.938267], [-77.051726, 38.938845], [-77.051636, 38.93922], [-77.051557, 38.939343], [-77.051589, 38.939542], [-77.05134, 38.939888], [-77.051233, 38.940112], [-77.051177, 38.940159], [-77.051149, 38.940266], [-77.051026, 38.940391], [-77.051112, 38.940415], [-77.05108, 38.940475], [-77.051198, 38.940753], [-77.05122, 38.94105], [-77.051281, 38.941186], [-77.051208, 38.941283], [-77.051211, 38.941341], [-77.051083, 38.941575], [-77.051087, 38.941643], [-77.050849, 38.942048], [-77.050685, 38.942295], [-77.050393, 38.942602], [-77.050055, 38.943039], [-77.04987, 38.943341], [-77.049875, 38.943449], [-77.049789, 38.943495], [-77.049706, 38.943488], [-77.049449, 38.943835], [-77.04936, 38.94403], [-77.049186, 38.944218], [-77.048827, 38.944431], [-77.048351, 38.944809], [-77.048292, 38.94497], [-77.048256, 38.944953], [-77.048219, 38.944976], [-77.048193, 38.945096], [-77.048106, 38.945181], [-77.048012, 38.945482], [-77.047912, 38.945573], [-77.047488, 38.945677], [-77.047028, 38.94566], [-77.04652, 38.945542], [-77.046449, 38.945484], [-77.046351, 38.945498], [-77.046353, 38.945449], [-77.046211, 38.945376], [-77.046076, 38.945353], [-77.045932, 38.945394], [-77.04579, 38.9456], [-77.045561, 38.945734], [-77.045596, 38.945827], [-77.045553, 38.945964], [-77.045327, 38.946311], [-77.045334, 38.94649], [-77.045197, 38.946767], [-77.045165, 38.946772], [-77.045118, 38.946703], [-77.045163, 38.946659], [-77.045025, 38.946723], [-77.045041, 38.946773], [-77.045144, 38.946799], [-77.045151, 38.946828], [-77.044928, 38.946906], [-77.044756, 38.947037], [-77.044742, 38.947105], [-77.044444, 38.947393], [-77.044418, 38.947503], [-77.044209, 38.947709], [-77.044078, 38.947762], [-77.044, 38.947883], [-77.043942, 38.948111], [-77.043891, 38.948195], [-77.044065, 38.948387], [-77.044066, 38.948485], [-77.04418, 38.948528], [-77.044179, 38.948564], [-77.044253, 38.948609], [-77.044412, 38.948624], [-77.044546, 38.948689], [-77.044574, 38.948666], [-77.044633, 38.948665], [-77.044627, 38.948693], [-77.044753, 38.948679], [-77.044893, 38.948616], [-77.045044, 38.948411], [-77.045062, 38.948295], [-77.045132, 38.948244], [-77.045146, 38.948079], [-77.045179, 38.94803], [-77.045394, 38.947858], [-77.045546, 38.947808], [-77.045712, 38.94781], [-77.045962, 38.947898], [-77.046056, 38.94789], [-77.046113, 38.94799], [-77.04627, 38.948061], [-77.046249, 38.948087], [-77.046627, 38.948237], [-77.04684, 38.948271], [-77.046905, 38.948319], [-77.04692, 38.9484], [-77.046865, 38.948774], [-77.046792, 38.948833], [-77.046791, 38.94903], [-77.047022, 38.949619], [-77.046988, 38.949728], [-77.046725, 38.949981], [-77.046433, 38.95005], [-77.045912, 38.950352], [-77.045698, 38.950419], [-77.045492, 38.950587], [-77.045317, 38.950801], [-77.045, 38.951086], [-77.0448, 38.951494], [-77.044833, 38.951766], [-77.044799, 38.951866], [-77.044216, 38.952667], [-77.044027, 38.952855], [-77.043872, 38.95296], [-77.043747, 38.953176], [-77.043634, 38.953227], [-77.043424, 38.953397], [-77.043241, 38.953624], [-77.043241, 38.953667], [-77.043091, 38.953719], [-77.043087, 38.953789], [-77.042941, 38.953856], [-77.042917, 38.953897], [-77.042947, 38.95398], [-77.042868, 38.954005], [-77.042721, 38.954151], [-77.042607, 38.954155], [-77.042582, 38.954216], [-77.04245, 38.95426], [-77.042348, 38.954256], [-77.042062, 38.954513], [-77.042044, 38.954656], [-77.041994, 38.954752], [-77.041989, 38.954907], [-77.042033, 38.955004], [-77.041995, 38.955076], [-77.042021, 38.955154], [-77.041978, 38.955243], [-77.042034, 38.95546], [-77.042137, 38.95563], [-77.042104, 38.955751], [-77.042177, 38.955803], [-77.04227, 38.956096], [-77.042247, 38.956312], [-77.042191, 38.956392], [-77.042033, 38.956889], [-77.042044, 38.957002], [-77.042094, 38.957011], [-77.042107, 38.957064], [-77.042067, 38.957117], [-77.042098, 38.957346], [-77.042068, 38.957497], [-77.04213, 38.957526], [-77.042115, 38.957648], [-77.042007, 38.95785], [-77.041833, 38.957993], [-77.041759, 38.958109], [-77.041458, 38.958278], [-77.041413, 38.958278], [-77.041198, 38.95847], [-77.040998, 38.958958], [-77.040831, 38.959102], [-77.04074, 38.95914], [-77.040474, 38.95945], [-77.040412, 38.959636], [-77.040613, 38.959962], [-77.040712, 38.960051], [-77.04085, 38.960063], [-77.041153, 38.960157], [-77.041215, 38.960135], [-77.04112, 38.96012], [-77.041219, 38.96009], [-77.041343, 38.960127], [-77.041441, 38.960109], [-77.041639, 38.960196], [-77.041717, 38.960304], [-77.041744, 38.960482], [-77.041723, 38.960552], [-77.041805, 38.960803], [-77.041631, 38.961373], [-77.041619, 38.961556], [-77.04163, 38.961666], [-77.041672, 38.96171], [-77.041659, 38.961758], [-77.041589, 38.961814], [-77.04111, 38.961898], [-77.040645, 38.962044], [-77.040476, 38.962177], [-77.040267, 38.962208], [-77.040154, 38.962278], [-77.039952, 38.962327], [-77.039813, 38.962398], [-77.039613, 38.962561], [-77.03952, 38.962746], [-77.039458, 38.962762], [-77.039099, 38.963354], [-77.03869, 38.963267], [-77.03853, 38.963279], [-77.038343, 38.963472], [-77.038132, 38.963547], [-77.03802, 38.96366], [-77.037984, 38.963789], [-77.037816, 38.963993], [-77.037472, 38.964202], [-77.037149, 38.96427], [-77.036959, 38.964363], [-77.036846, 38.964521], [-77.03681, 38.964823], [-77.036676, 38.965097], [-77.036745, 38.965121], [-77.036806, 38.964911], [-77.036859, 38.964831], [-77.036914, 38.964483], [-77.036982, 38.964405], [-77.037129, 38.964332], [-77.037428, 38.964258], [-77.037598, 38.964138], [-77.037645, 38.964158], [-77.037786, 38.964077], [-77.037977, 38.963882], [-77.038142, 38.963605], [-77.038375, 38.963504], [-77.038532, 38.963321], [-77.038671, 38.963312], [-77.039106, 38.963375], [-77.039278, 38.963219], [-77.039459, 38.962818], [-77.039632, 38.962611], [-77.039608, 38.962596], [-77.039641, 38.962556], [-77.039864, 38.962425], [-77.040327, 38.962273], [-77.040589, 38.962124], [-77.040822, 38.962088], [-77.041095, 38.96197], [-77.041605, 38.961878], [-77.041677, 38.961836], [-77.041724, 38.961724], [-77.041703, 38.961521], [-77.041764, 38.961177], [-77.041889, 38.960763], [-77.04178, 38.960499], [-77.041729, 38.960245], [-77.041743, 38.960181], [-77.041854, 38.96022], [-77.042068, 38.960403], [-77.042585, 38.960706], [-77.042649, 38.960783], [-77.043168, 38.961169], [-77.043561, 38.961575], [-77.043936, 38.961897], [-77.044499, 38.962289], [-77.044537, 38.962357], [-77.045055, 38.96265], [-77.045235, 38.962679], [-77.045396, 38.962758], [-77.045425, 38.962806], [-77.045493, 38.962802], [-77.045641, 38.962909], [-77.045799, 38.962945], [-77.045913, 38.963011], [-77.046451, 38.96354], [-77.046751, 38.963987], [-77.047064, 38.96428], [-77.047126, 38.964423], [-77.047215, 38.964499], [-77.047289, 38.964509], [-77.047271, 38.964547], [-77.047402, 38.964683], [-77.047439, 38.964935], [-77.04735, 38.965043], [-77.047316, 38.965293], [-77.04687, 38.966106], [-77.046741, 38.966456], [-77.046678, 38.966546], [-77.046719, 38.967068], [-77.046684, 38.967281], [-77.046568, 38.967627], [-77.045826, 38.968401], [-77.045474, 38.968635], [-77.045313, 38.968816], [-77.045112, 38.968929], [-77.044992, 38.969061], [-77.044947, 38.969246], [-77.044923, 38.969613], [-77.044764, 38.969987], [-77.044713, 38.970284], [-77.04457, 38.970546], [-77.043827, 38.971058], [-77.043346, 38.971204], [-77.043148, 38.97113], [-77.04284, 38.971123], [-77.04282, 38.971104], [-77.043002, 38.971113], [-77.042837, 38.971018], [-77.042633, 38.971067], [-77.042652, 38.971091], [-77.042598, 38.971102], [-77.04257, 38.971075], [-77.042604, 38.971034], [-77.042557, 38.970971], [-77.042268, 38.970904], [-77.041888, 38.970911], [-77.041375, 38.971027], [-77.041001, 38.971174], [-77.040718, 38.971358], [-77.040286, 38.971715], [-77.040158, 38.971744], [-77.040068, 38.971831], [-77.039991, 38.972067], [-77.040047, 38.972403], [-77.039978, 38.972532], [-77.039897, 38.972891], [-77.039791, 38.973058], [-77.039679, 38.973482], [-77.03961, 38.973536], [-77.039588, 38.973633], [-77.03947, 38.973791], [-77.03948, 38.973835], [-77.039534, 38.973835], [-77.039435, 38.973905], [-77.039398, 38.974113], [-77.039438, 38.974357], [-77.039737, 38.974588], [-77.039832, 38.974748], [-77.039835, 38.974955], [-77.039705, 38.975173], [-77.039701, 38.975413], [-77.039642, 38.975523], [-77.039635, 38.975762], [-77.0397, 38.976056], [-77.039846, 38.976349], [-77.039934, 38.976447], [-77.040138, 38.976526], [-77.040481, 38.976747], [-77.040531, 38.97674], [-77.040542, 38.976807], [-77.040792, 38.976893], [-77.040905, 38.97697], [-77.041148, 38.976989], [-77.041228, 38.977023], [-77.041314, 38.977156], [-77.041598, 38.977369], [-77.042067, 38.977599], [-77.042464, 38.977892], [-77.042848, 38.978057], [-77.043494, 38.978189], [-77.043674, 38.978261], [-77.043839, 38.978576], [-77.043947, 38.978881], [-77.043903, 38.97896], [-77.044142, 38.979571], [-77.044223, 38.979696], [-77.04453, 38.979919], [-77.044603, 38.98006], [-77.04446, 38.980215], [-77.044037, 38.980446], [-77.04393, 38.980571], [-77.043655, 38.98066], [-77.043462, 38.980624], [-77.043389, 38.980535], [-77.043299, 38.980502], [-77.043279, 38.980451], [-77.043096, 38.980384], [-77.043019, 38.980323], [-77.042797, 38.980258], [-77.042666, 38.980258], [-77.042606, 38.980178], [-77.042505, 38.980119], [-77.042227, 38.980139], [-77.04215, 38.980184], [-77.042066, 38.980188], [-77.042079, 38.980228], [-77.042006, 38.98024], [-77.041826, 38.980397], [-77.041644, 38.98048], [-77.041512, 38.980475], [-77.041455, 38.980441], [-77.04145, 38.980403], [-77.041584, 38.980297], [-77.041836, 38.980248], [-77.041688, 38.980251], [-77.041509, 38.980305], [-77.041407, 38.98042], [-77.041084, 38.980618], [-77.040507, 38.980888], [-77.040197, 38.98117], [-77.040114, 38.9813], [-77.040001, 38.98138], [-77.039896, 38.981601], [-77.039816, 38.981857], [-77.039818, 38.981918], [-77.039881, 38.982005], [-77.039735, 38.981988], [-77.03972, 38.982084], [-77.03976, 38.982114], [-77.039756, 38.982182], [-77.039887, 38.982393], [-77.039873, 38.982483], [-77.039905, 38.982547], [-77.040089, 38.982739], [-77.040277, 38.982856], [-77.040352, 38.982974], [-77.040604, 38.983104], [-77.04074, 38.983214], [-77.040925, 38.983276], [-77.041015, 38.98328], [-77.04102, 38.983237], [-77.041303, 38.983318], [-77.041435, 38.983373], [-77.041561, 38.983485], [-77.041555, 38.983448], [-77.041607, 38.983454], [-77.041616, 38.983423], [-77.041847, 38.983383], [-77.041945, 38.98339], [-77.042098, 38.983467], [-77.042099, 38.98353], [-77.042055, 38.983588], [-77.041745, 38.983476], [-77.041815, 38.983542], [-77.041928, 38.983583], [-77.041948, 38.983743], [-77.041919, 38.983777], [-77.041785, 38.983808], [-77.041625, 38.983793], [-77.041583, 38.983905], [-77.041623, 38.983941], [-77.041727, 38.983945], [-77.041868, 38.983826], [-77.04195, 38.983839], [-77.042024, 38.98393], [-77.042134, 38.983937], [-77.042184, 38.983976], [-77.042119, 38.984321], [-77.042131, 38.984455], [-77.042269, 38.984567], [-77.042278, 38.98462], [-77.042155, 38.98471], [-77.042032, 38.984749], [-77.041916, 38.984712], [-77.041927, 38.984752], [-77.041999, 38.984781], [-77.042113, 38.984755], [-77.04201, 38.984844], [-77.041809, 38.984923], [-77.041742, 38.985219], [-77.041784, 38.985281], [-77.041896, 38.98534], [-77.042053, 38.985588], [-77.042159, 38.985652], [-77.042274, 38.985809], [-77.042395, 38.985906], [-77.042389, 38.985964], [-77.042331, 38.985945], [-77.042345, 38.986319], [-77.042372, 38.98633], [-77.042432, 38.986315], [-77.042407, 38.985895], [-77.042126, 38.985564], [-77.042134, 38.985503], [-77.042034, 38.985315], [-77.04198, 38.985277], [-77.04194, 38.985288], [-77.041888, 38.985218], [-77.041955, 38.985316], [-77.041816, 38.985287], [-77.04177, 38.985231], [-77.041894, 38.984985], [-77.042117, 38.984827], [-77.042212, 38.984699], [-77.042293, 38.984674], [-77.042326, 38.984582], [-77.042237, 38.984465], [-77.0422, 38.984334], [-77.042288, 38.984057], [-77.042945, 38.984071], [-77.04312, 38.984121], [-77.043313, 38.984133], [-77.043633, 38.984101], [-77.044227, 38.983967], [-77.044714, 38.98397], [-77.045065, 38.984055], [-77.045371, 38.98409], [-77.046112, 38.984318], [-77.046417, 38.984525], [-77.046735, 38.984685], [-77.046986, 38.985103], [-77.047215, 38.985323], [-77.047335, 38.985387], [-77.047757, 38.985517], [-77.048111, 38.985519], [-77.048471, 38.985464], [-77.048612, 38.985488], [-77.048766, 38.985584], [-77.048766, 38.98562], [-77.048721, 38.985651], [-77.0488, 38.985686], [-77.048834, 38.985751], [-77.049082, 38.985955], [-77.049132, 38.986029], [-77.049314, 38.986156], [-77.049358, 38.986144], [-77.049336, 38.986081], [-77.049418, 38.986112], [-77.049539, 38.986101], [-77.049521, 38.986137], [-77.049658, 38.98614], [-77.049728, 38.986181], [-77.050202, 38.986268], [-77.050906, 38.986094], [-77.051223, 38.986197], [-77.051556, 38.986194], [-77.051784, 38.986228], [-77.051856, 38.986283], [-77.052281, 38.986389], [-77.052329, 38.986444], [-77.052352, 38.986632], [-77.052197, 38.986958], [-77.05224, 38.986965], [-77.052261, 38.987058], [-77.052376, 38.987076]], [[-77.045641, 38.984128], [-77.045711, 38.984149], [-77.045565, 38.984131], [-77.045641, 38.984128]], [[-77.042075, 38.983909], [-77.042044, 38.983917], [-77.042051, 38.983899], [-77.042075, 38.983909]], [[-77.042252, 38.983904], [-77.042077, 38.983768], [-77.042114, 38.983739], [-77.042108, 38.983676], [-77.042169, 38.983565], [-77.042205, 38.983667], [-77.042344, 38.983817], [-77.042338, 38.983883], [-77.042252, 38.983904]], [[-77.042388, 38.983882], [-77.042381, 38.983849], [-77.042423, 38.983879], [-77.042388, 38.983882]], [[-77.041439, 38.983308], [-77.041426, 38.983324], [-77.041407, 38.98331], [-77.041439, 38.983308]], [[-77.041554, 38.983199], [-77.041605, 38.983228], [-77.041588, 38.983267], [-77.041464, 38.983246], [-77.041432, 38.983204], [-77.041554, 38.983199]], [[-77.04142, 38.983146], [-77.041453, 38.983169], [-77.041379, 38.983151], [-77.04142, 38.983146]], [[-77.039979, 38.981804], [-77.039951, 38.981868], [-77.039917, 38.98185], [-77.039924, 38.981815], [-77.039979, 38.981804]], [[-77.044371, 38.979638], [-77.044281, 38.979636], [-77.044191, 38.979524], [-77.044204, 38.979324], [-77.044303, 38.979383], [-77.044424, 38.979406], [-77.044448, 38.979495], [-77.0444, 38.97957], [-77.044422, 38.979635], [-77.044373, 38.979594], [-77.044371, 38.979638]], [[-77.039755, 38.975904], [-77.039733, 38.975929], [-77.039702, 38.975918], [-77.039755, 38.975904]], [[-77.039765, 38.975489], [-77.039804, 38.975516], [-77.039826, 38.975597], [-77.039783, 38.975661], [-77.039754, 38.975654], [-77.039716, 38.975556], [-77.039765, 38.975489]], [[-77.039974, 38.974892], [-77.04, 38.97513], [-77.039909, 38.975377], [-77.039863, 38.975396], [-77.039782, 38.975312], [-77.0398, 38.975133], [-77.039923, 38.974997], [-77.039974, 38.974892]], [[-77.040787, 38.971465], [-77.040771, 38.971514], [-77.040748, 38.971472], [-77.040787, 38.971465]], [[-77.044171, 38.972737], [-77.044191, 38.972719], [-77.044191, 38.972731], [-77.044171, 38.972737]], [[-77.047641, 38.973228], [-77.047501, 38.973194], [-77.047652, 38.973184], [-77.047719, 38.973219], [-77.047641, 38.973228]], [[-77.048, 38.973211], [-77.048031, 38.973197], [-77.048109, 38.973203], [-77.048, 38.973211]], [[-77.048537, 38.974969], [-77.048418, 38.974917], [-77.048404, 38.974835], [-77.048834, 38.974891], [-77.048807, 38.974984], [-77.048537, 38.974969]], [[-77.045129, 38.969253], [-77.045173, 38.969274], [-77.045179, 38.969313], [-77.04514, 38.969323], [-77.045097, 38.969282], [-77.045129, 38.969253]], [[-77.045843, 38.968469], [-77.045855, 38.968497], [-77.045765, 38.968578], [-77.045668, 38.968546], [-77.045843, 38.968469]], [[-77.046214, 38.968256], [-77.046198, 38.968321], [-77.046132, 38.968358], [-77.046214, 38.968256]], [[-77.04093, 38.959175], [-77.040969, 38.959182], [-77.040933, 38.959248], [-77.040855, 38.959291], [-77.040836, 38.959244], [-77.04089, 38.959177], [-77.04093, 38.959175]], [[-77.042101, 38.957922], [-77.042127, 38.957981], [-77.042068, 38.958006], [-77.041997, 38.958098], [-77.041882, 38.95816], [-77.041848, 38.958147], [-77.042101, 38.957922]], [[-77.051278, 38.937485], [-77.051238, 38.937496], [-77.050954, 38.937366], [-77.051307, 38.937449], [-77.051278, 38.937485]], [[-77.05089, 38.937364], [-77.05073, 38.937341], [-77.050673, 38.937277], [-77.050771, 38.937276], [-77.050892, 38.937336], [-77.05089, 38.937364]], [[-77.062901, 38.899819], [-77.062955, 38.899758], [-77.062888, 38.899706], [-77.062542, 38.899652], [-77.062374, 38.899563], [-77.061996, 38.89944], [-77.061809, 38.899423], [-77.061511, 38.899487], [-77.061387, 38.899375], [-77.061107, 38.899223], [-77.060734, 38.898856], [-77.060569, 38.898624], [-77.060435, 38.898343], [-77.060097, 38.897873], [-77.059992, 38.89763], [-77.059885, 38.897234], [-77.059853, 38.896767], [-77.059861, 38.896075], [-77.059755, 38.895344], [-77.059785, 38.894886], [-77.059725, 38.894605], [-77.05974, 38.894435], [-77.059695, 38.894143], [-77.059705, 38.893647], [-77.05967, 38.893141], [-77.059633, 38.892995], [-77.059458, 38.89295], [-77.059501, 38.892888], [-77.059498, 38.892779], [-77.059609, 38.892805], [-77.059675, 38.892772], [-77.059692, 38.892711], [-77.059647, 38.892517], [-77.059674, 38.892466], [-77.059748, 38.892471], [-77.06005, 38.892602], [-77.060478, 38.892416], [-77.06047, 38.892581], [-77.060408, 38.89268], [-77.060452, 38.89274], [-77.060409, 38.892833], [-77.060454, 38.892888], [-77.060436, 38.892944], [-77.060519, 38.89293], [-77.060554, 38.893019], [-77.060647, 38.893076], [-77.060623, 38.893133], [-77.060483, 38.893217], [-77.060537, 38.893256], [-77.060542, 38.89336], [-77.060609, 38.893416], [-77.0606, 38.893469], [-77.060491, 38.893553], [-77.060483, 38.893596], [-77.060538, 38.893678], [-77.060723, 38.893751], [-77.060716, 38.893811], [-77.060628, 38.893838], [-77.060776, 38.893963], [-77.060698, 38.894048], [-77.060617, 38.894075], [-77.06065, 38.894201], [-77.060554, 38.894297], [-77.0606, 38.894303], [-77.060682, 38.894239], [-77.060711, 38.894278], [-77.060895, 38.894298], [-77.060926, 38.894467], [-77.060967, 38.894529], [-77.061159, 38.894608], [-77.060964, 38.894688], [-77.060921, 38.894751], [-77.060911, 38.894998], [-77.060983, 38.895202], [-77.060948, 38.895353], [-77.061009, 38.895464], [-77.061085, 38.895517], [-77.061071, 38.895582], [-77.06111, 38.895623], [-77.061067, 38.895684], [-77.061198, 38.895868], [-77.061146, 38.895986], [-77.061209, 38.89607], [-77.061318, 38.896141], [-77.061175, 38.895993], [-77.061232, 38.895881], [-77.061146, 38.89568], [-77.061183, 38.895527], [-77.061059, 38.895374], [-77.061136, 38.895318], [-77.061203, 38.895121], [-77.061103, 38.894836], [-77.061286, 38.894675], [-77.061316, 38.89459], [-77.061123, 38.894445], [-77.06119, 38.89429], [-77.061163, 38.894217], [-77.061102, 38.894177], [-77.060878, 38.894134], [-77.061032, 38.893998], [-77.060928, 38.893825], [-77.061031, 38.893814], [-77.06104, 38.893755], [-77.060995, 38.893661], [-77.060887, 38.893633], [-77.060852, 38.893591], [-77.060889, 38.893531], [-77.060877, 38.893354], [-77.060823, 38.893272], [-77.060914, 38.89318], [-77.060911, 38.893029], [-77.060801, 38.892899], [-77.060815, 38.892711], [-77.060774, 38.892522], [-77.060713, 38.892448], [-77.060544, 38.892399], [-77.060536, 38.892193], [-77.060583, 38.891981], [-77.060919, 38.891636], [-77.061102, 38.89132], [-77.061214, 38.89126], [-77.061304, 38.891154], [-77.061306, 38.891039], [-77.061359, 38.89102], [-77.061475, 38.891053], [-77.061498, 38.891028], [-77.061476, 38.89098], [-77.061599, 38.89093], [-77.061665, 38.890941], [-77.061713, 38.891036], [-77.062004, 38.891203], [-77.062159, 38.891221], [-77.062125, 38.89133], [-77.062148, 38.891446], [-77.06239, 38.89173], [-77.062552, 38.892235], [-77.062517, 38.892362], [-77.062595, 38.892575], [-77.062633, 38.892572], [-77.062656, 38.892512], [-77.062684, 38.892526], [-77.062933, 38.892937], [-77.06301, 38.893015], [-77.063602, 38.893989], [-77.063597, 38.894067], [-77.063688, 38.894126], [-77.063752, 38.894307], [-77.063954, 38.894527], [-77.064241, 38.895027], [-77.064256, 38.895183], [-77.064406, 38.895281], [-77.064467, 38.895374], [-77.064696, 38.895568], [-77.064774, 38.895705], [-77.064962, 38.895854], [-77.065032, 38.896033], [-77.065379, 38.896382], [-77.065455, 38.896524], [-77.065742, 38.896833], [-77.065768, 38.896913], [-77.065899, 38.897075], [-77.065952, 38.897218], [-77.06603, 38.897261], [-77.066156, 38.897507], [-77.066185, 38.897841], [-77.066263, 38.898019], [-77.06627, 38.898127], [-77.066347, 38.898206], [-77.066361, 38.898324], [-77.066473, 38.898423], [-77.066496, 38.898668], [-77.066406, 38.898821], [-77.066547, 38.899002], [-77.066549, 38.899155], [-77.066404, 38.89936], [-77.066184, 38.899545], [-77.066525, 38.899441], [-77.066549, 38.899488], [-77.066503, 38.899723], [-77.066117, 38.899761], [-77.065901, 38.899824], [-77.065306, 38.899841], [-77.065212, 38.899885], [-77.065173, 38.899862], [-77.065206, 38.899789], [-77.065178, 38.899771], [-77.064575, 38.899729], [-77.064448, 38.89979], [-77.064297, 38.899725], [-77.064114, 38.899799], [-77.064038, 38.899733], [-77.06378, 38.899797], [-77.0637, 38.899868], [-77.063298, 38.899815], [-77.063198, 38.899908], [-77.062926, 38.89987], [-77.062884, 38.899904], [-77.062831, 38.899895], [-77.062834, 38.899847], [-77.062901, 38.899819]], [[-77.059551, 38.892074], [-77.059586, 38.892169], [-77.059551, 38.8922], [-77.059468, 38.892198], [-77.059329, 38.892032], [-77.059224, 38.891988], [-77.059069, 38.89152], [-77.059101, 38.891171], [-77.059033, 38.891069], [-77.059103, 38.89097], [-77.059195, 38.89062], [-77.059176, 38.890438], [-77.059221, 38.890219], [-77.05929, 38.89024], [-77.059415, 38.890346], [-77.059632, 38.890361], [-77.059686, 38.890434], [-77.059812, 38.890419], [-77.059989, 38.890572], [-77.060019, 38.890661], [-77.060101, 38.890691], [-77.060212, 38.890825], [-77.06035, 38.8909], [-77.060471, 38.891029], [-77.060511, 38.891034], [-77.060513, 38.890998], [-77.060591, 38.890989], [-77.060657, 38.89094], [-77.060716, 38.890958], [-77.06068, 38.891184], [-77.060568, 38.891508], [-77.060416, 38.891603], [-77.060398, 38.891651], [-77.060332, 38.891635], [-77.060307, 38.891724], [-77.05999, 38.891972], [-77.059551, 38.892074]], [[-77.080496, 38.903788], [-77.080455, 38.903716], [-77.080595, 38.903733], [-77.080496, 38.903788]], [[-77.081432, 38.903737], [-77.081553, 38.903729], [-77.081577, 38.903757], [-77.081491, 38.903832], [-77.081425, 38.90379], [-77.081432, 38.903737]], [[-77.081584, 38.903807], [-77.081615, 38.903775], [-77.0816, 38.903847], [-77.081584, 38.903807]], [[-77.081278, 38.903803], [-77.081247, 38.903802], [-77.081287, 38.903752], [-77.081278, 38.903803]], [[-77.081208, 38.903755], [-77.081222, 38.903786], [-77.081164, 38.903799], [-77.081208, 38.903755]], [[-77.081315, 38.903792], [-77.081365, 38.903743], [-77.081369, 38.903781], [-77.081315, 38.903792]], [[-77.079865, 38.9039], [-77.079907, 38.903961], [-77.079878, 38.904053], [-77.079801, 38.903962], [-77.079865, 38.9039]], [[-77.081681, 38.903994], [-77.081707, 38.90397], [-77.08167, 38.904047], [-77.081681, 38.903994]], [[-77.081606, 38.903997], [-77.081646, 38.904083], [-77.081611, 38.904118], [-77.081632, 38.904148], [-77.081598, 38.904144], [-77.08158, 38.904179], [-77.081599, 38.904089], [-77.081523, 38.904105], [-77.081505, 38.90406], [-77.081606, 38.903997]], [[-77.081132, 38.90402], [-77.081149, 38.904056], [-77.08109, 38.90403], [-77.081132, 38.90402]], [[-77.096255, 38.908685], [-77.096313, 38.908726], [-77.096302, 38.908766], [-77.096237, 38.908698], [-77.096255, 38.908685]], [[-77.096244, 38.9089], [-77.09619, 38.908829], [-77.09624, 38.908849], [-77.09627, 38.908897], [-77.096244, 38.9089]], [[-77.096248, 38.909476], [-77.096248, 38.909429], [-77.096271, 38.909446], [-77.096248, 38.909476]], [[-77.096282, 38.909477], [-77.096314, 38.909487], [-77.096283, 38.909517], [-77.096282, 38.909477]], [[-77.096123, 38.909623], [-77.096175, 38.90963], [-77.09613, 38.909656], [-77.096123, 38.909623]], [[-77.101193, 38.913876], [-77.101153, 38.913857], [-77.101149, 38.913787], [-77.101074, 38.913725], [-77.101024, 38.913492], [-77.100724, 38.913029], [-77.100662, 38.912863], [-77.10036, 38.912347], [-77.100718, 38.912466], [-77.100956, 38.912825], [-77.101251, 38.913055], [-77.101334, 38.913232], [-77.101333, 38.913383], [-77.101416, 38.913434], [-77.10151, 38.913413], [-77.101544, 38.913514], [-77.101595, 38.913555], [-77.101593, 38.91362], [-77.10163, 38.913615], [-77.10158, 38.914088], [-77.101487, 38.914192], [-77.10142, 38.914076], [-77.101351, 38.914053], [-77.101193, 38.913876]], [[-77.103172, 38.919169], [-77.103161, 38.919087], [-77.103192, 38.919045], [-77.103229, 38.919176], [-77.10321, 38.919222], [-77.103004, 38.919327], [-77.102835, 38.919289], [-77.102841, 38.919221], [-77.102995, 38.919174], [-77.103136, 38.919217], [-77.103172, 38.919169]], [[-77.104075, 38.918589], [-77.104075, 38.918543], [-77.10412, 38.91855], [-77.104111, 38.918584], [-77.104075, 38.918589]], [[-77.105885, 38.920606], [-77.105862, 38.920547], [-77.105918, 38.920592], [-77.105885, 38.920606]], [[-77.107321, 38.921464], [-77.107378, 38.921484], [-77.10736, 38.921521], [-77.107324, 38.921521], [-77.107321, 38.921464]], [[-77.109774, 38.923336], [-77.10976, 38.923276], [-77.109803, 38.923256], [-77.109817, 38.923309], [-77.109774, 38.923336]], [[-77.109879, 38.923484], [-77.109895, 38.923439], [-77.109932, 38.923504], [-77.109914, 38.923607], [-77.10981, 38.923644], [-77.109811, 38.92371], [-77.109778, 38.923721], [-77.109771, 38.923579], [-77.109813, 38.923544], [-77.109884, 38.923567], [-77.109879, 38.923484]], [[-77.1102, 38.923555], [-77.1102, 38.923484], [-77.110221, 38.923505], [-77.1102, 38.923555]], [[-77.110102, 38.9236], [-77.110178, 38.923611], [-77.110144, 38.92376], [-77.110059, 38.923676], [-77.110102, 38.9236]], [[-77.111174, 38.923597], [-77.111244, 38.923599], [-77.111253, 38.923625], [-77.111195, 38.923645], [-77.111174, 38.923597]], [[-77.110222, 38.923752], [-77.110266, 38.923679], [-77.110271, 38.923723], [-77.110203, 38.923823], [-77.110222, 38.923752]], [[-77.110303, 38.923815], [-77.110325, 38.923796], [-77.110297, 38.923898], [-77.110303, 38.923815]], [[-77.110364, 38.923897], [-77.110385, 38.923842], [-77.110395, 38.923939], [-77.110346, 38.923948], [-77.110364, 38.923897]], [[-77.110045, 38.923901], [-77.110041, 38.923931], [-77.109972, 38.923942], [-77.109846, 38.923739], [-77.109865, 38.923706], [-77.109917, 38.923712], [-77.109985, 38.923614], [-77.110012, 38.923625], [-77.110018, 38.923709], [-77.110092, 38.923739], [-77.11012, 38.923787], [-77.110111, 38.923824], [-77.11001, 38.923841], [-77.110045, 38.923901]], [[-77.11433, 38.927393], [-77.114323, 38.927331], [-77.114353, 38.927347], [-77.11433, 38.927393]], [[-77.116853, 38.931452], [-77.116887, 38.931453], [-77.116871, 38.93151], [-77.116914, 38.931553], [-77.116891, 38.931634], [-77.116808, 38.931564], [-77.116817, 38.931474], [-77.116853, 38.931452]], [[-77.118901, 38.934085], [-77.118882, 38.934042], [-77.118974, 38.934051], [-77.119144, 38.934175], [-77.119168, 38.934236], [-77.119051, 38.934202], [-77.119029, 38.934159], [-77.118901, 38.934085]], [[-77.119356, 38.934427], [-77.119247, 38.934381], [-77.119223, 38.934272], [-77.119396, 38.934308], [-77.119416, 38.934372], [-77.119356, 38.934427]], [[-77.063426, 38.887876], [-77.063546, 38.887994], [-77.06366, 38.888045], [-77.063936, 38.888674], [-77.063905, 38.888753], [-77.063937, 38.888772], [-77.064043, 38.889375], [-77.063934, 38.889739], [-77.063796, 38.889916], [-77.063637, 38.889927], [-77.063481, 38.889997], [-77.063417, 38.889971], [-77.063394, 38.889922], [-77.06261, 38.889837], [-77.061464, 38.889537], [-77.06102, 38.889337], [-77.060541, 38.888968], [-77.060234, 38.888675], [-77.059498, 38.887854], [-77.058971, 38.887098], [-77.058088, 38.885529], [-77.057481, 38.884848], [-77.05484, 38.882621], [-77.054598, 38.882378], [-77.053705, 38.881752], [-77.053545, 38.881622], [-77.053497, 38.881544], [-77.053399, 38.881503], [-77.053322, 38.881424], [-77.052423, 38.880819], [-77.051945, 38.880448], [-77.05111, 38.879906], [-77.05098, 38.879872], [-77.048886, 38.878148], [-77.047588, 38.877139], [-77.047189, 38.876787], [-77.0468, 38.876534], [-77.046653, 38.876399], [-77.04661, 38.8763], [-77.046591, 38.876161], [-77.046648, 38.875991], [-77.047052, 38.875568], [-77.047316, 38.875391], [-77.04756, 38.875339], [-77.047985, 38.875074], [-77.048079, 38.874975], [-77.048355, 38.874825], [-77.048807, 38.874719], [-77.049261, 38.874832], [-77.049518, 38.874991], [-77.049803, 38.875305], [-77.049965, 38.875568], [-77.050231, 38.875834], [-77.05044, 38.876338], [-77.050526, 38.876457], [-77.050656, 38.876808], [-77.050952, 38.877208], [-77.05106, 38.877445], [-77.0515, 38.877858], [-77.051561, 38.877958], [-77.051737, 38.878127], [-77.051861, 38.878171], [-77.051899, 38.878258], [-77.051997, 38.878342], [-77.052111, 38.878541], [-77.052128, 38.878665], [-77.052225, 38.878792], [-77.052295, 38.878828], [-77.052443, 38.878994], [-77.052519, 38.879014], [-77.0526, 38.879191], [-77.052692, 38.879229], [-77.053115, 38.879679], [-77.053506, 38.87981], [-77.053722, 38.87996], [-77.05471, 38.880488], [-77.05492, 38.880664], [-77.055156, 38.880763], [-77.055882, 38.880731], [-77.055953, 38.880676], [-77.056347, 38.880658], [-77.057002, 38.88055], [-77.057574, 38.880496], [-77.057793, 38.880498], [-77.058204, 38.88056], [-77.058414, 38.880657], [-77.058714, 38.880896], [-77.05886, 38.881083], [-77.058981, 38.881172], [-77.059217, 38.881611], [-77.059334, 38.88175], [-77.05969, 38.882337], [-77.059832, 38.882655], [-77.060362, 38.883575], [-77.060648, 38.883935], [-77.060799, 38.884076], [-77.060861, 38.88428], [-77.061092, 38.884609], [-77.061116, 38.884688], [-77.061276, 38.884884], [-77.06159, 38.885433], [-77.061931, 38.885716], [-77.062154, 38.886164], [-77.062416, 38.88652], [-77.062581, 38.886829], [-77.063074, 38.887428], [-77.063126, 38.887536], [-77.063248, 38.887619], [-77.063266, 38.887689], [-77.063426, 38.887876]], [[-77.034825, 38.875674], [-77.036041, 38.876649], [-77.037437, 38.877652], [-77.038705, 38.878432], [-77.040308, 38.879322], [-77.040353, 38.879399], [-77.040207, 38.879869], [-77.039996, 38.880121], [-77.039445, 38.880318], [-77.038753, 38.880358], [-77.038496, 38.880401], [-77.038301, 38.880477], [-77.038167, 38.880569], [-77.038018, 38.880737], [-77.037962, 38.880853], [-77.037866, 38.881477], [-77.037731, 38.881802], [-77.03763, 38.88193], [-77.037397, 38.882026], [-77.037393, 38.882054], [-77.037183, 38.88205], [-77.036849, 38.882183], [-77.036454, 38.882213], [-77.036175, 38.882162], [-77.035921, 38.88205], [-77.035596, 38.882039], [-77.035224, 38.881924], [-77.034871, 38.881907], [-77.034632, 38.881964], [-77.034435, 38.882066], [-77.034094, 38.882362], [-77.033861, 38.882501], [-77.033609, 38.882586], [-77.033258, 38.882649], [-77.032942, 38.882573], [-77.032902, 38.882475], [-77.0325, 38.882234], [-77.031661, 38.880703], [-77.026427, 38.876799], [-77.025994, 38.876408], [-77.025594, 38.875976], [-77.024327, 38.874412], [-77.023941, 38.873784], [-77.023733, 38.873334], [-77.022395, 38.869814], [-77.022275, 38.869411], [-77.022171, 38.868885], [-77.022132, 38.868465], [-77.021785, 38.857061], [-77.021821, 38.856957], [-77.021918, 38.856854], [-77.022078, 38.856773], [-77.022292, 38.856755], [-77.022512, 38.856831], [-77.022625, 38.856936], [-77.028691, 38.868176], [-77.029114, 38.868914], [-77.029838, 38.870059], [-77.031047, 38.871728], [-77.03216, 38.873071], [-77.033406, 38.874374], [-77.034825, 38.875674]], [[-76.967637, 38.885602], [-76.969292, 38.884383], [-76.969491, 38.884407], [-76.969624, 38.884536], [-76.969587, 38.884626], [-76.968593, 38.885324], [-76.968549, 38.885429], [-76.968384, 38.885582], [-76.968177, 38.885859], [-76.968051, 38.885964], [-76.968039, 38.886058], [-76.96795, 38.886149], [-76.967943, 38.886243], [-76.967818, 38.886336], [-76.967789, 38.886423], [-76.967713, 38.886458], [-76.96757, 38.886604], [-76.967537, 38.886775], [-76.967385, 38.886998], [-76.967214, 38.887394], [-76.966766, 38.888037], [-76.966744, 38.888111], [-76.966567, 38.88828], [-76.966391, 38.888532], [-76.9661, 38.88881], [-76.965896, 38.889142], [-76.96571, 38.889273], [-76.965456, 38.889377], [-76.965237, 38.889629], [-76.9651, 38.890053], [-76.965002, 38.890112], [-76.964923, 38.89023], [-76.964854, 38.890426], [-76.96479, 38.890507], [-76.964796, 38.890586], [-76.964704, 38.890692], [-76.964572, 38.89105], [-76.964613, 38.891231], [-76.964567, 38.891547], [-76.964632, 38.891713], [-76.964643, 38.891894], [-76.964605, 38.891965], [-76.964616, 38.892014], [-76.964492, 38.892203], [-76.964481, 38.89255], [-76.96461, 38.893347], [-76.964659, 38.893441], [-76.964769, 38.893533], [-76.964831, 38.893755], [-76.964858, 38.894267], [-76.964817, 38.894561], [-76.964831, 38.894757], [-76.964905, 38.894965], [-76.964906, 38.895101], [-76.964976, 38.89539], [-76.965085, 38.895637], [-76.965115, 38.895946], [-76.965213, 38.896057], [-76.965188, 38.896257], [-76.965276, 38.896466], [-76.96525, 38.896962], [-76.965462, 38.897122], [-76.965631, 38.897141], [-76.965658, 38.897207], [-76.965627, 38.897531], [-76.965546, 38.897624], [-76.965488, 38.897782], [-76.96542, 38.898456], [-76.965483, 38.8987], [-76.965455, 38.899035], [-76.965553, 38.899289], [-76.965592, 38.899489], [-76.965563, 38.89976], [-76.965604, 38.900104], [-76.965366, 38.900392], [-76.96516, 38.900528], [-76.964897, 38.900933], [-76.964611, 38.901158], [-76.964336, 38.901328], [-76.963492, 38.901524], [-76.963014, 38.901767], [-76.963001, 38.901871], [-76.962854, 38.901939], [-76.962835, 38.902036], [-76.962761, 38.90207], [-76.962751, 38.902203], [-76.962581, 38.90232], [-76.962579, 38.902379], [-76.962507, 38.902467], [-76.962371, 38.902794], [-76.962408, 38.902898], [-76.962257, 38.903007], [-76.962272, 38.903057], [-76.962424, 38.903042], [-76.962366, 38.903177], [-76.962266, 38.903176], [-76.962214, 38.903227], [-76.962228, 38.903275], [-76.962303, 38.903279], [-76.962267, 38.903411], [-76.962119, 38.903709], [-76.96175, 38.904299], [-76.961584, 38.904494], [-76.961433, 38.904597], [-76.961341, 38.904641], [-76.961223, 38.904617], [-76.960979, 38.904719], [-76.960657, 38.9049], [-76.960224, 38.905254], [-76.960206, 38.905374], [-76.960051, 38.905607], [-76.960064, 38.905707], [-76.960016, 38.905848], [-76.95996, 38.905898], [-76.959982, 38.905944], [-76.959962, 38.906092], [-76.959892, 38.906173], [-76.959705, 38.906614], [-76.959615, 38.906683], [-76.959554, 38.906784], [-76.959258, 38.906965], [-76.958965, 38.90707], [-76.958728, 38.907232], [-76.958564, 38.907211], [-76.958338, 38.907093], [-76.958226, 38.907074], [-76.958157, 38.907032], [-76.958122, 38.906794], [-76.958875, 38.905239], [-76.959514, 38.904063], [-76.959649, 38.903903], [-76.960129, 38.90317], [-76.960234, 38.903065], [-76.960282, 38.902918], [-76.960319, 38.90292], [-76.960323, 38.902871], [-76.960424, 38.902791], [-76.960507, 38.902633], [-76.960956, 38.902111], [-76.961065, 38.90204], [-76.9612, 38.901885], [-76.961601, 38.901333], [-76.9618, 38.901156], [-76.961847, 38.901015], [-76.962016, 38.900863], [-76.962492, 38.900209], [-76.962673, 38.899849], [-76.962767, 38.899458], [-76.962786, 38.89902], [-76.962727, 38.898632], [-76.962482, 38.897691], [-76.962458, 38.897387], [-76.96261, 38.896356], [-76.962954, 38.89456], [-76.963824, 38.891748], [-76.963857, 38.891474], [-76.963998, 38.891106], [-76.964478, 38.889572], [-76.965262, 38.888096], [-76.965418, 38.887907], [-76.965445, 38.887264], [-76.965485, 38.887252], [-76.965464, 38.887198], [-76.965635, 38.886718], [-76.965897, 38.886343], [-76.966338, 38.885895], [-76.966744, 38.885645], [-76.96704, 38.885799], [-76.967179, 38.885831], [-76.967407, 38.885765], [-76.967637, 38.885602]], [[-76.967078, 38.890514], [-76.967205, 38.890466], [-76.967288, 38.890501], [-76.967126, 38.890584], [-76.967024, 38.890679], [-76.967002, 38.89076], [-76.966874, 38.890845], [-76.966857, 38.890943], [-76.966795, 38.891035], [-76.96678, 38.891155], [-76.966911, 38.891356], [-76.96687, 38.891421], [-76.966856, 38.891563], [-76.966737, 38.89171], [-76.966795, 38.891827], [-76.966777, 38.891972], [-76.966645, 38.8921], [-76.966692, 38.892373], [-76.96676, 38.892473], [-76.966758, 38.892557], [-76.966714, 38.892634], [-76.96664, 38.892636], [-76.966584, 38.892572], [-76.966571, 38.892617], [-76.966612, 38.892772], [-76.966786, 38.892908], [-76.966802, 38.89322], [-76.96701, 38.893556], [-76.9669, 38.893612], [-76.96684, 38.893726], [-76.966758, 38.893765], [-76.966742, 38.893858], [-76.966691, 38.893912], [-76.966693, 38.893982], [-76.966569, 38.894027], [-76.966583, 38.894089], [-76.966739, 38.894247], [-76.96667, 38.894257], [-76.966573, 38.894198], [-76.966475, 38.894273], [-76.96619, 38.894289], [-76.966089, 38.894246], [-76.966057, 38.8942], [-76.965976, 38.894194], [-76.965953, 38.894135], [-76.965893, 38.894117], [-76.965887, 38.893958], [-76.966016, 38.893829], [-76.966031, 38.893741], [-76.96602, 38.893625], [-76.966048, 38.893545], [-76.966016, 38.893301], [-76.966043, 38.893158], [-76.965981, 38.89272], [-76.965863, 38.892384], [-76.965854, 38.892267], [-76.965902, 38.89223], [-76.965943, 38.892022], [-76.965907, 38.892034], [-76.965847, 38.891994], [-76.965872, 38.891894], [-76.965802, 38.891748], [-76.965815, 38.891635], [-76.965758, 38.89152], [-76.965815, 38.891418], [-76.965756, 38.891321], [-76.96572, 38.891106], [-76.965667, 38.891094], [-76.965901, 38.890879], [-76.966152, 38.890772], [-76.966239, 38.890703], [-76.966683, 38.890601], [-76.966822, 38.890598], [-76.966882, 38.890527], [-76.966964, 38.890571], [-76.967078, 38.890514]], [[-76.964916, 38.901661], [-76.965029, 38.901563], [-76.965214, 38.901534], [-76.965351, 38.901653], [-76.965348, 38.901894], [-76.965303, 38.901989], [-76.964982, 38.902274], [-76.964805, 38.902372], [-76.964806, 38.902451], [-76.964736, 38.902507], [-76.964631, 38.902535], [-76.964596, 38.902638], [-76.964475, 38.902766], [-76.964465, 38.902919], [-76.96465, 38.903025], [-76.964498, 38.902992], [-76.964352, 38.903058], [-76.964317, 38.903131], [-76.964329, 38.90341], [-76.964187, 38.903506], [-76.963853, 38.903524], [-76.963793, 38.903548], [-76.96377, 38.903599], [-76.963622, 38.903556], [-76.963547, 38.903393], [-76.963659, 38.903172], [-76.963742, 38.903091], [-76.963744, 38.903045], [-76.963827, 38.903014], [-76.963896, 38.90292], [-76.963902, 38.902753], [-76.963953, 38.902672], [-76.963961, 38.902572], [-76.964047, 38.902487], [-76.964045, 38.902386], [-76.964103, 38.902321], [-76.964161, 38.90231], [-76.96424, 38.902187], [-76.964326, 38.902162], [-76.96435, 38.902104], [-76.964485, 38.902046], [-76.964522, 38.901957], [-76.964621, 38.901928], [-76.964649, 38.901877], [-76.964757, 38.901832], [-76.964842, 38.901735], [-76.964821, 38.901669], [-76.964916, 38.901661]], [[-76.962691, 38.904006], [-76.962724, 38.903929], [-76.962797, 38.903928], [-76.962818, 38.903965], [-76.9628, 38.904036], [-76.962952, 38.904179], [-76.962958, 38.904228], [-76.962885, 38.904325], [-76.962722, 38.904359], [-76.96262, 38.90442], [-76.962518, 38.904549], [-76.962348, 38.904561], [-76.962057, 38.904744], [-76.961979, 38.904904], [-76.962078, 38.905143], [-76.961956, 38.905257], [-76.961746, 38.905386], [-76.961649, 38.905376], [-76.96157, 38.905417], [-76.961483, 38.905365], [-76.961468, 38.905414], [-76.961401, 38.905412], [-76.961382, 38.905384], [-76.961411, 38.905338], [-76.961365, 38.905339], [-76.961315, 38.905259], [-76.961194, 38.90531], [-76.961138, 38.905282], [-76.961152, 38.905232], [-76.961103, 38.90517], [-76.961124, 38.90508], [-76.961104, 38.905025], [-76.961183, 38.904955], [-76.961177, 38.904896], [-76.961276, 38.904832], [-76.96156, 38.904785], [-76.961569, 38.904749], [-76.961525, 38.904709], [-76.961603, 38.904644], [-76.961717, 38.904622], [-76.962066, 38.90401], [-76.962108, 38.904014], [-76.962264, 38.904148], [-76.962424, 38.904052], [-76.96249, 38.904153], [-76.962585, 38.904148], [-76.962649, 38.904186], [-76.962711, 38.90408], [-76.962766, 38.904052], [-76.962691, 38.904006]], [[-76.962684, 38.905337], [-76.96265, 38.905248], [-76.962565, 38.90515], [-76.962423, 38.905078], [-76.962435, 38.905043], [-76.962577, 38.904919], [-76.962692, 38.904872], [-76.96271, 38.904753], [-76.962858, 38.904651], [-76.963005, 38.904637], [-76.963152, 38.904685], [-76.963174, 38.904715], [-76.963151, 38.904837], [-76.963088, 38.904944], [-76.963122, 38.905044], [-76.963064, 38.90515], [-76.963088, 38.90524], [-76.96313, 38.905265], [-76.963096, 38.90532], [-76.963185, 38.905327], [-76.963126, 38.905442], [-76.963063, 38.905453], [-76.963098, 38.905478], [-76.963095, 38.905534], [-76.962969, 38.905592], [-76.963017, 38.905623], [-76.962888, 38.905678], [-76.962822, 38.905617], [-76.962822, 38.905538], [-76.962751, 38.90552], [-76.962685, 38.905416], [-76.962684, 38.905337]], [[-76.962699, 38.905661], [-76.962728, 38.905688], [-76.962685, 38.905737], [-76.962548, 38.905708], [-76.962559, 38.905672], [-76.962637, 38.905634], [-76.962699, 38.905661]], [[-76.962453, 38.905736], [-76.962597, 38.905765], [-76.962603, 38.905795], [-76.962479, 38.905884], [-76.962374, 38.905809], [-76.962394, 38.905758], [-76.962453, 38.905736]], [[-76.962324, 38.905773], [-76.962353, 38.905857], [-76.962314, 38.906026], [-76.96238, 38.906069], [-76.962373, 38.906099], [-76.962254, 38.906113], [-76.961894, 38.906307], [-76.961678, 38.906381], [-76.961376, 38.906578], [-76.961262, 38.906718], [-76.961181, 38.906999], [-76.961051, 38.90713], [-76.960878, 38.907124], [-76.960825, 38.907183], [-76.960664, 38.907172], [-76.960661, 38.907227], [-76.960622, 38.907251], [-76.960558, 38.90724], [-76.960531, 38.907177], [-76.960436, 38.907158], [-76.960449, 38.90707], [-76.960537, 38.907039], [-76.960501, 38.90695], [-76.960585, 38.906951], [-76.960722, 38.906893], [-76.960649, 38.906764], [-76.960694, 38.906663], [-76.960671, 38.906603], [-76.960689, 38.906547], [-76.96064, 38.906489], [-76.960657, 38.90647], [-76.96076, 38.906497], [-76.960798, 38.906426], [-76.960883, 38.906403], [-76.960954, 38.906325], [-76.96104, 38.90633], [-76.961441, 38.906175], [-76.961504, 38.906094], [-76.961615, 38.906062], [-76.961606, 38.906007], [-76.961681, 38.905971], [-76.961688, 38.905935], [-76.961723, 38.905946], [-76.961774, 38.90591], [-76.961823, 38.905786], [-76.961893, 38.905741], [-76.962115, 38.905672], [-76.962232, 38.905693], [-76.962324, 38.905773]], [[-76.96188, 38.90644], [-76.961948, 38.906445], [-76.961946, 38.906491], [-76.961867, 38.906547], [-76.961856, 38.906598], [-76.96173, 38.906714], [-76.961656, 38.906837], [-76.961535, 38.906905], [-76.961437, 38.906919], [-76.961422, 38.90686], [-76.961451, 38.906814], [-76.961539, 38.906764], [-76.961575, 38.906682], [-76.961694, 38.906577], [-76.961736, 38.90646], [-76.961845, 38.906467], [-76.96188, 38.90644]], [[-76.95967, 38.907167], [-76.959621, 38.907178], [-76.959533, 38.907125], [-76.959658, 38.907078], [-76.959552, 38.907012], [-76.959567, 38.906989], [-76.959693, 38.906992], [-76.959615, 38.906883], [-76.959662, 38.906808], [-76.959788, 38.906805], [-76.959925, 38.906898], [-76.960024, 38.906889], [-76.960121, 38.90673], [-76.960101, 38.906622], [-76.960209, 38.90645], [-76.960137, 38.906326], [-76.960167, 38.906153], [-76.960328, 38.905932], [-76.960423, 38.905886], [-76.96043, 38.905837], [-76.960525, 38.905862], [-76.960562, 38.905837], [-76.960636, 38.90573], [-76.960569, 38.905628], [-76.960653, 38.905658], [-76.960826, 38.905633], [-76.96081, 38.905587], [-76.960579, 38.905512], [-76.960652, 38.905345], [-76.960681, 38.905345], [-76.960692, 38.905439], [-76.960817, 38.905418], [-76.960861, 38.905311], [-76.960928, 38.905329], [-76.960916, 38.90543], [-76.961027, 38.905578], [-76.960964, 38.905669], [-76.960846, 38.905632], [-76.960905, 38.905826], [-76.960723, 38.905935], [-76.960582, 38.905902], [-76.960599, 38.906106], [-76.960534, 38.906224], [-76.960547, 38.90628], [-76.960475, 38.906345], [-76.960493, 38.906434], [-76.960429, 38.906476], [-76.960492, 38.906584], [-76.960463, 38.906613], [-76.960455, 38.90674], [-76.960521, 38.906776], [-76.960432, 38.906939], [-76.960329, 38.907026], [-76.960154, 38.907066], [-76.960101, 38.907131], [-76.95967, 38.907167]], [[-76.958387, 38.90132], [-76.958411, 38.901388], [-76.958336, 38.901442], [-76.958281, 38.901436], [-76.958258, 38.901345], [-76.958279, 38.901284], [-76.958362, 38.901273], [-76.958387, 38.90132]], [[-76.961569, 38.896321], [-76.961595, 38.896444], [-76.961547, 38.896656], [-76.961529, 38.896447], [-76.961569, 38.896321]], [[-76.94949, 38.913815], [-76.949461, 38.913847], [-76.949407, 38.913843], [-76.949364, 38.913775], [-76.949265, 38.913757], [-76.949258, 38.913706], [-76.949331, 38.913686], [-76.949365, 38.913735], [-76.94948, 38.913692], [-76.949515, 38.913725], [-76.949476, 38.913774], [-76.94949, 38.913815]], [[-76.946814, 38.913718], [-76.946855, 38.913793], [-76.946612, 38.913765], [-76.946333, 38.913822], [-76.94616, 38.914022], [-76.945912, 38.914005], [-76.945661, 38.913936], [-76.945468, 38.913804], [-76.945495, 38.913764], [-76.945668, 38.913756], [-76.945704, 38.913666], [-76.946641, 38.913514], [-76.946823, 38.913297], [-76.946933, 38.913228], [-76.94698, 38.91295], [-76.946914, 38.912769], [-76.946905, 38.912647], [-76.947088, 38.912556], [-76.94724, 38.912589], [-76.947445, 38.912737], [-76.947703, 38.912819], [-76.94779, 38.912814], [-76.947869, 38.912862], [-76.948142, 38.912843], [-76.948213, 38.912819], [-76.948254, 38.91276], [-76.948366, 38.912758], [-76.948508, 38.912884], [-76.948803, 38.912959], [-76.948842, 38.913022], [-76.949048, 38.913111], [-76.949098, 38.913177], [-76.949058, 38.913271], [-76.948721, 38.913412], [-76.948556, 38.913386], [-76.948509, 38.913434], [-76.948262, 38.91339], [-76.9481, 38.913403], [-76.947422, 38.913573], [-76.947321, 38.913563], [-76.947197, 38.913494], [-76.946941, 38.913477], [-76.946793, 38.913623], [-76.946814, 38.913718]], [[-76.946617, 38.91297], [-76.946597, 38.913116], [-76.946531, 38.913166], [-76.946479, 38.913288], [-76.946438, 38.913296], [-76.946501, 38.913154], [-76.946518, 38.912978], [-76.946617, 38.91297]], [[-76.946647, 38.912555], [-76.946585, 38.912608], [-76.946506, 38.912437], [-76.946672, 38.912403], [-76.946693, 38.912477], [-76.946647, 38.912555]], [[-76.947647, 38.912542], [-76.947363, 38.912386], [-76.947236, 38.912385], [-76.947117, 38.912269], [-76.947061, 38.912309], [-76.947031, 38.912233], [-76.947068, 38.912197], [-76.947292, 38.912152], [-76.947273, 38.912199], [-76.947514, 38.912238], [-76.947516, 38.912284], [-76.94767, 38.912346], [-76.94779, 38.912449], [-76.947975, 38.912437], [-76.948175, 38.912361], [-76.948362, 38.912373], [-76.948458, 38.912449], [-76.94842, 38.912493], [-76.948214, 38.912479], [-76.948146, 38.912546], [-76.948022, 38.912538], [-76.947921, 38.912627], [-76.947786, 38.912616], [-76.947647, 38.912542]], [[-76.949837, 38.91234], [-76.950001, 38.912186], [-76.950051, 38.912178], [-76.950058, 38.912364], [-76.950105, 38.912426], [-76.950224, 38.912463], [-76.94986, 38.912486], [-76.949684, 38.91243], [-76.949837, 38.91234]], [[-76.949967, 38.913567], [-76.950029, 38.913534], [-76.950073, 38.913588], [-76.950002, 38.913616], [-76.949967, 38.913567]], [[-76.949891, 38.913598], [-76.949933, 38.91366], [-76.949876, 38.91369], [-76.949812, 38.913656], [-76.949743, 38.913707], [-76.949694, 38.913652], [-76.949891, 38.913598]], [[-76.949691, 38.913787], [-76.949683, 38.91375], [-76.949779, 38.913735], [-76.949823, 38.913793], [-76.949691, 38.913787]], [[-76.943611, 38.9115], [-76.94355, 38.911527], [-76.943507, 38.911496], [-76.943573, 38.911469], [-76.943611, 38.9115]], [[-76.944194, 38.911495], [-76.944035, 38.911476], [-76.943978, 38.911229], [-76.944037, 38.911249], [-76.944071, 38.911364], [-76.944167, 38.91136], [-76.944212, 38.911461], [-76.944252, 38.911483], [-76.944194, 38.911495]], [[-76.944128, 38.911286], [-76.943997, 38.911197], [-76.944042, 38.911075], [-76.944095, 38.911024], [-76.944149, 38.911114], [-76.944064, 38.91116], [-76.944148, 38.911266], [-76.944128, 38.911286]], [[-77.042154, 38.984457], [-77.042156, 38.984387], [-77.042178, 38.984443], [-77.042154, 38.984457]], [[-77.041835, 38.985002], [-77.041815, 38.984975], [-77.041843, 38.984918], [-77.042039, 38.984868], [-77.041835, 38.985002]]]}, "properties": {"DESCRIPTION": "River"}}, {"type": "Feature", "geometry": {"type": "Polygon", "coordinates": [[[-76.944741, 38.912894], [-76.944737, 38.91283], [-76.944607, 38.91281], [-76.944614, 38.912898], [-76.944708, 38.912918], [-76.944741, 38.912894]]]}, "properties": {"DESCRIPTION": "Pond"}}, {"type": "Feature", "geometry": {"type": "Polygon", "coordinates": [[[-76.973347, 38.928474], [-76.973412, 38.928452], [-76.973395, 38.928441], [-76.973347, 38.928474]]]}, "properties": {"DESCRIPTION": "Pond"}}, {"type": "Feature", "geometry": {"type": "Polygon", "coordinates": [[[-76.94438, 38.913159], [-76.944182, 38.913165], [-76.944165, 38.913335], [-76.944509, 38.913413], [-76.944539, 38.913384], [-76.944542, 38.913186], [-76.94438, 38.913159]]]}, "properties": {"DESCRIPTION": "Pond"}}, {"type": "Feature", "geometry": {"type": "Polygon", "coordinates": [[[-76.961547, 38.910719], [-76.961657, 38.910909], [-76.961877, 38.911099], [-76.962361, 38.911195], [-76.962533, 38.911197], [-76.962662, 38.911132], [-76.962681, 38.911025], [-76.962658, 38.910982], [-76.962127, 38.910686], [-76.962061, 38.910366], [-76.961984, 38.910191], [-76.961755, 38.910224], [-76.961579, 38.9104], [-76.961547, 38.910719]]]}, "properties": {"DESCRIPTION": "Pond"}}, {"type": "Feature", "geometry": {"type": "Polygon", "coordinates": [[[-76.944633, 38.913248], [-76.944584, 38.91328], [-76.944602, 38.913326], [-76.944716, 38.913322], [-76.944707, 38.91326], [-76.944633, 38.913248]]]}, "properties": {"DESCRIPTION": "Pond"}}, {"type": "Feature", "geometry": {"type": "Polygon", "coordinates": [[[-76.96342, 38.914269], [-76.963404, 38.914407], [-76.963481, 38.914423], [-76.963529, 38.914375], [-76.963453, 38.914359], [-76.96346, 38.914278], [-76.96342, 38.914269]]]}, "properties": {"DESCRIPTION": "River"}}, {"type": "Feature", "geometry": {"type": "Polygon", "coordinates": [[[-76.964925, 38.913462], [-76.964935, 38.913425], [-76.964905, 38.913402], [-76.964807, 38.913444], [-76.964825, 38.91346], [-76.964906, 38.913416], [-76.964889, 38.913471], [-76.964925, 38.913462]]]}, "properties": {"DESCRIPTION": "Pond"}}, {"type": "Feature", "geometry": {"type": "Polygon", "coordinates": [[[-76.962942, 38.915699], [-76.962999, 38.915504], [-76.962953, 38.915473], [-76.962905, 38.91551], [-76.962903, 38.915477], [-76.962962, 38.915367], [-76.962997, 38.915383], [-76.963062, 38.915296], [-76.963098, 38.915165], [-76.962748, 38.915064], [-76.962531, 38.915131], [-76.962501, 38.915216], [-76.962583, 38.915408], [-76.962545, 38.91553], [-76.962584, 38.915704], [-76.96257, 38.915847], [-76.9625, 38.91605], [-76.962532, 38.916055], [-76.962758, 38.915875], [-76.962827, 38.91579], [-76.962821, 38.915733], [-76.962942, 38.915699]], [[-76.96298, 38.915224], [-76.962948, 38.915269], [-76.962942, 38.915213], [-76.96298, 38.915224]]]}, "properties": {"DESCRIPTION": "Pond"}}, {"type": "Feature", "geometry": {"type": "Polygon", "coordinates": [[[-76.98296, 38.861004], [-76.982962, 38.860939], [-76.982934, 38.86092], [-76.98255, 38.860918], [-76.982577, 38.860963], [-76.982722, 38.860972], [-76.982744, 38.86109], [-76.982779, 38.861124], [-76.982874, 38.86112], [-76.98296, 38.861004]]]}, "properties": {"DESCRIPTION": "Pond"}}, {"type": "Feature", "geometry": {"type": "Polygon", "coordinates": [[[-76.974369, 38.916126], [-76.974325, 38.916167], [-76.974456, 38.91623], [-76.974369, 38.916126]]]}, "properties": {"DESCRIPTION": "Pond"}}, {"type": "Feature", "geometry": {"type": "Polygon", "coordinates": [[[-76.944288, 38.912743], [-76.944562, 38.912788], [-76.944589, 38.912661], [-76.944561, 38.912517], [-76.944218, 38.912489], [-76.944105, 38.912694], [-76.944288, 38.912743]]]}, "properties": {"DESCRIPTION": "Pond"}}, {"type": "Feature", "geometry": {"type": "Polygon", "coordinates": [[[-76.975227, 38.886095], [-76.975199, 38.886292], [-76.975234, 38.886324], [-76.975383, 38.886339], [-76.975537, 38.886276], [-76.975514, 38.886157], [-76.975429, 38.886053], [-76.975266, 38.88605], [-76.975227, 38.886095]]]}, "properties": {"DESCRIPTION": "Pond"}}, {"type": "Feature", "geometry": {"type": "Polygon", "coordinates": [[[-76.942271, 38.916287], [-76.942309, 38.916282], [-76.942307, 38.916232], [-76.942356, 38.916171], [-76.942151, 38.916019], [-76.941914, 38.916024], [-76.941577, 38.915956], [-76.941448, 38.915849], [-76.94148, 38.915717], [-76.941452, 38.915613], [-76.941391, 38.915582], [-76.941216, 38.915583], [-76.941138, 38.915532], [-76.941037, 38.915551], [-76.941022, 38.9156], [-76.941198, 38.915844], [-76.941138, 38.91591], [-76.941073, 38.915945], [-76.940744, 38.915957], [-76.940565, 38.916042], [-76.940518, 38.916003], [-76.940425, 38.916081], [-76.940308, 38.916036], [-76.940265, 38.916071], [-76.940209, 38.916064], [-76.940178, 38.916117], [-76.940182, 38.916153], [-76.940224, 38.916165], [-76.940527, 38.916162], [-76.940676, 38.91613], [-76.940821, 38.916208], [-76.941032, 38.916195], [-76.94123, 38.91626], [-76.941565, 38.916242], [-76.94162, 38.916283], [-76.941714, 38.916235], [-76.941775, 38.916252], [-76.941892, 38.916227], [-76.941894, 38.916188], [-76.942018, 38.91622], [-76.942077, 38.916283], [-76.942271, 38.916287]]]}, "properties": {"DESCRIPTION": "Pond"}}, {"type": "Feature", "geometry": {"type": "Polygon", "coordinates": [[[-76.912609, 38.8917], [-76.912873, 38.891683], [-76.913549, 38.891537], [-76.91355, 38.891473], [-76.912895, 38.891637], [-76.91259, 38.891651], [-76.912539, 38.89159], [-76.912108, 38.891363], [-76.912052, 38.891287], [-76.912023, 38.891168], [-76.911926, 38.891114], [-76.911944, 38.891062], [-76.911919, 38.891015], [-76.911727, 38.89094], [-76.911712, 38.890888], [-76.911656, 38.890931], [-76.911699, 38.890988], [-76.911993, 38.891179], [-76.912013, 38.891273], [-76.911916, 38.891256], [-76.911912, 38.891288], [-76.912012, 38.891311], [-76.912118, 38.89141], [-76.912609, 38.8917]]]}, "properties": {"DESCRIPTION": "River"}}, {"type": "Feature", "geometry": {"type": "Polygon", "coordinates": [[[-76.914458, 38.891256], [-76.914833, 38.891253], [-76.914975, 38.891229], [-76.914997, 38.891199], [-76.914705, 38.891085], [-76.914431, 38.891079], [-76.914416, 38.891177], [-76.914458, 38.891256]]]}, "properties": {"DESCRIPTION": "Pond"}}, {"type": "Feature", "geometry": {"type": "Polygon", "coordinates": [[[-76.942472, 38.912565], [-76.942283, 38.912632], [-76.942284, 38.912676], [-76.942697, 38.912836], [-76.942836, 38.912972], [-76.943108, 38.913075], [-76.943474, 38.912834], [-76.943618, 38.912621], [-76.943578, 38.912579], [-76.942899, 38.912402], [-76.942472, 38.912565]]]}, "properties": {"DESCRIPTION": "Pond"}}, {"type": "Feature", "geometry": {"type": "Polygon", "coordinates": [[[-76.961883, 38.891928], [-76.961984, 38.891901], [-76.961868, 38.891844], [-76.961849, 38.891896], [-76.961883, 38.891928]]]}, "properties": {"DESCRIPTION": "Pond"}}, {"type": "Feature", "geometry": {"type": "Polygon", "coordinates": [[[-76.944606, 38.91336], [-76.944588, 38.913391], [-76.944619, 38.913432], [-76.944716, 38.913424], [-76.944719, 38.913361], [-76.944606, 38.91336]]]}, "properties": {"DESCRIPTION": "Pond"}}, {"type": "Feature", "geometry": {"type": "Polygon", "coordinates": [[[-76.944785, 38.912871], [-76.944754, 38.912919], [-76.944769, 38.912944], [-76.944873, 38.912956], [-76.944916, 38.912931], [-76.944896, 38.912887], [-76.944785, 38.912871]]]}, "properties": {"DESCRIPTION": "Pond"}}, {"type": "Feature", "geometry": {"type": "Polygon", "coordinates": [[[-76.94467, 38.913185], [-76.944623, 38.913135], [-76.944595, 38.91316], [-76.944609, 38.913217], [-76.944676, 38.913222], [-76.94467, 38.913185]]]}, "properties": {"DESCRIPTION": "Pond"}}, {"type": "Feature", "geometry": {"type": "Polygon", "coordinates": [[[-76.960213, 38.866017], [-76.960144, 38.865977], [-76.960072, 38.86602], [-76.960177, 38.86607], [-76.960213, 38.866017]]]}, "properties": {"DESCRIPTION": "Pond"}}, {"type": "Feature", "geometry": {"type": "Polygon", "coordinates": [[[-76.939266, 38.886791], [-76.939269, 38.886768], [-76.939157, 38.886764], [-76.939141, 38.8868], [-76.939182, 38.886824], [-76.939266, 38.886791]]]}, "properties": {"DESCRIPTION": "Pond"}}, {"type": "Feature", "geometry": {"type": "Polygon", "coordinates": [[[-76.952293, 38.923888], [-76.952318, 38.923877], [-76.9522, 38.923851], [-76.952172, 38.923894], [-76.952229, 38.923917], [-76.952293, 38.923888]]]}, "properties": {"DESCRIPTION": "Pond"}}, {"type": "Feature", "geometry": {"type": "Polygon", "coordinates": [[[-76.974394, 38.915901], [-76.974472, 38.915907], [-76.974636, 38.915811], [-76.974688, 38.915756], [-76.974711, 38.915658], [-76.974455, 38.915534], [-76.974345, 38.915564], [-76.97431, 38.915601], [-76.974312, 38.915703], [-76.974394, 38.915901]]]}, "properties": {"DESCRIPTION": "Pond"}}, {"type": "Feature", "geometry": {"type": "Polygon", "coordinates": [[[-76.969176, 38.916965], [-76.969059, 38.916975], [-76.968937, 38.916855], [-76.968816, 38.916547], [-76.968736, 38.916449], [-76.96869, 38.916214], [-76.968563, 38.916038], [-76.968502, 38.915816], [-76.968358, 38.915628], [-76.968222, 38.915518], [-76.968058, 38.915444], [-76.967502, 38.915326], [-76.967316, 38.915236], [-76.967099, 38.915039], [-76.966908, 38.914677], [-76.966861, 38.914671], [-76.967056, 38.915042], [-76.967346, 38.915297], [-76.968026, 38.915453], [-76.968186, 38.915511], [-76.96833, 38.915614], [-76.968464, 38.915801], [-76.968538, 38.916041], [-76.968663, 38.916218], [-76.968723, 38.916474], [-76.968844, 38.916679], [-76.968927, 38.9169], [-76.968996, 38.916982], [-76.968973, 38.916995], [-76.969101, 38.917059], [-76.969177, 38.917059], [-76.969176, 38.916965]]]}, "properties": {"DESCRIPTION": "River"}}, {"type": "Feature", "geometry": {"type": "Polygon", "coordinates": [[[-76.964351, 38.913708], [-76.964422, 38.913702], [-76.96445, 38.913646], [-76.964408, 38.913636], [-76.964351, 38.913708]]]}, "properties": {"DESCRIPTION": "River"}}, {"type": "Feature", "geometry": {"type": "Polygon", "coordinates": [[[-76.963049, 38.914862], [-76.963012, 38.914897], [-76.963037, 38.914956], [-76.962901, 38.915053], [-76.963041, 38.914973], [-76.963049, 38.914862]]]}, "properties": {"DESCRIPTION": "River"}}, {"type": "Feature", "geometry": {"type": "Polygon", "coordinates": [[[-76.965561, 38.913205], [-76.965508, 38.913039], [-76.965395, 38.913027], [-76.965386, 38.913053], [-76.965483, 38.913098], [-76.96552, 38.913203], [-76.965561, 38.913205]]]}, "properties": {"DESCRIPTION": "Pond"}}, {"type": "Feature", "geometry": {"type": "Polygon", "coordinates": [[[-76.973149, 38.92967], [-76.973171, 38.9297], [-76.973198, 38.929688], [-76.973149, 38.92967]]]}, "properties": {"DESCRIPTION": "Pond"}}, {"type": "Feature", "geometry": {"type": "Polygon", "coordinates": [[[-76.942002, 38.91289], [-76.941988, 38.912917], [-76.942018, 38.912938], [-76.942053, 38.912908], [-76.942002, 38.91289]]]}, "properties": {"DESCRIPTION": "Pond"}}, {"type": "Feature", "geometry": {"type": "Polygon", "coordinates": [[[-76.944286, 38.912315], [-76.944266, 38.912356], [-76.944314, 38.912391], [-76.944449, 38.912399], [-76.944484, 38.912368], [-76.944459, 38.912327], [-76.944286, 38.912315]]]}, "properties": {"DESCRIPTION": "Pond"}}, {"type": "Feature", "geometry": {"type": "Polygon", "coordinates": [[[-76.943285, 38.912385], [-76.943256, 38.912445], [-76.943395, 38.912478], [-76.943408, 38.91241], [-76.943285, 38.912385]]]}, "properties": {"DESCRIPTION": "Pond"}}, {"type": "Feature", "geometry": {"type": "Polygon", "coordinates": [[[-76.964289, 38.882446], [-76.964265, 38.882464], [-76.964377, 38.882487], [-76.964289, 38.882446]]]}, "properties": {"DESCRIPTION": "River"}}, {"type": "Feature", "geometry": {"type": "Polygon", "coordinates": [[[-76.94058, 38.910182], [-76.940613, 38.910205], [-76.940569, 38.910197], [-76.940597, 38.910231], [-76.940885, 38.910388], [-76.940955, 38.910325], [-76.941035, 38.910337], [-76.941043, 38.910299], [-76.941228, 38.910327], [-76.941129, 38.910362], [-76.940995, 38.910344], [-76.941027, 38.910381], [-76.940926, 38.910384], [-76.941155, 38.910425], [-76.941581, 38.910426], [-76.941676, 38.910374], [-76.941736, 38.910396], [-76.94175, 38.910374], [-76.941686, 38.910352], [-76.941623, 38.910396], [-76.941612, 38.910362], [-76.941532, 38.910414], [-76.941598, 38.910337], [-76.941595, 38.910284], [-76.941052, 38.910258], [-76.941029, 38.910292], [-76.941024, 38.910252], [-76.94085, 38.910197], [-76.940923, 38.910279], [-76.940976, 38.910292], [-76.940912, 38.910307], [-76.940716, 38.910159], [-76.9405, 38.910116], [-76.940243, 38.909949], [-76.94018, 38.909975], [-76.940262, 38.910045], [-76.94058, 38.910182]], [[-76.940618, 38.910212], [-76.940655, 38.910195], [-76.940643, 38.910175], [-76.940727, 38.910197], [-76.940796, 38.910284], [-76.940618, 38.910212]]]}, "properties": {"DESCRIPTION": "River"}}, {"type": "Feature", "geometry": {"type": "Polygon", "coordinates": [[[-76.956557, 38.903267], [-76.956355, 38.903154], [-76.956275, 38.903164], [-76.95628, 38.903209], [-76.956454, 38.90329], [-76.95663, 38.903323], [-76.956557, 38.903267]]]}, "properties": {"DESCRIPTION": "Pond"}}, {"type": "Feature", "geometry": {"type": "Polygon", "coordinates": [[[-76.951289, 38.908261], [-76.951481, 38.908293], [-76.951928, 38.908235], [-76.952235, 38.908134], [-76.952541, 38.907986], [-76.952841, 38.907733], [-76.952863, 38.90768], [-76.953095, 38.90757], [-76.953453, 38.907333], [-76.953478, 38.907301], [-76.953442, 38.90728], [-76.953457, 38.907238], [-76.95361, 38.907113], [-76.953628, 38.90686], [-76.9537, 38.90682], [-76.953746, 38.906664], [-76.954379, 38.906468], [-76.954617, 38.906343], [-76.95471, 38.906336], [-76.954698, 38.90624], [-76.954206, 38.906497], [-76.954099, 38.906535], [-76.954024, 38.906516], [-76.953909, 38.906543], [-76.95362, 38.90669], [-76.953698, 38.906688], [-76.953655, 38.906786], [-76.953603, 38.906777], [-76.953553, 38.90689], [-76.953547, 38.906956], [-76.953585, 38.907023], [-76.953558, 38.907157], [-76.95348, 38.907194], [-76.953271, 38.907387], [-76.952747, 38.9077], [-76.952606, 38.907878], [-76.952058, 38.908151], [-76.951428, 38.908255], [-76.951168, 38.908238], [-76.950668, 38.908095], [-76.950262, 38.907835], [-76.949897, 38.907525], [-76.949756, 38.907361], [-76.949685, 38.907334], [-76.949625, 38.907178], [-76.949392, 38.906972], [-76.949377, 38.90689], [-76.94911, 38.90659], [-76.949014, 38.906309], [-76.948785, 38.90595], [-76.948573, 38.905804], [-76.948475, 38.905594], [-76.948085, 38.90519], [-76.947851, 38.9049], [-76.947605, 38.904731], [-76.94751, 38.904598], [-76.947497, 38.904656], [-76.947472, 38.90465], [-76.947374, 38.904497], [-76.947089, 38.904191], [-76.946675, 38.903913], [-76.946612, 38.903899], [-76.946466, 38.903652], [-76.94628, 38.90343], [-76.9462, 38.903356], [-76.946132, 38.903346], [-76.945697, 38.902898], [-76.945362, 38.902706], [-76.945295, 38.902553], [-76.945344, 38.902235], [-76.944998, 38.901918], [-76.94492, 38.901778], [-76.944445, 38.901467], [-76.943309, 38.90124], [-76.943091, 38.901252], [-76.942751, 38.901216], [-76.942656, 38.901236], [-76.942582, 38.901198], [-76.94244, 38.901189], [-76.942353, 38.901226], [-76.942207, 38.901178], [-76.94208, 38.90106], [-76.942017, 38.900701], [-76.941975, 38.900643], [-76.942015, 38.900589], [-76.942015, 38.900454], [-76.941959, 38.900374], [-76.941882, 38.900336], [-76.941534, 38.900308], [-76.941428, 38.900262], [-76.941291, 38.900138], [-76.94105, 38.899815], [-76.940649, 38.899368], [-76.940444, 38.899216], [-76.939956, 38.898976], [-76.939764, 38.898754], [-76.939614, 38.89868], [-76.939318, 38.898628], [-76.938622, 38.898671], [-76.938398, 38.898617], [-76.938231, 38.898634], [-76.937595, 38.898515], [-76.937549, 38.898548], [-76.93736, 38.898499], [-76.937021, 38.898532], [-76.936854, 38.89845], [-76.936597, 38.898407], [-76.936227, 38.898547], [-76.935936, 38.898464], [-76.935742, 38.898272], [-76.935259, 38.898003], [-76.934972, 38.897884], [-76.93492, 38.897816], [-76.934356, 38.897719], [-76.933988, 38.897728], [-76.93358, 38.898006], [-76.933372, 38.89803], [-76.9333, 38.898068], [-76.932997, 38.898088], [-76.932757, 38.898055], [-76.932249, 38.89805], [-76.932245, 38.898113], [-76.932282, 38.898125], [-76.932481, 38.898075], [-76.932621, 38.898118], [-76.933048, 38.898125], [-76.933102, 38.898161], [-76.933222, 38.898164], [-76.933458, 38.898118], [-76.93336, 38.898083], [-76.933376, 38.898045], [-76.933727, 38.898003], [-76.933996, 38.897791], [-76.9343, 38.897778], [-76.934823, 38.89785], [-76.934937, 38.897898], [-76.935208, 38.898068], [-76.935704, 38.8983], [-76.935919, 38.898487], [-76.93599, 38.898487], [-76.936056, 38.898546], [-76.936165, 38.898575], [-76.936321, 38.898564], [-76.936304, 38.898545], [-76.936598, 38.89845], [-76.937151, 38.898566], [-76.937471, 38.89853], [-76.937528, 38.898588], [-76.937638, 38.898555], [-76.938178, 38.898676], [-76.93847, 38.898681], [-76.938607, 38.898731], [-76.939112, 38.898725], [-76.939323, 38.898656], [-76.93966, 38.898749], [-76.939875, 38.898984], [-76.940055, 38.899124], [-76.940516, 38.899302], [-76.94063, 38.899377], [-76.941177, 38.900074], [-76.941218, 38.900076], [-76.941275, 38.900205], [-76.941302, 38.900197], [-76.941416, 38.900334], [-76.941492, 38.900353], [-76.941505, 38.900329], [-76.941708, 38.900385], [-76.941789, 38.900359], [-76.941955, 38.900427], [-76.941945, 38.90063], [-76.942009, 38.901048], [-76.942165, 38.901206], [-76.942276, 38.901251], [-76.942681, 38.901263], [-76.942787, 38.901294], [-76.942972, 38.901298], [-76.943065, 38.901267], [-76.943159, 38.901315], [-76.943249, 38.901309], [-76.943931, 38.901442], [-76.944044, 38.901434], [-76.944643, 38.901605], [-76.945265, 38.90223], [-76.945284, 38.902308], [-76.945251, 38.902575], [-76.945362, 38.902774], [-76.945479, 38.902869], [-76.94565, 38.902877], [-76.94588, 38.903131], [-76.945894, 38.903191], [-76.946278, 38.903517], [-76.946367, 38.903681], [-76.946463, 38.903741], [-76.946501, 38.903848], [-76.946938, 38.904192], [-76.947072, 38.90426], [-76.947337, 38.904569], [-76.947583, 38.90477], [-76.947567, 38.904801], [-76.948031, 38.905176], [-76.948212, 38.905405], [-76.948404, 38.905591], [-76.948469, 38.905615], [-76.948525, 38.905801], [-76.948703, 38.905955], [-76.948991, 38.906376], [-76.949145, 38.906729], [-76.949305, 38.906879], [-76.94934, 38.906879], [-76.94935, 38.906924], [-76.94931, 38.906941], [-76.949398, 38.907062], [-76.949469, 38.907095], [-76.949472, 38.907145], [-76.949831, 38.90753], [-76.950184, 38.90784], [-76.950531, 38.908066], [-76.950724, 38.908156], [-76.951026, 38.908237], [-76.951289, 38.908261]]]}, "properties": {"DESCRIPTION": "River"}}, {"type": "Feature", "geometry": {"type": "Polygon", "coordinates": [[[-76.965832, 38.877447], [-76.96594, 38.877495], [-76.966137, 38.87743], [-76.966173, 38.877475], [-76.966223, 38.877475], [-76.966265, 38.877524], [-76.966466, 38.877618], [-76.966575, 38.877552], [-76.966698, 38.877533], [-76.96655, 38.877503], [-76.966547, 38.877545], [-76.96646, 38.877598], [-76.96632, 38.877509], [-76.96634, 38.877422], [-76.966232, 38.87745], [-76.966204, 38.877403], [-76.966158, 38.877401], [-76.966099, 38.877292], [-76.966094, 38.877341], [-76.966054, 38.877306], [-76.966049, 38.877351], [-76.965969, 38.877351], [-76.966022, 38.877406], [-76.96599, 38.877452], [-76.965832, 38.877447]]]}, "properties": {"DESCRIPTION": "River"}}, {"type": "Feature", "geometry": {"type": "Polygon", "coordinates": [[[-76.963998, 38.909354], [-76.963927, 38.909291], [-76.963879, 38.909302], [-76.963863, 38.909353], [-76.963998, 38.909354]]]}, "properties": {"DESCRIPTION": "Pond"}}, {"type": "Feature", "geometry": {"type": "Polygon", "coordinates": [[[-76.964476, 38.913569], [-76.964422, 38.913529], [-76.964397, 38.913584], [-76.964529, 38.913549], [-76.964495, 38.91354], [-76.964476, 38.913569]]]}, "properties": {"DESCRIPTION": "River"}}, {"type": "Feature", "geometry": {"type": "Polygon", "coordinates": [[[-76.939864, 38.909739], [-76.9396, 38.90969], [-76.939431, 38.90971], [-76.939462, 38.909671], [-76.939386, 38.909659], [-76.939333, 38.909682], [-76.939419, 38.909689], [-76.939386, 38.90972], [-76.93913, 38.909673], [-76.939091, 38.909697], [-76.938912, 38.909607], [-76.938901, 38.909547], [-76.938548, 38.909607], [-76.938381, 38.909536], [-76.937989, 38.90958], [-76.937292, 38.909322], [-76.937235, 38.909363], [-76.93799, 38.909593], [-76.938177, 38.909598], [-76.938319, 38.909543], [-76.938541, 38.909613], [-76.938852, 38.909581], [-76.938975, 38.909684], [-76.939065, 38.909711], [-76.939369, 38.90974], [-76.939626, 38.909707], [-76.939841, 38.909761], [-76.939864, 38.909739]]]}, "properties": {"DESCRIPTION": "River"}}, {"type": "Feature", "geometry": {"type": "Polygon", "coordinates": [[[-76.944271, 38.912229], [-76.944262, 38.91228], [-76.94435, 38.912268], [-76.944339, 38.91223], [-76.944271, 38.912229]]]}, "properties": {"DESCRIPTION": "Pond"}}, {"type": "Feature", "geometry": {"type": "Polygon", "coordinates": [[[-76.942076, 38.912787], [-76.942029, 38.912843], [-76.942092, 38.912876], [-76.942142, 38.912807], [-76.942076, 38.912787]]]}, "properties": {"DESCRIPTION": "Pond"}}, {"type": "Feature", "geometry": {"type": "Polygon", "coordinates": [[[-76.926798, 38.896859], [-76.926386, 38.896592], [-76.926357, 38.896673], [-76.926642, 38.896817], [-76.927036, 38.897178], [-76.9271, 38.897356], [-76.927209, 38.897534], [-76.927414, 38.897732], [-76.927712, 38.897887], [-76.927785, 38.897897], [-76.927765, 38.897871], [-76.927952, 38.897929], [-76.928101, 38.897914], [-76.928217, 38.897962], [-76.928201, 38.897933], [-76.928239, 38.897908], [-76.92803, 38.897885], [-76.928011, 38.897859], [-76.927774, 38.897851], [-76.927489, 38.897718], [-76.927184, 38.897475], [-76.927171, 38.897316], [-76.927066, 38.897191], [-76.927101, 38.897183], [-76.927029, 38.897099], [-76.926974, 38.89709], [-76.926894, 38.896949], [-76.926798, 38.896859]]]}, "properties": {"DESCRIPTION": "River"}}, {"type": "Feature", "geometry": {"type": "Polygon", "coordinates": [[[-76.943646, 38.912639], [-76.943502, 38.912849], [-76.943498, 38.912907], [-76.943753, 38.913031], [-76.9438, 38.912941], [-76.943799, 38.912864], [-76.943718, 38.912683], [-76.943646, 38.912639]]]}, "properties": {"DESCRIPTION": "Pond"}}, {"type": "Feature", "geometry": {"type": "Polygon", "coordinates": [[[-76.951256, 38.880254], [-76.951198, 38.880228], [-76.951198, 38.880163], [-76.951161, 38.880124], [-76.95098, 38.880018], [-76.950964, 38.880042], [-76.951069, 38.880063], [-76.951183, 38.88016], [-76.951189, 38.880235], [-76.951329, 38.880306], [-76.951367, 38.880307], [-76.951386, 38.880243], [-76.951509, 38.880252], [-76.951472, 38.880224], [-76.951256, 38.880254]], [[-76.951309, 38.88028], [-76.951353, 38.880248], [-76.951363, 38.880296], [-76.951309, 38.88028]]]}, "properties": {"DESCRIPTION": "River"}}, {"type": "Feature", "geometry": {"type": "Polygon", "coordinates": [[[-76.953396, 38.880179], [-76.953515, 38.880143], [-76.953623, 38.880165], [-76.953635, 38.880231], [-76.953577, 38.88031], [-76.953579, 38.880388], [-76.953715, 38.880467], [-76.9538, 38.880429], [-76.953842, 38.880258], [-76.953929, 38.880213], [-76.954005, 38.880323], [-76.954263, 38.880359], [-76.954302, 38.880453], [-76.954362, 38.880494], [-76.954413, 38.88048], [-76.95444, 38.880424], [-76.954505, 38.880421], [-76.954432, 38.88042], [-76.954411, 38.880467], [-76.954364, 38.880473], [-76.954302, 38.880355], [-76.954021, 38.880311], [-76.953925, 38.880201], [-76.953808, 38.880277], [-76.953819, 38.88037], [-76.953791, 38.880427], [-76.953613, 38.880412], [-76.953589, 38.880334], [-76.95365, 38.880264], [-76.953647, 38.880199], [-76.953628, 38.880152], [-76.953524, 38.880126], [-76.953371, 38.880171], [-76.953122, 38.880143], [-76.953055, 38.880179], [-76.95303, 38.880256], [-76.953082, 38.880316], [-76.95318, 38.880316], [-76.953194, 38.880365], [-76.953172, 38.880373], [-76.952774, 38.880325], [-76.952632, 38.880364], [-76.952505, 38.880312], [-76.95222, 38.880275], [-76.952036, 38.880285], [-76.951769, 38.880249], [-76.95159, 38.880253], [-76.951583, 38.880276], [-76.952246, 38.88029], [-76.952666, 38.880377], [-76.952772, 38.880335], [-76.952867, 38.880367], [-76.953202, 38.88038], [-76.95319, 38.880307], [-76.953077, 38.880304], [-76.95305, 38.880273], [-76.953041, 38.88023], [-76.95308, 38.88018], [-76.95316, 38.880153], [-76.953396, 38.880179]]]}, "properties": {"DESCRIPTION": "River"}}, {"type": "Feature", "geometry": {"type": "Polygon", "coordinates": [[[-76.965299, 38.913043], [-76.96529, 38.913083], [-76.965343, 38.913175], [-76.965422, 38.913208], [-76.965351, 38.913059], [-76.965299, 38.913043]]]}, "properties": {"DESCRIPTION": "Pond"}}, {"type": "Feature", "geometry": {"type": "Polygon", "coordinates": [[[-76.943506, 38.919062], [-76.943496, 38.919112], [-76.943548, 38.919114], [-76.943582, 38.919177], [-76.943696, 38.919225], [-76.943772, 38.919155], [-76.943815, 38.91918], [-76.943858, 38.919148], [-76.943935, 38.919214], [-76.944008, 38.919345], [-76.943889, 38.91938], [-76.943717, 38.91928], [-76.943436, 38.919244], [-76.943371, 38.919327], [-76.943287, 38.919332], [-76.943223, 38.919278], [-76.943337, 38.919284], [-76.943336, 38.919259], [-76.943266, 38.919237], [-76.943284, 38.919189], [-76.94341, 38.919223], [-76.943242, 38.919069], [-76.943017, 38.919115], [-76.942968, 38.919328], [-76.943629, 38.919859], [-76.943982, 38.919921], [-76.94441, 38.920162], [-76.944787, 38.920479], [-76.944866, 38.920583], [-76.945031, 38.92049], [-76.945049, 38.920417], [-76.94499, 38.920318], [-76.945063, 38.920184], [-76.945223, 38.920155], [-76.945262, 38.920189], [-76.945261, 38.920143], [-76.945336, 38.920113], [-76.945433, 38.920129], [-76.945498, 38.920103], [-76.945499, 38.91998], [-76.945544, 38.919932], [-76.945524, 38.919875], [-76.945583, 38.919844], [-76.94563, 38.919762], [-76.945938, 38.919651], [-76.946014, 38.919558], [-76.946092, 38.919557], [-76.946014, 38.91953], [-76.945964, 38.91957], [-76.946005, 38.919479], [-76.946085, 38.919445], [-76.946042, 38.91938], [-76.946238, 38.919202], [-76.946244, 38.91911], [-76.946345, 38.919032], [-76.946371, 38.918962], [-76.946248, 38.918986], [-76.946189, 38.918881], [-76.946133, 38.918878], [-76.946155, 38.91884], [-76.946132, 38.918814], [-76.945914, 38.918801], [-76.945848, 38.918884], [-76.945832, 38.918962], [-76.94575, 38.919041], [-76.945542, 38.919066], [-76.945494, 38.919039], [-76.945445, 38.919106], [-76.94544, 38.91916], [-76.945487, 38.919201], [-76.945428, 38.919328], [-76.94526, 38.919377], [-76.945109, 38.919352], [-76.945058, 38.919316], [-76.945073, 38.919279], [-76.944907, 38.919222], [-76.944977, 38.919388], [-76.944809, 38.919574], [-76.944651, 38.919651], [-76.944331, 38.919569], [-76.944268, 38.919584], [-76.944207, 38.919475], [-76.944114, 38.91947], [-76.944101, 38.919408], [-76.944038, 38.919377], [-76.944073, 38.919349], [-76.943985, 38.919269], [-76.944018, 38.919122], [-76.944091, 38.919028], [-76.94384, 38.918987], [-76.943759, 38.918913], [-76.943759, 38.918862], [-76.943699, 38.918843], [-76.943682, 38.918786], [-76.94354, 38.9188], [-76.943448, 38.91889], [-76.943476, 38.918965], [-76.943527, 38.918982], [-76.943506, 38.919062]]]}, "properties": {"DESCRIPTION": "Lake"}}, {"type": "Feature", "geometry": {"type": "Polygon", "coordinates": [[[-76.944888, 38.912668], [-76.944772, 38.912679], [-76.944808, 38.912745], [-76.944906, 38.912753], [-76.944888, 38.912668]]]}, "properties": {"DESCRIPTION": "Pond"}}, {"type": "Feature", "geometry": {"type": "Polygon", "coordinates": [[[-76.944667, 38.913072], [-76.944609, 38.91306], [-76.944672, 38.913121], [-76.944693, 38.913092], [-76.944667, 38.913072]]]}, "properties": {"DESCRIPTION": "Pond"}}, {"type": "Feature", "geometry": {"type": "Polygon", "coordinates": [[[-76.961907, 38.903532], [-76.961888, 38.903494], [-76.961827, 38.903542], [-76.961873, 38.903568], [-76.961907, 38.903532]]]}, "properties": {"DESCRIPTION": "Pond"}}, {"type": "Feature", "geometry": {"type": "Polygon", "coordinates": [[[-76.962044, 38.916551], [-76.96198, 38.916532], [-76.961926, 38.916571], [-76.96199, 38.916603], [-76.962044, 38.916551]]]}, "properties": {"DESCRIPTION": "Pond"}}, {"type": "Feature", "geometry": {"type": "Polygon", "coordinates": [[[-76.943841, 38.912622], [-76.943885, 38.912595], [-76.943916, 38.912466], [-76.943744, 38.912458], [-76.943693, 38.912584], [-76.943841, 38.912622]]]}, "properties": {"DESCRIPTION": "Pond"}}, {"type": "Feature", "geometry": {"type": "Polygon", "coordinates": [[[-76.963608, 38.882195], [-76.963792, 38.88239], [-76.963858, 38.882414], [-76.963608, 38.882195]]]}, "properties": {"DESCRIPTION": "River"}}, {"type": "Feature", "geometry": {"type": "Polygon", "coordinates": [[[-76.946648, 38.919429], [-76.946575, 38.91961], [-76.946604, 38.919676], [-76.946572, 38.919677], [-76.946541, 38.91976], [-76.946566, 38.919798], [-76.946645, 38.919743], [-76.94675, 38.91959], [-76.94691, 38.919324], [-76.946888, 38.919273], [-76.946917, 38.919215], [-76.946858, 38.919246], [-76.946786, 38.919239], [-76.946648, 38.919429]]]}, "properties": {"DESCRIPTION": "Pond"}}, {"type": "Feature", "geometry": {"type": "Polygon", "coordinates": [[[-76.961523, 38.903786], [-76.961545, 38.903695], [-76.961331, 38.9037], [-76.96103, 38.904103], [-76.961079, 38.904118], [-76.961147, 38.904081], [-76.961137, 38.903985], [-76.961188, 38.903931], [-76.961362, 38.903948], [-76.961479, 38.903873], [-76.961523, 38.903786]]]}, "properties": {"DESCRIPTION": "Pond"}}, {"type": "Feature", "geometry": {"type": "Polygon", "coordinates": [[[-76.955368, 38.873006], [-76.955283, 38.873019], [-76.955332, 38.872979], [-76.955291, 38.872986], [-76.955252, 38.873063], [-76.955331, 38.873059], [-76.955368, 38.873006]]]}, "properties": {"DESCRIPTION": "Pond"}}, {"type": "Feature", "geometry": {"type": "Polygon", "coordinates": [[[-76.950331, 38.923751], [-76.95027, 38.923789], [-76.950241, 38.923864], [-76.950255, 38.924014], [-76.950204, 38.924184], [-76.950218, 38.924234], [-76.950578, 38.92439], [-76.950595, 38.924347], [-76.950699, 38.924362], [-76.95073, 38.924292], [-76.950626, 38.924081], [-76.950648, 38.923987], [-76.950627, 38.923918], [-76.950699, 38.923754], [-76.95075, 38.923705], [-76.950535, 38.923701], [-76.950331, 38.923751]]]}, "properties": {"DESCRIPTION": "Pond"}}, {"type": "Feature", "geometry": {"type": "Polygon", "coordinates": [[[-76.963971, 38.914053], [-76.963817, 38.913867], [-76.963744, 38.913864], [-76.963668, 38.91393], [-76.963775, 38.914042], [-76.963907, 38.914087], [-76.963971, 38.914053]]]}, "properties": {"DESCRIPTION": "River"}}, {"type": "Feature", "geometry": {"type": "Polygon", "coordinates": [[[-76.944074, 38.912473], [-76.943964, 38.912476], [-76.943896, 38.912638], [-76.944086, 38.912669], [-76.944172, 38.912497], [-76.944074, 38.912473]]]}, "properties": {"DESCRIPTION": "Pond"}}, {"type": "Feature", "geometry": {"type": "Polygon", "coordinates": [[[-76.944718, 38.912618], [-76.94472, 38.912548], [-76.944667, 38.912522], [-76.944637, 38.912618], [-76.944698, 38.912646], [-76.944718, 38.912618]]]}, "properties": {"DESCRIPTION": "Pond"}}, {"type": "Feature", "geometry": {"type": "Polygon", "coordinates": [[[-76.963302, 38.914469], [-76.963269, 38.914524], [-76.963308, 38.914487], [-76.963366, 38.914509], [-76.963321, 38.914578], [-76.963139, 38.914712], [-76.963104, 38.914793], [-76.963278, 38.914644], [-76.963427, 38.914445], [-76.963356, 38.914427], [-76.963302, 38.914469]]]}, "properties": {"DESCRIPTION": "River"}}, {"type": "Feature", "geometry": {"type": "Polygon", "coordinates": [[[-76.942087, 38.912912], [-76.942073, 38.912956], [-76.942141, 38.912952], [-76.942136, 38.912921], [-76.942087, 38.912912]]]}, "properties": {"DESCRIPTION": "Pond"}}, {"type": "Feature", "geometry": {"type": "Polygon", "coordinates": [[[-76.944878, 38.912623], [-76.944901, 38.912584], [-76.944883, 38.912551], [-76.944768, 38.912534], [-76.944767, 38.912632], [-76.944878, 38.912623]]]}, "properties": {"DESCRIPTION": "Pond"}}, {"type": "Feature", "geometry": {"type": "Polygon", "coordinates": [[[-76.965172, 38.913033], [-76.965198, 38.91305], [-76.965152, 38.913066], [-76.96516, 38.913158], [-76.965257, 38.913245], [-76.965298, 38.913246], [-76.96531, 38.913208], [-76.965225, 38.9131], [-76.965236, 38.913046], [-76.965172, 38.913033]]]}, "properties": {"DESCRIPTION": "Pond"}}, {"type": "Feature", "geometry": {"type": "Polygon", "coordinates": [[[-76.944678, 38.912261], [-76.944687, 38.912326], [-76.944751, 38.912406], [-76.944799, 38.912412], [-76.944827, 38.912278], [-76.944678, 38.912261]]]}, "properties": {"DESCRIPTION": "Pond"}}, {"type": "Feature", "geometry": {"type": "Polygon", "coordinates": [[[-76.963548, 38.914012], [-76.963442, 38.914085], [-76.963443, 38.914168], [-76.963516, 38.914187], [-76.963571, 38.914149], [-76.963664, 38.914202], [-76.963711, 38.914189], [-76.963718, 38.914154], [-76.963548, 38.914012]]]}, "properties": {"DESCRIPTION": "River"}}, {"type": "Feature", "geometry": {"type": "Polygon", "coordinates": [[[-76.94241, 38.912765], [-76.942177, 38.912681], [-76.942116, 38.912754], [-76.942179, 38.912805], [-76.942132, 38.912889], [-76.942163, 38.912959], [-76.942094, 38.912991], [-76.941962, 38.912948], [-76.941875, 38.913045], [-76.94189, 38.913159], [-76.942017, 38.913202], [-76.942713, 38.913001], [-76.942743, 38.91294], [-76.942717, 38.912891], [-76.94241, 38.912765]]]}, "properties": {"DESCRIPTION": "Pond"}}, {"type": "Feature", "geometry": {"type": "Polygon", "coordinates": [[[-76.949975, 38.879605], [-76.94984, 38.87955], [-76.950313, 38.879818], [-76.950536, 38.879841], [-76.9507, 38.879814], [-76.95089, 38.879826], [-76.95097, 38.879797], [-76.95101, 38.879854], [-76.950938, 38.879996], [-76.950949, 38.880029], [-76.951021, 38.879869], [-76.950964, 38.879783], [-76.950855, 38.879824], [-76.950376, 38.879814], [-76.950231, 38.879767], [-76.949975, 38.879605]]]}, "properties": {"DESCRIPTION": "River"}}, {"type": "Feature", "geometry": {"type": "Polygon", "coordinates": [[[-76.971576, 38.906702], [-76.971563, 38.906745], [-76.971616, 38.906803], [-76.971638, 38.906896], [-76.971754, 38.906944], [-76.971824, 38.90708], [-76.971918, 38.907059], [-76.971935, 38.906918], [-76.971817, 38.906792], [-76.971767, 38.906687], [-76.971771, 38.906467], [-76.971739, 38.906426], [-76.971623, 38.906432], [-76.971609, 38.906662], [-76.971576, 38.906702]]]}, "properties": {"DESCRIPTION": "Pond"}}, {"type": "Feature", "geometry": {"type": "Polygon", "coordinates": [[[-76.963548, 38.914012], [-76.963635, 38.914097], [-76.963677, 38.914073], [-76.963731, 38.91413], [-76.963813, 38.914135], [-76.963775, 38.914042], [-76.963668, 38.91393], [-76.963548, 38.914012]]]}, "properties": {"DESCRIPTION": "River"}}, {"type": "Feature", "geometry": {"type": "Polygon", "coordinates": [[[-76.952609, 38.872873], [-76.952674, 38.872925], [-76.952642, 38.872748], [-76.952606, 38.872726], [-76.952622, 38.872692], [-76.95249, 38.872548], [-76.952454, 38.872605], [-76.952591, 38.872729], [-76.952542, 38.872788], [-76.952609, 38.872873]]]}, "properties": {"DESCRIPTION": "Pond"}}, {"type": "Feature", "geometry": {"type": "Polygon", "coordinates": [[[-76.954671, 38.880583], [-76.954603, 38.880556], [-76.954513, 38.880438], [-76.954612, 38.88057], [-76.954764, 38.880599], [-76.955005, 38.880702], [-76.954774, 38.880587], [-76.954671, 38.880583]]]}, "properties": {"DESCRIPTION": "River"}}, {"type": "Feature", "geometry": {"type": "Polygon", "coordinates": [[[-76.944795, 38.913101], [-76.944725, 38.913128], [-76.944707, 38.913188], [-76.944757, 38.913308], [-76.944804, 38.913332], [-76.944875, 38.91331], [-76.944894, 38.913192], [-76.944882, 38.913107], [-76.944795, 38.913101]]]}, "properties": {"DESCRIPTION": "Pond"}}, {"type": "Feature", "geometry": {"type": "Polygon", "coordinates": [[[-76.943382, 38.912937], [-76.943136, 38.913125], [-76.943131, 38.913303], [-76.943419, 38.913313], [-76.943521, 38.913275], [-76.943503, 38.913101], [-76.943435, 38.912933], [-76.943382, 38.912937]]]}, "properties": {"DESCRIPTION": "Pond"}}, {"type": "Feature", "geometry": {"type": "Polygon", "coordinates": [[[-76.924514, 38.895739], [-76.924697, 38.895751], [-76.924702, 38.895707], [-76.92463, 38.895696], [-76.924605, 38.895725], [-76.92454, 38.895688], [-76.924331, 38.895657], [-76.924255, 38.895582], [-76.924032, 38.895523], [-76.923613, 38.895526], [-76.923334, 38.895488], [-76.92308, 38.895373], [-76.922813, 38.895178], [-76.922621, 38.895131], [-76.922382, 38.894969], [-76.922192, 38.894893], [-76.922042, 38.894855], [-76.921699, 38.894866], [-76.92153, 38.89484], [-76.921512, 38.894798], [-76.921233, 38.894608], [-76.921014, 38.894559], [-76.920708, 38.894598], [-76.920596, 38.894536], [-76.920082, 38.894413], [-76.919532, 38.894223], [-76.91869, 38.894016], [-76.91828, 38.893729], [-76.918296, 38.89369], [-76.91818, 38.893515], [-76.91822, 38.893397], [-76.918161, 38.89324], [-76.918071, 38.893168], [-76.917936, 38.893123], [-76.917365, 38.892803], [-76.916876, 38.892233], [-76.916853, 38.892144], [-76.916612, 38.892023], [-76.916316, 38.89196], [-76.916158, 38.891827], [-76.916128, 38.891711], [-76.91601, 38.891624], [-76.915809, 38.891647], [-76.915553, 38.891789], [-76.915348, 38.89179], [-76.915083, 38.891713], [-76.914924, 38.891633], [-76.914275, 38.891528], [-76.914216, 38.891408], [-76.914239, 38.891371], [-76.914192, 38.891265], [-76.91403, 38.89112], [-76.914016, 38.890936], [-76.913905, 38.890664], [-76.91398, 38.890551], [-76.913972, 38.890358], [-76.914002, 38.890231], [-76.913937, 38.889969], [-76.913854, 38.889981], [-76.91388, 38.890071], [-76.913932, 38.890087], [-76.913977, 38.890157], [-76.91395, 38.890168], [-76.913886, 38.8907], [-76.913992, 38.89093], [-76.914003, 38.891154], [-76.91411, 38.89127], [-76.914134, 38.891235], [-76.914182, 38.891291], [-76.914151, 38.891366], [-76.914197, 38.891448], [-76.914171, 38.89145], [-76.914194, 38.89153], [-76.914129, 38.891501], [-76.913789, 38.891484], [-76.913788, 38.891521], [-76.914584, 38.891607], [-76.914937, 38.891686], [-76.915394, 38.891855], [-76.915656, 38.891837], [-76.915765, 38.891703], [-76.915862, 38.891669], [-76.916041, 38.891671], [-76.916117, 38.891827], [-76.91629, 38.891982], [-76.916505, 38.892012], [-76.916597, 38.89207], [-76.916748, 38.892102], [-76.916819, 38.892172], [-76.916847, 38.892266], [-76.91701, 38.892421], [-76.917054, 38.892534], [-76.917326, 38.892809], [-76.917571, 38.892992], [-76.917933, 38.893153], [-76.9181, 38.893272], [-76.918163, 38.893368], [-76.918166, 38.893562], [-76.918263, 38.893742], [-76.918565, 38.894001], [-76.920483, 38.894565], [-76.921163, 38.894651], [-76.921283, 38.894695], [-76.921497, 38.894866], [-76.921642, 38.894911], [-76.921808, 38.894918], [-76.921983, 38.894878], [-76.922175, 38.894921], [-76.922265, 38.895], [-76.922564, 38.895151], [-76.922698, 38.895168], [-76.923163, 38.895498], [-76.923272, 38.895544], [-76.923472, 38.895591], [-76.923539, 38.895567], [-76.923846, 38.895585], [-76.92388, 38.89556], [-76.924075, 38.895607], [-76.924018, 38.895665], [-76.924176, 38.895629], [-76.92428, 38.895692], [-76.924514, 38.895739]], [[-76.91818, 38.893401], [-76.918183, 38.893444], [-76.918168, 38.893432], [-76.91818, 38.893401]], [[-76.914221, 38.891465], [-76.914231, 38.89153], [-76.914194, 38.891497], [-76.914221, 38.891465]]]}, "properties": {"DESCRIPTION": "River"}}, {"type": "Feature", "geometry": {"type": "Polygon", "coordinates": [[[-76.944636, 38.912934], [-76.944606, 38.912952], [-76.94461, 38.912999], [-76.94471, 38.913046], [-76.944715, 38.912969], [-76.944636, 38.912934]]]}, "properties": {"DESCRIPTION": "Pond"}}, {"type": "Feature", "geometry": {"type": "Polygon", "coordinates": [[[-76.944942, 38.91269], [-76.944979, 38.912727], [-76.945014, 38.912691], [-76.945016, 38.91264], [-76.944966, 38.912587], [-76.944925, 38.912613], [-76.944942, 38.91269]]]}, "properties": {"DESCRIPTION": "Pond"}}, {"type": "Feature", "geometry": {"type": "Polygon", "coordinates": [[[-76.965832, 38.877447], [-76.965807, 38.877408], [-76.96575, 38.877434], [-76.965642, 38.877398], [-76.965666, 38.877267], [-76.965534, 38.877304], [-76.965498, 38.877245], [-76.965504, 38.87731], [-76.965398, 38.877276], [-76.96533, 38.877311], [-76.965337, 38.877373], [-76.965443, 38.877396], [-76.965561, 38.877329], [-76.965654, 38.877432], [-76.965832, 38.877447]], [[-76.965455, 38.877351], [-76.965385, 38.87737], [-76.965368, 38.877347], [-76.965397, 38.877302], [-76.965455, 38.877351]]]}, "properties": {"DESCRIPTION": "River"}}, {"type": "Feature", "geometry": {"type": "Polygon", "coordinates": [[[-76.984664, 38.951853], [-76.984617, 38.951932], [-76.984642, 38.951952], [-76.984748, 38.951836], [-76.984961, 38.951784], [-76.985263, 38.951513], [-76.985446, 38.951403], [-76.98545, 38.951328], [-76.985366, 38.951281], [-76.985224, 38.95131], [-76.985207, 38.951338], [-76.985258, 38.95134], [-76.985235, 38.951463], [-76.985144, 38.951605], [-76.984948, 38.95176], [-76.984806, 38.951741], [-76.984664, 38.951853]]]}, "properties": {"DESCRIPTION": "Pond"}}, {"type": "Feature", "geometry": {"type": "Polygon", "coordinates": [[[-76.944559, 38.913075], [-76.944529, 38.912915], [-76.944551, 38.912837], [-76.944337, 38.91277], [-76.944193, 38.91276], [-76.944165, 38.913105], [-76.944529, 38.913141], [-76.944559, 38.913075]]]}, "properties": {"DESCRIPTION": "Pond"}}, {"type": "Feature", "geometry": {"type": "Polygon", "coordinates": [[[-76.971492, 38.906562], [-76.971351, 38.906621], [-76.971294, 38.906883], [-76.971432, 38.90681], [-76.971506, 38.906704], [-76.971536, 38.906576], [-76.971492, 38.906562]]]}, "properties": {"DESCRIPTION": "Pond"}}, {"type": "Feature", "geometry": {"type": "Polygon", "coordinates": [[[-76.964593, 38.913461], [-76.964519, 38.913501], [-76.964559, 38.913515], [-76.964593, 38.913461]]]}, "properties": {"DESCRIPTION": "River"}}, {"type": "Feature", "geometry": {"type": "Polygon", "coordinates": [[[-76.977911, 38.907975], [-76.977893, 38.907845], [-76.977811, 38.907758], [-76.977746, 38.907742], [-76.977644, 38.907841], [-76.977661, 38.907901], [-76.977776, 38.907937], [-76.977809, 38.907981], [-76.977802, 38.90802], [-76.977699, 38.908073], [-76.977681, 38.908124], [-76.977713, 38.908162], [-76.977837, 38.908117], [-76.977911, 38.907975]]]}, "properties": {"DESCRIPTION": "Pond"}}, {"type": "Feature", "geometry": {"type": "Polygon", "coordinates": [[[-76.944792, 38.913349], [-76.944761, 38.913381], [-76.94478, 38.913422], [-76.944853, 38.913372], [-76.944792, 38.913349]]]}, "properties": {"DESCRIPTION": "Pond"}}, {"type": "Feature", "geometry": {"type": "Polygon", "coordinates": [[[-76.942962, 38.912299], [-76.942901, 38.912313], [-76.942891, 38.912345], [-76.943211, 38.912429], [-76.943206, 38.912364], [-76.942962, 38.912299]]]}, "properties": {"DESCRIPTION": "Pond"}}, {"type": "Feature", "geometry": {"type": "Polygon", "coordinates": [[[-76.944765, 38.912974], [-76.944754, 38.913064], [-76.944842, 38.913054], [-76.944857, 38.913004], [-76.944765, 38.912974]]]}, "properties": {"DESCRIPTION": "Pond"}}, {"type": "Feature", "geometry": {"type": "Polygon", "coordinates": [[[-76.944559, 38.912244], [-76.944525, 38.912257], [-76.94453, 38.912297], [-76.944621, 38.912292], [-76.944624, 38.912251], [-76.944559, 38.912244]]]}, "properties": {"DESCRIPTION": "Pond"}}, {"type": "Feature", "geometry": {"type": "Polygon", "coordinates": [[[-76.943488, 38.912425], [-76.943431, 38.9125], [-76.943544, 38.912537], [-76.943651, 38.912544], [-76.94369, 38.912463], [-76.943488, 38.912425]]]}, "properties": {"DESCRIPTION": "Pond"}}, {"type": "Feature", "geometry": {"type": "Polygon", "coordinates": [[[-76.965498, 38.877245], [-76.96548, 38.877139], [-76.965426, 38.877119], [-76.96545, 38.877158], [-76.96543, 38.877169], [-76.96538, 38.877127], [-76.965372, 38.877076], [-76.965237, 38.877081], [-76.965064, 38.877019], [-76.964837, 38.877035], [-76.964782, 38.876989], [-76.964349, 38.876896], [-76.964318, 38.876915], [-76.964427, 38.87702], [-76.964697, 38.876998], [-76.964745, 38.877013], [-76.96474, 38.877045], [-76.964912, 38.877086], [-76.965233, 38.877106], [-76.965241, 38.877146], [-76.965373, 38.877165], [-76.965375, 38.877225], [-76.965498, 38.877245]]]}, "properties": {"DESCRIPTION": "River"}}, {"type": "Feature", "geometry": {"type": "Polygon", "coordinates": [[[-76.943932, 38.912871], [-76.943843, 38.912942], [-76.943804, 38.913016], [-76.943825, 38.913065], [-76.94388, 38.913105], [-76.944112, 38.913098], [-76.944123, 38.912837], [-76.944045, 38.912827], [-76.943932, 38.912871]]]}, "properties": {"DESCRIPTION": "Pond"}}, {"type": "Feature", "geometry": {"type": "Polygon", "coordinates": [[[-76.940978, 38.915264], [-76.940966, 38.915336], [-76.941041, 38.915332], [-76.941056, 38.915283], [-76.940978, 38.915264]]]}, "properties": {"DESCRIPTION": "Pond"}}, {"type": "Feature", "geometry": {"type": "Polygon", "coordinates": [[[-76.943639, 38.913022], [-76.943549, 38.912977], [-76.943504, 38.912991], [-76.943576, 38.913276], [-76.943656, 38.913311], [-76.943723, 38.913284], [-76.943757, 38.913124], [-76.943639, 38.913022]]]}, "properties": {"DESCRIPTION": "Pond"}}, {"type": "Feature", "geometry": {"type": "Polygon", "coordinates": [[[-76.964593, 38.913461], [-76.964643, 38.913391], [-76.964761, 38.913348], [-76.964816, 38.913281], [-76.964875, 38.91329], [-76.96493, 38.913087], [-76.964789, 38.913212], [-76.96464, 38.913256], [-76.964565, 38.913438], [-76.964593, 38.913461]], [[-76.964625, 38.913346], [-76.964682, 38.91325], [-76.96478, 38.913287], [-76.96461, 38.913381], [-76.964625, 38.913346]]]}, "properties": {"DESCRIPTION": "River"}}, {"type": "Feature", "geometry": {"type": "Polygon", "coordinates": [[[-76.959726, 38.881565], [-76.959761, 38.881511], [-76.959899, 38.881463], [-76.960082, 38.881556], [-76.960659, 38.881576], [-76.960801, 38.881619], [-76.960894, 38.881574], [-76.960877, 38.881491], [-76.961007, 38.881495], [-76.961183, 38.881449], [-76.96128, 38.881508], [-76.961683, 38.881525], [-76.961772, 38.881624], [-76.961887, 38.881621], [-76.96203, 38.881698], [-76.962168, 38.881686], [-76.962325, 38.8818], [-76.962446, 38.88176], [-76.962702, 38.881749], [-76.962957, 38.881841], [-76.963068, 38.881977], [-76.963205, 38.882025], [-76.963091, 38.881965], [-76.962976, 38.881835], [-76.962778, 38.881746], [-76.962677, 38.881727], [-76.962532, 38.88175], [-76.962409, 38.881714], [-76.962398, 38.881757], [-76.962338, 38.881782], [-76.962183, 38.881672], [-76.962013, 38.881682], [-76.961906, 38.881611], [-76.961769, 38.881613], [-76.961736, 38.881541], [-76.961666, 38.881503], [-76.961068, 38.881441], [-76.960944, 38.881284], [-76.960783, 38.881202], [-76.960527, 38.881249], [-76.960266, 38.881202], [-76.960201, 38.88122], [-76.960174, 38.881155], [-76.960106, 38.881145], [-76.959947, 38.881256], [-76.959802, 38.881279], [-76.959761, 38.881356], [-76.959556, 38.881298], [-76.959512, 38.881174], [-76.959446, 38.881115], [-76.959141, 38.880954], [-76.959073, 38.880793], [-76.959111, 38.880756], [-76.959106, 38.880718], [-76.958932, 38.880532], [-76.958844, 38.880559], [-76.958818, 38.880489], [-76.958722, 38.880485], [-76.958338, 38.880284], [-76.958122, 38.880297], [-76.958363, 38.880294], [-76.958441, 38.880371], [-76.958725, 38.880496], [-76.958803, 38.880492], [-76.958837, 38.880563], [-76.958982, 38.880604], [-76.959093, 38.880741], [-76.959049, 38.880804], [-76.95912, 38.880961], [-76.959228, 38.881045], [-76.959469, 38.881158], [-76.959504, 38.881279], [-76.959544, 38.881307], [-76.959766, 38.881366], [-76.959817, 38.8813], [-76.959928, 38.881292], [-76.960112, 38.881164], [-76.96016, 38.88117], [-76.960205, 38.881249], [-76.960262, 38.881225], [-76.960519, 38.881258], [-76.96079, 38.881223], [-76.960978, 38.881344], [-76.96106, 38.881459], [-76.960853, 38.881487], [-76.960854, 38.881567], [-76.960792, 38.881593], [-76.960644, 38.881554], [-76.960069, 38.881531], [-76.95987, 38.881439], [-76.959725, 38.881514], [-76.959712, 38.881629], [-76.959573, 38.881644], [-76.959481, 38.881693], [-76.959461, 38.881738], [-76.959366, 38.881729], [-76.959235, 38.881773], [-76.959087, 38.881751], [-76.958811, 38.881631], [-76.95776, 38.881408], [-76.957643, 38.881404], [-76.957479, 38.881454], [-76.95739, 38.881334], [-76.956619, 38.881165], [-76.956519, 38.881175], [-76.956462, 38.881146], [-76.956492, 38.881111], [-76.956468, 38.881089], [-76.956184, 38.881079], [-76.956105, 38.881047], [-76.955768, 38.881129], [-76.955599, 38.881093], [-76.955776, 38.881139], [-76.955875, 38.881094], [-76.955965, 38.881117], [-76.956104, 38.88106], [-76.956339, 38.881107], [-76.956459, 38.881094], [-76.956478, 38.881113], [-76.956438, 38.88116], [-76.956623, 38.881173], [-76.956843, 38.881249], [-76.95705, 38.881265], [-76.957358, 38.881342], [-76.9575, 38.881471], [-76.957703, 38.881419], [-76.958128, 38.881515], [-76.958287, 38.881519], [-76.958467, 38.881598], [-76.958782, 38.881647], [-76.959004, 38.88176], [-76.959206, 38.881796], [-76.959311, 38.881749], [-76.959464, 38.881747], [-76.959581, 38.881663], [-76.959736, 38.881641], [-76.959757, 38.881608], [-76.959726, 38.881565]], [[-76.958913, 38.880537], [-76.958933, 38.880574], [-76.958877, 38.88057], [-76.958913, 38.880537]]]}, "properties": {"DESCRIPTION": "River"}}, {"type": "Feature", "geometry": {"type": "Polygon", "coordinates": [[[-76.962942, 38.915699], [-76.96286, 38.915729], [-76.962835, 38.91584], [-76.962524, 38.916093], [-76.962213, 38.916407], [-76.961952, 38.916543], [-76.962044, 38.916551], [-76.962106, 38.91649], [-76.962275, 38.916423], [-76.96243, 38.916265], [-76.962429, 38.916232], [-76.962813, 38.915959], [-76.962917, 38.915827], [-76.962942, 38.915699]]]}, "properties": {"DESCRIPTION": "River"}}, {"type": "Feature", "geometry": {"type": "Polygon", "coordinates": [[[-76.965515, 38.907167], [-76.965554, 38.907138], [-76.965486, 38.907086], [-76.965505, 38.907006], [-76.96526, 38.906966], [-76.965217, 38.907013], [-76.965205, 38.907085], [-76.965259, 38.907153], [-76.965364, 38.907182], [-76.965515, 38.907167]]]}, "properties": {"DESCRIPTION": "Pond"}}, {"type": "Feature", "geometry": {"type": "Polygon", "coordinates": [[[-76.953563, 38.906862], [-76.953582, 38.906841], [-76.953371, 38.906501], [-76.953227, 38.906071], [-76.953159, 38.905727], [-76.952754, 38.904857], [-76.952681, 38.904573], [-76.952596, 38.904521], [-76.952553, 38.904291], [-76.952416, 38.904067], [-76.952418, 38.903882], [-76.952315, 38.903625], [-76.952323, 38.903558], [-76.952196, 38.903498], [-76.952153, 38.903439], [-76.952138, 38.903377], [-76.952178, 38.903265], [-76.952098, 38.903201], [-76.95211, 38.90305], [-76.952095, 38.903014], [-76.952043, 38.903], [-76.952044, 38.902803], [-76.951994, 38.902748], [-76.951953, 38.902591], [-76.951866, 38.902576], [-76.951871, 38.902521], [-76.951819, 38.902513], [-76.951852, 38.902582], [-76.951937, 38.90262], [-76.952038, 38.902902], [-76.952024, 38.903002], [-76.952072, 38.903063], [-76.952074, 38.903206], [-76.952156, 38.903287], [-76.952119, 38.9034], [-76.952191, 38.903517], [-76.952301, 38.903562], [-76.952321, 38.903714], [-76.952403, 38.903877], [-76.952402, 38.904073], [-76.952534, 38.904265], [-76.95258, 38.904525], [-76.952672, 38.904585], [-76.952739, 38.904865], [-76.952802, 38.904961], [-76.95305, 38.905608], [-76.953134, 38.905743], [-76.953332, 38.906489], [-76.953563, 38.906862]]]}, "properties": {"DESCRIPTION": "River"}}, {"type": "Feature", "geometry": {"type": "Polygon", "coordinates": [[[-76.94669, 38.921746], [-76.946459, 38.921574], [-76.946358, 38.921539], [-76.946134, 38.921535], [-76.946066, 38.921591], [-76.946218, 38.921738], [-76.94695, 38.922302], [-76.946998, 38.922309], [-76.946998, 38.922345], [-76.947421, 38.922599], [-76.947524, 38.922731], [-76.947667, 38.922816], [-76.947773, 38.922812], [-76.947842, 38.922578], [-76.947804, 38.922431], [-76.947164, 38.922106], [-76.94669, 38.921746]]]}, "properties": {"DESCRIPTION": "Pond"}}, {"type": "Feature", "geometry": {"type": "Polygon", "coordinates": [[[-76.943797, 38.913113], [-76.943793, 38.9133], [-76.944111, 38.913314], [-76.944109, 38.91314], [-76.943797, 38.913113]]]}, "properties": {"DESCRIPTION": "Pond"}}, {"type": "Feature", "geometry": {"type": "Polygon", "coordinates": [[[-76.964284, 38.913744], [-76.964203, 38.9137], [-76.964215, 38.913748], [-76.964284, 38.913744]]]}, "properties": {"DESCRIPTION": "River"}}, {"type": "Feature", "geometry": {"type": "Polygon", "coordinates": [[[-76.940206, 38.917186], [-76.940339, 38.91729], [-76.940417, 38.917243], [-76.940352, 38.917059], [-76.940322, 38.917086], [-76.94017, 38.917037], [-76.940019, 38.917039], [-76.940206, 38.917186]]]}, "properties": {"DESCRIPTION": "Lake"}}, {"type": "Feature", "geometry": {"type": "Polygon", "coordinates": [[[-76.965172, 38.913033], [-76.96507, 38.913014], [-76.965, 38.913064], [-76.965172, 38.913033]]]}, "properties": {"DESCRIPTION": "River"}}, {"type": "Feature", "geometry": {"type": "Polygon", "coordinates": [[[-76.944887, 38.912778], [-76.944806, 38.912772], [-76.944792, 38.912826], [-76.944915, 38.912852], [-76.944935, 38.912796], [-76.944887, 38.912778]]]}, "properties": {"DESCRIPTION": "Pond"}}, {"type": "Feature", "geometry": {"type": "Polygon", "coordinates": [[[-76.962082, 38.875721], [-76.962597, 38.87579], [-76.962696, 38.875868], [-76.962707, 38.875916], [-76.962981, 38.876012], [-76.963077, 38.876011], [-76.963177, 38.876081], [-76.96315, 38.87616], [-76.963171, 38.876209], [-76.963138, 38.876261], [-76.963237, 38.876325], [-76.963241, 38.876371], [-76.963324, 38.876386], [-76.963418, 38.876324], [-76.963496, 38.876385], [-76.963541, 38.876367], [-76.963587, 38.876444], [-76.963728, 38.876539], [-76.963746, 38.876599], [-76.963938, 38.876626], [-76.96375, 38.876505], [-76.963715, 38.876509], [-76.963537, 38.876352], [-76.963555, 38.87626], [-76.963529, 38.876224], [-76.963396, 38.876243], [-76.963335, 38.876215], [-76.963315, 38.876252], [-76.963366, 38.87628], [-76.963356, 38.876313], [-76.963301, 38.876326], [-76.963235, 38.876293], [-76.963214, 38.876224], [-76.963245, 38.876132], [-76.963073, 38.875941], [-76.962911, 38.875955], [-76.962584, 38.87575], [-76.962408, 38.875698], [-76.96194, 38.875668], [-76.962082, 38.875721]], [[-76.963208, 38.876258], [-76.963188, 38.876286], [-76.963177, 38.876236], [-76.963208, 38.876258]], [[-76.963485, 38.876269], [-76.963504, 38.87629], [-76.963473, 38.876317], [-76.963411, 38.876268], [-76.963485, 38.876269]]]}, "properties": {"DESCRIPTION": "River"}}, {"type": "Feature", "geometry": {"type": "Polygon", "coordinates": [[[-77.008887, 38.893986], [-77.009236, 38.893985], [-77.009234, 38.893915], [-77.009157, 38.89394], [-77.009121, 38.893907], [-77.009069, 38.89394], [-77.00902, 38.893909], [-77.008966, 38.893941], [-77.008887, 38.893919], [-77.008887, 38.893986]]]}, "properties": {"DESCRIPTION": "Pond"}}, {"type": "Feature", "geometry": {"type": "Polygon", "coordinates": [[[-77.061926, 38.914093], [-77.061995, 38.914034], [-77.061983, 38.913934], [-77.061937, 38.913942], [-77.061897, 38.914006], [-77.061893, 38.914067], [-77.061926, 38.914093]]]}, "properties": {"DESCRIPTION": "Pond"}}, {"type": "Feature", "geometry": {"type": "Polygon", "coordinates": [[[-77.009037, 38.893498], [-77.008906, 38.89356], [-77.00889, 38.893629], [-77.008915, 38.893678], [-77.009069, 38.893731], [-77.009206, 38.89368], [-77.009236, 38.893616], [-77.00921, 38.89355], [-77.009037, 38.893498]]]}, "properties": {"DESCRIPTION": "Pond"}}, {"type": "Feature", "geometry": {"type": "Polygon", "coordinates": [[[-77.063545, 38.912817], [-77.063504, 38.912824], [-77.063508, 38.91284], [-77.063545, 38.912817]]]}, "properties": {"DESCRIPTION": "Pond"}}, {"type": "Feature", "geometry": {"type": "Polygon", "coordinates": [[[-77.017396, 38.926417], [-77.017735, 38.926509], [-77.017965, 38.926678], [-77.01859, 38.927664], [-77.018678, 38.927722], [-77.018848, 38.927741], [-77.019872, 38.927641], [-77.020034, 38.927573], [-77.020088, 38.927485], [-77.019902, 38.926256], [-77.019821, 38.926006], [-77.019665, 38.925788], [-77.019267, 38.925384], [-77.019031, 38.9249], [-77.018863, 38.924692], [-77.018649, 38.924539], [-77.018291, 38.924388], [-77.018022, 38.924174], [-77.017941, 38.92405], [-77.017885, 38.923883], [-77.017878, 38.923723], [-77.017928, 38.923518], [-77.017806, 38.923416], [-77.017543, 38.923235], [-77.017293, 38.923214], [-77.017167, 38.923165], [-77.016707, 38.922828], [-77.016375, 38.922645], [-77.015977, 38.92248], [-77.015558, 38.922356], [-77.015033, 38.922262], [-77.014499, 38.922237], [-77.013858, 38.922295], [-77.013647, 38.92241], [-77.013577, 38.922524], [-77.013535, 38.922734], [-77.01317, 38.923352], [-77.013165, 38.923411], [-77.013249, 38.92349], [-77.013299, 38.923451], [-77.013387, 38.923519], [-77.013341, 38.923555], [-77.013469, 38.923622], [-77.01398, 38.92342], [-77.014133, 38.923402], [-77.014133, 38.923364], [-77.014259, 38.923365], [-77.014259, 38.923389], [-77.014474, 38.923431], [-77.014716, 38.923575], [-77.015349, 38.9242], [-77.015615, 38.924597], [-77.015726, 38.924938], [-77.015723, 38.92533], [-77.015624, 38.925759], [-77.015792, 38.926446], [-77.015876, 38.926579], [-77.01609, 38.926709], [-77.016368, 38.926735], [-77.017233, 38.926388], [-77.017275, 38.926417], [-77.017396, 38.926417]]]}, "properties": {"DESCRIPTION": "Lake"}}, {"type": "Feature", "geometry": {"type": "Polygon", "coordinates": [[[-77.068562, 38.919663], [-77.068563, 38.919719], [-77.068597, 38.919675], [-77.068543, 38.91957], [-77.068538, 38.919449], [-77.068485, 38.919394], [-77.068404, 38.919395], [-77.068367, 38.919456], [-77.068492, 38.919547], [-77.068509, 38.919671], [-77.068562, 38.919663]]]}, "properties": {"DESCRIPTION": "Pond"}}, {"type": "Feature", "geometry": {"type": "Polygon", "coordinates": [[[-77.063157, 38.923799], [-77.06323, 38.923803], [-77.063291, 38.923743], [-77.063459, 38.923781], [-77.06328, 38.923729], [-77.063178, 38.923796], [-77.063018, 38.923681], [-77.062834, 38.92361], [-77.062667, 38.923317], [-77.062569, 38.923233], [-77.062368, 38.923147], [-77.062219, 38.92295], [-77.062228, 38.922814], [-77.061813, 38.922382], [-77.061606, 38.922265], [-77.061435, 38.922265], [-77.061593, 38.922287], [-77.061809, 38.922419], [-77.062099, 38.92275], [-77.062223, 38.922842], [-77.062203, 38.922963], [-77.062322, 38.923165], [-77.062556, 38.92327], [-77.062652, 38.923349], [-77.062708, 38.923503], [-77.062819, 38.92362], [-77.063157, 38.923799]]]}, "properties": {"DESCRIPTION": "River"}}, {"type": "Feature", "geometry": {"type": "Polygon", "coordinates": [[[-77.011364, 38.88691], [-77.011555, 38.886909], [-77.011554, 38.886646], [-77.011346, 38.886646], [-77.011364, 38.88691]]]}, "properties": {"DESCRIPTION": "Pond"}}, {"type": "Feature", "geometry": {"type": "Polygon", "coordinates": [[[-77.012665, 38.887011], [-77.012546, 38.887055], [-77.012507, 38.887155], [-77.012575, 38.887244], [-77.012705, 38.887265], [-77.012813, 38.887205], [-77.012833, 38.887116], [-77.012775, 38.887039], [-77.012665, 38.887011]]]}, "properties": {"DESCRIPTION": "Pond"}}, {"type": "Feature", "geometry": {"type": "Polygon", "coordinates": [[[-77.013263, 38.887331], [-77.013321, 38.887333], [-77.013271, 38.887317], [-77.013263, 38.887331]]]}, "properties": {"DESCRIPTION": "Pond"}}, {"type": "Feature", "geometry": {"type": "Polygon", "coordinates": [[[-77.014442, 38.887984], [-77.014419, 38.888027], [-77.014492, 38.888031], [-77.01448, 38.88798], [-77.014442, 38.887984]]]}, "properties": {"DESCRIPTION": "Pond"}}, {"type": "Feature", "geometry": {"type": "Polygon", "coordinates": [[[-77.010095, 38.889772], [-77.01005, 38.889799], [-77.010049, 38.889836], [-77.010137, 38.889859], [-77.010161, 38.889802], [-77.010095, 38.889772]]]}, "properties": {"DESCRIPTION": "Pond"}}, {"type": "Feature", "geometry": {"type": "Polygon", "coordinates": [[[-77.005407, 38.890373], [-77.005382, 38.890422], [-77.00545, 38.890428], [-77.005452, 38.890385], [-77.005407, 38.890373]]]}, "properties": {"DESCRIPTION": "Pond"}}, {"type": "Feature", "geometry": {"type": "Polygon", "coordinates": [[[-77.005407, 38.890795], [-77.005382, 38.890843], [-77.005449, 38.890849], [-77.005451, 38.890806], [-77.005407, 38.890795]]]}, "properties": {"DESCRIPTION": "Pond"}}, {"type": "Feature", "geometry": {"type": "Polygon", "coordinates": [[[-77.041117, 38.891332], [-77.041286, 38.891458], [-77.041511, 38.891543], [-77.041808, 38.891592], [-77.042086, 38.891581], [-77.042303, 38.891529], [-77.042654, 38.89134], [-77.04285, 38.891302], [-77.042851, 38.891195], [-77.042496, 38.891225], [-77.042466, 38.891163], [-77.042541, 38.891088], [-77.042657, 38.891056], [-77.043293, 38.891033], [-77.043454, 38.89106], [-77.043598, 38.89113], [-77.04366, 38.891212], [-77.04365, 38.891289], [-77.043512, 38.891329], [-77.042889, 38.891194], [-77.042889, 38.891303], [-77.043192, 38.891379], [-77.043554, 38.891522], [-77.043774, 38.891526], [-77.043987, 38.89144], [-77.04423, 38.891191], [-77.044516, 38.891006], [-77.04461, 38.890854], [-77.044614, 38.89071], [-77.044566, 38.890602], [-77.044478, 38.890511], [-77.04421, 38.890409], [-77.043937, 38.890444], [-77.043578, 38.890695], [-77.04326, 38.890766], [-77.043048, 38.890734], [-77.042356, 38.890477], [-77.042023, 38.890445], [-77.041698, 38.890468], [-77.04131, 38.890583], [-77.041066, 38.890787], [-77.041002, 38.890921], [-77.040988, 38.891053], [-77.041029, 38.891211], [-77.041117, 38.891332]]]}, "properties": {"DESCRIPTION": "Pond"}}, {"type": "Feature", "geometry": {"type": "Polygon", "coordinates": [[[-77.003708, 38.893432], [-77.003918, 38.893432], [-77.003918, 38.893394], [-77.003708, 38.893394], [-77.003708, 38.893432]]]}, "properties": {"DESCRIPTION": "Pond"}}, {"type": "Feature", "geometry": {"type": "Polygon", "coordinates": [[[-77.015684, 38.888575], [-77.015807, 38.888576], [-77.015844, 38.888546], [-77.015743, 38.888393], [-77.015787, 38.888271], [-77.015771, 38.888243], [-77.015586, 38.888287], [-77.015568, 38.888362], [-77.015517, 38.888403], [-77.015684, 38.888575]]]}, "properties": {"DESCRIPTION": "Pond"}}, {"type": "Feature", "geometry": {"type": "Polygon", "coordinates": [[[-77.014521, 38.888004], [-77.014653, 38.888002], [-77.014607, 38.887928], [-77.014521, 38.888004]], [[-77.014602, 38.887955], [-77.014607, 38.887974], [-77.014576, 38.887973], [-77.014602, 38.887955]]]}, "properties": {"DESCRIPTION": "Pond"}}, {"type": "Feature", "geometry": {"type": "Polygon", "coordinates": [[[-76.958651, 38.85634], [-76.95863, 38.856362], [-76.95866, 38.856375], [-76.958651, 38.85634]]]}, "properties": {"DESCRIPTION": "Pond"}}, {"type": "Feature", "geometry": {"type": "Polygon", "coordinates": [[[-77.012278, 38.812615], [-77.012222, 38.812743], [-77.01227, 38.812737], [-77.012303, 38.812644], [-77.012278, 38.812615]]]}, "properties": {"DESCRIPTION": "Pond"}}, {"type": "Feature", "geometry": {"type": "Polygon", "coordinates": [[[-77.012589, 38.812228], [-77.012023, 38.812692], [-77.012083, 38.812685], [-77.012195, 38.812565], [-77.012291, 38.812608], [-77.01234, 38.812478], [-77.012713, 38.812203], [-77.012879, 38.812028], [-77.012589, 38.812228]]]}, "properties": {"DESCRIPTION": "River"}}, {"type": "Feature", "geometry": {"type": "Polygon", "coordinates": [[[-76.958101, 38.856033], [-76.9581, 38.856072], [-76.958154, 38.856081], [-76.958161, 38.856051], [-76.958101, 38.856033]]]}, "properties": {"DESCRIPTION": "Pond"}}, {"type": "Feature", "geometry": {"type": "Polygon", "coordinates": [[[-76.958588, 38.856261], [-76.958624, 38.856314], [-76.958618, 38.856268], [-76.958588, 38.856261]]]}, "properties": {"DESCRIPTION": "Pond"}}, {"type": "Feature", "geometry": {"type": "Polygon", "coordinates": [[[-76.958379, 38.856141], [-76.95839, 38.856113], [-76.958325, 38.856101], [-76.958379, 38.856141]]]}, "properties": {"DESCRIPTION": "Pond"}}, {"type": "Feature", "geometry": {"type": "Polygon", "coordinates": [[[-76.958027, 38.856041], [-76.958044, 38.85602], [-76.958001, 38.855975], [-76.957969, 38.856019], [-76.958027, 38.856041]]]}, "properties": {"DESCRIPTION": "Pond"}}, {"type": "Feature", "geometry": {"type": "Polygon", "coordinates": [[[-76.957963, 38.855989], [-76.957976, 38.855961], [-76.957904, 38.855938], [-76.957963, 38.855989]]]}, "properties": {"DESCRIPTION": "Pond"}}, {"type": "Feature", "geometry": {"type": "Polygon", "coordinates": [[[-77.012903, 38.812271], [-77.012951, 38.812325], [-77.013075, 38.81219], [-77.012965, 38.812116], [-77.012937, 38.812061], [-77.012897, 38.812078], [-77.012909, 38.812127], [-77.012855, 38.812182], [-77.012903, 38.812271]]]}, "properties": {"DESCRIPTION": "Pond"}}, {"type": "Feature", "geometry": {"type": "Polygon", "coordinates": [[[-76.987356, 38.846211], [-76.987342, 38.84625], [-76.987418, 38.846311], [-76.987527, 38.846231], [-76.987356, 38.846211]]]}, "properties": {"DESCRIPTION": "Pond"}}, {"type": "Feature", "geometry": {"type": "Polygon", "coordinates": [[[-76.9577, 38.856142], [-76.957705, 38.856125], [-76.957674, 38.856124], [-76.9577, 38.856142]]]}, "properties": {"DESCRIPTION": "Pond"}}, {"type": "Feature", "geometry": {"type": "Polygon", "coordinates": [[[-76.957638, 38.855816], [-76.957566, 38.855744], [-76.957524, 38.855787], [-76.957558, 38.855833], [-76.957638, 38.855816]]]}, "properties": {"DESCRIPTION": "Pond"}}, {"type": "Feature", "geometry": {"type": "Polygon", "coordinates": [[[-76.958206, 38.856061], [-76.958224, 38.856092], [-76.958291, 38.856084], [-76.958206, 38.856061]]]}, "properties": {"DESCRIPTION": "Pond"}}, {"type": "Feature", "geometry": {"type": "Polygon", "coordinates": [[[-77.013089, 38.812255], [-77.012973, 38.812361], [-77.013045, 38.812366], [-77.013173, 38.812316], [-77.01316, 38.812266], [-77.013089, 38.812255]]]}, "properties": {"DESCRIPTION": "Pond"}}, {"type": "Feature", "geometry": {"type": "Polygon", "coordinates": [[[-76.958417, 38.856153], [-76.958438, 38.856189], [-76.958489, 38.856183], [-76.958459, 38.856127], [-76.958417, 38.856153]]]}, "properties": {"DESCRIPTION": "Pond"}}, {"type": "Feature", "geometry": {"type": "Polygon", "coordinates": [[[-77.023844, 38.814253], [-77.023777, 38.814343], [-77.023809, 38.814386], [-77.023885, 38.814369], [-77.024105, 38.814174], [-77.02435, 38.813892], [-77.024242, 38.813843], [-77.023844, 38.814253]]]}, "properties": {"DESCRIPTION": "River"}}, {"type": "Feature", "geometry": {"type": "Polygon", "coordinates": [[[-76.957717, 38.856092], [-76.957736, 38.856071], [-76.957694, 38.856065], [-76.957717, 38.856092]]]}, "properties": {"DESCRIPTION": "Pond"}}, {"type": "Feature", "geometry": {"type": "Polygon", "coordinates": [[[-76.987268, 38.846457], [-76.987304, 38.846412], [-76.987259, 38.846334], [-76.987138, 38.846306], [-76.987181, 38.846472], [-76.987228, 38.846491], [-76.987268, 38.846457]]]}, "properties": {"DESCRIPTION": "Pond"}}, {"type": "Feature", "geometry": {"type": "Polygon", "coordinates": [[[-76.957655, 38.856217], [-76.95763, 38.856223], [-76.957637, 38.856231], [-76.957655, 38.856217]]]}, "properties": {"DESCRIPTION": "Pond"}}, {"type": "Feature", "geometry": {"type": "Polygon", "coordinates": [[[-76.957869, 38.855934], [-76.957885, 38.855887], [-76.957823, 38.855844], [-76.957761, 38.855864], [-76.957757, 38.855927], [-76.957869, 38.855934]]]}, "properties": {"DESCRIPTION": "Pond"}}, {"type": "Feature", "geometry": {"type": "Polygon", "coordinates": [[[-77.001434, 38.820989], [-77.001421, 38.821028], [-77.001326, 38.821058], [-77.00079, 38.821445], [-76.998199, 38.823467], [-76.998106, 38.82365], [-76.998206, 38.823564], [-76.998272, 38.823434], [-77.000479, 38.821721], [-77.001334, 38.821161], [-77.00145, 38.821067], [-77.001485, 38.821006], [-77.00147, 38.820977], [-77.001879, 38.820762], [-77.003086, 38.819784], [-77.003487, 38.819553], [-77.003619, 38.819442], [-77.003905, 38.819358], [-77.004041, 38.819278], [-77.00435, 38.818952], [-77.004476, 38.818681], [-77.004574, 38.818558], [-77.004658, 38.818472], [-77.004813, 38.818401], [-77.004937, 38.818206], [-77.004554, 38.818518], [-77.004323, 38.818761], [-77.004308, 38.818944], [-77.004228, 38.819032], [-77.004239, 38.818994], [-77.004185, 38.81902], [-77.004198, 38.818947], [-77.004028, 38.819233], [-77.003935, 38.819299], [-77.003836, 38.819309], [-77.003585, 38.81941], [-77.003053, 38.819713], [-77.002083, 38.820495], [-77.002032, 38.820618], [-77.001852, 38.820672], [-77.001434, 38.820989]], [[-77.002644, 38.820113], [-77.002635, 38.820137], [-77.002547, 38.820197], [-77.002644, 38.820113]]]}, "properties": {"DESCRIPTION": "River"}}, {"type": "Feature", "geometry": {"type": "Polygon", "coordinates": [[[-76.973189, 38.843342], [-76.973367, 38.843218], [-76.973538, 38.843241], [-76.973745, 38.843208], [-76.974519, 38.842937], [-76.974793, 38.84274], [-76.974818, 38.842633], [-76.974986, 38.842492], [-76.975076, 38.842483], [-76.975369, 38.842552], [-76.976246, 38.842584], [-76.976356, 38.842642], [-76.976494, 38.842571], [-76.976627, 38.842578], [-76.976713, 38.842545], [-76.976711, 38.842504], [-76.976763, 38.842454], [-76.976965, 38.842424], [-76.977122, 38.842335], [-76.977125, 38.84226], [-76.977258, 38.842163], [-76.977275, 38.842081], [-76.977457, 38.841807], [-76.977791, 38.841877], [-76.977993, 38.842017], [-76.978269, 38.842042], [-76.978337, 38.8421], [-76.978354, 38.842182], [-76.97855, 38.842316], [-76.978468, 38.842353], [-76.978588, 38.842399], [-76.978699, 38.842387], [-76.978754, 38.842317], [-76.978901, 38.84225], [-76.979031, 38.842139], [-76.979287, 38.841718], [-76.979538, 38.841379], [-76.979848, 38.841374], [-76.980115, 38.841294], [-76.980436, 38.841262], [-76.980486, 38.841291], [-76.980419, 38.841346], [-76.980413, 38.841389], [-76.980491, 38.84149], [-76.980572, 38.841462], [-76.980756, 38.84151], [-76.980905, 38.841481], [-76.981191, 38.841293], [-76.981133, 38.841279], [-76.981148, 38.841237], [-76.981493, 38.84116], [-76.982019, 38.840908], [-76.982121, 38.840899], [-76.982558, 38.840696], [-76.983198, 38.840314], [-76.983582, 38.840276], [-76.98363, 38.840324], [-76.983559, 38.840404], [-76.983579, 38.840468], [-76.983688, 38.840404], [-76.983772, 38.840565], [-76.983862, 38.840625], [-76.983789, 38.840664], [-76.983881, 38.840689], [-76.98394, 38.840631], [-76.984043, 38.840612], [-76.984039, 38.840575], [-76.984107, 38.840536], [-76.984472, 38.840513], [-76.984679, 38.840462], [-76.984982, 38.840276], [-76.984987, 38.840108], [-76.984945, 38.840058], [-76.984982, 38.839913], [-76.984962, 38.839822], [-76.985106, 38.839668], [-76.98525, 38.839602], [-76.985348, 38.839607], [-76.985278, 38.839561], [-76.98552, 38.839621], [-76.985607, 38.839742], [-76.985784, 38.839846], [-76.985989, 38.839825], [-76.986217, 38.839695], [-76.98628, 38.839619], [-76.986397, 38.839413], [-76.986441, 38.839198], [-76.986495, 38.839133], [-76.986664, 38.839098], [-76.986747, 38.83921], [-76.986879, 38.83922], [-76.986978, 38.83926], [-76.986948, 38.839267], [-76.987147, 38.83931], [-76.987212, 38.839258], [-76.987315, 38.839081], [-76.987348, 38.83911], [-76.987384, 38.839088], [-76.987514, 38.838929], [-76.98735, 38.839051], [-76.987408, 38.838914], [-76.987523, 38.838867], [-76.987689, 38.838735], [-76.987782, 38.838708], [-76.987767, 38.838681], [-76.987852, 38.838631], [-76.987879, 38.838571], [-76.988059, 38.8385], [-76.988138, 38.838581], [-76.988331, 38.838676], [-76.988533, 38.838682], [-76.98896, 38.838619], [-76.989544, 38.8385], [-76.98973, 38.838426], [-76.990533, 38.838352], [-76.991745, 38.838107], [-76.992413, 38.837894], [-76.992789, 38.837699], [-76.992834, 38.837635], [-76.993045, 38.837567], [-76.993956, 38.83749], [-76.99417, 38.837505], [-76.994186, 38.837568], [-76.994213, 38.837521], [-76.994974, 38.837495], [-76.995159, 38.837445], [-76.99551, 38.837299], [-76.996841, 38.836564], [-76.997234, 38.836223], [-76.997801, 38.835552], [-76.997884, 38.835403], [-76.998992, 38.834725], [-76.999422, 38.834511], [-76.999669, 38.834339], [-77.000276, 38.834066], [-77.000681, 38.834005], [-77.000942, 38.834023], [-77.000986, 38.83405], [-77.001405, 38.833968], [-77.001887, 38.83373], [-77.002266, 38.833466], [-77.002597, 38.833147], [-77.002874, 38.832775], [-77.003182, 38.832097], [-77.003216, 38.831901], [-77.003253, 38.831909], [-77.003325, 38.831718], [-77.0035, 38.831513], [-77.003781, 38.831061], [-77.003831, 38.830918], [-77.004089, 38.830676], [-77.004665, 38.829986], [-77.00494, 38.8298], [-77.005077, 38.829587], [-77.005072, 38.829529], [-77.005307, 38.829109], [-77.005455, 38.828487], [-77.005467, 38.828327], [-77.005455, 38.827948], [-77.005384, 38.82756], [-77.005266, 38.827214], [-77.005133, 38.826944], [-77.004513, 38.825961], [-77.004411, 38.825682], [-77.004519, 38.824732], [-77.004531, 38.824356], [-77.004609, 38.823836], [-77.004578, 38.823429], [-77.004626, 38.823281], [-77.004579, 38.823275], [-77.004564, 38.823229], [-77.004667, 38.823093], [-77.004675, 38.822998], [-77.004717, 38.82295], [-77.004648, 38.822829], [-77.004706, 38.822755], [-77.004672, 38.822734], [-77.004652, 38.822629], [-77.004709, 38.822574], [-77.004669, 38.822474], [-77.004718, 38.82234], [-77.004666, 38.822308], [-77.004632, 38.822341], [-77.004596, 38.822304], [-77.004575, 38.8222], [-77.004646, 38.822197], [-77.004554, 38.822117], [-77.004523, 38.821956], [-77.004572, 38.821812], [-77.004694, 38.821659], [-77.004701, 38.821611], [-77.00467, 38.821606], [-77.004685, 38.821524], [-77.0049, 38.821259], [-77.004875, 38.821234], [-77.004902, 38.821195], [-77.004946, 38.821229], [-77.005044, 38.820956], [-77.005031, 38.820794], [-77.005072, 38.820737], [-77.004998, 38.820655], [-77.004819, 38.820582], [-77.004842, 38.820576], [-77.004635, 38.820539], [-77.004548, 38.820495], [-77.004503, 38.820264], [-77.00454, 38.820238], [-77.004547, 38.820415], [-77.004638, 38.820452], [-77.004578, 38.820393], [-77.004563, 38.820238], [-77.00467, 38.820148], [-77.004696, 38.820077], [-77.00471, 38.819939], [-77.004637, 38.820001], [-77.004731, 38.819887], [-77.004706, 38.819642], [-77.004884, 38.819428], [-77.005045, 38.819348], [-77.00535, 38.8193], [-77.005392, 38.819219], [-77.00548, 38.81916], [-77.005469, 38.819087], [-77.005728, 38.818666], [-77.00592, 38.818226], [-77.006106, 38.818], [-77.006449, 38.817298], [-77.006523, 38.817251], [-77.006362, 38.81761], [-77.006471, 38.817432], [-77.006617, 38.816913], [-77.006513, 38.816975], [-77.006456, 38.817099], [-77.006337, 38.817113], [-77.006252, 38.817179], [-77.006425, 38.817135], [-77.006513, 38.817146], [-77.006495, 38.817247], [-77.006366, 38.817318], [-77.006011, 38.817884], [-77.005865, 38.818189], [-77.0058, 38.818241], [-77.005621, 38.818535], [-77.005594, 38.818643], [-77.005438, 38.818894], [-77.005402, 38.819112], [-77.005302, 38.819244], [-77.005085, 38.81928], [-77.004917, 38.819356], [-77.004818, 38.819444], [-77.004646, 38.819687], [-77.004672, 38.819861], [-77.004646, 38.819963], [-77.004582, 38.819964], [-77.004545, 38.820038], [-77.004651, 38.820033], [-77.004518, 38.820074], [-77.00464, 38.820083], [-77.004493, 38.82012], [-77.004511, 38.820149], [-77.004595, 38.820145], [-77.004506, 38.820174], [-77.004415, 38.820331], [-77.004487, 38.820544], [-77.004482, 38.820694], [-77.004536, 38.820758], [-77.004523, 38.820815], [-77.004739, 38.820819], [-77.004564, 38.820794], [-77.004556, 38.820717], [-77.004515, 38.82073], [-77.004496, 38.820701], [-77.004501, 38.820531], [-77.004588, 38.820595], [-77.004766, 38.820611], [-77.004957, 38.820709], [-77.004955, 38.82078], [-77.005017, 38.82091], [-77.004902, 38.821136], [-77.004771, 38.821252], [-77.004653, 38.821425], [-77.004495, 38.821788], [-77.004498, 38.821885], [-77.004431, 38.822145], [-77.004462, 38.82224], [-77.004492, 38.822238], [-77.004447, 38.822157], [-77.00447, 38.822114], [-77.004544, 38.822224], [-77.00453, 38.822401], [-77.004657, 38.822387], [-77.004577, 38.822588], [-77.004574, 38.822734], [-77.004521, 38.822827], [-77.004488, 38.823001], [-77.004444, 38.824159], [-77.004278, 38.82576], [-77.004376, 38.826005], [-77.004588, 38.826257], [-77.005058, 38.826983], [-77.005268, 38.827478], [-77.005337, 38.82771], [-77.005382, 38.828186], [-77.005375, 38.828356], [-77.005236, 38.828877], [-77.004962, 38.829583], [-77.004816, 38.829806], [-77.004627, 38.829932], [-77.004509, 38.830061], [-77.003895, 38.830805], [-77.003776, 38.830906], [-77.003441, 38.831402], [-77.003405, 38.831396], [-77.003422, 38.831425], [-77.003162, 38.831906], [-77.003101, 38.832102], [-77.00286, 38.832542], [-77.002722, 38.832723], [-77.002626, 38.832954], [-77.002317, 38.833276], [-77.002027, 38.833511], [-77.001642, 38.833767], [-77.001462, 38.833839], [-77.00083, 38.833918], [-77.000419, 38.8339], [-77.000202, 38.833964], [-76.998873, 38.834697], [-76.997839, 38.835311], [-76.997156, 38.836072], [-76.996955, 38.836369], [-76.996779, 38.836512], [-76.996285, 38.836759], [-76.996168, 38.836875], [-76.995285, 38.837299], [-76.995035, 38.837374], [-76.99469, 38.837424], [-76.994344, 38.837441], [-76.993635, 38.837412], [-76.993091, 38.837473], [-76.992926, 38.837523], [-76.99289, 38.837564], [-76.992809, 38.837571], [-76.992749, 38.837642], [-76.992425, 38.837808], [-76.991998, 38.837961], [-76.99124, 38.838125], [-76.990442, 38.838232], [-76.990323, 38.838279], [-76.989808, 38.838342], [-76.989279, 38.83846], [-76.989209, 38.838439], [-76.989159, 38.838503], [-76.988809, 38.838544], [-76.988528, 38.838623], [-76.988343, 38.838646], [-76.988249, 38.838579], [-76.988144, 38.838565], [-76.988096, 38.838482], [-76.988033, 38.838485], [-76.987633, 38.838685], [-76.987581, 38.838753], [-76.987487, 38.838776], [-76.987421, 38.838868], [-76.987369, 38.838873], [-76.987132, 38.839254], [-76.986943, 38.839209], [-76.98689, 38.839154], [-76.986803, 38.839149], [-76.986724, 38.83911], [-76.986721, 38.839059], [-76.98641, 38.839109], [-76.986424, 38.839177], [-76.986347, 38.839273], [-76.986349, 38.839365], [-76.986317, 38.839375], [-76.986239, 38.839644], [-76.986161, 38.839705], [-76.986018, 38.839735], [-76.986223, 38.839623], [-76.985803, 38.839787], [-76.98565, 38.839724], [-76.98553, 38.839549], [-76.985304, 38.839544], [-76.985192, 38.839597], [-76.985076, 38.839605], [-76.984975, 38.839717], [-76.984884, 38.839946], [-76.984863, 38.840113], [-76.984942, 38.840278], [-76.98472, 38.840374], [-76.984651, 38.84045], [-76.984603, 38.840387], [-76.984632, 38.840292], [-76.984567, 38.840374], [-76.98461, 38.840422], [-76.984587, 38.840459], [-76.984503, 38.840418], [-76.984006, 38.840527], [-76.983905, 38.840588], [-76.983798, 38.840548], [-76.983706, 38.840373], [-76.983714, 38.840332], [-76.98363, 38.840261], [-76.983448, 38.840243], [-76.983178, 38.840297], [-76.982233, 38.840744], [-76.982202, 38.840769], [-76.982265, 38.840775], [-76.982204, 38.840806], [-76.982084, 38.840819], [-76.981851, 38.840906], [-76.981594, 38.84106], [-76.981122, 38.841226], [-76.980861, 38.841471], [-76.980741, 38.841491], [-76.980631, 38.841453], [-76.980627, 38.84142], [-76.980502, 38.841439], [-76.980472, 38.841397], [-76.980547, 38.84135], [-76.98056, 38.841283], [-76.980421, 38.841202], [-76.980041, 38.84126], [-76.979781, 38.84136], [-76.979675, 38.841297], [-76.979539, 38.841306], [-76.979449, 38.841369], [-76.979444, 38.841418], [-76.979289, 38.841566], [-76.979192, 38.841741], [-76.979198, 38.84179], [-76.979127, 38.84182], [-76.978753, 38.842191], [-76.97861, 38.842284], [-76.978531, 38.842262], [-76.978333, 38.842028], [-76.977982, 38.841791], [-76.977896, 38.841776], [-76.977774, 38.84182], [-76.977689, 38.84178], [-76.977464, 38.841754], [-76.97737, 38.841798], [-76.977229, 38.842058], [-76.97725, 38.842122], [-76.97722, 38.842177], [-76.977123, 38.842195], [-76.977117, 38.842152], [-76.977065, 38.842204], [-76.977002, 38.842194], [-76.977077, 38.842301], [-76.977059, 38.842337], [-76.976989, 38.842385], [-76.976906, 38.842387], [-76.976858, 38.842373], [-76.97686, 38.84232], [-76.976523, 38.842543], [-76.976055, 38.842465], [-76.975806, 38.842453], [-76.975355, 38.842494], [-76.97518, 38.842442], [-76.974976, 38.842443], [-76.974814, 38.842558], [-76.974675, 38.84277], [-76.974559, 38.842859], [-76.973848, 38.843107], [-76.973594, 38.843165], [-76.973062, 38.84324], [-76.972883, 38.843218], [-76.97275, 38.843321], [-76.973189, 38.843342]], [[-76.976678, 38.842498], [-76.9767, 38.842532], [-76.976594, 38.842522], [-76.976678, 38.842498]], [[-76.977938, 38.841935], [-76.977806, 38.841828], [-76.977907, 38.841799], [-76.978028, 38.84188], [-76.978098, 38.841884], [-76.978224, 38.841985], [-76.978008, 38.841993], [-76.977938, 38.841935]], [[-76.978758, 38.842295], [-76.978799, 38.842257], [-76.978792, 38.842217], [-76.978959, 38.842041], [-76.979107, 38.841964], [-76.979033, 38.842117], [-76.97888, 38.842254], [-76.978758, 38.842295]], [[-76.979163, 38.841832], [-76.979129, 38.841922], [-76.979099, 38.841927], [-76.979096, 38.841889], [-76.979163, 38.841832]], [[-76.98594, 38.83982], [-76.985911, 38.839811], [-76.986018, 38.839778], [-76.98594, 38.83982]], [[-77.004634, 38.82268], [-77.004642, 38.822724], [-77.00462, 38.822711], [-77.004634, 38.82268]], [[-77.004682, 38.822545], [-77.004701, 38.822585], [-77.004681, 38.822595], [-77.004682, 38.822545]], [[-77.00466, 38.820582], [-77.004603, 38.820585], [-77.004564, 38.820562], [-77.00466, 38.820582]], [[-77.005537, 38.818862], [-77.005541, 38.818937], [-77.005498, 38.818976], [-77.005537, 38.818862]]]}, "properties": {"DESCRIPTION": "River"}}, {"type": "Feature", "geometry": {"type": "Polygon", "coordinates": [[[-76.957687, 38.855887], [-76.957715, 38.855847], [-76.957674, 38.855818], [-76.957641, 38.855869], [-76.957687, 38.855887]]]}, "properties": {"DESCRIPTION": "Pond"}}, {"type": "Feature", "geometry": {"type": "Polygon", "coordinates": [[[-76.957659, 38.856186], [-76.957679, 38.856172], [-76.957659, 38.856168], [-76.957659, 38.856186]]]}, "properties": {"DESCRIPTION": "Pond"}}, {"type": "Feature", "geometry": {"type": "Polygon", "coordinates": [[[-76.957747, 38.856045], [-76.957753, 38.856019], [-76.95772, 38.856018], [-76.957747, 38.856045]]]}, "properties": {"DESCRIPTION": "Pond"}}, {"type": "Feature", "geometry": {"type": "Polygon", "coordinates": [[[-76.957468, 38.855773], [-76.957458, 38.855743], [-76.957417, 38.855752], [-76.957468, 38.855773]]]}, "properties": {"DESCRIPTION": "Pond"}}, {"type": "Feature", "geometry": {"type": "Polygon", "coordinates": [[[-76.957771, 38.855961], [-76.957742, 38.855982], [-76.957776, 38.855995], [-76.957771, 38.855961]]]}, "properties": {"DESCRIPTION": "Pond"}}, {"type": "Feature", "geometry": {"type": "Polygon", "coordinates": [[[-76.958569, 38.856238], [-76.958521, 38.856197], [-76.958517, 38.856224], [-76.958569, 38.856238]]]}, "properties": {"DESCRIPTION": "Pond"}}, {"type": "Feature", "geometry": {"type": "Polygon", "coordinates": [[[-77.01266, 38.812483], [-77.012611, 38.812525], [-77.012647, 38.812561], [-77.012701, 38.81255], [-77.012718, 38.812484], [-77.01266, 38.812483]]]}, "properties": {"DESCRIPTION": "Pond"}}, {"type": "Feature", "geometry": {"type": "Polygon", "coordinates": [[[-77.083967, 38.941765], [-77.08409, 38.941653], [-77.084138, 38.941678], [-77.084172, 38.941637], [-77.084119, 38.941583], [-77.084127, 38.941519], [-77.084079, 38.941574], [-77.084044, 38.941556], [-77.083981, 38.941581], [-77.08385, 38.941733], [-77.083879, 38.941719], [-77.083967, 38.941765]]]}, "properties": {"DESCRIPTION": "Pond"}}, {"type": "Feature", "geometry": {"type": "Polygon", "coordinates": [[[-76.988957, 38.870444], [-76.989057, 38.870411], [-76.989069, 38.870363], [-76.988996, 38.870332], [-76.989012, 38.870293], [-76.988965, 38.87022], [-76.988857, 38.870083], [-76.988819, 38.870079], [-76.988815, 38.870012], [-76.988748, 38.869912], [-76.988703, 38.869895], [-76.988677, 38.86992], [-76.988716, 38.870044], [-76.988783, 38.870079], [-76.988753, 38.870131], [-76.988818, 38.870203], [-76.988809, 38.870246], [-76.988878, 38.870358], [-76.988949, 38.870361], [-76.988919, 38.870396], [-76.988957, 38.870444]]]}, "properties": {"DESCRIPTION": "Pond"}}, {"type": "Feature", "geometry": {"type": "Polygon", "coordinates": [[[-77.006949, 38.854626], [-77.006979, 38.854641], [-77.006955, 38.854716], [-77.007308, 38.854885], [-77.007394, 38.854837], [-77.007424, 38.8547], [-77.007057, 38.854615], [-77.007058, 38.85458], [-77.007424, 38.854637], [-77.007474, 38.854639], [-77.007491, 38.854601], [-77.007406, 38.854538], [-77.007231, 38.854485], [-77.006931, 38.854428], [-77.006834, 38.854478], [-77.006803, 38.854416], [-77.006774, 38.854424], [-77.006739, 38.854587], [-77.006861, 38.854658], [-77.006949, 38.854626]]]}, "properties": {"DESCRIPTION": "Pond"}}, {"type": "Feature", "geometry": {"type": "Polygon", "coordinates": [[[-77.004379, 38.853839], [-77.004637, 38.853752], [-77.004731, 38.853561], [-77.004848, 38.853427], [-77.004876, 38.853332], [-77.004869, 38.853049], [-77.004947, 38.852815], [-77.004724, 38.852633], [-77.004688, 38.852518], [-77.004449, 38.852333], [-77.004472, 38.852271], [-77.004388, 38.85222], [-77.004376, 38.85227], [-77.004281, 38.852257], [-77.004127, 38.852143], [-77.003955, 38.8521], [-77.003916, 38.852062], [-77.00394, 38.852039], [-77.003892, 38.85206], [-77.003877, 38.852121], [-77.004041, 38.852474], [-77.004225, 38.852416], [-77.004274, 38.852512], [-77.004397, 38.852474], [-77.00454, 38.852745], [-77.004213, 38.852852], [-77.004407, 38.853174], [-77.004524, 38.853134], [-77.004669, 38.853406], [-77.004228, 38.853553], [-77.004379, 38.853839]]]}, "properties": {"DESCRIPTION": "Pond"}}, {"type": "Feature", "geometry": {"type": "Polygon", "coordinates": [[[-77.003909, 38.852951], [-77.004031, 38.853181], [-77.00433, 38.853085], [-77.004205, 38.852855], [-77.003909, 38.852951]]]}, "properties": {"DESCRIPTION": "Pond"}}, {"type": "Feature", "geometry": {"type": "Polygon", "coordinates": [[[-77.012826, 38.846905], [-77.012931, 38.846697], [-77.01278, 38.846632], [-77.012734, 38.846667], [-77.012737, 38.846712], [-77.012822, 38.84676], [-77.012816, 38.84682], [-77.012784, 38.846838], [-77.012788, 38.846897], [-77.012826, 38.846905]]]}, "properties": {"DESCRIPTION": "Pond"}}, {"type": "Feature", "geometry": {"type": "Polygon", "coordinates": [[[-77.013041, 38.846734], [-77.012931, 38.846981], [-77.012977, 38.847044], [-77.01314, 38.847091], [-77.013263, 38.846995], [-77.01324, 38.846801], [-77.013136, 38.846734], [-77.013041, 38.846734]]]}, "properties": {"DESCRIPTION": "Pond"}}, {"type": "Feature", "geometry": {"type": "Polygon", "coordinates": [[[-77.003591, 38.852349], [-77.003712, 38.852583], [-77.004037, 38.852476], [-77.003913, 38.852248], [-77.003591, 38.852349]]]}, "properties": {"DESCRIPTION": "Pond"}}, {"type": "Feature", "geometry": {"type": "Polygon", "coordinates": [[[-77.011039, 38.857466], [-77.011231, 38.857423], [-77.011344, 38.857281], [-77.011307, 38.857123], [-77.011155, 38.857028], [-77.010924, 38.857044], [-77.010834, 38.857105], [-77.010784, 38.857189], [-77.010781, 38.857283], [-77.010826, 38.857369], [-77.010912, 38.857433], [-77.011039, 38.857466]]]}, "properties": {"DESCRIPTION": "Pond"}}, {"type": "Feature", "geometry": {"type": "Polygon", "coordinates": [[[-77.020706, 38.824168], [-77.020799, 38.824175], [-77.020847, 38.82414], [-77.020875, 38.824027], [-77.020868, 38.823768], [-77.020846, 38.823713], [-77.020799, 38.823692], [-77.020582, 38.823681], [-77.020516, 38.823705], [-77.020487, 38.823761], [-77.020491, 38.824125], [-77.020552, 38.824173], [-77.020706, 38.824168]]]}, "properties": {"DESCRIPTION": "Pond"}}, {"type": "Feature", "geometry": {"type": "Polygon", "coordinates": [[[-77.048684, 38.930677], [-77.048729, 38.930672], [-77.04872, 38.930662], [-77.048684, 38.930677]]]}, "properties": {"DESCRIPTION": "Pond"}}, {"type": "Feature", "geometry": {"type": "Polygon", "coordinates": [[[-77.052918, 38.964573], [-77.052908, 38.964606], [-77.052969, 38.964618], [-77.052918, 38.964573]]]}, "properties": {"DESCRIPTION": "Pond"}}, {"type": "Feature", "geometry": {"type": "Polygon", "coordinates": [[[-77.099344, 38.923619], [-77.099362, 38.923596], [-77.099314, 38.923592], [-77.099344, 38.923619]]]}, "properties": {"DESCRIPTION": "Pond"}}, {"type": "Feature", "geometry": {"type": "Polygon", "coordinates": [[[-77.017721, 38.933297], [-77.017506, 38.933376], [-77.017464, 38.933458], [-77.017714, 38.933809], [-77.017855, 38.933905], [-77.017934, 38.934152], [-77.018046, 38.934266], [-77.018178, 38.934169], [-77.018195, 38.934114], [-77.01819, 38.934009], [-77.018137, 38.933893], [-77.018186, 38.93382], [-77.018205, 38.933687], [-77.018115, 38.933478], [-77.018111, 38.933373], [-77.018076, 38.933314], [-77.018003, 38.933287], [-77.017721, 38.933297]]]}, "properties": {"DESCRIPTION": "Pond"}}, {"type": "Feature", "geometry": {"type": "Polygon", "coordinates": [[[-77.049048, 38.928424], [-77.049058, 38.928448], [-77.049144, 38.928404], [-77.049048, 38.928424]]]}, "properties": {"DESCRIPTION": "Pond"}}, {"type": "Feature", "geometry": {"type": "Polygon", "coordinates": [[[-77.114301, 38.930665], [-77.114349, 38.930693], [-77.114366, 38.930611], [-77.114243, 38.930457], [-77.114153, 38.930423], [-77.113978, 38.930272], [-77.113929, 38.930328], [-77.113886, 38.93033], [-77.113899, 38.930463], [-77.114045, 38.930637], [-77.114091, 38.930663], [-77.114135, 38.930631], [-77.114252, 38.93068], [-77.114301, 38.930665]]]}, "properties": {"DESCRIPTION": "Pond"}}, {"type": "Feature", "geometry": {"type": "Polygon", "coordinates": [[[-77.064746, 38.95556], [-77.064623, 38.955479], [-77.064577, 38.955506], [-77.064751, 38.955642], [-77.064746, 38.955732], [-77.064819, 38.955896], [-77.064786, 38.956034], [-77.064724, 38.956098], [-77.064788, 38.956048], [-77.064839, 38.955912], [-77.064746, 38.95556]]]}, "properties": {"DESCRIPTION": "River"}}, {"type": "Feature", "geometry": {"type": "Polygon", "coordinates": [[[-77.053467, 38.936274], [-77.053504, 38.936273], [-77.053513, 38.936257], [-77.053467, 38.936274]]]}, "properties": {"DESCRIPTION": "Pond"}}, {"type": "Feature", "geometry": {"type": "Polygon", "coordinates": [[[-77.097186, 38.939728], [-77.097182, 38.939753], [-77.097208, 38.939751], [-77.097212, 38.939719], [-77.097186, 38.939728]]]}, "properties": {"DESCRIPTION": "Pond"}}, {"type": "Feature", "geometry": {"type": "Polygon", "coordinates": [[[-77.014654, 38.936496], [-77.014617, 38.936521], [-77.014652, 38.936606], [-77.014684, 38.936617], [-77.014736, 38.936544], [-77.014654, 38.936496]]]}, "properties": {"DESCRIPTION": "Pond"}}, {"type": "Feature", "geometry": {"type": "Polygon", "coordinates": [[[-77.052678, 38.930663], [-77.052699, 38.930613], [-77.052571, 38.930741], [-77.052616, 38.930756], [-77.052678, 38.930663]]]}, "properties": {"DESCRIPTION": "Pond"}}, {"type": "Feature", "geometry": {"type": "Polygon", "coordinates": [[[-77.053119, 38.97032], [-77.053243, 38.970374], [-77.05325, 38.970351], [-77.053133, 38.970258], [-77.052534, 38.970064], [-77.053119, 38.97032]]]}, "properties": {"DESCRIPTION": "River"}}, {"type": "Feature", "geometry": {"type": "Polygon", "coordinates": [[[-77.047519, 38.929465], [-77.047487, 38.929501], [-77.047555, 38.929542], [-77.04759, 38.929473], [-77.047519, 38.929465]]]}, "properties": {"DESCRIPTION": "Pond"}}, {"type": "Feature", "geometry": {"type": "Polygon", "coordinates": [[[-77.042289, 38.987731], [-77.042226, 38.987708], [-77.042046, 38.987854], [-77.042022, 38.98791], [-77.04184, 38.987983], [-77.041674, 38.987946], [-77.041436, 38.988066], [-77.041351, 38.988235], [-77.041177, 38.988301], [-77.041068, 38.988395], [-77.041044, 38.988535], [-77.040949, 38.988648], [-77.040653, 38.988746], [-77.040427, 38.988987], [-77.039993, 38.98921], [-77.039883, 38.989299], [-77.039859, 38.989365], [-77.039716, 38.989418], [-77.039692, 38.989478], [-77.039403, 38.98958], [-77.03912, 38.989752], [-77.038996, 38.989866], [-77.038978, 38.98997], [-77.03881, 38.990135], [-77.038541, 38.990195], [-77.03844, 38.990263], [-77.038412, 38.990373], [-77.038308, 38.990425], [-77.038305, 38.990529], [-77.038215, 38.990639], [-77.038054, 38.990602], [-77.037774, 38.990653], [-77.037341, 38.990965], [-77.037219, 38.99117], [-77.036863, 38.991229], [-77.036803, 38.991255], [-77.036795, 38.9913], [-77.036881, 38.991298], [-77.037008, 38.99122], [-77.037254, 38.991207], [-77.037283, 38.991125], [-77.037498, 38.990868], [-77.037641, 38.990777], [-77.037682, 38.990806], [-77.037701, 38.990744], [-77.037778, 38.990694], [-77.038062, 38.990627], [-77.038237, 38.990664], [-77.03834, 38.990555], [-77.038365, 38.990431], [-77.038499, 38.990278], [-77.038596, 38.990222], [-77.038817, 38.99019], [-77.039122, 38.989804], [-77.039807, 38.98946], [-77.039925, 38.989381], [-77.039948, 38.989317], [-77.040053, 38.989222], [-77.040495, 38.989], [-77.040613, 38.988869], [-77.040649, 38.988769], [-77.040921, 38.988703], [-77.041053, 38.988612], [-77.041107, 38.988514], [-77.041083, 38.988449], [-77.041104, 38.988388], [-77.04137, 38.988247], [-77.041442, 38.988156], [-77.041459, 38.988081], [-77.041697, 38.987964], [-77.041809, 38.988008], [-77.042059, 38.987937], [-77.042123, 38.987883], [-77.042079, 38.98785], [-77.042178, 38.987757], [-77.042241, 38.987732], [-77.042315, 38.987774], [-77.042362, 38.98776], [-77.042346, 38.987705], [-77.042289, 38.987731]]]}, "properties": {"DESCRIPTION": "River"}}, {"type": "Feature", "geometry": {"type": "Polygon", "coordinates": [[[-77.062412, 38.957563], [-77.062381, 38.957537], [-77.062299, 38.957553], [-77.062139, 38.957466], [-77.062043, 38.957369], [-77.061958, 38.95735], [-77.061435, 38.957659], [-77.061473, 38.957686], [-77.061525, 38.957639], [-77.061618, 38.957619], [-77.061718, 38.957552], [-77.06173, 38.957511], [-77.061817, 38.957497], [-77.061995, 38.957381], [-77.062046, 38.957387], [-77.06214, 38.957498], [-77.062313, 38.957585], [-77.062412, 38.957563]]]}, "properties": {"DESCRIPTION": "River"}}, {"type": "Feature", "geometry": {"type": "Polygon", "coordinates": [[[-77.062983, 38.95765], [-77.062958, 38.957596], [-77.062991, 38.957553], [-77.06283, 38.957525], [-77.062651, 38.957565], [-77.062663, 38.957587], [-77.062776, 38.95755], [-77.062888, 38.957559], [-77.062983, 38.95765]]]}, "properties": {"DESCRIPTION": "River"}}, {"type": "Feature", "geometry": {"type": "Polygon", "coordinates": [[[-77.071841, 38.908934], [-77.071819, 38.908981], [-77.071849, 38.909014], [-77.071841, 38.908934]]]}, "properties": {"DESCRIPTION": "Pond"}}, {"type": "Feature", "geometry": {"type": "Polygon", "coordinates": [[[-77.111575, 38.926931], [-77.111618, 38.926977], [-77.111623, 38.92693], [-77.111683, 38.926929], [-77.111763, 38.926812], [-77.111635, 38.926751], [-77.111611, 38.92665], [-77.111673, 38.926551], [-77.111598, 38.926498], [-77.111568, 38.9266], [-77.111622, 38.926761], [-77.111533, 38.92689], [-77.111575, 38.926931]]]}, "properties": {"DESCRIPTION": "Pond"}}, {"type": "Feature", "geometry": {"type": "Polygon", "coordinates": [[[-77.105233, 38.945781], [-77.105259, 38.945761], [-77.105151, 38.945656], [-77.105119, 38.945659], [-77.10491, 38.945496], [-77.104791, 38.945461], [-77.104469, 38.94552], [-77.104245, 38.945499], [-77.103856, 38.945532], [-77.10378, 38.945557], [-77.103757, 38.945613], [-77.103784, 38.945647], [-77.104096, 38.945549], [-77.104451, 38.945556], [-77.104804, 38.94551], [-77.104985, 38.945582], [-77.105233, 38.945781]]]}, "properties": {"DESCRIPTION": "River"}}, {"type": "Feature", "geometry": {"type": "Polygon", "coordinates": [[[-77.081721, 38.915229], [-77.081689, 38.915241], [-77.081886, 38.915373], [-77.081779, 38.915251], [-77.081721, 38.915229]]]}, "properties": {"DESCRIPTION": "River"}}, {"type": "Feature", "geometry": {"type": "Polygon", "coordinates": [[[-77.082918, 38.917072], [-77.08294, 38.916988], [-77.082905, 38.916894], [-77.082752, 38.916688], [-77.082727, 38.916473], [-77.082661, 38.916357], [-77.082618, 38.916339], [-77.08263, 38.916405], [-77.082693, 38.916465], [-77.082742, 38.916698], [-77.082844, 38.916825], [-77.082918, 38.917072]]]}, "properties": {"DESCRIPTION": "River"}}, {"type": "Feature", "geometry": {"type": "Polygon", "coordinates": [[[-77.083439, 38.917129], [-77.083374, 38.917047], [-77.083307, 38.917023], [-77.083375, 38.917144], [-77.083439, 38.917129]]]}, "properties": {"DESCRIPTION": "River"}}, {"type": "Feature", "geometry": {"type": "Polygon", "coordinates": [[[-77.054621, 38.973225], [-77.054577, 38.973255], [-77.054675, 38.973239], [-77.054621, 38.973225]]]}, "properties": {"DESCRIPTION": "Pond"}}, {"type": "Feature", "geometry": {"type": "Polygon", "coordinates": [[[-77.053712, 38.965284], [-77.05369, 38.965306], [-77.053727, 38.9653], [-77.053712, 38.965284]]]}, "properties": {"DESCRIPTION": "Pond"}}, {"type": "Feature", "geometry": {"type": "Polygon", "coordinates": [[[-77.111821, 38.927197], [-77.112072, 38.92786], [-77.112222, 38.928028], [-77.112128, 38.927751], [-77.112156, 38.927703], [-77.111959, 38.927337], [-77.111821, 38.927197]]]}, "properties": {"DESCRIPTION": "Pond"}}, {"type": "Feature", "geometry": {"type": "Polygon", "coordinates": [[[-77.063762, 38.948047], [-77.063729, 38.948073], [-77.063739, 38.948126], [-77.063855, 38.948081], [-77.063837, 38.948051], [-77.063762, 38.948047]]]}, "properties": {"DESCRIPTION": "Pond"}}, {"type": "Feature", "geometry": {"type": "Polygon", "coordinates": [[[-77.05144, 38.948908], [-77.051496, 38.949236], [-77.051524, 38.949265], [-77.051505, 38.949329], [-77.051541, 38.949384], [-77.051691, 38.949461], [-77.051754, 38.949564], [-77.051939, 38.949655], [-77.052098, 38.949672], [-77.052213, 38.949734], [-77.052465, 38.949944], [-77.052587, 38.950124], [-77.052611, 38.950223], [-77.052904, 38.950591], [-77.052927, 38.950729], [-77.052878, 38.950998], [-77.052877, 38.951544], [-77.052924, 38.951708], [-77.053106, 38.951846], [-77.053312, 38.951913], [-77.05337, 38.951968], [-77.053975, 38.951987], [-77.054207, 38.952066], [-77.054654, 38.952113], [-77.054759, 38.952287], [-77.054765, 38.95236], [-77.054717, 38.952498], [-77.054763, 38.952663], [-77.055132, 38.953047], [-77.05539, 38.953394], [-77.055854, 38.953728], [-77.056109, 38.953871], [-77.056183, 38.953866], [-77.056109, 38.953756], [-77.05604, 38.953755], [-77.055944, 38.953703], [-77.055461, 38.953368], [-77.055326, 38.953156], [-77.054921, 38.952753], [-77.054817, 38.952578], [-77.054803, 38.952651], [-77.054772, 38.952545], [-77.0548, 38.952276], [-77.05472, 38.952125], [-77.054604, 38.952075], [-77.05388, 38.951923], [-77.053355, 38.951913], [-77.052923, 38.951648], [-77.052903, 38.951538], [-77.052947, 38.951254], [-77.052912, 38.951119], [-77.052929, 38.950916], [-77.052989, 38.950734], [-77.052962, 38.950587], [-77.052738, 38.950268], [-77.052625, 38.950181], [-77.052633, 38.950099], [-77.052588, 38.950005], [-77.052256, 38.949687], [-77.052011, 38.94954], [-77.0519, 38.949573], [-77.051772, 38.949529], [-77.051692, 38.949404], [-77.051555, 38.949341], [-77.051544, 38.949208], [-77.051508, 38.949147], [-77.05154, 38.949113], [-77.05148, 38.94892], [-77.051471, 38.948701], [-77.05139, 38.948553], [-77.051317, 38.947955], [-77.051332, 38.947885], [-77.051257, 38.947904], [-77.051264, 38.947962], [-77.051232, 38.947993], [-77.051383, 38.948679], [-77.051427, 38.948745], [-77.051406, 38.948805], [-77.05144, 38.948908]]]}, "properties": {"DESCRIPTION": "River"}}, {"type": "Feature", "geometry": {"type": "Polygon", "coordinates": [[[-77.081263, 38.930591], [-77.081228, 38.930555], [-77.081117, 38.930568], [-77.080925, 38.930704], [-77.080906, 38.930761], [-77.080969, 38.930856], [-77.08086, 38.930968], [-77.080861, 38.931048], [-77.080926, 38.931032], [-77.081133, 38.930802], [-77.081263, 38.930591]]]}, "properties": {"DESCRIPTION": "Pond"}}, {"type": "Feature", "geometry": {"type": "Polygon", "coordinates": [[[-77.053306, 38.965054], [-77.053304, 38.965085], [-77.053319, 38.96507], [-77.053306, 38.965054]]]}, "properties": {"DESCRIPTION": "Pond"}}, {"type": "Feature", "geometry": {"type": "Polygon", "coordinates": [[[-77.101053, 38.919702], [-77.101069, 38.91973], [-77.101367, 38.919644], [-77.101348, 38.919621], [-77.101053, 38.919702]]]}, "properties": {"DESCRIPTION": "Pond"}}, {"type": "Feature", "geometry": {"type": "Polygon", "coordinates": [[[-77.118527, 38.93538], [-77.118423, 38.935289], [-77.118348, 38.935292], [-77.118342, 38.935262], [-77.118388, 38.935233], [-77.118337, 38.935208], [-77.118268, 38.935286], [-77.118351, 38.935358], [-77.118341, 38.935436], [-77.118394, 38.935473], [-77.118527, 38.93538]]]}, "properties": {"DESCRIPTION": "Pond"}}, {"type": "Feature", "geometry": {"type": "Polygon", "coordinates": [[[-77.049602, 38.970316], [-77.049706, 38.970239], [-77.049784, 38.970132], [-77.049841, 38.970111], [-77.050036, 38.970122], [-77.05022, 38.970064], [-77.050717, 38.96999], [-77.050972, 38.970022], [-77.051009, 38.970001], [-77.050731, 38.969965], [-77.050239, 38.970035], [-77.050024, 38.970107], [-77.049842, 38.970095], [-77.04975, 38.970131], [-77.049616, 38.970287], [-77.049349, 38.970341], [-77.049137, 38.970243], [-77.048945, 38.970258], [-77.04913, 38.970276], [-77.049299, 38.970354], [-77.049447, 38.970314], [-77.049602, 38.970316]]]}, "properties": {"DESCRIPTION": "River"}}, {"type": "Feature", "geometry": {"type": "Polygon", "coordinates": [[[-77.07633, 38.913563], [-77.076401, 38.91358], [-77.076468, 38.913471], [-77.076414, 38.913217], [-77.076327, 38.91326], [-77.07633, 38.913563]]]}, "properties": {"DESCRIPTION": "Pond"}}, {"type": "Feature", "geometry": {"type": "Polygon", "coordinates": [[[-77.103346, 38.919733], [-77.103263, 38.91972], [-77.103221, 38.919625], [-77.103142, 38.919604], [-77.103187, 38.919666], [-77.103164, 38.919711], [-77.103084, 38.919733], [-77.103087, 38.919797], [-77.102979, 38.920039], [-77.103162, 38.919862], [-77.103201, 38.919859], [-77.103541, 38.919954], [-77.103874, 38.920089], [-77.103986, 38.920097], [-77.104064, 38.920013], [-77.104179, 38.920103], [-77.104428, 38.920204], [-77.104533, 38.920173], [-77.104548, 38.920227], [-77.10465, 38.920298], [-77.104492, 38.92029], [-77.104655, 38.92036], [-77.104726, 38.920334], [-77.104711, 38.920283], [-77.1046, 38.920213], [-77.104633, 38.920188], [-77.104718, 38.920222], [-77.10469, 38.920148], [-77.104515, 38.919996], [-77.104462, 38.920019], [-77.104496, 38.920131], [-77.104264, 38.920028], [-77.104204, 38.920078], [-77.104229, 38.920001], [-77.104069, 38.919858], [-77.103876, 38.919895], [-77.103629, 38.919795], [-77.103346, 38.919733]], [[-77.103212, 38.919798], [-77.103219, 38.91975], [-77.103276, 38.91975], [-77.103343, 38.919785], [-77.103359, 38.919837], [-77.103311, 38.91985], [-77.103212, 38.919798]], [[-77.103982, 38.91998], [-77.104024, 38.919996], [-77.10402, 38.920031], [-77.103956, 38.920063], [-77.103625, 38.919927], [-77.103682, 38.919901], [-77.103982, 38.91998]]]}, "properties": {"DESCRIPTION": "Pond"}}, {"type": "Feature", "geometry": {"type": "Polygon", "coordinates": [[[-77.112387, 38.926461], [-77.112327, 38.926319], [-77.112379, 38.926188], [-77.112352, 38.926101], [-77.112328, 38.926295], [-77.11222, 38.926424], [-77.112319, 38.926572], [-77.112441, 38.926669], [-77.112471, 38.926852], [-77.112529, 38.926956], [-77.11246, 38.926674], [-77.112384, 38.926575], [-77.112387, 38.926461]]]}, "properties": {"DESCRIPTION": "Pond"}}, {"type": "Feature", "geometry": {"type": "Polygon", "coordinates": [[[-77.112585, 38.927038], [-77.112545, 38.92704], [-77.11254, 38.927076], [-77.112631, 38.927276], [-77.112635, 38.927486], [-77.112684, 38.92752], [-77.112585, 38.927038]]]}, "properties": {"DESCRIPTION": "Pond"}}, {"type": "Feature", "geometry": {"type": "Polygon", "coordinates": [[[-77.113735, 38.937175], [-77.11392, 38.93714], [-77.113873, 38.936998], [-77.113914, 38.936989], [-77.113956, 38.937133], [-77.11417, 38.937091], [-77.114051, 38.936709], [-77.11381, 38.936753], [-77.114047, 38.9367], [-77.11379, 38.935881], [-77.113592, 38.935917], [-77.113604, 38.935956], [-77.113537, 38.935968], [-77.113526, 38.93593], [-77.113321, 38.935968], [-77.113675, 38.937102], [-77.113706, 38.937096], [-77.113735, 38.937175]]]}, "properties": {"DESCRIPTION": "Pond"}}, {"type": "Feature", "geometry": {"type": "Polygon", "coordinates": [[[-77.053111, 38.96429], [-77.053132, 38.96433], [-77.053167, 38.964339], [-77.053111, 38.96429]]]}, "properties": {"DESCRIPTION": "Pond"}}, {"type": "Feature", "geometry": {"type": "Polygon", "coordinates": [[[-77.053139, 38.964092], [-77.053119, 38.964127], [-77.053186, 38.964142], [-77.053179, 38.964089], [-77.053139, 38.964092]]]}, "properties": {"DESCRIPTION": "Pond"}}, {"type": "Feature", "geometry": {"type": "Polygon", "coordinates": [[[-77.098305, 38.935758], [-77.098299, 38.9358], [-77.098343, 38.935834], [-77.098359, 38.935784], [-77.098305, 38.935758]]]}, "properties": {"DESCRIPTION": "Pond"}}, {"type": "Feature", "geometry": {"type": "Polygon", "coordinates": [[[-77.044189, 38.990572], [-77.044349, 38.990749], [-77.044389, 38.991012], [-77.044471, 38.991106], [-77.044526, 38.991245], [-77.044449, 38.991393], [-77.044491, 38.991534], [-77.044504, 38.99182], [-77.044434, 38.991883], [-77.044314, 38.992322], [-77.044208, 38.992415], [-77.044055, 38.992652], [-77.044073, 38.992759], [-77.044207, 38.993012], [-77.044329, 38.993099], [-77.044316, 38.993155], [-77.044136, 38.993286], [-77.044174, 38.993341], [-77.044285, 38.993391], [-77.044326, 38.993359], [-77.044227, 38.993328], [-77.044208, 38.99327], [-77.044365, 38.993131], [-77.044325, 38.99303], [-77.044208, 38.992921], [-77.044077, 38.992663], [-77.044413, 38.992236], [-77.044488, 38.991855], [-77.044532, 38.991806], [-77.044525, 38.991519], [-77.044467, 38.991401], [-77.04458, 38.991186], [-77.044424, 38.990978], [-77.044383, 38.990707], [-77.044129, 38.990473], [-77.043885, 38.990373], [-77.04388, 38.990272], [-77.043928, 38.990236], [-77.043999, 38.990018], [-77.044042, 38.990004], [-77.043889, 38.98982], [-77.04366, 38.989632], [-77.043721, 38.989599], [-77.043882, 38.989345], [-77.043849, 38.989223], [-77.043767, 38.989095], [-77.043602, 38.988979], [-77.043525, 38.988815], [-77.043321, 38.988682], [-77.043302, 38.98862], [-77.043108, 38.988406], [-77.043124, 38.988278], [-77.043234, 38.98818], [-77.043346, 38.988195], [-77.043455, 38.988164], [-77.043439, 38.988043], [-77.043201, 38.987758], [-77.043154, 38.987614], [-77.043168, 38.987562], [-77.043067, 38.987421], [-77.042861, 38.987336], [-77.042821, 38.987197], [-77.042623, 38.987052], [-77.042589, 38.986877], [-77.042473, 38.986737], [-77.042422, 38.986538], [-77.042492, 38.986494], [-77.042392, 38.986491], [-77.042362, 38.986568], [-77.042423, 38.986582], [-77.042455, 38.986652], [-77.04243, 38.986734], [-77.04255, 38.986878], [-77.042565, 38.987016], [-77.042756, 38.987254], [-77.042811, 38.987373], [-77.042712, 38.987505], [-77.042534, 38.987627], [-77.042547, 38.987658], [-77.042725, 38.987647], [-77.042734, 38.987539], [-77.042791, 38.987484], [-77.042771, 38.987466], [-77.042804, 38.987417], [-77.042829, 38.987432], [-77.042838, 38.987349], [-77.042937, 38.987369], [-77.043071, 38.987444], [-77.043125, 38.987559], [-77.043106, 38.987668], [-77.043382, 38.987975], [-77.043433, 38.988152], [-77.043178, 38.988178], [-77.043099, 38.988271], [-77.043096, 38.988403], [-77.043203, 38.988572], [-77.043345, 38.988726], [-77.043442, 38.988782], [-77.043478, 38.988884], [-77.043545, 38.988903], [-77.043534, 38.988955], [-77.043577, 38.989014], [-77.04373, 38.989083], [-77.043823, 38.989198], [-77.04383, 38.989371], [-77.043794, 38.989413], [-77.043771, 38.989392], [-77.043706, 38.989565], [-77.043621, 38.989641], [-77.043759, 38.989787], [-77.043889, 38.989863], [-77.043982, 38.98998], [-77.043853, 38.990276], [-77.043868, 38.990407], [-77.044073, 38.990487], [-77.044189, 38.990572]], [[-77.044544, 38.991138], [-77.044534, 38.99121], [-77.044499, 38.991111], [-77.044544, 38.991138]]]}, "properties": {"DESCRIPTION": "River"}}, {"type": "Feature", "geometry": {"type": "Polygon", "coordinates": [[[-77.051632, 38.940171], [-77.051874, 38.940386], [-77.051816, 38.940481], [-77.051844, 38.94049], [-77.051907, 38.940381], [-77.051652, 38.940158], [-77.051632, 38.940171]]]}, "properties": {"DESCRIPTION": "River"}}, {"type": "Feature", "geometry": {"type": "Polygon", "coordinates": [[[-77.053587, 38.930112], [-77.053717, 38.930109], [-77.053804, 38.930039], [-77.053695, 38.930101], [-77.05354, 38.930078], [-77.053491, 38.930025], [-77.053522, 38.929822], [-77.053867, 38.929819], [-77.053574, 38.929791], [-77.053506, 38.929819], [-77.053476, 38.930028], [-77.053587, 38.930112]]]}, "properties": {"DESCRIPTION": "River"}}, {"type": "Feature", "geometry": {"type": "Polygon", "coordinates": [[[-77.104934, 38.922978], [-77.107224, 38.924599], [-77.108493, 38.925564], [-77.109278, 38.926264], [-77.109313, 38.926343], [-77.109944, 38.927036], [-77.110462, 38.927666], [-77.110761, 38.928136], [-77.111391, 38.929258], [-77.112358, 38.930812], [-77.112507, 38.931118], [-77.112618, 38.931218], [-77.112917, 38.931687], [-77.11357, 38.932837], [-77.113907, 38.933369], [-77.114425, 38.934058], [-77.115166, 38.934919], [-77.115316, 38.935011], [-77.115644, 38.935467], [-77.116197, 38.935984], [-77.116836, 38.936512], [-77.116998, 38.936577], [-77.117149, 38.936459], [-77.116194, 38.935669], [-77.115707, 38.935216], [-77.114233, 38.933432], [-77.114026, 38.933135], [-77.112918, 38.93123], [-77.110948, 38.928038], [-77.110494, 38.927383], [-77.109888, 38.926647], [-77.108879, 38.925654], [-77.108293, 38.925181], [-77.104994, 38.922831], [-77.104777, 38.922703], [-77.104649, 38.922736], [-77.10448, 38.922557], [-77.104466, 38.922487], [-77.104249, 38.922351], [-77.104174, 38.92225], [-77.103915, 38.922058], [-77.103991, 38.92214], [-77.103939, 38.922141], [-77.103748, 38.921929], [-77.103602, 38.92187], [-77.103497, 38.92169], [-77.10294, 38.921231], [-77.102831, 38.921034], [-77.102393, 38.920735], [-77.10229, 38.920444], [-77.102217, 38.920354], [-77.102056, 38.920249], [-77.101994, 38.920147], [-77.102011, 38.92002], [-77.102056, 38.920003], [-77.101931, 38.919946], [-77.101674, 38.919582], [-77.10142, 38.919314], [-77.101196, 38.91887], [-77.100004, 38.916984], [-77.099923, 38.916901], [-77.099846, 38.916715], [-77.099874, 38.91679], [-77.099747, 38.916704], [-77.099888, 38.916815], [-77.099906, 38.916921], [-77.09978, 38.916895], [-77.099642, 38.916807], [-77.099633, 38.916725], [-77.099739, 38.916633], [-77.099743, 38.916547], [-77.09955, 38.916289], [-77.098294, 38.914265], [-77.097333, 38.912806], [-77.096944, 38.912328], [-77.096371, 38.911704], [-77.095664, 38.91102], [-77.093601, 38.909418], [-77.092128, 38.908471], [-77.09176, 38.908264], [-77.089929, 38.907476], [-77.086748, 38.906524], [-77.085118, 38.905992], [-77.083028, 38.905241], [-77.082435, 38.905084], [-77.08186, 38.905038], [-77.081435, 38.905065], [-77.080617, 38.905251], [-77.079187, 38.90567], [-77.079054, 38.905619], [-77.07909, 38.905672], [-77.079214, 38.905706], [-77.081436, 38.905102], [-77.081992, 38.905094], [-77.082562, 38.905171], [-77.085722, 38.906266], [-77.086684, 38.906559], [-77.086847, 38.906624], [-77.086877, 38.906685], [-77.087044, 38.9067], [-77.087854, 38.906927], [-77.089706, 38.907531], [-77.089926, 38.907647], [-77.090754, 38.907955], [-77.091113, 38.908143], [-77.091778, 38.908389], [-77.091916, 38.908492], [-77.092199, 38.908613], [-77.092496, 38.908853], [-77.093055, 38.909172], [-77.093666, 38.909609], [-77.095379, 38.910967], [-77.095861, 38.911408], [-77.096924, 38.91252], [-77.097196, 38.912876], [-77.098373, 38.914685], [-77.099066, 38.915899], [-77.099338, 38.91601], [-77.099499, 38.916294], [-77.099715, 38.916522], [-77.099732, 38.916573], [-77.099702, 38.916627], [-77.099572, 38.916625], [-77.099689, 38.91665], [-77.099621, 38.916722], [-77.099634, 38.916817], [-77.099768, 38.9169], [-77.099922, 38.916942], [-77.100009, 38.917039], [-77.100097, 38.917225], [-77.100063, 38.917288], [-77.100075, 38.917346], [-77.100192, 38.91757], [-77.100304, 38.917687], [-77.100339, 38.917839], [-77.100626, 38.918243], [-77.100782, 38.918383], [-77.100796, 38.918533], [-77.101478, 38.919519], [-77.101802, 38.919904], [-77.101933, 38.919993], [-77.102006, 38.920001], [-77.101974, 38.920103], [-77.102008, 38.920207], [-77.102252, 38.920412], [-77.102352, 38.920695], [-77.10245, 38.920842], [-77.102817, 38.921058], [-77.102914, 38.921274], [-77.103492, 38.921739], [-77.103592, 38.921882], [-77.103725, 38.921956], [-77.103937, 38.922164], [-77.104001, 38.922157], [-77.104168, 38.922267], [-77.104247, 38.922377], [-77.104433, 38.922494], [-77.104457, 38.922576], [-77.104614, 38.922724], [-77.104677, 38.922764], [-77.104774, 38.922731], [-77.104913, 38.922815], [-77.104956, 38.922911], [-77.105012, 38.922949], [-77.104868, 38.92297], [-77.104934, 38.922978]]]}, "properties": {"DESCRIPTION": "River"}}, {"type": "Feature", "geometry": {"type": "Polygon", "coordinates": [[[-77.076961, 38.908453], [-77.076892, 38.908486], [-77.076976, 38.908459], [-77.076961, 38.908453]]]}, "properties": {"DESCRIPTION": "Pond"}}, {"type": "Feature", "geometry": {"type": "Polygon", "coordinates": [[[-77.053075, 38.930661], [-77.053101, 38.930732], [-77.05311, 38.930685], [-77.053075, 38.930661]]]}, "properties": {"DESCRIPTION": "Pond"}}, {"type": "Feature", "geometry": {"type": "Polygon", "coordinates": [[[-77.042353, 38.994899], [-77.042133, 38.994951], [-77.042089, 38.995015], [-77.042097, 38.995075], [-77.042142, 38.995064], [-77.042115, 38.995019], [-77.04218, 38.994944], [-77.042353, 38.994899]]]}, "properties": {"DESCRIPTION": "River"}}, {"type": "Feature", "geometry": {"type": "Polygon", "coordinates": [[[-77.053052, 38.964994], [-77.053051, 38.96504], [-77.053077, 38.965027], [-77.053052, 38.964994]]]}, "properties": {"DESCRIPTION": "Pond"}}, {"type": "Feature", "geometry": {"type": "Polygon", "coordinates": [[[-77.112643, 38.927772], [-77.112679, 38.927692], [-77.11258, 38.927437], [-77.112567, 38.927479], [-77.112614, 38.927542], [-77.112578, 38.927549], [-77.112552, 38.927605], [-77.112614, 38.927658], [-77.112582, 38.927706], [-77.112643, 38.927772]]]}, "properties": {"DESCRIPTION": "Pond"}}, {"type": "Feature", "geometry": {"type": "Polygon", "coordinates": [[[-77.112781, 38.928022], [-77.112756, 38.928053], [-77.112796, 38.928117], [-77.112745, 38.928125], [-77.112788, 38.928155], [-77.112705, 38.928292], [-77.112728, 38.928385], [-77.112691, 38.928495], [-77.112718, 38.928544], [-77.11267, 38.928697], [-77.112715, 38.928724], [-77.112707, 38.928871], [-77.112758, 38.92871], [-77.112751, 38.928649], [-77.112719, 38.928633], [-77.112761, 38.928525], [-77.112742, 38.928444], [-77.112773, 38.928408], [-77.112772, 38.928232], [-77.112817, 38.928249], [-77.112835, 38.928224], [-77.112781, 38.928022]]]}, "properties": {"DESCRIPTION": "Pond"}}, {"type": "Feature", "geometry": {"type": "Polygon", "coordinates": [[[-77.061126, 38.930906], [-77.061139, 38.930958], [-77.061303, 38.931029], [-77.061407, 38.931013], [-77.061447, 38.930968], [-77.061291, 38.930865], [-77.061246, 38.930897], [-77.061186, 38.930874], [-77.061126, 38.930906]]]}, "properties": {"DESCRIPTION": "Pond"}}, {"type": "Feature", "geometry": {"type": "Polygon", "coordinates": [[[-77.017847, 38.936455], [-77.017803, 38.936894], [-77.017712, 38.937065], [-77.017807, 38.936931], [-77.017836, 38.936807], [-77.017987, 38.934737], [-77.018022, 38.934433], [-77.018064, 38.934336], [-77.018008, 38.934405], [-77.017978, 38.934564], [-77.017847, 38.936455]]]}, "properties": {"DESCRIPTION": "Pond"}}, {"type": "Feature", "geometry": {"type": "Polygon", "coordinates": [[[-77.049588, 38.930081], [-77.049633, 38.930131], [-77.049685, 38.930129], [-77.049655, 38.93008], [-77.049588, 38.930081]]]}, "properties": {"DESCRIPTION": "Pond"}}, {"type": "Feature", "geometry": {"type": "Polygon", "coordinates": [[[-77.052989, 38.964527], [-77.052957, 38.964556], [-77.053034, 38.964587], [-77.052989, 38.964527]]]}, "properties": {"DESCRIPTION": "Pond"}}, {"type": "Feature", "geometry": {"type": "Polygon", "coordinates": [[[-77.042682, 38.994643], [-77.042745, 38.994593], [-77.042688, 38.994539], [-77.04274, 38.994365], [-77.042736, 38.994176], [-77.043066, 38.994162], [-77.043102, 38.994065], [-77.043176, 38.99402], [-77.043223, 38.993927], [-77.043409, 38.993797], [-77.043452, 38.993719], [-77.043556, 38.993658], [-77.043748, 38.993457], [-77.043844, 38.993332], [-77.043836, 38.993257], [-77.04388, 38.993195], [-77.044256, 38.993033], [-77.044207, 38.993012], [-77.044146, 38.993068], [-77.043823, 38.993181], [-77.043813, 38.99332], [-77.043762, 38.993408], [-77.043527, 38.993667], [-77.043215, 38.993895], [-77.043162, 38.993957], [-77.043158, 38.994016], [-77.043068, 38.994056], [-77.043049, 38.994154], [-77.042702, 38.994162], [-77.042651, 38.994543], [-77.042682, 38.994643]]]}, "properties": {"DESCRIPTION": "River"}}, {"type": "Feature", "geometry": {"type": "Polygon", "coordinates": [[[-77.052942, 38.964974], [-77.052952, 38.964997], [-77.052973, 38.964993], [-77.052942, 38.964974]]]}, "properties": {"DESCRIPTION": "Pond"}}, {"type": "Feature", "geometry": {"type": "Polygon", "coordinates": [[[-77.012169, 38.948407], [-77.011904, 38.948648], [-77.011908, 38.948741], [-77.012036, 38.948761], [-77.012158, 38.948688], [-77.012186, 38.948588], [-77.012192, 38.948401], [-77.012169, 38.948407]]]}, "properties": {"DESCRIPTION": "Pond"}}, {"type": "Feature", "geometry": {"type": "Polygon", "coordinates": [[[-77.109645, 38.925142], [-77.109636, 38.925189], [-77.109683, 38.92521], [-77.109645, 38.925142]]]}, "properties": {"DESCRIPTION": "Pond"}}, {"type": "Feature", "geometry": {"type": "Polygon", "coordinates": [[[-77.111716, 38.925981], [-77.111786, 38.92602], [-77.111803, 38.925961], [-77.111657, 38.925826], [-77.111587, 38.925702], [-77.111522, 38.92567], [-77.111488, 38.925613], [-77.111385, 38.925617], [-77.111372, 38.925793], [-77.111518, 38.925877], [-77.111581, 38.925956], [-77.11162, 38.925948], [-77.111631, 38.925904], [-77.111716, 38.925981]]]}, "properties": {"DESCRIPTION": "Pond"}}, {"type": "Feature", "geometry": {"type": "Polygon", "coordinates": [[[-77.051164, 38.970151], [-77.051454, 38.970174], [-77.052375, 38.970006], [-77.052145, 38.97], [-77.051487, 38.970144], [-77.051226, 38.970141], [-77.051159, 38.970106], [-77.051136, 38.970127], [-77.051164, 38.970151]]]}, "properties": {"DESCRIPTION": "River"}}, {"type": "Feature", "geometry": {"type": "Polygon", "coordinates": [[[-77.065773, 38.95823], [-77.065906, 38.95825], [-77.066014, 38.958471], [-77.066052, 38.958385], [-77.06611, 38.958364], [-77.066057, 38.958343], [-77.066007, 38.958405], [-77.065896, 38.958205], [-77.065727, 38.958172], [-77.065465, 38.957998], [-77.06529, 38.95804], [-77.065235, 38.957991], [-77.065099, 38.957957], [-77.065072, 38.957903], [-77.065008, 38.957918], [-77.065119, 38.958026], [-77.065475, 38.958055], [-77.065636, 38.958258], [-77.065773, 38.95823]]]}, "properties": {"DESCRIPTION": "River"}}, {"type": "Feature", "geometry": {"type": "Polygon", "coordinates": [[[-77.047413, 38.929677], [-77.047437, 38.929695], [-77.047454, 38.929669], [-77.047373, 38.92963], [-77.047413, 38.929677]]]}, "properties": {"DESCRIPTION": "Pond"}}, {"type": "Feature", "geometry": {"type": "Polygon", "coordinates": [[[-77.109655, 38.930914], [-77.109649, 38.930941], [-77.109672, 38.930921], [-77.109655, 38.930914]]]}, "properties": {"DESCRIPTION": "Pond"}}, {"type": "Feature", "geometry": {"type": "Polygon", "coordinates": [[[-77.06338, 38.957708], [-77.06342, 38.957625], [-77.063284, 38.957738], [-77.063396, 38.957796], [-77.06342, 38.957754], [-77.06338, 38.957708]]]}, "properties": {"DESCRIPTION": "Pond"}}, {"type": "Feature", "geometry": {"type": "Polygon", "coordinates": [[[-77.04963, 38.930003], [-77.049581, 38.930014], [-77.04962, 38.930032], [-77.04963, 38.930003]]]}, "properties": {"DESCRIPTION": "Pond"}}, {"type": "Feature", "geometry": {"type": "Polygon", "coordinates": [[[-77.044422, 38.96455], [-77.044446, 38.964481], [-77.044418, 38.964447], [-77.044194, 38.964515], [-77.044357, 38.964611], [-77.044422, 38.96455]]]}, "properties": {"DESCRIPTION": "Pond"}}, {"type": "Feature", "geometry": {"type": "Polygon", "coordinates": [[[-77.111447, 38.927309], [-77.111655, 38.92747], [-77.111629, 38.927366], [-77.111428, 38.927216], [-77.111482, 38.927141], [-77.111406, 38.927166], [-77.111269, 38.927096], [-77.111376, 38.927209], [-77.111414, 38.927289], [-77.111373, 38.927306], [-77.111447, 38.927309]]]}, "properties": {"DESCRIPTION": "Pond"}}, {"type": "Feature", "geometry": {"type": "Polygon", "coordinates": [[[-77.053052, 38.964493], [-77.053004, 38.964494], [-77.053045, 38.96453], [-77.053052, 38.964493]]]}, "properties": {"DESCRIPTION": "Pond"}}, {"type": "Feature", "geometry": {"type": "Polygon", "coordinates": [[[-77.112712, 38.937363], [-77.11314, 38.937252], [-77.112746, 38.935984], [-77.11253, 38.936025], [-77.112585, 38.936202], [-77.112556, 38.936208], [-77.1125, 38.93603], [-77.112285, 38.936073], [-77.112681, 38.93735], [-77.112712, 38.937363]]]}, "properties": {"DESCRIPTION": "Pond"}}, {"type": "Feature", "geometry": {"type": "Polygon", "coordinates": [[[-77.052757, 38.964687], [-77.05276, 38.964726], [-77.052868, 38.964732], [-77.052757, 38.964687]]]}, "properties": {"DESCRIPTION": "Pond"}}, {"type": "Feature", "geometry": {"type": "Polygon", "coordinates": [[[-77.112635, 38.92911], [-77.112702, 38.929256], [-77.11271, 38.929213], [-77.112766, 38.9292], [-77.112821, 38.929241], [-77.11272, 38.92909], [-77.11263, 38.929046], [-77.112635, 38.92911]]]}, "properties": {"DESCRIPTION": "Pond"}}, {"type": "Feature", "geometry": {"type": "Polygon", "coordinates": [[[-77.112835, 38.929268], [-77.112811, 38.929279], [-77.112889, 38.929353], [-77.112835, 38.929268]]]}, "properties": {"DESCRIPTION": "Pond"}}, {"type": "Feature", "geometry": {"type": "Polygon", "coordinates": [[[-77.112726, 38.929386], [-77.11271, 38.929439], [-77.112771, 38.929461], [-77.11277, 38.929565], [-77.112805, 38.929586], [-77.112882, 38.929563], [-77.112813, 38.92953], [-77.112726, 38.929386]]]}, "properties": {"DESCRIPTION": "Pond"}}, {"type": "Feature", "geometry": {"type": "Polygon", "coordinates": [[[-77.116918, 38.934845], [-77.116969, 38.934815], [-77.116879, 38.934744], [-77.116885, 38.93472], [-77.117028, 38.93479], [-77.117069, 38.934781], [-77.11693, 38.934693], [-77.116875, 38.934696], [-77.116852, 38.934518], [-77.116909, 38.93453], [-77.116866, 38.934453], [-77.11691, 38.934453], [-77.116845, 38.93426], [-77.116791, 38.934234], [-77.116735, 38.93425], [-77.116758, 38.934201], [-77.1168, 38.934195], [-77.11677, 38.934109], [-77.116731, 38.934063], [-77.116691, 38.934092], [-77.116659, 38.933999], [-77.11663, 38.934047], [-77.116507, 38.933917], [-77.116506, 38.93398], [-77.116597, 38.934118], [-77.116532, 38.934183], [-77.116503, 38.934131], [-77.116523, 38.934095], [-77.116425, 38.934065], [-77.116417, 38.934134], [-77.116486, 38.934177], [-77.116487, 38.93427], [-77.116633, 38.934538], [-77.116918, 38.934845]], [[-77.116817, 38.934457], [-77.116809, 38.934509], [-77.116775, 38.934505], [-77.1168, 38.934427], [-77.116733, 38.93437], [-77.116707, 38.93427], [-77.116792, 38.934319], [-77.116849, 38.934399], [-77.11686, 38.934433], [-77.116816, 38.934434], [-77.116817, 38.934457]]]}, "properties": {"DESCRIPTION": "Pond"}}, {"type": "Feature", "geometry": {"type": "Polygon", "coordinates": [[[-77.063234, 38.957699], [-77.063046, 38.957654], [-77.063127, 38.957692], [-77.063234, 38.957699]]]}, "properties": {"DESCRIPTION": "Pond"}}, {"type": "Feature", "geometry": {"type": "Polygon", "coordinates": [[[-77.049374, 38.929908], [-77.049364, 38.929932], [-77.049427, 38.929981], [-77.049499, 38.929966], [-77.049374, 38.929908]]]}, "properties": {"DESCRIPTION": "Pond"}}, {"type": "Feature", "geometry": {"type": "Polygon", "coordinates": [[[-77.054146, 38.93001], [-77.054186, 38.929987], [-77.05411, 38.929984], [-77.054146, 38.93001]]]}, "properties": {"DESCRIPTION": "Pond"}}, {"type": "Feature", "geometry": {"type": "Polygon", "coordinates": [[[-77.113015, 38.927614], [-77.112843, 38.927605], [-77.112972, 38.927712], [-77.112973, 38.927777], [-77.113049, 38.927823], [-77.113058, 38.927897], [-77.113152, 38.927964], [-77.11312, 38.927776], [-77.113015, 38.927614]]]}, "properties": {"DESCRIPTION": "Pond"}}, {"type": "Feature", "geometry": {"type": "Polygon", "coordinates": [[[-77.098391, 38.935774], [-77.098353, 38.935833], [-77.098435, 38.935812], [-77.098416, 38.935766], [-77.098391, 38.935774]]]}, "properties": {"DESCRIPTION": "Pond"}}, {"type": "Feature", "geometry": {"type": "Polygon", "coordinates": [[[-77.078895, 38.905413], [-77.078895, 38.905468], [-77.079019, 38.905491], [-77.079026, 38.905559], [-77.07907, 38.905555], [-77.079029, 38.90549], [-77.078895, 38.905413]]]}, "properties": {"DESCRIPTION": "River"}}, {"type": "Feature", "geometry": {"type": "Polygon", "coordinates": [[[-77.05133, 38.929718], [-77.0514, 38.929821], [-77.051441, 38.929812], [-77.051352, 38.929717], [-77.051277, 38.929711], [-77.05133, 38.929718]]]}, "properties": {"DESCRIPTION": "Pond"}}, {"type": "Feature", "geometry": {"type": "Polygon", "coordinates": [[[-77.054217, 38.965638], [-77.054184, 38.965615], [-77.054153, 38.965674], [-77.054249, 38.965742], [-77.054264, 38.965693], [-77.054217, 38.965638]]]}, "properties": {"DESCRIPTION": "Pond"}}, {"type": "Feature", "geometry": {"type": "Polygon", "coordinates": [[[-77.01774, 38.933103], [-77.017751, 38.933151], [-77.017771, 38.933102], [-77.017938, 38.93309], [-77.017977, 38.93302], [-77.017794, 38.932789], [-77.017757, 38.932462], [-77.017609, 38.932292], [-77.017742, 38.932129], [-77.017763, 38.931985], [-77.017659, 38.931793], [-77.017463, 38.931788], [-77.017449, 38.931856], [-77.01731, 38.931953], [-77.0173, 38.932024], [-77.017463, 38.932339], [-77.01745, 38.932597], [-77.017498, 38.93266], [-77.017547, 38.93287], [-77.017581, 38.932909], [-77.017627, 38.932852], [-77.017705, 38.932871], [-77.017719, 38.932968], [-77.017617, 38.932961], [-77.01774, 38.933103]], [[-77.017901, 38.932987], [-77.017945, 38.93301], [-77.017929, 38.933042], [-77.017854, 38.933027], [-77.017901, 38.932987]]]}, "properties": {"DESCRIPTION": "Pond"}}, {"type": "Feature", "geometry": {"type": "Polygon", "coordinates": [[[-77.108829, 38.924791], [-77.108919, 38.924846], [-77.108851, 38.924781], [-77.108829, 38.924791]]]}, "properties": {"DESCRIPTION": "Pond"}}, {"type": "Feature", "geometry": {"type": "Polygon", "coordinates": [[[-77.082597, 38.927207], [-77.082619, 38.927265], [-77.082648, 38.927268], [-77.08283, 38.927115], [-77.083041, 38.926745], [-77.083179, 38.926573], [-77.083205, 38.926409], [-77.083269, 38.926322], [-77.083237, 38.92618], [-77.083241, 38.925914], [-77.0833, 38.925741], [-77.083236, 38.925602], [-77.08316, 38.925527], [-77.08332, 38.925482], [-77.083358, 38.925416], [-77.083278, 38.925194], [-77.083189, 38.925077], [-77.083291, 38.924959], [-77.08329, 38.924887], [-77.083125, 38.924671], [-77.083177, 38.924509], [-77.08324, 38.924445], [-77.083289, 38.924274], [-77.083415, 38.924038], [-77.083487, 38.923801], [-77.083505, 38.92353], [-77.083474, 38.923247], [-77.083504, 38.922739], [-77.08364, 38.922403], [-77.083699, 38.922003], [-77.083786, 38.92185], [-77.083778, 38.921475], [-77.083714, 38.921352], [-77.083714, 38.921173], [-77.083787, 38.920973], [-77.083932, 38.920928], [-77.084034, 38.920816], [-77.084099, 38.920531], [-77.084275, 38.92037], [-77.084299, 38.920198], [-77.084268, 38.92004], [-77.084077, 38.919826], [-77.084201, 38.919588], [-77.084554, 38.919397], [-77.0846, 38.919235], [-77.084552, 38.918968], [-77.084643, 38.918782], [-77.084587, 38.918741], [-77.084411, 38.918727], [-77.08431, 38.918672], [-77.084335, 38.918578], [-77.084323, 38.918447], [-77.084254, 38.918337], [-77.084253, 38.918222], [-77.084106, 38.918028], [-77.08403, 38.917989], [-77.083967, 38.917996], [-77.083884, 38.91818], [-77.083787, 38.918184], [-77.083618, 38.918069], [-77.083541, 38.917921], [-77.083395, 38.917861], [-77.083363, 38.917777], [-77.08339, 38.917612], [-77.083507, 38.917343], [-77.083494, 38.917261], [-77.083455, 38.917229], [-77.083405, 38.917241], [-77.083409, 38.917465], [-77.083337, 38.917791], [-77.08337, 38.917864], [-77.083526, 38.917931], [-77.083636, 38.918119], [-77.083799, 38.918194], [-77.083888, 38.918193], [-77.083979, 38.918013], [-77.084066, 38.918008], [-77.084228, 38.918224], [-77.084242, 38.918396], [-77.084282, 38.918429], [-77.084312, 38.918552], [-77.084285, 38.918661], [-77.0844, 38.918743], [-77.084581, 38.918758], [-77.08461, 38.918787], [-77.08451, 38.918993], [-77.084547, 38.919252], [-77.084525, 38.919376], [-77.084477, 38.919432], [-77.084288, 38.919492], [-77.084169, 38.919573], [-77.084099, 38.919674], [-77.084047, 38.919846], [-77.084226, 38.920128], [-77.084258, 38.920352], [-77.084062, 38.920506], [-77.084012, 38.920625], [-77.084007, 38.920802], [-77.083908, 38.920897], [-77.08375, 38.920969], [-77.083671, 38.921161], [-77.083698, 38.921373], [-77.08376, 38.921442], [-77.083761, 38.921635], [-77.083711, 38.921744], [-77.083631, 38.922372], [-77.08347, 38.922782], [-77.083471, 38.923023], [-77.083428, 38.923286], [-77.083444, 38.923825], [-77.083157, 38.924475], [-77.083104, 38.924693], [-77.083146, 38.924764], [-77.083259, 38.92485], [-77.083278, 38.924947], [-77.083207, 38.925013], [-77.083176, 38.925096], [-77.083331, 38.925411], [-77.083309, 38.925462], [-77.083151, 38.925515], [-77.083175, 38.925597], [-77.083287, 38.925741], [-77.083218, 38.925902], [-77.083216, 38.926229], [-77.083153, 38.926408], [-77.083177, 38.926542], [-77.083003, 38.926727], [-77.08299, 38.926804], [-77.082788, 38.927139], [-77.082697, 38.927184], [-77.082627, 38.927169], [-77.082597, 38.927207]]]}, "properties": {"DESCRIPTION": "River"}}, {"type": "Feature", "geometry": {"type": "Polygon", "coordinates": [[[-77.052759, 38.964867], [-77.052726, 38.964877], [-77.052821, 38.964933], [-77.052759, 38.964867]]]}, "properties": {"DESCRIPTION": "Pond"}}, {"type": "Feature", "geometry": {"type": "Polygon", "coordinates": [[[-77.054234, 38.929672], [-77.053892, 38.929899], [-77.053895, 38.929924], [-77.054279, 38.929687], [-77.054234, 38.929672]]]}, "properties": {"DESCRIPTION": "River"}}, {"type": "Feature", "geometry": {"type": "Polygon", "coordinates": [[[-77.053671, 38.965233], [-77.053635, 38.965247], [-77.053657, 38.965276], [-77.053688, 38.965265], [-77.053671, 38.965233]]]}, "properties": {"DESCRIPTION": "Pond"}}, {"type": "Feature", "geometry": {"type": "Polygon", "coordinates": [[[-77.107079, 38.936652], [-77.107065, 38.936678], [-77.10715, 38.936688], [-77.107142, 38.936648], [-77.107079, 38.936652]]]}, "properties": {"DESCRIPTION": "Pond"}}, {"type": "Feature", "geometry": {"type": "Polygon", "coordinates": [[[-77.07741, 38.90855], [-77.077445, 38.908539], [-77.077412, 38.908513], [-77.077401, 38.908545], [-77.077282, 38.90853], [-77.077298, 38.908589], [-77.077274, 38.90863], [-77.077328, 38.908619], [-77.077318, 38.908548], [-77.07741, 38.90855]]]}, "properties": {"DESCRIPTION": "Pond"}}, {"type": "Feature", "geometry": {"type": "Polygon", "coordinates": [[[-77.10983, 38.925382], [-77.109967, 38.925456], [-77.109899, 38.925374], [-77.109705, 38.925225], [-77.109668, 38.925226], [-77.109676, 38.925266], [-77.10983, 38.925382]]]}, "properties": {"DESCRIPTION": "Pond"}}, {"type": "Feature", "geometry": {"type": "Polygon", "coordinates": [[[-77.101389, 38.94585], [-77.101529, 38.945835], [-77.101738, 38.945928], [-77.102028, 38.945873], [-77.102424, 38.945903], [-77.102684, 38.945978], [-77.102907, 38.945916], [-77.10303, 38.94582], [-77.102973, 38.945809], [-77.102719, 38.945947], [-77.102276, 38.945817], [-77.102108, 38.945835], [-77.101986, 38.945813], [-77.101883, 38.945869], [-77.101468, 38.945764], [-77.101184, 38.94579], [-77.1004, 38.945668], [-77.099948, 38.945554], [-77.099523, 38.945557], [-77.099219, 38.945507], [-77.099027, 38.945527], [-77.099052, 38.945556], [-77.09944, 38.945604], [-77.099932, 38.94561], [-77.10041, 38.945723], [-77.100603, 38.94573], [-77.101037, 38.945853], [-77.101389, 38.94585]], [[-77.101734, 38.945871], [-77.101701, 38.945886], [-77.101658, 38.945855], [-77.101721, 38.945844], [-77.101734, 38.945871]]]}, "properties": {"DESCRIPTION": "River"}}, {"type": "Feature", "geometry": {"type": "Polygon", "coordinates": [[[-77.04665, 38.941768], [-77.046697, 38.941768], [-77.046699, 38.941739], [-77.046638, 38.941722], [-77.04665, 38.941768]]]}, "properties": {"DESCRIPTION": "Pond"}}, {"type": "Feature", "geometry": {"type": "Polygon", "coordinates": [[[-77.07702, 38.908374], [-77.07701, 38.908386], [-77.077027, 38.908392], [-77.07702, 38.908374]]]}, "properties": {"DESCRIPTION": "Pond"}}, {"type": "Feature", "geometry": {"type": "Polygon", "coordinates": [[[-77.11256, 38.928872], [-77.112513, 38.928872], [-77.112521, 38.928917], [-77.112565, 38.928905], [-77.11256, 38.928872]]]}, "properties": {"DESCRIPTION": "Pond"}}, {"type": "Feature", "geometry": {"type": "Polygon", "coordinates": [[[-77.117408, 38.935419], [-77.117375, 38.9354], [-77.117346, 38.935421], [-77.117395, 38.935448], [-77.117408, 38.935419]]]}, "properties": {"DESCRIPTION": "Pond"}}, {"type": "Feature", "geometry": {"type": "Polygon", "coordinates": [[[-77.116999, 38.935603], [-77.117113, 38.935651], [-77.117074, 38.935596], [-77.117198, 38.935629], [-77.117164, 38.935592], [-77.117041, 38.935591], [-77.116949, 38.935491], [-77.116865, 38.935465], [-77.11685, 38.935448], [-77.116883, 38.935439], [-77.116763, 38.935303], [-77.116787, 38.935366], [-77.116733, 38.935328], [-77.116687, 38.935197], [-77.116632, 38.935204], [-77.116668, 38.935251], [-77.116627, 38.935276], [-77.116658, 38.935336], [-77.11676, 38.935442], [-77.11692, 38.935509], [-77.116999, 38.935603]]]}, "properties": {"DESCRIPTION": "Pond"}}, {"type": "Feature", "geometry": {"type": "Polygon", "coordinates": [[[-77.052855, 38.964622], [-77.052822, 38.964673], [-77.052898, 38.964656], [-77.052855, 38.964622]]]}, "properties": {"DESCRIPTION": "Pond"}}, {"type": "Feature", "geometry": {"type": "Polygon", "coordinates": [[[-77.112089, 38.940419], [-77.112061, 38.940244], [-77.111998, 38.940098], [-77.111853, 38.939896], [-77.111646, 38.939706], [-77.11158, 38.939566], [-77.111522, 38.939577], [-77.11144, 38.93932], [-77.111514, 38.939307], [-77.11155, 38.938978], [-77.111624, 38.93899], [-77.11166, 38.938826], [-77.111598, 38.938814], [-77.111686, 38.93858], [-77.111471, 38.938483], [-77.111153, 38.938439], [-77.110748, 38.938431], [-77.110581, 38.938483], [-77.110204, 38.938894], [-77.110145, 38.939019], [-77.110266, 38.939206], [-77.110274, 38.939436], [-77.110507, 38.939819], [-77.110496, 38.939965], [-77.110562, 38.940163], [-77.110814, 38.940554], [-77.110783, 38.940653], [-77.110629, 38.94081], [-77.110333, 38.940934], [-77.110148, 38.940951], [-77.109883, 38.940814], [-77.109757, 38.940659], [-77.109548, 38.940532], [-77.108886, 38.940292], [-77.108667, 38.940296], [-77.108491, 38.94017], [-77.108258, 38.940204], [-77.107966, 38.940411], [-77.10793, 38.940495], [-77.107947, 38.940556], [-77.108318, 38.940909], [-77.10864, 38.941281], [-77.108698, 38.941568], [-77.108516, 38.94175], [-77.108502, 38.941808], [-77.108557, 38.941879], [-77.108783, 38.942036], [-77.108885, 38.942176], [-77.108937, 38.942385], [-77.108922, 38.942659], [-77.109, 38.942835], [-77.112089, 38.940419]], [[-77.1113, 38.939006], [-77.111264, 38.939016], [-77.111243, 38.938965], [-77.11128, 38.938957], [-77.1113, 38.939006]]]}, "properties": {"DESCRIPTION": "Lake"}}, {"type": "Feature", "geometry": {"type": "Polygon", "coordinates": [[[-77.107798, 38.939218], [-77.107589, 38.939363], [-77.107555, 38.939444], [-77.107631, 38.939456], [-77.107853, 38.939299], [-77.10786, 38.939241], [-77.107798, 38.939218]]]}, "properties": {"DESCRIPTION": "Pond"}}, {"type": "Feature", "geometry": {"type": "Polygon", "coordinates": [[[-77.022237, 38.977485], [-77.022201, 38.977499], [-77.022226, 38.977556], [-77.022205, 38.977618], [-77.022152, 38.977636], [-77.022168, 38.977667], [-77.022248, 38.977571], [-77.022237, 38.977485]]]}, "properties": {"DESCRIPTION": "Pond"}}, {"type": "Feature", "geometry": {"type": "Polygon", "coordinates": [[[-77.117946, 38.935206], [-77.11799, 38.93527], [-77.118019, 38.935271], [-77.118055, 38.935202], [-77.118165, 38.935241], [-77.118148, 38.935133], [-77.118074, 38.935134], [-77.118125, 38.935016], [-77.11812, 38.934914], [-77.118079, 38.934883], [-77.118103, 38.934872], [-77.118096, 38.934805], [-77.118222, 38.934804], [-77.11811, 38.934772], [-77.118139, 38.934664], [-77.118216, 38.934601], [-77.118165, 38.934455], [-77.118108, 38.934525], [-77.118081, 38.934457], [-77.118007, 38.934446], [-77.118078, 38.934497], [-77.118126, 38.934628], [-77.118079, 38.934712], [-77.118063, 38.934836], [-77.117986, 38.934864], [-77.11791, 38.934827], [-77.117638, 38.934789], [-77.117539, 38.934797], [-77.117542, 38.934835], [-77.117478, 38.934856], [-77.117521, 38.934937], [-77.117469, 38.934944], [-77.117684, 38.935129], [-77.117794, 38.935139], [-77.11787, 38.935185], [-77.117909, 38.935172], [-77.117946, 38.935206]]]}, "properties": {"DESCRIPTION": "Pond"}}, {"type": "Feature", "geometry": {"type": "Polygon", "coordinates": [[[-77.091618, 38.912919], [-77.091706, 38.912859], [-77.091786, 38.912866], [-77.092689, 38.912255], [-77.092708, 38.912272], [-77.092748, 38.912245], [-77.092729, 38.912226], [-77.093453, 38.911737], [-77.093477, 38.911756], [-77.09356, 38.911701], [-77.093539, 38.911684], [-77.093761, 38.911538], [-77.093763, 38.911485], [-77.093829, 38.911442], [-77.092767, 38.910481], [-77.092365, 38.910155], [-77.091672, 38.909736], [-77.091449, 38.909642], [-77.091335, 38.909688], [-77.08993, 38.910613], [-77.089882, 38.91069], [-77.089893, 38.910734], [-77.089982, 38.91076], [-77.089978, 38.910815], [-77.089916, 38.91084], [-77.089849, 38.910781], [-77.08977, 38.910787], [-77.089718, 38.910937], [-77.089644, 38.910941], [-77.089639, 38.910969], [-77.089719, 38.910994], [-77.089729, 38.911175], [-77.089851, 38.911373], [-77.091165, 38.91243], [-77.091618, 38.912919]]]}, "properties": {"DESCRIPTION": "Lake"}}, {"type": "Feature", "geometry": {"type": "Polygon", "coordinates": [[[-77.114179, 38.93709], [-77.114396, 38.937049], [-77.114345, 38.936907], [-77.114392, 38.936897], [-77.114431, 38.937042], [-77.114649, 38.936999], [-77.114275, 38.93579], [-77.114072, 38.935828], [-77.114084, 38.935865], [-77.114015, 38.935878], [-77.114002, 38.935841], [-77.113805, 38.935878], [-77.113912, 38.936232], [-77.114019, 38.936204], [-77.114027, 38.936228], [-77.113915, 38.936241], [-77.114058, 38.936698], [-77.114287, 38.936654], [-77.114255, 38.936584], [-77.114285, 38.936578], [-77.114312, 38.93666], [-77.114061, 38.936708], [-77.114179, 38.93709]]]}, "properties": {"DESCRIPTION": "Pond"}}, {"type": "Feature", "geometry": {"type": "Polygon", "coordinates": [[[-77.115213, 38.930229], [-77.115307, 38.930174], [-77.11526, 38.930117], [-77.115163, 38.930172], [-77.115067, 38.930158], [-77.115113, 38.930105], [-77.115018, 38.930062], [-77.114975, 38.930129], [-77.114877, 38.93016], [-77.114763, 38.930101], [-77.11476, 38.93001], [-77.114699, 38.930011], [-77.114664, 38.930104], [-77.114689, 38.930089], [-77.11489, 38.930284], [-77.114821, 38.930328], [-77.114841, 38.930469], [-77.114762, 38.930617], [-77.1148, 38.930734], [-77.114705, 38.930786], [-77.114787, 38.930819], [-77.114787, 38.930858], [-77.114727, 38.930886], [-77.114701, 38.930865], [-77.114659, 38.9308], [-77.11467, 38.930722], [-77.114626, 38.930669], [-77.114581, 38.930676], [-77.11457, 38.930791], [-77.11453, 38.930821], [-77.114465, 38.930739], [-77.114387, 38.930764], [-77.114377, 38.930712], [-77.114336, 38.930727], [-77.114309, 38.9308], [-77.114254, 38.930757], [-77.114221, 38.930795], [-77.114206, 38.930751], [-77.114128, 38.930736], [-77.114143, 38.930805], [-77.114258, 38.930905], [-77.114253, 38.930978], [-77.114301, 38.931094], [-77.114335, 38.93109], [-77.114367, 38.931153], [-77.114294, 38.931201], [-77.114039, 38.930945], [-77.11401, 38.930815], [-77.113938, 38.930716], [-77.113877, 38.930684], [-77.113882, 38.930658], [-77.113917, 38.930663], [-77.113904, 38.930618], [-77.113819, 38.93061], [-77.113693, 38.93051], [-77.11356, 38.930381], [-77.113527, 38.930295], [-77.113497, 38.930298], [-77.113526, 38.930316], [-77.113517, 38.930359], [-77.113445, 38.930294], [-77.113497, 38.93027], [-77.113436, 38.930246], [-77.113351, 38.930292], [-77.11356, 38.930617], [-77.113529, 38.930719], [-77.113598, 38.930747], [-77.113686, 38.93069], [-77.113833, 38.931025], [-77.113965, 38.931141], [-77.113994, 38.931261], [-77.114213, 38.931515], [-77.114134, 38.931566], [-77.114132, 38.931643], [-77.114285, 38.931922], [-77.114342, 38.931959], [-77.11435, 38.932091], [-77.114442, 38.932296], [-77.114605, 38.932495], [-77.114628, 38.932499], [-77.114622, 38.932407], [-77.114479, 38.932024], [-77.114267, 38.931666], [-77.114428, 38.931789], [-77.114328, 38.93163], [-77.114309, 38.931523], [-77.114349, 38.931451], [-77.114572, 38.931508], [-77.114667, 38.931667], [-77.114668, 38.931741], [-77.114767, 38.931841], [-77.114755, 38.931904], [-77.11488, 38.932034], [-77.11499, 38.932219], [-77.115166, 38.932232], [-77.115213, 38.932332], [-77.115195, 38.932396], [-77.115264, 38.932455], [-77.115271, 38.932372], [-77.115412, 38.932457], [-77.115421, 38.932387], [-77.115557, 38.932475], [-77.115563, 38.932546], [-77.115494, 38.932597], [-77.115543, 38.932743], [-77.115507, 38.932752], [-77.115433, 38.932683], [-77.115382, 38.932708], [-77.115442, 38.932853], [-77.11549, 38.932831], [-77.115542, 38.932859], [-77.115552, 38.932788], [-77.115643, 38.932868], [-77.115733, 38.932833], [-77.115694, 38.932719], [-77.115771, 38.932689], [-77.11581, 38.932718], [-77.115883, 38.932702], [-77.115981, 38.932756], [-77.115995, 38.932796], [-77.116106, 38.932813], [-77.116124, 38.932792], [-77.116003, 38.932761], [-77.116, 38.932688], [-77.115681, 38.932624], [-77.11571, 38.932542], [-77.11564, 38.932348], [-77.115662, 38.932245], [-77.115366, 38.932235], [-77.115258, 38.931989], [-77.115077, 38.931883], [-77.114934, 38.931702], [-77.114783, 38.931412], [-77.114881, 38.931468], [-77.114935, 38.931592], [-77.115009, 38.931637], [-77.11498, 38.931459], [-77.115092, 38.931492], [-77.115206, 38.931477], [-77.115344, 38.931523], [-77.115022, 38.931082], [-77.114964, 38.930828], [-77.115019, 38.930695], [-77.114988, 38.930593], [-77.115041, 38.93051], [-77.115113, 38.930561], [-77.115098, 38.930633], [-77.115145, 38.930593], [-77.115164, 38.93044], [-77.115125, 38.930362], [-77.115213, 38.930229]], [[-77.114246, 38.931355], [-77.114265, 38.931395], [-77.114219, 38.931368], [-77.114246, 38.931355]], [[-77.114594, 38.930894], [-77.114566, 38.930905], [-77.114555, 38.930863], [-77.114582, 38.930853], [-77.114594, 38.930894]], [[-77.114167, 38.931265], [-77.114183, 38.931291], [-77.114147, 38.931297], [-77.114133, 38.931234], [-77.114167, 38.931265]], [[-77.113565, 38.930429], [-77.113619, 38.9305], [-77.113581, 38.930545], [-77.113565, 38.930429]], [[-77.113626, 38.930699], [-77.113589, 38.93073], [-77.113555, 38.930714], [-77.113637, 38.930592], [-77.113661, 38.930624], [-77.113626, 38.930699]], [[-77.114758, 38.930923], [-77.114808, 38.930995], [-77.11481, 38.931104], [-77.114752, 38.931042], [-77.114758, 38.930923]], [[-77.114725, 38.931331], [-77.114629, 38.931125], [-77.114729, 38.931246], [-77.11484, 38.931219], [-77.114846, 38.93127], [-77.114725, 38.931331]], [[-77.114312, 38.931293], [-77.114352, 38.931256], [-77.11444, 38.931297], [-77.114529, 38.931412], [-77.114526, 38.931454], [-77.114331, 38.931406], [-77.114312, 38.931293]]]}, "properties": {"DESCRIPTION": "Pond"}}, {"type": "Feature", "geometry": {"type": "Polygon", "coordinates": [[[-77.098464, 38.93573], [-77.098422, 38.935765], [-77.098444, 38.935807], [-77.098559, 38.935775], [-77.098521, 38.935714], [-77.098464, 38.93573]]]}, "properties": {"DESCRIPTION": "Pond"}}, {"type": "Feature", "geometry": {"type": "Polygon", "coordinates": [[[-77.052859, 38.96494], [-77.052926, 38.964968], [-77.052912, 38.964946], [-77.052859, 38.96494]]]}, "properties": {"DESCRIPTION": "Pond"}}, {"type": "Feature", "geometry": {"type": "Polygon", "coordinates": [[[-77.115083, 38.931771], [-77.115127, 38.931777], [-77.115137, 38.931718], [-77.115072, 38.931659], [-77.115049, 38.931768], [-77.115083, 38.931771]]]}, "properties": {"DESCRIPTION": "Pond"}}, {"type": "Feature", "geometry": {"type": "Polygon", "coordinates": [[[-77.050908, 38.929337], [-77.050911, 38.929381], [-77.050963, 38.929361], [-77.050954, 38.929327], [-77.050908, 38.929337]]]}, "properties": {"DESCRIPTION": "Pond"}}, {"type": "Feature", "geometry": {"type": "Polygon", "coordinates": [[[-77.051044, 38.929451], [-77.051027, 38.929479], [-77.05107, 38.929468], [-77.051044, 38.929451]]]}, "properties": {"DESCRIPTION": "Pond"}}, {"type": "Feature", "geometry": {"type": "Polygon", "coordinates": [[[-77.053174, 38.930684], [-77.053209, 38.930677], [-77.05316, 38.930665], [-77.053174, 38.930684]]]}, "properties": {"DESCRIPTION": "Pond"}}, {"type": "Feature", "geometry": {"type": "Polygon", "coordinates": [[[-77.115614, 38.933443], [-77.115544, 38.933343], [-77.11545, 38.933341], [-77.115507, 38.933551], [-77.115569, 38.933606], [-77.11563, 38.933733], [-77.115733, 38.933577], [-77.115614, 38.933443]]]}, "properties": {"DESCRIPTION": "Pond"}}, {"type": "Feature", "geometry": {"type": "Polygon", "coordinates": [[[-77.115692, 38.933329], [-77.11569, 38.933364], [-77.115817, 38.933418], [-77.115886, 38.933389], [-77.115778, 38.93332], [-77.115692, 38.933329]]]}, "properties": {"DESCRIPTION": "Pond"}}, {"type": "Feature", "geometry": {"type": "Polygon", "coordinates": [[[-77.064895, 38.955296], [-77.064873, 38.955358], [-77.064923, 38.955324], [-77.064895, 38.955296]]]}, "properties": {"DESCRIPTION": "Pond"}}, {"type": "Feature", "geometry": {"type": "Polygon", "coordinates": [[[-77.109543, 38.924871], [-77.109686, 38.925068], [-77.109659, 38.924954], [-77.109543, 38.924871]]]}, "properties": {"DESCRIPTION": "Pond"}}, {"type": "Feature", "geometry": {"type": "Polygon", "coordinates": [[[-77.053081, 38.964343], [-77.053083, 38.964372], [-77.053129, 38.964356], [-77.053081, 38.964343]]]}, "properties": {"DESCRIPTION": "Pond"}}, {"type": "Feature", "geometry": {"type": "Polygon", "coordinates": [[[-77.051343, 38.940454], [-77.051394, 38.940427], [-77.051404, 38.940356], [-77.051371, 38.940367], [-77.051343, 38.940454]]]}, "properties": {"DESCRIPTION": "River"}}, {"type": "Feature", "geometry": {"type": "Polygon", "coordinates": [[[-77.015297, 38.932994], [-77.015242, 38.933024], [-77.015245, 38.933051], [-77.015366, 38.933092], [-77.015405, 38.933065], [-77.015386, 38.933014], [-77.015297, 38.932994]]]}, "properties": {"DESCRIPTION": "Pond"}}, {"type": "Feature", "geometry": {"type": "Polygon", "coordinates": [[[-77.11666, 38.934917], [-77.116752, 38.934944], [-77.116953, 38.935102], [-77.117016, 38.935111], [-77.116721, 38.934905], [-77.11669, 38.934783], [-77.116709, 38.934731], [-77.116609, 38.934582], [-77.116507, 38.934509], [-77.116547, 38.934587], [-77.116516, 38.934619], [-77.116431, 38.934544], [-77.116449, 38.934619], [-77.116527, 38.934682], [-77.116528, 38.93476], [-77.116634, 38.934905], [-77.116557, 38.934917], [-77.116554, 38.934953], [-77.11666, 38.934917]]]}, "properties": {"DESCRIPTION": "Pond"}}, {"type": "Feature", "geometry": {"type": "Polygon", "coordinates": [[[-77.108189, 38.923985], [-77.107978, 38.924066], [-77.107584, 38.924326], [-77.107642, 38.924364], [-77.1081, 38.92404], [-77.108322, 38.923987], [-77.108634, 38.923965], [-77.108892, 38.923851], [-77.108984, 38.923743], [-77.109153, 38.923659], [-77.109279, 38.923655], [-77.109206, 38.923626], [-77.109126, 38.923641], [-77.10895, 38.923733], [-77.108827, 38.923861], [-77.108593, 38.923958], [-77.108189, 38.923985]]]}, "properties": {"DESCRIPTION": "Pond"}}, {"type": "Feature", "geometry": {"type": "Polygon", "coordinates": [[[-77.050209, 38.930748], [-77.050171, 38.930829], [-77.050213, 38.930887], [-77.050318, 38.930919], [-77.050397, 38.930861], [-77.050322, 38.930784], [-77.050209, 38.930748]]]}, "properties": {"DESCRIPTION": "Pond"}}, {"type": "Feature", "geometry": {"type": "Polygon", "coordinates": [[[-77.059812, 38.960755], [-77.059861, 38.960745], [-77.059871, 38.960694], [-77.059789, 38.96062], [-77.059725, 38.96046], [-77.05973, 38.960374], [-77.059829, 38.960263], [-77.059905, 38.959775], [-77.060035, 38.959489], [-77.060102, 38.959445], [-77.060131, 38.959358], [-77.059772, 38.959003], [-77.059911, 38.958719], [-77.05991, 38.958626], [-77.05975, 38.958486], [-77.059728, 38.958435], [-77.059744, 38.958318], [-77.059642, 38.958105], [-77.05945, 38.957823], [-77.059472, 38.957796], [-77.059691, 38.957799], [-77.059854, 38.957844], [-77.059957, 38.957797], [-77.059817, 38.957737], [-77.059327, 38.957707], [-77.059138, 38.957645], [-77.058764, 38.957454], [-77.058185, 38.957052], [-77.057986, 38.956874], [-77.057924, 38.956779], [-77.057924, 38.956603], [-77.057982, 38.956552], [-77.058217, 38.956471], [-77.058307, 38.95622], [-77.058353, 38.956168], [-77.058342, 38.956096], [-77.058118, 38.955934], [-77.057851, 38.95586], [-77.057437, 38.955638], [-77.057419, 38.955396], [-77.05737, 38.955207], [-77.057324, 38.955159], [-77.057418, 38.955067], [-77.057407, 38.955014], [-77.057452, 38.955015], [-77.057431, 38.954978], [-77.057501, 38.954864], [-77.057443, 38.954808], [-77.05749, 38.954636], [-77.057396, 38.954523], [-77.056973, 38.954231], [-77.056873, 38.954212], [-77.056824, 38.954142], [-77.056668, 38.954034], [-77.05634, 38.953879], [-77.05627, 38.953885], [-77.05671, 38.954111], [-77.056967, 38.954335], [-77.057277, 38.954507], [-77.057413, 38.954632], [-77.057412, 38.954923], [-77.057258, 38.955162], [-77.057293, 38.955353], [-77.057392, 38.955545], [-77.057356, 38.955649], [-77.057415, 38.955725], [-77.057833, 38.955921], [-77.058088, 38.955972], [-77.058133, 38.956035], [-77.058276, 38.956084], [-77.058277, 38.956188], [-77.058197, 38.956425], [-77.058022, 38.956507], [-77.058005, 38.956482], [-77.057868, 38.956606], [-77.057889, 38.956889], [-77.058055, 38.957036], [-77.058732, 38.957501], [-77.058917, 38.957558], [-77.058981, 38.957627], [-77.059172, 38.957724], [-77.059386, 38.957768], [-77.059663, 38.958204], [-77.059661, 38.958289], [-77.059718, 38.958409], [-77.059703, 38.958452], [-77.059886, 38.958633], [-77.059873, 38.958725], [-77.059738, 38.959018], [-77.059963, 38.959209], [-77.060079, 38.959371], [-77.059987, 38.959497], [-77.059852, 38.959866], [-77.059796, 38.959947], [-77.059793, 38.960265], [-77.059637, 38.960399], [-77.059812, 38.960755]]]}, "properties": {"DESCRIPTION": "River"}}, {"type": "Feature", "geometry": {"type": "Polygon", "coordinates": [[[-77.066359, 38.954236], [-77.066346, 38.954265], [-77.066399, 38.954241], [-77.066359, 38.954236]]]}, "properties": {"DESCRIPTION": "Pond"}}, {"type": "Feature", "geometry": {"type": "Polygon", "coordinates": [[[-77.113231, 38.930876], [-77.113044, 38.930963], [-77.113068, 38.930993], [-77.113146, 38.930983], [-77.113323, 38.930904], [-77.113231, 38.930876]]]}, "properties": {"DESCRIPTION": "Pond"}}, {"type": "Feature", "geometry": {"type": "Polygon", "coordinates": [[[-77.052503, 38.931642], [-77.052487, 38.931599], [-77.052456, 38.931603], [-77.052455, 38.931632], [-77.052503, 38.931642]]]}, "properties": {"DESCRIPTION": "Pond"}}, {"type": "Feature", "geometry": {"type": "Polygon", "coordinates": [[[-77.053802, 38.96528], [-77.053721, 38.965368], [-77.053749, 38.965378], [-77.053801, 38.96533], [-77.053802, 38.96528]]]}, "properties": {"DESCRIPTION": "Pond"}}, {"type": "Feature", "geometry": {"type": "Polygon", "coordinates": [[[-77.08595, 38.913169], [-77.085992, 38.913322], [-77.0862, 38.913385], [-77.086251, 38.913357], [-77.08595, 38.913169]]]}, "properties": {"DESCRIPTION": "Pond"}}, {"type": "Feature", "geometry": {"type": "Polygon", "coordinates": [[[-77.016567, 38.929564], [-77.016561, 38.929597], [-77.016604, 38.929604], [-77.016567, 38.929564]]]}, "properties": {"DESCRIPTION": "Pond"}}, {"type": "Feature", "geometry": {"type": "Polygon", "coordinates": [[[-77.10881, 38.942984], [-77.108634, 38.942866], [-77.108577, 38.94278], [-77.108576, 38.942701], [-77.108693, 38.942445], [-77.10865, 38.942281], [-77.108573, 38.942163], [-77.108295, 38.942103], [-77.107923, 38.942094], [-77.107768, 38.94212], [-77.107707, 38.942096], [-77.107622, 38.941995], [-77.107626, 38.941944], [-77.107701, 38.941851], [-77.108139, 38.941519], [-77.108282, 38.941368], [-77.108286, 38.941256], [-77.108167, 38.941103], [-77.10775, 38.940768], [-77.107678, 38.94075], [-77.10726, 38.940794], [-77.107072, 38.940494], [-77.106564, 38.940298], [-77.106328, 38.940258], [-77.106154, 38.940345], [-77.106037, 38.940353], [-77.105816, 38.940193], [-77.105716, 38.940158], [-77.10565, 38.940057], [-77.105678, 38.940016], [-77.105665, 38.939852], [-77.105501, 38.939811], [-77.105523, 38.939765], [-77.105467, 38.939725], [-77.105316, 38.939683], [-77.105478, 38.939809], [-77.105655, 38.939869], [-77.105634, 38.940052], [-77.105708, 38.940165], [-77.105811, 38.940201], [-77.105996, 38.940357], [-77.106137, 38.940372], [-77.106225, 38.940343], [-77.106249, 38.940299], [-77.106416, 38.940267], [-77.106732, 38.940368], [-77.107073, 38.940506], [-77.107242, 38.94081], [-77.107366, 38.940825], [-77.107566, 38.940771], [-77.107743, 38.940771], [-77.108157, 38.941113], [-77.10826, 38.941231], [-77.108271, 38.941353], [-77.108216, 38.941433], [-77.107675, 38.941846], [-77.1076, 38.941979], [-77.107687, 38.942101], [-77.10776, 38.942129], [-77.108284, 38.942114], [-77.10856, 38.942164], [-77.10868, 38.942433], [-77.108559, 38.942698], [-77.108555, 38.942788], [-77.108648, 38.942903], [-77.10881, 38.942984]]]}, "properties": {"DESCRIPTION": "River"}}, {"type": "Feature", "geometry": {"type": "Polygon", "coordinates": [[[-77.076783, 38.914038], [-77.076702, 38.914056], [-77.076692, 38.914111], [-77.076839, 38.914235], [-77.076949, 38.914399], [-77.077037, 38.914412], [-77.077059, 38.914373], [-77.076992, 38.914213], [-77.076851, 38.91406], [-77.076783, 38.914038]]]}, "properties": {"DESCRIPTION": "Pond"}}, {"type": "Feature", "geometry": {"type": "Polygon", "coordinates": [[[-77.110144, 38.925837], [-77.110049, 38.925662], [-77.110095, 38.925633], [-77.110089, 38.925569], [-77.109947, 38.925481], [-77.110058, 38.925617], [-77.110001, 38.925699], [-77.110144, 38.925837]]]}, "properties": {"DESCRIPTION": "Pond"}}, {"type": "Feature", "geometry": {"type": "Polygon", "coordinates": [[[-77.110318, 38.92604], [-77.110264, 38.92601], [-77.110256, 38.925965], [-77.110215, 38.925967], [-77.110573, 38.926451], [-77.110549, 38.926359], [-77.110411, 38.926226], [-77.110318, 38.92604]]]}, "properties": {"DESCRIPTION": "Pond"}}, {"type": "Feature", "geometry": {"type": "Polygon", "coordinates": [[[-77.094763, 38.915157], [-77.093939, 38.914578], [-77.092435, 38.91292], [-77.092494, 38.912888], [-77.093988, 38.914545], [-77.094987, 38.915253], [-77.096363, 38.914344], [-77.096412, 38.914259], [-77.095395, 38.912617], [-77.095324, 38.912563], [-77.095225, 38.912585], [-77.095102, 38.912395], [-77.093972, 38.911565], [-77.093894, 38.911625], [-77.093851, 38.911598], [-77.093622, 38.911757], [-77.093597, 38.911734], [-77.093514, 38.91179], [-77.09354, 38.911812], [-77.09281, 38.912303], [-77.092787, 38.912281], [-77.092746, 38.912307], [-77.092769, 38.912329], [-77.09228, 38.912655], [-77.092437, 38.912825], [-77.092388, 38.912852], [-77.092229, 38.912691], [-77.091827, 38.912964], [-77.091846, 38.913004], [-77.091758, 38.913078], [-77.093506, 38.915005], [-77.094519, 38.915342], [-77.094841, 38.915327], [-77.094933, 38.915287], [-77.094763, 38.915157]]]}, "properties": {"DESCRIPTION": "Lake"}}, {"type": "Feature", "geometry": {"type": "Polygon", "coordinates": [[[-77.051203, 38.929521], [-77.051218, 38.929639], [-77.051173, 38.929675], [-77.051195, 38.929692], [-77.051223, 38.929634], [-77.051194, 38.929568], [-77.051237, 38.929508], [-77.051204, 38.929496], [-77.051203, 38.929521]]]}, "properties": {"DESCRIPTION": "Pond"}}, {"type": "Feature", "geometry": {"type": "Polygon", "coordinates": [[[-77.054613, 38.97069], [-77.054473, 38.970744], [-77.054495, 38.970823], [-77.054588, 38.970785], [-77.054662, 38.970704], [-77.054613, 38.97069]]]}, "properties": {"DESCRIPTION": "Pond"}}, {"type": "Feature", "geometry": {"type": "Polygon", "coordinates": [[[-77.039583, 38.98527], [-77.039649, 38.985262], [-77.039599, 38.985218], [-77.039568, 38.985241], [-77.039583, 38.98527]]]}, "properties": {"DESCRIPTION": "Pond"}}, {"type": "Feature", "geometry": {"type": "Polygon", "coordinates": [[[-77.112943, 38.929558], [-77.112938, 38.929592], [-77.112992, 38.929606], [-77.112943, 38.929558]]]}, "properties": {"DESCRIPTION": "Pond"}}, {"type": "Feature", "geometry": {"type": "Polygon", "coordinates": [[[-77.053291, 38.964002], [-77.053321, 38.964032], [-77.053378, 38.964003], [-77.053348, 38.963981], [-77.053244, 38.964002], [-77.053291, 38.964002]]]}, "properties": {"DESCRIPTION": "Pond"}}, {"type": "Feature", "geometry": {"type": "Polygon", "coordinates": [[[-77.112753, 38.928894], [-77.112716, 38.928895], [-77.112731, 38.928958], [-77.112753, 38.928894]]]}, "properties": {"DESCRIPTION": "Pond"}}, {"type": "Feature", "geometry": {"type": "Polygon", "coordinates": [[[-77.113185, 38.937243], [-77.113652, 38.937153], [-77.113253, 38.935888], [-77.113039, 38.935929], [-77.113094, 38.936105], [-77.113064, 38.936111], [-77.113009, 38.935934], [-77.112792, 38.935976], [-77.113185, 38.937243]]]}, "properties": {"DESCRIPTION": "Pond"}}, {"type": "Feature", "geometry": {"type": "Polygon", "coordinates": [[[-77.053174, 38.964178], [-77.053089, 38.964217], [-77.053157, 38.964274], [-77.053194, 38.964252], [-77.053174, 38.964178]]]}, "properties": {"DESCRIPTION": "Pond"}}, {"type": "Feature", "geometry": {"type": "Polygon", "coordinates": [[[-77.11548, 38.933719], [-77.115548, 38.933836], [-77.115544, 38.93372], [-77.115461, 38.933667], [-77.11548, 38.933719]]]}, "properties": {"DESCRIPTION": "Pond"}}, {"type": "Feature", "geometry": {"type": "Polygon", "coordinates": [[[-77.077067, 38.915168], [-77.077218, 38.915244], [-77.077313, 38.915181], [-77.077392, 38.915037], [-77.077338, 38.914939], [-77.077118, 38.914794], [-77.076994, 38.914828], [-77.076954, 38.91488], [-77.077067, 38.915168]]]}, "properties": {"DESCRIPTION": "Pond"}}, {"type": "Feature", "geometry": {"type": "Polygon", "coordinates": [[[-77.053704, 38.930293], [-77.053703, 38.930321], [-77.053732, 38.930337], [-77.053704, 38.930293]]]}, "properties": {"DESCRIPTION": "Pond"}}, {"type": "Feature", "geometry": {"type": "Polygon", "coordinates": [[[-77.108026, 38.939105], [-77.107975, 38.939153], [-77.10807, 38.939147], [-77.108026, 38.939105]]]}, "properties": {"DESCRIPTION": "Pond"}}, {"type": "Feature", "geometry": {"type": "Polygon", "coordinates": [[[-77.113126, 38.92819], [-77.113113, 38.928222], [-77.113149, 38.928232], [-77.113126, 38.92819]]]}, "properties": {"DESCRIPTION": "Pond"}}, {"type": "Feature", "geometry": {"type": "Polygon", "coordinates": [[[-77.113225, 38.928358], [-77.113214, 38.928392], [-77.113279, 38.928464], [-77.113207, 38.928263], [-77.113157, 38.928259], [-77.113172, 38.928351], [-77.113225, 38.928358]]]}, "properties": {"DESCRIPTION": "Pond"}}, {"type": "Feature", "geometry": {"type": "Polygon", "coordinates": [[[-77.109362, 38.925198], [-77.10935, 38.925215], [-77.109479, 38.925311], [-77.109362, 38.925198]]]}, "properties": {"DESCRIPTION": "Pond"}}, {"type": "Feature", "geometry": {"type": "Polygon", "coordinates": [[[-77.109566, 38.925365], [-77.109544, 38.925377], [-77.109556, 38.925428], [-77.10967, 38.925461], [-77.109672, 38.925434], [-77.109566, 38.925365]]]}, "properties": {"DESCRIPTION": "Pond"}}, {"type": "Feature", "geometry": {"type": "Polygon", "coordinates": [[[-77.109612, 38.925533], [-77.109575, 38.925557], [-77.109619, 38.925563], [-77.109612, 38.925533]]]}, "properties": {"DESCRIPTION": "Pond"}}, {"type": "Feature", "geometry": {"type": "Polygon", "coordinates": [[[-77.109684, 38.925567], [-77.109659, 38.925587], [-77.109687, 38.925587], [-77.109684, 38.925567]]]}, "properties": {"DESCRIPTION": "Pond"}}, {"type": "Feature", "geometry": {"type": "Polygon", "coordinates": [[[-77.080119, 38.935904], [-77.080142, 38.935782], [-77.080102, 38.935618], [-77.080119, 38.935569], [-77.080045, 38.935481], [-77.079878, 38.935426], [-77.079853, 38.935375], [-77.079902, 38.935362], [-77.079916, 38.935324], [-77.079876, 38.935298], [-77.079884, 38.935234], [-77.079861, 38.935222], [-77.07985, 38.935289], [-77.079803, 38.93533], [-77.079804, 38.935438], [-77.080011, 38.935626], [-77.080004, 38.935699], [-77.079882, 38.935696], [-77.079936, 38.935896], [-77.080035, 38.935937], [-77.08007, 38.936069], [-77.080043, 38.936123], [-77.079921, 38.936155], [-77.079843, 38.936397], [-77.07999, 38.936535], [-77.080083, 38.936568], [-77.080098, 38.936523], [-77.079938, 38.93639], [-77.079911, 38.936239], [-77.080127, 38.936175], [-77.080146, 38.936015], [-77.080395, 38.93606], [-77.08015, 38.935959], [-77.080119, 38.935904]]]}, "properties": {"DESCRIPTION": "Pond"}}, {"type": "Feature", "geometry": {"type": "Polygon", "coordinates": [[[-77.053068, 38.964389], [-77.053043, 38.964433], [-77.053091, 38.964451], [-77.053068, 38.964389]]]}, "properties": {"DESCRIPTION": "Pond"}}, {"type": "Feature", "geometry": {"type": "Polygon", "coordinates": [[[-77.000013, 38.929673], [-76.999983, 38.929709], [-77.000028, 38.929733], [-77.00006, 38.929696], [-77.000013, 38.929673]]]}, "properties": {"DESCRIPTION": "Pond"}}]}